npm warn Unknown user config "min-release-age". This will stop working in the next major version of npm.

> lynx-benchmark@1.0.0 build
> sparkling-app-cli build --copy

Building Lynx bundle with config from app.config.ts

  Rspeedy v0.13.6 (Rsbuild v1.7.3, Rspack v1.7.12)

(node:1848) ExperimentalWarning: Type Stripping is an experimental feature and might change at any time
(Use `node --trace-warnings ...` to show where the warning was created)
info    build started...
ready   built in 0.58 s

File (lynx)                   Size       
dist/second.lynx.bundle       89.0 kB 
dist/transcribe.lynx.bundle   91.4 kB 
dist/health.lynx.bundle       91.6 kB 
dist/main.lynx.bundle         91.6 kB 

                     Total:   363.6 kB   363.6 kB

Copying dist -> android/app/src/main/assets
Copying dist -> ios/SparklingGo/SparklingGo/Resources/Assets
Assets copied successfully.
Command line invocation:
    /Applications/Xcode.app/Contents/Developer/usr/bin/xcodebuild -workspace ios/SparklingGo.xcworkspace -scheme SparklingGo -configuration Debug -destination "generic/platform=iOS Simulator" build

ComputePackagePrebuildTargetDependencyGraph

Prepare packages

CreateBuildRequest

SendProjectDescription

CreateBuildOperation

ComputeTargetDependencyGraph
note: Building targets in dependency order
note: Target dependency graph (24 targets)
    Target 'SparklingGo' in project 'SparklingGo'
        ➜ Implicit dependency on target 'Pods-SparklingGo' in project 'Pods' via file 'Pods_SparklingGo.framework' in build phase 'Link Binary'
        ➜ Implicit dependency on target 'BaseDevtool' in project 'BaseDevtool' via options '-framework BaseDevtool' in build setting 'OTHER_LDFLAGS'
        ➜ Implicit dependency on target 'DebugRouter' in project 'DebugRouter' via options '-framework DebugRouter' in build setting 'OTHER_LDFLAGS'
        ➜ Implicit dependency on target 'Lynx' in project 'Lynx' via options '-framework Lynx' in build setting 'OTHER_LDFLAGS'
        ➜ Implicit dependency on target 'LynxBase' in project 'LynxBase' via options '-framework LynxBase' in build setting 'OTHER_LDFLAGS'
        ➜ Implicit dependency on target 'LynxDevtool' in project 'LynxDevtool' via options '-framework LynxDevtool' in build setting 'OTHER_LDFLAGS'
        ➜ Implicit dependency on target 'LynxService' in project 'LynxService' via options '-framework LynxService' in build setting 'OTHER_LDFLAGS'
        ➜ Implicit dependency on target 'LynxServiceAPI' in project 'LynxServiceAPI' via options '-framework LynxServiceAPI' in build setting 'OTHER_LDFLAGS'
        ➜ Implicit dependency on target 'Mantle' in project 'Mantle' via options '-framework Mantle' in build setting 'OTHER_LDFLAGS'
        ➜ Implicit dependency on target 'PrimJS' in project 'PrimJS' via options '-framework PrimJS' in build setting 'OTHER_LDFLAGS'
        ➜ Implicit dependency on target 'SDWebImage' in project 'SDWebImage' via options '-framework SDWebImage' in build setting 'OTHER_LDFLAGS'
        ➜ Implicit dependency on target 'SDWebImageWebPCoder' in project 'SDWebImageWebPCoder' via options '-framework SDWebImageWebPCoder' in build setting 'OTHER_LDFLAGS'
        ➜ Implicit dependency on target 'SnapKit' in project 'SnapKit' via options '-framework SnapKit' in build setting 'OTHER_LDFLAGS'
        ➜ Implicit dependency on target 'SocketRocket' in project 'SocketRocket' via options '-framework SocketRocket' in build setting 'OTHER_LDFLAGS'
        ➜ Implicit dependency on target 'Sparkling' in project 'Sparkling' via options '-framework Sparkling' in build setting 'OTHER_LDFLAGS'
        ➜ Implicit dependency on target 'SparklingMethod' in project 'SparklingMethod' via options '-framework SparklingMethod' in build setting 'OTHER_LDFLAGS'
        ➜ Implicit dependency on target 'Sparkling-Router' in project 'Sparkling-Router' via options '-framework Sparkling_Router' in build setting 'OTHER_LDFLAGS'
        ➜ Implicit dependency on target 'libwebp' in project 'libwebp' via options '-framework libwebp' in build setting 'OTHER_LDFLAGS'
    Target 'Pods-SparklingGo' in project 'Pods'
        ➜ Explicit dependency on target 'BaseDevtool' in project 'BaseDevtool'
        ➜ Explicit dependency on target 'DebugRouter' in project 'DebugRouter'
        ➜ Explicit dependency on target 'Lynx' in project 'Lynx'
        ➜ Explicit dependency on target 'LynxBase' in project 'LynxBase'
        ➜ Explicit dependency on target 'LynxDevtool' in project 'LynxDevtool'
        ➜ Explicit dependency on target 'LynxService' in project 'LynxService'
        ➜ Explicit dependency on target 'LynxServiceAPI' in project 'LynxServiceAPI'
        ➜ Explicit dependency on target 'Mantle' in project 'Mantle'
        ➜ Explicit dependency on target 'PrimJS' in project 'PrimJS'
        ➜ Explicit dependency on target 'SDWebImage' in project 'SDWebImage'
        ➜ Explicit dependency on target 'SDWebImageWebPCoder' in project 'SDWebImageWebPCoder'
        ➜ Explicit dependency on target 'SnapKit' in project 'SnapKit'
        ➜ Explicit dependency on target 'SocketRocket' in project 'SocketRocket'
        ➜ Explicit dependency on target 'Sparkling' in project 'Sparkling'
        ➜ Explicit dependency on target 'Sparkling-Router' in project 'Sparkling-Router'
        ➜ Explicit dependency on target 'SparklingMethod' in project 'SparklingMethod'
        ➜ Explicit dependency on target 'libwebp' in project 'libwebp'
    Target 'Sparkling-Router' in project 'Sparkling-Router'
        ➜ Explicit dependency on target 'Mantle' in project 'Mantle'
        ➜ Explicit dependency on target 'SparklingMethod' in project 'SparklingMethod'
    Target 'Sparkling' in project 'Sparkling'
        ➜ Explicit dependency on target 'Lynx' in project 'Lynx'
        ➜ Explicit dependency on target 'SnapKit' in project 'SnapKit'
        ➜ Explicit dependency on target 'Sparkling-sparklingPageResource' in project 'Sparkling'
        ➜ Explicit dependency on target 'SparklingMethod' in project 'SparklingMethod'
    Target 'SparklingMethod' in project 'SparklingMethod'
        ➜ Explicit dependency on target 'Lynx' in project 'Lynx'
        ➜ Explicit dependency on target 'Mantle' in project 'Mantle'
        ➜ Explicit dependency on target 'PrimJS' in project 'PrimJS'
    Target 'Sparkling-sparklingPageResource' in project 'Sparkling' (no dependencies)
    Target 'SnapKit' in project 'SnapKit'
        ➜ Explicit dependency on target 'SnapKit-SnapKit_Privacy' in project 'SnapKit'
    Target 'SnapKit-SnapKit_Privacy' in project 'SnapKit' (no dependencies)
    Target 'Mantle' in project 'Mantle' (no dependencies)
    Target 'LynxService' in project 'LynxService'
        ➜ Explicit dependency on target 'Lynx' in project 'Lynx'
        ➜ Explicit dependency on target 'LynxBase' in project 'LynxBase'
        ➜ Explicit dependency on target 'LynxDevtool' in project 'LynxDevtool'
        ➜ Explicit dependency on target 'LynxServiceAPI' in project 'LynxServiceAPI'
        ➜ Explicit dependency on target 'SDWebImage' in project 'SDWebImage'
        ➜ Explicit dependency on target 'SDWebImageWebPCoder' in project 'SDWebImageWebPCoder'
    Target 'SDWebImageWebPCoder' in project 'SDWebImageWebPCoder'
        ➜ Explicit dependency on target 'SDWebImage' in project 'SDWebImage'
        ➜ Explicit dependency on target 'libwebp' in project 'libwebp'
    Target 'libwebp' in project 'libwebp' (no dependencies)
    Target 'SDWebImage' in project 'SDWebImage' (no dependencies)
    Target 'LynxDevtool' in project 'LynxDevtool'
        ➜ Explicit dependency on target 'BaseDevtool' in project 'BaseDevtool'
        ➜ Explicit dependency on target 'DebugRouter' in project 'DebugRouter'
        ➜ Explicit dependency on target 'Lynx' in project 'Lynx'
        ➜ Explicit dependency on target 'LynxBase' in project 'LynxBase'
        ➜ Explicit dependency on target 'LynxDevtool-LynxDebugResources' in project 'LynxDevtool'
        ➜ Explicit dependency on target 'PrimJS' in project 'PrimJS'
        ➜ Explicit dependency on target 'SocketRocket' in project 'SocketRocket'
    Target 'LynxDevtool-LynxDebugResources' in project 'LynxDevtool'
        ➜ Implicit dependency on target 'BaseDevtool' in project 'BaseDevtool' via options '-framework BaseDevtool' in build setting 'OTHER_LDFLAGS'
        ➜ Implicit dependency on target 'DebugRouter' in project 'DebugRouter' via options '-framework DebugRouter' in build setting 'OTHER_LDFLAGS'
        ➜ Implicit dependency on target 'Lynx' in project 'Lynx' via options '-framework Lynx' in build setting 'OTHER_LDFLAGS'
        ➜ Implicit dependency on target 'LynxBase' in project 'LynxBase' via options '-framework LynxBase' in build setting 'OTHER_LDFLAGS'
        ➜ Implicit dependency on target 'PrimJS' in project 'PrimJS' via options '-framework PrimJS' in build setting 'OTHER_LDFLAGS'
        ➜ Implicit dependency on target 'SocketRocket' in project 'SocketRocket' via options '-framework SocketRocket' in build setting 'OTHER_LDFLAGS'
    Target 'SocketRocket' in project 'SocketRocket' (no dependencies)
    Target 'BaseDevtool' in project 'BaseDevtool'
        ➜ Explicit dependency on target 'BaseDevtool-LynxBaseDevToolResources' in project 'BaseDevtool'
        ➜ Explicit dependency on target 'DebugRouter' in project 'DebugRouter'
        ➜ Explicit dependency on target 'Lynx' in project 'Lynx'
        ➜ Explicit dependency on target 'LynxBase' in project 'LynxBase'
    Target 'BaseDevtool-LynxBaseDevToolResources' in project 'BaseDevtool'
        ➜ Implicit dependency on target 'DebugRouter' in project 'DebugRouter' via options '-framework DebugRouter' in build setting 'OTHER_LDFLAGS'
        ➜ Implicit dependency on target 'Lynx' in project 'Lynx' via options '-framework Lynx' in build setting 'OTHER_LDFLAGS'
        ➜ Implicit dependency on target 'LynxBase' in project 'LynxBase' via options '-framework LynxBase' in build setting 'OTHER_LDFLAGS'
    Target 'Lynx' in project 'Lynx'
        ➜ Explicit dependency on target 'Lynx-LynxResources' in project 'Lynx'
        ➜ Explicit dependency on target 'LynxBase' in project 'LynxBase'
        ➜ Explicit dependency on target 'LynxServiceAPI' in project 'LynxServiceAPI'
        ➜ Explicit dependency on target 'PrimJS' in project 'PrimJS'
    Target 'Lynx-LynxResources' in project 'Lynx'
        ➜ Implicit dependency on target 'LynxBase' in project 'LynxBase' via options '-framework LynxBase' in build setting 'OTHER_LDFLAGS'
        ➜ Implicit dependency on target 'LynxServiceAPI' in project 'LynxServiceAPI' via options '-framework LynxServiceAPI' in build setting 'OTHER_LDFLAGS'
        ➜ Implicit dependency on target 'PrimJS' in project 'PrimJS' via options '-framework PrimJS' in build setting 'OTHER_LDFLAGS'
    Target 'PrimJS' in project 'PrimJS' (no dependencies)
    Target 'LynxBase' in project 'LynxBase'
        ➜ Explicit dependency on target 'LynxServiceAPI' in project 'LynxServiceAPI'
    Target 'LynxServiceAPI' in project 'LynxServiceAPI' (no dependencies)
    Target 'DebugRouter' in project 'DebugRouter' (no dependencies)

GatherProvisioningInputs

CreateBuildDescription

ExecuteExternalTool /Applications/Xcode.app/Contents/Developer/Toolchains/XcodeDefault.xctoolchain/usr/bin/clang -v -E -dM -isysroot /Applications/Xcode.app/Contents/Developer/Platforms/iPhoneSimulator.platform/Developer/SDKs/iPhoneSimulator26.5.sdk -x c -c /dev/null

ExecuteExternalTool /Applications/Xcode.app/Contents/Developer/Toolchains/XcodeDefault.xctoolchain/usr/bin/clang -v -E -dM -arch arm64 -isysroot /Applications/Xcode.app/Contents/Developer/Platforms/iPhoneSimulator.platform/Developer/SDKs/iPhoneSimulator26.5.sdk -x c -c /dev/null

ExecuteExternalTool /Applications/Xcode.app/Contents/Developer/Toolchains/XcodeDefault.xctoolchain/usr/bin/clang -v -E -dM -arch arm64 -isysroot /Applications/Xcode.app/Contents/Developer/Platforms/iPhoneSimulator.platform/Developer/SDKs/iPhoneSimulator26.5.sdk -x c++ -c /dev/null

ExecuteExternalTool /Applications/Xcode.app/Contents/Developer/Toolchains/XcodeDefault.xctoolchain/usr/bin/clang -v -E -dM -arch arm64 -isysroot /Applications/Xcode.app/Contents/Developer/Platforms/iPhoneSimulator.platform/Developer/SDKs/iPhoneSimulator26.5.sdk -x objective-c++ -c /dev/null

ExecuteExternalTool /Applications/Xcode.app/Contents/Developer/Toolchains/XcodeDefault.xctoolchain/usr/bin/clang -v -E -dM -arch arm64 -isysroot /Applications/Xcode.app/Contents/Developer/Platforms/iPhoneSimulator.platform/Developer/SDKs/iPhoneSimulator26.5.sdk -x objective-c -c /dev/null

ExecuteExternalTool /Applications/Xcode.app/Contents/Developer/usr/bin/actool --version --output-format xml1

ExecuteExternalTool /Applications/Xcode.app/Contents/Developer/Toolchains/XcodeDefault.xctoolchain/usr/bin/swiftc --version

ExecuteExternalTool /Applications/Xcode.app/Contents/Developer/Toolchains/XcodeDefault.xctoolchain/usr/bin/ld -version_details

ExecuteExternalTool /Applications/Xcode.app/Contents/Developer/usr/bin/actool --print-asset-tag-combinations --output-format xml1 /Users/runner/token-economics/lynx-benchmark/ios/SparklingGo/SparklingGo/Preview Content/Preview Assets.xcassets /Users/runner/token-economics/lynx-benchmark/ios/SparklingGo/SparklingGo/Assets.xcassets

ExecuteExternalTool /Applications/Xcode.app/Contents/Developer/Toolchains/XcodeDefault.xctoolchain/usr/bin/libtool -V

ExecuteExternalTool /Applications/Xcode.app/Contents/Developer/Toolchains/XcodeDefault.xctoolchain/usr/bin/clang -v -E -dM -arch arm64 -isysroot /Applications/Xcode.app/Contents/Developer/Platforms/iPhoneSimulator.platform/Developer/SDKs/iPhoneSimulator26.5.sdk -x assembler-with-cpp -c /dev/null

ExecuteExternalTool /Applications/Xcode.app/Contents/Developer/Toolchains/XcodeDefault.xctoolchain/usr/bin/clang -v -E -dM -arch x86_64 -isysroot /Applications/Xcode.app/Contents/Developer/Platforms/iPhoneSimulator.platform/Developer/SDKs/iPhoneSimulator26.5.sdk -x c -c /dev/null

ExecuteExternalTool /Applications/Xcode.app/Contents/Developer/Toolchains/XcodeDefault.xctoolchain/usr/bin/clang -v -E -dM -arch x86_64 -isysroot /Applications/Xcode.app/Contents/Developer/Platforms/iPhoneSimulator.platform/Developer/SDKs/iPhoneSimulator26.5.sdk -x objective-c -c /dev/null

ExecuteExternalTool /Applications/Xcode.app/Contents/Developer/Toolchains/XcodeDefault.xctoolchain/usr/bin/clang -v -E -dM -arch x86_64 -isysroot /Applications/Xcode.app/Contents/Developer/Platforms/iPhoneSimulator.platform/Developer/SDKs/iPhoneSimulator26.5.sdk -x c++ -c /dev/null

ExecuteExternalTool /Applications/Xcode.app/Contents/Developer/Toolchains/XcodeDefault.xctoolchain/usr/bin/clang -v -E -dM -arch x86_64 -isysroot /Applications/Xcode.app/Contents/Developer/Platforms/iPhoneSimulator.platform/Developer/SDKs/iPhoneSimulator26.5.sdk -x objective-c++ -c /dev/null

ExecuteExternalTool /Applications/Xcode.app/Contents/Developer/Toolchains/XcodeDefault.xctoolchain/usr/bin/clang -v -E -dM -arch x86_64 -isysroot /Applications/Xcode.app/Contents/Developer/Platforms/iPhoneSimulator.platform/Developer/SDKs/iPhoneSimulator26.5.sdk -x assembler-with-cpp -c /dev/null

Build description signature: cc284b9336209c3eb859572cf99d12e3
Build description path: /Users/runner/Library/Developer/Xcode/DerivedData/SparklingGo-gaxngdfqfnurlideafnykwrjqgdj/Build/Intermediates.noindex/XCBuildData/cc284b9336209c3eb859572cf99d12e3.xcbuilddata
ClangStatCache /Applications/Xcode.app/Contents/Developer/Toolchains/XcodeDefault.xctoolchain/usr/bin/clang-stat-cache /Applications/Xcode.app/Contents/Developer/Platforms/iPhoneSimulator.platform/Developer/SDKs/iPhoneSimulator26.5.sdk /Users/runner/Library/Developer/Xcode/DerivedData/SDKStatCaches.noindex/iphonesimulator26.5-23F73-688ef53f1462e2c8f657fdc38a81448f6cfe768891a92b912361537c460fe42b.sdkstatcache
    cd /Users/runner/token-economics/lynx-benchmark/ios
    /Applications/Xcode.app/Contents/Developer/Toolchains/XcodeDefault.xctoolchain/usr/bin/clang-stat-cache /Applications/Xcode.app/Contents/Developer/Platforms/iPhoneSimulator.platform/Developer/SDKs/iPhoneSimulator26.5.sdk -o /Users/runner/Library/Developer/Xcode/DerivedData/SDKStatCaches.noindex/iphonesimulator26.5-23F73-688ef53f1462e2c8f657fdc38a81448f6cfe768891a92b912361537c460fe42b.sdkstatcache

ProcessInfoPlistFile /Users/runner/Library/Developer/Xcode/DerivedData/SparklingGo-gaxngdfqfnurlideafnykwrjqgdj/Build/Products/Debug-iphonesimulator/SnapKit/SnapKit_Privacy.bundle/Info.plist /Users/runner/token-economics/lynx-benchmark/ios/Pods/Target\ Support\ Files/SnapKit/ResourceBundle-SnapKit_Privacy-SnapKit-Info.plist (in target 'SnapKit-SnapKit_Privacy' from project 'SnapKit')
    cd /Users/runner/token-economics/lynx-benchmark/ios/Pods
    builtin-infoPlistUtility /Users/runner/token-economics/lynx-benchmark/ios/Pods/Target\ Support\ Files/SnapKit/ResourceBundle-SnapKit_Privacy-SnapKit-Info.plist -producttype com.apple.product-type.bundle -expandbuildsettings -format binary -platform iphonesimulator -o /Users/runner/Library/Developer/Xcode/DerivedData/SparklingGo-gaxngdfqfnurlideafnykwrjqgdj/Build/Products/Debug-iphonesimulator/SnapKit/SnapKit_Privacy.bundle/Info.plist

ProcessInfoPlistFile /Users/runner/Library/Developer/Xcode/DerivedData/SparklingGo-gaxngdfqfnurlideafnykwrjqgdj/Build/Products/Debug-iphonesimulator/LynxServiceAPI/LynxServiceAPI.framework/Info.plist /Users/runner/token-economics/lynx-benchmark/ios/Pods/Target\ Support\ Files/LynxServiceAPI/LynxServiceAPI-Info.plist (in target 'LynxServiceAPI' from project 'LynxServiceAPI')
    cd /Users/runner/token-economics/lynx-benchmark/ios/Pods
    builtin-infoPlistUtility /Users/runner/token-economics/lynx-benchmark/ios/Pods/Target\ Support\ Files/LynxServiceAPI/LynxServiceAPI-Info.plist -producttype com.apple.product-type.framework -expandbuildsettings -format binary -platform iphonesimulator -o /Users/runner/Library/Developer/Xcode/DerivedData/SparklingGo-gaxngdfqfnurlideafnykwrjqgdj/Build/Products/Debug-iphonesimulator/LynxServiceAPI/LynxServiceAPI.framework/Info.plist

/Users/runner/token-economics/lynx-benchmark/ios/Pods/libwebp.xcodeproj: warning: The iOS Simulator deployment target 'IPHONEOS_DEPLOYMENT_TARGET' is set to 9.0, but the range of supported deployment target versions is 12.0 to 26.5.99. (in target 'libwebp' from project 'libwebp')
Ld /Users/runner/Library/Developer/Xcode/DerivedData/SparklingGo-gaxngdfqfnurlideafnykwrjqgdj/Build/Intermediates.noindex/libwebp.build/Debug-iphonesimulator/libwebp.build/Objects-normal/arm64/Binary/libwebp normal arm64 (in target 'libwebp' from project 'libwebp')
    cd /Users/runner/token-economics/lynx-benchmark/ios/Pods
    /Applications/Xcode.app/Contents/Developer/Toolchains/XcodeDefault.xctoolchain/usr/bin/clang -Xlinker -reproducible -target arm64-apple-ios9.0-simulator -dynamiclib -isysroot /Applications/Xcode.app/Contents/Developer/Platforms/iPhoneSimulator.platform/Developer/SDKs/iPhoneSimulator26.5.sdk -O0 -L/Users/runner/Library/Developer/Xcode/DerivedData/SparklingGo-gaxngdfqfnurlideafnykwrjqgdj/Build/Intermediates.noindex/EagerLinkingTBDs/Debug-iphonesimulator -L/Users/runner/Library/Developer/Xcode/DerivedData/SparklingGo-gaxngdfqfnurlideafnykwrjqgdj/Build/Products/Debug-iphonesimulator/libwebp -F/Users/runner/Library/Developer/Xcode/DerivedData/SparklingGo-gaxngdfqfnurlideafnykwrjqgdj/Build/Intermediates.noindex/EagerLinkingTBDs/Debug-iphonesimulator -F/Users/runner/Library/Developer/Xcode/DerivedData/SparklingGo-gaxngdfqfnurlideafnykwrjqgdj/Build/Products/Debug-iphonesimulator/libwebp -filelist /Users/runner/Library/Developer/Xcode/DerivedData/SparklingGo-gaxngdfqfnurlideafnykwrjqgdj/Build/Intermediates.noindex/libwebp.build/Debug-iphonesimulator/libwebp.build/Objects-normal/arm64/libwebp.LinkFileList -install_name @rpath/libwebp.framework/libwebp -Xlinker -rpath -Xlinker @executable_path/Frameworks -Xlinker -rpath -Xlinker @loader_path/Frameworks -Xlinker -dead_strip -Xlinker -object_path_lto -Xlinker /Users/runner/Library/Developer/Xcode/DerivedData/SparklingGo-gaxngdfqfnurlideafnykwrjqgdj/Build/Intermediates.noindex/libwebp.build/Debug-iphonesimulator/libwebp.build/Objects-normal/arm64/libwebp_lto.o -rdynamic -Xlinker -no_deduplicate -Xlinker -objc_abi_version -Xlinker 2 -Xlinker -debug_variant -Xlinker -dependency_info -Xlinker /Users/runner/Library/Developer/Xcode/DerivedData/SparklingGo-gaxngdfqfnurlideafnykwrjqgdj/Build/Intermediates.noindex/libwebp.build/Debug-iphonesimulator/libwebp.build/Objects-normal/arm64/libwebp_dependency_info.dat -fobjc-arc -fobjc-link-runtime -fprofile-instr-generate -framework Foundation -Xlinker -no_adhoc_codesign -compatibility_version 1 -current_version 1 -o /Users/runner/Library/Developer/Xcode/DerivedData/SparklingGo-gaxngdfqfnurlideafnykwrjqgdj/Build/Intermediates.noindex/libwebp.build/Debug-iphonesimulator/libwebp.build/Objects-normal/arm64/Binary/libwebp

Ld /Users/runner/Library/Developer/Xcode/DerivedData/SparklingGo-gaxngdfqfnurlideafnykwrjqgdj/Build/Intermediates.noindex/SDWebImage.build/Debug-iphonesimulator/SDWebImage.build/Objects-normal/arm64/Binary/SDWebImage normal arm64 (in target 'SDWebImage' from project 'SDWebImage')
    cd /Users/runner/token-economics/lynx-benchmark/ios/Pods
    /Applications/Xcode.app/Contents/Developer/Toolchains/XcodeDefault.xctoolchain/usr/bin/clang -Xlinker -reproducible -target arm64-apple-ios9.0-simulator -dynamiclib -isysroot /Applications/Xcode.app/Contents/Developer/Platforms/iPhoneSimulator.platform/Developer/SDKs/iPhoneSimulator26.5.sdk -O0 -L/Users/runner/Library/Developer/Xcode/DerivedData/SparklingGo-gaxngdfqfnurlideafnykwrjqgdj/Build/Intermediates.noindex/EagerLinkingTBDs/Debug-iphonesimulator -L/Users/runner/Library/Developer/Xcode/DerivedData/SparklingGo-gaxngdfqfnurlideafnykwrjqgdj/Build/Products/Debug-iphonesimulator/SDWebImage -F/Users/runner/Library/Developer/Xcode/DerivedData/SparklingGo-gaxngdfqfnurlideafnykwrjqgdj/Build/Intermediates.noindex/EagerLinkingTBDs/Debug-iphonesimulator -F/Users/runner/Library/Developer/Xcode/DerivedData/SparklingGo-gaxngdfqfnurlideafnykwrjqgdj/Build/Products/Debug-iphonesimulator/SDWebImage -filelist /Users/runner/Library/Developer/Xcode/DerivedData/SparklingGo-gaxngdfqfnurlideafnykwrjqgdj/Build/Intermediates.noindex/SDWebImage.build/Debug-iphonesimulator/SDWebImage.build/Objects-normal/arm64/SDWebImage.LinkFileList -install_name @rpath/SDWebImage.framework/SDWebImage -Xlinker -rpath -Xlinker @executable_path/Frameworks -Xlinker -rpath -Xlinker @loader_path/Frameworks -Xlinker -dead_strip -Xlinker -object_path_lto -Xlinker /Users/runner/Library/Developer/Xcode/DerivedData/SparklingGo-gaxngdfqfnurlideafnykwrjqgdj/Build/Intermediates.noindex/SDWebImage.build/Debug-iphonesimulator/SDWebImage.build/Objects-normal/arm64/SDWebImage_lto.o -rdynamic -Xlinker -no_deduplicate -Xlinker -objc_abi_version -Xlinker 2 -Xlinker -debug_variant -Xlinker -dependency_info -Xlinker /Users/runner/Library/Developer/Xcode/DerivedData/SparklingGo-gaxngdfqfnurlideafnykwrjqgdj/Build/Intermediates.noindex/SDWebImage.build/Debug-iphonesimulator/SDWebImage.build/Objects-normal/arm64/SDWebImage_dependency_info.dat -fobjc-arc -fobjc-link-runtime -fprofile-instr-generate -framework ImageIO -framework Foundation -framework ImageIO -Xlinker -no_adhoc_codesign -compatibility_version 1 -current_version 1 -o /Users/runner/Library/Developer/Xcode/DerivedData/SparklingGo-gaxngdfqfnurlideafnykwrjqgdj/Build/Intermediates.noindex/SDWebImage.build/Debug-iphonesimulator/SDWebImage.build/Objects-normal/arm64/Binary/SDWebImage

Ld /Users/runner/Library/Developer/Xcode/DerivedData/SparklingGo-gaxngdfqfnurlideafnykwrjqgdj/Build/Intermediates.noindex/PrimJS.build/Debug-iphonesimulator/PrimJS.build/Objects-normal/arm64/Binary/PrimJS normal arm64 (in target 'PrimJS' from project 'PrimJS')
    cd /Users/runner/token-economics/lynx-benchmark/ios/Pods
    /Applications/Xcode.app/Contents/Developer/Toolchains/XcodeDefault.xctoolchain/usr/bin/clang++ -Xlinker -reproducible -target arm64-apple-ios9.0-simulator -dynamiclib -isysroot /Applications/Xcode.app/Contents/Developer/Platforms/iPhoneSimulator.platform/Developer/SDKs/iPhoneSimulator26.5.sdk -O0 -L/Users/runner/Library/Developer/Xcode/DerivedData/SparklingGo-gaxngdfqfnurlideafnykwrjqgdj/Build/Intermediates.noindex/EagerLinkingTBDs/Debug-iphonesimulator -L/Users/runner/Library/Developer/Xcode/DerivedData/SparklingGo-gaxngdfqfnurlideafnykwrjqgdj/Build/Products/Debug-iphonesimulator/PrimJS -F/Users/runner/Library/Developer/Xcode/DerivedData/SparklingGo-gaxngdfqfnurlideafnykwrjqgdj/Build/Intermediates.noindex/EagerLinkingTBDs/Debug-iphonesimulator -F/Users/runner/Library/Developer/Xcode/DerivedData/SparklingGo-gaxngdfqfnurlideafnykwrjqgdj/Build/Products/Debug-iphonesimulator/PrimJS -filelist /Users/runner/Library/Developer/Xcode/DerivedData/SparklingGo-gaxngdfqfnurlideafnykwrjqgdj/Build/Intermediates.noindex/PrimJS.build/Debug-iphonesimulator/PrimJS.build/Objects-normal/arm64/PrimJS.LinkFileList -install_name @rpath/PrimJS.framework/PrimJS -Xlinker -rpath -Xlinker @executable_path/Frameworks -Xlinker -rpath -Xlinker @loader_path/Frameworks -Xlinker -dead_strip -Xlinker -object_path_lto -Xlinker /Users/runner/Library/Developer/Xcode/DerivedData/SparklingGo-gaxngdfqfnurlideafnykwrjqgdj/Build/Intermediates.noindex/PrimJS.build/Debug-iphonesimulator/PrimJS.build/Objects-normal/arm64/PrimJS_lto.o -rdynamic -Xlinker -no_deduplicate -Xlinker -objc_abi_version -Xlinker 2 -Xlinker -debug_variant -Xlinker -dependency_info -Xlinker /Users/runner/Library/Developer/Xcode/DerivedData/SparklingGo-gaxngdfqfnurlideafnykwrjqgdj/Build/Intermediates.noindex/PrimJS.build/Debug-iphonesimulator/PrimJS.build/Objects-normal/arm64/PrimJS_dependency_info.dat -stdlib\=libc++ -fobjc-arc -fobjc-link-runtime -fprofile-instr-generate -framework JavaScriptCore -framework Foundation -framework JavaScriptCore -Xlinker -no_adhoc_codesign -compatibility_version 1 -current_version 1 -o /Users/runner/Library/Developer/Xcode/DerivedData/SparklingGo-gaxngdfqfnurlideafnykwrjqgdj/Build/Intermediates.noindex/PrimJS.build/Debug-iphonesimulator/PrimJS.build/Objects-normal/arm64/Binary/PrimJS

ProcessInfoPlistFile /Users/runner/Library/Developer/Xcode/DerivedData/SparklingGo-gaxngdfqfnurlideafnykwrjqgdj/Build/Products/Debug-iphonesimulator/libwebp/libwebp.framework/Info.plist /Users/runner/token-economics/lynx-benchmark/ios/Pods/Target\ Support\ Files/libwebp/libwebp-Info.plist (in target 'libwebp' from project 'libwebp')
    cd /Users/runner/token-economics/lynx-benchmark/ios/Pods
    builtin-infoPlistUtility /Users/runner/token-economics/lynx-benchmark/ios/Pods/Target\ Support\ Files/libwebp/libwebp-Info.plist -producttype com.apple.product-type.framework -expandbuildsettings -format binary -platform iphonesimulator -o /Users/runner/Library/Developer/Xcode/DerivedData/SparklingGo-gaxngdfqfnurlideafnykwrjqgdj/Build/Products/Debug-iphonesimulator/libwebp/libwebp.framework/Info.plist

ProcessInfoPlistFile /Users/runner/Library/Developer/Xcode/DerivedData/SparklingGo-gaxngdfqfnurlideafnykwrjqgdj/Build/Products/Debug-iphonesimulator/SocketRocket/SocketRocket.framework/Info.plist /Users/runner/token-economics/lynx-benchmark/ios/Pods/Target\ Support\ Files/SocketRocket/SocketRocket-Info.plist (in target 'SocketRocket' from project 'SocketRocket')
    cd /Users/runner/token-economics/lynx-benchmark/ios/Pods
    builtin-infoPlistUtility /Users/runner/token-economics/lynx-benchmark/ios/Pods/Target\ Support\ Files/SocketRocket/SocketRocket-Info.plist -producttype com.apple.product-type.framework -expandbuildsettings -format binary -platform iphonesimulator -o /Users/runner/Library/Developer/Xcode/DerivedData/SparklingGo-gaxngdfqfnurlideafnykwrjqgdj/Build/Products/Debug-iphonesimulator/SocketRocket/SocketRocket.framework/Info.plist

ProcessInfoPlistFile /Users/runner/Library/Developer/Xcode/DerivedData/SparklingGo-gaxngdfqfnurlideafnykwrjqgdj/Build/Products/Debug-iphonesimulator/SDWebImage/SDWebImage.framework/Info.plist /Users/runner/token-economics/lynx-benchmark/ios/Pods/Target\ Support\ Files/SDWebImage/SDWebImage-Info.plist (in target 'SDWebImage' from project 'SDWebImage')
    cd /Users/runner/token-economics/lynx-benchmark/ios/Pods
    builtin-infoPlistUtility /Users/runner/token-economics/lynx-benchmark/ios/Pods/Target\ Support\ Files/SDWebImage/SDWebImage-Info.plist -producttype com.apple.product-type.framework -expandbuildsettings -format binary -platform iphonesimulator -o /Users/runner/Library/Developer/Xcode/DerivedData/SparklingGo-gaxngdfqfnurlideafnykwrjqgdj/Build/Products/Debug-iphonesimulator/SDWebImage/SDWebImage.framework/Info.plist

Ld /Users/runner/Library/Developer/Xcode/DerivedData/SparklingGo-gaxngdfqfnurlideafnykwrjqgdj/Build/Intermediates.noindex/LynxServiceAPI.build/Debug-iphonesimulator/LynxServiceAPI.build/Objects-normal/arm64/Binary/LynxServiceAPI normal arm64 (in target 'LynxServiceAPI' from project 'LynxServiceAPI')
    cd /Users/runner/token-economics/lynx-benchmark/ios/Pods
    /Applications/Xcode.app/Contents/Developer/Toolchains/XcodeDefault.xctoolchain/usr/bin/clang -Xlinker -reproducible -target arm64-apple-ios10.0-simulator -dynamiclib -isysroot /Applications/Xcode.app/Contents/Developer/Platforms/iPhoneSimulator.platform/Developer/SDKs/iPhoneSimulator26.5.sdk -O0 -L/Users/runner/Library/Developer/Xcode/DerivedData/SparklingGo-gaxngdfqfnurlideafnykwrjqgdj/Build/Intermediates.noindex/EagerLinkingTBDs/Debug-iphonesimulator -L/Users/runner/Library/Developer/Xcode/DerivedData/SparklingGo-gaxngdfqfnurlideafnykwrjqgdj/Build/Products/Debug-iphonesimulator/LynxServiceAPI -F/Users/runner/Library/Developer/Xcode/DerivedData/SparklingGo-gaxngdfqfnurlideafnykwrjqgdj/Build/Intermediates.noindex/EagerLinkingTBDs/Debug-iphonesimulator -F/Users/runner/Library/Developer/Xcode/DerivedData/SparklingGo-gaxngdfqfnurlideafnykwrjqgdj/Build/Products/Debug-iphonesimulator/LynxServiceAPI -filelist /Users/runner/Library/Developer/Xcode/DerivedData/SparklingGo-gaxngdfqfnurlideafnykwrjqgdj/Build/Intermediates.noindex/LynxServiceAPI.build/Debug-iphonesimulator/LynxServiceAPI.build/Objects-normal/arm64/LynxServiceAPI.LinkFileList -install_name @rpath/LynxServiceAPI.framework/LynxServiceAPI -Xlinker -rpath -Xlinker @executable_path/Frameworks -Xlinker -rpath -Xlinker @loader_path/Frameworks -Xlinker -dead_strip -Xlinker -object_path_lto -Xlinker /Users/runner/Library/Developer/Xcode/DerivedData/SparklingGo-gaxngdfqfnurlideafnykwrjqgdj/Build/Intermediates.noindex/LynxServiceAPI.build/Debug-iphonesimulator/LynxServiceAPI.build/Objects-normal/arm64/LynxServiceAPI_lto.o -rdynamic -Xlinker -no_deduplicate -Xlinker -objc_abi_version -Xlinker 2 -Xlinker -debug_variant -Xlinker -dependency_info -Xlinker /Users/runner/Library/Developer/Xcode/DerivedData/SparklingGo-gaxngdfqfnurlideafnykwrjqgdj/Build/Intermediates.noindex/LynxServiceAPI.build/Debug-iphonesimulator/LynxServiceAPI.build/Objects-normal/arm64/LynxServiceAPI_dependency_info.dat -fobjc-arc -fobjc-link-runtime -fprofile-instr-generate -framework Foundation -Xlinker -no_adhoc_codesign -compatibility_version 1 -current_version 1 -o /Users/runner/Library/Developer/Xcode/DerivedData/SparklingGo-gaxngdfqfnurlideafnykwrjqgdj/Build/Intermediates.noindex/LynxServiceAPI.build/Debug-iphonesimulator/LynxServiceAPI.build/Objects-normal/arm64/Binary/LynxServiceAPI

ProcessInfoPlistFile /Users/runner/Library/Developer/Xcode/DerivedData/SparklingGo-gaxngdfqfnurlideafnykwrjqgdj/Build/Products/Debug-iphonesimulator/PrimJS/PrimJS.framework/Info.plist /Users/runner/token-economics/lynx-benchmark/ios/Pods/Target\ Support\ Files/PrimJS/PrimJS-Info.plist (in target 'PrimJS' from project 'PrimJS')
    cd /Users/runner/token-economics/lynx-benchmark/ios/Pods
    builtin-infoPlistUtility /Users/runner/token-economics/lynx-benchmark/ios/Pods/Target\ Support\ Files/PrimJS/PrimJS-Info.plist -producttype com.apple.product-type.framework -expandbuildsettings -format binary -platform iphonesimulator -o /Users/runner/Library/Developer/Xcode/DerivedData/SparklingGo-gaxngdfqfnurlideafnykwrjqgdj/Build/Products/Debug-iphonesimulator/PrimJS/PrimJS.framework/Info.plist

Ld /Users/runner/Library/Developer/Xcode/DerivedData/SparklingGo-gaxngdfqfnurlideafnykwrjqgdj/Build/Intermediates.noindex/DebugRouter.build/Debug-iphonesimulator/DebugRouter.build/Objects-normal/arm64/Binary/DebugRouter normal arm64 (in target 'DebugRouter' from project 'DebugRouter')
    cd /Users/runner/token-economics/lynx-benchmark/ios/Pods
    /Applications/Xcode.app/Contents/Developer/Toolchains/XcodeDefault.xctoolchain/usr/bin/clang++ -Xlinker -reproducible -target arm64-apple-ios10.0-simulator -dynamiclib -isysroot /Applications/Xcode.app/Contents/Developer/Platforms/iPhoneSimulator.platform/Developer/SDKs/iPhoneSimulator26.5.sdk -O0 -L/Users/runner/Library/Developer/Xcode/DerivedData/SparklingGo-gaxngdfqfnurlideafnykwrjqgdj/Build/Intermediates.noindex/EagerLinkingTBDs/Debug-iphonesimulator -L/Users/runner/Library/Developer/Xcode/DerivedData/SparklingGo-gaxngdfqfnurlideafnykwrjqgdj/Build/Products/Debug-iphonesimulator/DebugRouter -F/Users/runner/Library/Developer/Xcode/DerivedData/SparklingGo-gaxngdfqfnurlideafnykwrjqgdj/Build/Intermediates.noindex/EagerLinkingTBDs/Debug-iphonesimulator -F/Users/runner/Library/Developer/Xcode/DerivedData/SparklingGo-gaxngdfqfnurlideafnykwrjqgdj/Build/Products/Debug-iphonesimulator/DebugRouter -filelist /Users/runner/Library/Developer/Xcode/DerivedData/SparklingGo-gaxngdfqfnurlideafnykwrjqgdj/Build/Intermediates.noindex/DebugRouter.build/Debug-iphonesimulator/DebugRouter.build/Objects-normal/arm64/DebugRouter.LinkFileList -install_name @rpath/DebugRouter.framework/DebugRouter -Xlinker -rpath -Xlinker @executable_path/Frameworks -Xlinker -rpath -Xlinker @loader_path/Frameworks -Xlinker -dead_strip -Xlinker -object_path_lto -Xlinker /Users/runner/Library/Developer/Xcode/DerivedData/SparklingGo-gaxngdfqfnurlideafnykwrjqgdj/Build/Intermediates.noindex/DebugRouter.build/Debug-iphonesimulator/DebugRouter.build/Objects-normal/arm64/DebugRouter_lto.o -rdynamic -Xlinker -no_deduplicate -Xlinker -objc_abi_version -Xlinker 2 -Xlinker -debug_variant -Xlinker -dependency_info -Xlinker /Users/runner/Library/Developer/Xcode/DerivedData/SparklingGo-gaxngdfqfnurlideafnykwrjqgdj/Build/Intermediates.noindex/DebugRouter.build/Debug-iphonesimulator/DebugRouter.build/Objects-normal/arm64/DebugRouter_dependency_info.dat -stdlib\=libc++ -fobjc-arc -fobjc-link-runtime -fprofile-instr-generate -lstdc++ -framework Foundation -Xlinker -no_adhoc_codesign -compatibility_version 1 -current_version 1 -o /Users/runner/Library/Developer/Xcode/DerivedData/SparklingGo-gaxngdfqfnurlideafnykwrjqgdj/Build/Intermediates.noindex/DebugRouter.build/Debug-iphonesimulator/DebugRouter.build/Objects-normal/arm64/Binary/DebugRouter
/Users/runner/token-economics/lynx-benchmark/ios/Pods/DebugRouter.xcodeproj: DebugRouter: ld: warning: ignoring duplicate libraries: '-lc++'

ProcessInfoPlistFile /Users/runner/Library/Developer/Xcode/DerivedData/SparklingGo-gaxngdfqfnurlideafnykwrjqgdj/Build/Products/Debug-iphonesimulator/Mantle/Mantle.framework/Info.plist /Users/runner/token-economics/lynx-benchmark/ios/Pods/Target\ Support\ Files/Mantle/Mantle-Info.plist (in target 'Mantle' from project 'Mantle')
    cd /Users/runner/token-economics/lynx-benchmark/ios/Pods
    builtin-infoPlistUtility /Users/runner/token-economics/lynx-benchmark/ios/Pods/Target\ Support\ Files/Mantle/Mantle-Info.plist -producttype com.apple.product-type.framework -expandbuildsettings -format binary -platform iphonesimulator -o /Users/runner/Library/Developer/Xcode/DerivedData/SparklingGo-gaxngdfqfnurlideafnykwrjqgdj/Build/Products/Debug-iphonesimulator/Mantle/Mantle.framework/Info.plist

Ld /Users/runner/Library/Developer/Xcode/DerivedData/SparklingGo-gaxngdfqfnurlideafnykwrjqgdj/Build/Intermediates.noindex/Mantle.build/Debug-iphonesimulator/Mantle.build/Objects-normal/arm64/Binary/Mantle normal arm64 (in target 'Mantle' from project 'Mantle')
    cd /Users/runner/token-economics/lynx-benchmark/ios/Pods
    /Applications/Xcode.app/Contents/Developer/Toolchains/XcodeDefault.xctoolchain/usr/bin/clang -Xlinker -reproducible -target arm64-apple-ios9.0-simulator -dynamiclib -isysroot /Applications/Xcode.app/Contents/Developer/Platforms/iPhoneSimulator.platform/Developer/SDKs/iPhoneSimulator26.5.sdk -O0 -L/Users/runner/Library/Developer/Xcode/DerivedData/SparklingGo-gaxngdfqfnurlideafnykwrjqgdj/Build/Intermediates.noindex/EagerLinkingTBDs/Debug-iphonesimulator -L/Users/runner/Library/Developer/Xcode/DerivedData/SparklingGo-gaxngdfqfnurlideafnykwrjqgdj/Build/Products/Debug-iphonesimulator/Mantle -F/Users/runner/Library/Developer/Xcode/DerivedData/SparklingGo-gaxngdfqfnurlideafnykwrjqgdj/Build/Intermediates.noindex/EagerLinkingTBDs/Debug-iphonesimulator -F/Users/runner/Library/Developer/Xcode/DerivedData/SparklingGo-gaxngdfqfnurlideafnykwrjqgdj/Build/Products/Debug-iphonesimulator/Mantle -filelist /Users/runner/Library/Developer/Xcode/DerivedData/SparklingGo-gaxngdfqfnurlideafnykwrjqgdj/Build/Intermediates.noindex/Mantle.build/Debug-iphonesimulator/Mantle.build/Objects-normal/arm64/Mantle.LinkFileList -install_name @rpath/Mantle.framework/Mantle -Xlinker -rpath -Xlinker @executable_path/Frameworks -Xlinker -rpath -Xlinker @loader_path/Frameworks -Xlinker -dead_strip -Xlinker -object_path_lto -Xlinker /Users/runner/Library/Developer/Xcode/DerivedData/SparklingGo-gaxngdfqfnurlideafnykwrjqgdj/Build/Intermediates.noindex/Mantle.build/Debug-iphonesimulator/Mantle.build/Objects-normal/arm64/Mantle_lto.o -rdynamic -Xlinker -no_deduplicate -Xlinker -objc_abi_version -Xlinker 2 -Xlinker -debug_variant -Xlinker -dependency_info -Xlinker /Users/runner/Library/Developer/Xcode/DerivedData/SparklingGo-gaxngdfqfnurlideafnykwrjqgdj/Build/Intermediates.noindex/Mantle.build/Debug-iphonesimulator/Mantle.build/Objects-normal/arm64/Mantle_dependency_info.dat -fobjc-arc -fobjc-link-runtime -fprofile-instr-generate -framework Foundation -framework Foundation -Xlinker -no_adhoc_codesign -compatibility_version 1 -current_version 1 -o /Users/runner/Library/Developer/Xcode/DerivedData/SparklingGo-gaxngdfqfnurlideafnykwrjqgdj/Build/Intermediates.noindex/Mantle.build/Debug-iphonesimulator/Mantle.build/Objects-normal/arm64/Binary/Mantle

Ld /Users/runner/Library/Developer/Xcode/DerivedData/SparklingGo-gaxngdfqfnurlideafnykwrjqgdj/Build/Intermediates.noindex/SocketRocket.build/Debug-iphonesimulator/SocketRocket.build/Objects-normal/arm64/Binary/SocketRocket normal arm64 (in target 'SocketRocket' from project 'SocketRocket')
    cd /Users/runner/token-economics/lynx-benchmark/ios/Pods
    /Applications/Xcode.app/Contents/Developer/Toolchains/XcodeDefault.xctoolchain/usr/bin/clang -Xlinker -reproducible -target arm64-apple-ios11.0-simulator -dynamiclib -isysroot /Applications/Xcode.app/Contents/Developer/Platforms/iPhoneSimulator.platform/Developer/SDKs/iPhoneSimulator26.5.sdk -O0 -L/Users/runner/Library/Developer/Xcode/DerivedData/SparklingGo-gaxngdfqfnurlideafnykwrjqgdj/Build/Intermediates.noindex/EagerLinkingTBDs/Debug-iphonesimulator -L/Users/runner/Library/Developer/Xcode/DerivedData/SparklingGo-gaxngdfqfnurlideafnykwrjqgdj/Build/Products/Debug-iphonesimulator/SocketRocket -F/Users/runner/Library/Developer/Xcode/DerivedData/SparklingGo-gaxngdfqfnurlideafnykwrjqgdj/Build/Intermediates.noindex/EagerLinkingTBDs/Debug-iphonesimulator -F/Users/runner/Library/Developer/Xcode/DerivedData/SparklingGo-gaxngdfqfnurlideafnykwrjqgdj/Build/Products/Debug-iphonesimulator/SocketRocket -filelist /Users/runner/Library/Developer/Xcode/DerivedData/SparklingGo-gaxngdfqfnurlideafnykwrjqgdj/Build/Intermediates.noindex/SocketRocket.build/Debug-iphonesimulator/SocketRocket.build/Objects-normal/arm64/SocketRocket.LinkFileList -install_name @rpath/SocketRocket.framework/SocketRocket -Xlinker -rpath -Xlinker @executable_path/Frameworks -Xlinker -rpath -Xlinker @loader_path/Frameworks -Xlinker -dead_strip -Xlinker -object_path_lto -Xlinker /Users/runner/Library/Developer/Xcode/DerivedData/SparklingGo-gaxngdfqfnurlideafnykwrjqgdj/Build/Intermediates.noindex/SocketRocket.build/Debug-iphonesimulator/SocketRocket.build/Objects-normal/arm64/SocketRocket_lto.o -rdynamic -Xlinker -no_deduplicate -Xlinker -objc_abi_version -Xlinker 2 -Xlinker -debug_variant -Xlinker -dependency_info -Xlinker /Users/runner/Library/Developer/Xcode/DerivedData/SparklingGo-gaxngdfqfnurlideafnykwrjqgdj/Build/Intermediates.noindex/SocketRocket.build/Debug-iphonesimulator/SocketRocket.build/Objects-normal/arm64/SocketRocket_dependency_info.dat -fobjc-arc -fobjc-link-runtime -fprofile-instr-generate -licucore -framework CFNetwork -framework Security -framework CFNetwork -framework Foundation -framework Security -Xlinker -no_adhoc_codesign -compatibility_version 1 -current_version 1 -o /Users/runner/Library/Developer/Xcode/DerivedData/SparklingGo-gaxngdfqfnurlideafnykwrjqgdj/Build/Intermediates.noindex/SocketRocket.build/Debug-iphonesimulator/SocketRocket.build/Objects-normal/arm64/Binary/SocketRocket

ProcessInfoPlistFile /Users/runner/Library/Developer/Xcode/DerivedData/SparklingGo-gaxngdfqfnurlideafnykwrjqgdj/Build/Products/Debug-iphonesimulator/DebugRouter/DebugRouter.framework/Info.plist /Users/runner/token-economics/lynx-benchmark/ios/Pods/Target\ Support\ Files/DebugRouter/DebugRouter-Info.plist (in target 'DebugRouter' from project 'DebugRouter')
    cd /Users/runner/token-economics/lynx-benchmark/ios/Pods
    builtin-infoPlistUtility /Users/runner/token-economics/lynx-benchmark/ios/Pods/Target\ Support\ Files/DebugRouter/DebugRouter-Info.plist -producttype com.apple.product-type.framework -expandbuildsettings -format binary -platform iphonesimulator -o /Users/runner/Library/Developer/Xcode/DerivedData/SparklingGo-gaxngdfqfnurlideafnykwrjqgdj/Build/Products/Debug-iphonesimulator/DebugRouter/DebugRouter.framework/Info.plist

ProcessInfoPlistFile /Users/runner/Library/Developer/Xcode/DerivedData/SparklingGo-gaxngdfqfnurlideafnykwrjqgdj/Build/Products/Debug-iphonesimulator/SnapKit/SnapKit.framework/Info.plist /Users/runner/token-economics/lynx-benchmark/ios/Pods/Target\ Support\ Files/SnapKit/SnapKit-Info.plist (in target 'SnapKit' from project 'SnapKit')
    cd /Users/runner/token-economics/lynx-benchmark/ios/Pods
    builtin-infoPlistUtility /Users/runner/token-economics/lynx-benchmark/ios/Pods/Target\ Support\ Files/SnapKit/SnapKit-Info.plist -producttype com.apple.product-type.framework -expandbuildsettings -format binary -platform iphonesimulator -o /Users/runner/Library/Developer/Xcode/DerivedData/SparklingGo-gaxngdfqfnurlideafnykwrjqgdj/Build/Products/Debug-iphonesimulator/SnapKit/SnapKit.framework/Info.plist

Ld /Users/runner/Library/Developer/Xcode/DerivedData/SparklingGo-gaxngdfqfnurlideafnykwrjqgdj/Build/Intermediates.noindex/SnapKit.build/Debug-iphonesimulator/SnapKit.build/Objects-normal/arm64/Binary/SnapKit normal arm64 (in target 'SnapKit' from project 'SnapKit')
    cd /Users/runner/token-economics/lynx-benchmark/ios/Pods
    /Applications/Xcode.app/Contents/Developer/Toolchains/XcodeDefault.xctoolchain/usr/bin/clang -Xlinker -reproducible -target arm64-apple-ios12.0-simulator -dynamiclib -isysroot /Applications/Xcode.app/Contents/Developer/Platforms/iPhoneSimulator.platform/Developer/SDKs/iPhoneSimulator26.5.sdk -O0 -L/Users/runner/Library/Developer/Xcode/DerivedData/SparklingGo-gaxngdfqfnurlideafnykwrjqgdj/Build/Intermediates.noindex/EagerLinkingTBDs/Debug-iphonesimulator -L/Users/runner/Library/Developer/Xcode/DerivedData/SparklingGo-gaxngdfqfnurlideafnykwrjqgdj/Build/Products/Debug-iphonesimulator/SnapKit -L/var/run/com.apple.security.cryptexd/mnt/com.apple.MobileAsset.MetalToolchain-v17.6.42.0.xRBJyY/Metal.xctoolchain/usr/lib/swift/iphonesimulator -L/Applications/Xcode.app/Contents/Developer/Platforms/iPhoneSimulator.platform/Developer/SDKs/iPhoneSimulator26.5.sdk/usr/lib/swift -L/Applications/Xcode.app/Contents/Developer/Platforms/iPhoneSimulator.platform/Developer/SDKs/iPhoneSimulator26.5.sdk/usr/lib/swift -F/Users/runner/Library/Developer/Xcode/DerivedData/SparklingGo-gaxngdfqfnurlideafnykwrjqgdj/Build/Intermediates.noindex/EagerLinkingTBDs/Debug-iphonesimulator -F/Users/runner/Library/Developer/Xcode/DerivedData/SparklingGo-gaxngdfqfnurlideafnykwrjqgdj/Build/Products/Debug-iphonesimulator/SnapKit -filelist /Users/runner/Library/Developer/Xcode/DerivedData/SparklingGo-gaxngdfqfnurlideafnykwrjqgdj/Build/Intermediates.noindex/SnapKit.build/Debug-iphonesimulator/SnapKit.build/Objects-normal/arm64/SnapKit.LinkFileList -install_name @rpath/SnapKit.framework/SnapKit -Xlinker -rpath -Xlinker /usr/lib/swift -Xlinker -rpath -Xlinker @executable_path/Frameworks -Xlinker -rpath -Xlinker @loader_path/Frameworks -Xlinker -dead_strip -Xlinker -object_path_lto -Xlinker /Users/runner/Library/Developer/Xcode/DerivedData/SparklingGo-gaxngdfqfnurlideafnykwrjqgdj/Build/Intermediates.noindex/SnapKit.build/Debug-iphonesimulator/SnapKit.build/Objects-normal/arm64/SnapKit_lto.o -rdynamic -Xlinker -no_deduplicate -Xlinker -objc_abi_version -Xlinker 2 -Xlinker -debug_variant -Xlinker -dependency_info -Xlinker /Users/runner/Library/Developer/Xcode/DerivedData/SparklingGo-gaxngdfqfnurlideafnykwrjqgdj/Build/Intermediates.noindex/SnapKit.build/Debug-iphonesimulator/SnapKit.build/Objects-normal/arm64/SnapKit_dependency_info.dat -fobjc-arc -fobjc-link-runtime -fprofile-instr-generate -L/Applications/Xcode.app/Contents/Developer/Toolchains/XcodeDefault.xctoolchain/usr/lib/swift/iphonesimulator -L/usr/lib/swift -Xlinker -add_ast_path -Xlinker /Users/runner/Library/Developer/Xcode/DerivedData/SparklingGo-gaxngdfqfnurlideafnykwrjqgdj/Build/Intermediates.noindex/SnapKit.build/Debug-iphonesimulator/SnapKit.build/Objects-normal/arm64/SnapKit.swiftmodule @/Users/runner/Library/Developer/Xcode/DerivedData/SparklingGo-gaxngdfqfnurlideafnykwrjqgdj/Build/Intermediates.noindex/SnapKit.build/Debug-iphonesimulator/SnapKit.build/Objects-normal/arm64/SnapKit-linker-args.resp -lswiftCoreGraphics -framework Foundation -Xlinker -no_adhoc_codesign -compatibility_version 1 -current_version 1 -o /Users/runner/Library/Developer/Xcode/DerivedData/SparklingGo-gaxngdfqfnurlideafnykwrjqgdj/Build/Intermediates.noindex/SnapKit.build/Debug-iphonesimulator/SnapKit.build/Objects-normal/arm64/Binary/SnapKit
/Users/runner/token-economics/lynx-benchmark/ios/Pods/SnapKit.xcodeproj: SnapKit: ld: warning: search path '/var/run/com.apple.security.cryptexd/mnt/com.apple.MobileAsset.MetalToolchain-v17.6.42.0.xRBJyY/Metal.xctoolchain/usr/lib/swift/iphonesimulator' not found

ProcessInfoPlistFile /Users/runner/Library/Developer/Xcode/DerivedData/SparklingGo-gaxngdfqfnurlideafnykwrjqgdj/Build/Products/Debug-iphonesimulator/Sparkling/sparklingPageResource.bundle/Info.plist /Users/runner/token-economics/lynx-benchmark/ios/Pods/Target\ Support\ Files/Sparkling/ResourceBundle-sparklingPageResource-Sparkling-Info.plist (in target 'Sparkling-sparklingPageResource' from project 'Sparkling')
    cd /Users/runner/token-economics/lynx-benchmark/ios/Pods
    builtin-infoPlistUtility /Users/runner/token-economics/lynx-benchmark/ios/Pods/Target\ Support\ Files/Sparkling/ResourceBundle-sparklingPageResource-Sparkling-Info.plist -producttype com.apple.product-type.bundle -expandbuildsettings -format binary -platform iphonesimulator -additionalcontentfile /Users/runner/Library/Developer/Xcode/DerivedData/SparklingGo-gaxngdfqfnurlideafnykwrjqgdj/Build/Intermediates.noindex/Sparkling.build/Debug-iphonesimulator/Sparkling-sparklingPageResource.build/assetcatalog_generated_info.plist -o /Users/runner/Library/Developer/Xcode/DerivedData/SparklingGo-gaxngdfqfnurlideafnykwrjqgdj/Build/Products/Debug-iphonesimulator/Sparkling/sparklingPageResource.bundle/Info.plist

Ld /Users/runner/Library/Developer/Xcode/DerivedData/SparklingGo-gaxngdfqfnurlideafnykwrjqgdj/Build/Intermediates.noindex/SocketRocket.build/Debug-iphonesimulator/SocketRocket.build/Objects-normal/x86_64/Binary/SocketRocket normal x86_64 (in target 'SocketRocket' from project 'SocketRocket')
    cd /Users/runner/token-economics/lynx-benchmark/ios/Pods
    /Applications/Xcode.app/Contents/Developer/Toolchains/XcodeDefault.xctoolchain/usr/bin/clang -Xlinker -reproducible -target x86_64-apple-ios11.0-simulator -dynamiclib -isysroot /Applications/Xcode.app/Contents/Developer/Platforms/iPhoneSimulator.platform/Developer/SDKs/iPhoneSimulator26.5.sdk -O0 -L/Users/runner/Library/Developer/Xcode/DerivedData/SparklingGo-gaxngdfqfnurlideafnykwrjqgdj/Build/Intermediates.noindex/EagerLinkingTBDs/Debug-iphonesimulator -L/Users/runner/Library/Developer/Xcode/DerivedData/SparklingGo-gaxngdfqfnurlideafnykwrjqgdj/Build/Products/Debug-iphonesimulator/SocketRocket -F/Users/runner/Library/Developer/Xcode/DerivedData/SparklingGo-gaxngdfqfnurlideafnykwrjqgdj/Build/Intermediates.noindex/EagerLinkingTBDs/Debug-iphonesimulator -F/Users/runner/Library/Developer/Xcode/DerivedData/SparklingGo-gaxngdfqfnurlideafnykwrjqgdj/Build/Products/Debug-iphonesimulator/SocketRocket -filelist /Users/runner/Library/Developer/Xcode/DerivedData/SparklingGo-gaxngdfqfnurlideafnykwrjqgdj/Build/Intermediates.noindex/SocketRocket.build/Debug-iphonesimulator/SocketRocket.build/Objects-normal/x86_64/SocketRocket.LinkFileList -install_name @rpath/SocketRocket.framework/SocketRocket -Xlinker -rpath -Xlinker @executable_path/Frameworks -Xlinker -rpath -Xlinker @loader_path/Frameworks -Xlinker -dead_strip -Xlinker -object_path_lto -Xlinker /Users/runner/Library/Developer/Xcode/DerivedData/SparklingGo-gaxngdfqfnurlideafnykwrjqgdj/Build/Intermediates.noindex/SocketRocket.build/Debug-iphonesimulator/SocketRocket.build/Objects-normal/x86_64/SocketRocket_lto.o -rdynamic -Xlinker -no_deduplicate -Xlinker -objc_abi_version -Xlinker 2 -Xlinker -debug_variant -Xlinker -dependency_info -Xlinker /Users/runner/Library/Developer/Xcode/DerivedData/SparklingGo-gaxngdfqfnurlideafnykwrjqgdj/Build/Intermediates.noindex/SocketRocket.build/Debug-iphonesimulator/SocketRocket.build/Objects-normal/x86_64/SocketRocket_dependency_info.dat -fobjc-arc -fobjc-link-runtime -fprofile-instr-generate -licucore -framework CFNetwork -framework Security -framework CFNetwork -framework Foundation -framework Security -Xlinker -no_adhoc_codesign -compatibility_version 1 -current_version 1 -o /Users/runner/Library/Developer/Xcode/DerivedData/SparklingGo-gaxngdfqfnurlideafnykwrjqgdj/Build/Intermediates.noindex/SocketRocket.build/Debug-iphonesimulator/SocketRocket.build/Objects-normal/x86_64/Binary/SocketRocket

Ld /Users/runner/Library/Developer/Xcode/DerivedData/SparklingGo-gaxngdfqfnurlideafnykwrjqgdj/Build/Intermediates.noindex/SDWebImage.build/Debug-iphonesimulator/SDWebImage.build/Objects-normal/x86_64/Binary/SDWebImage normal x86_64 (in target 'SDWebImage' from project 'SDWebImage')
    cd /Users/runner/token-economics/lynx-benchmark/ios/Pods
    /Applications/Xcode.app/Contents/Developer/Toolchains/XcodeDefault.xctoolchain/usr/bin/clang -Xlinker -reproducible -target x86_64-apple-ios9.0-simulator -dynamiclib -isysroot /Applications/Xcode.app/Contents/Developer/Platforms/iPhoneSimulator.platform/Developer/SDKs/iPhoneSimulator26.5.sdk -O0 -L/Users/runner/Library/Developer/Xcode/DerivedData/SparklingGo-gaxngdfqfnurlideafnykwrjqgdj/Build/Intermediates.noindex/EagerLinkingTBDs/Debug-iphonesimulator -L/Users/runner/Library/Developer/Xcode/DerivedData/SparklingGo-gaxngdfqfnurlideafnykwrjqgdj/Build/Products/Debug-iphonesimulator/SDWebImage -F/Users/runner/Library/Developer/Xcode/DerivedData/SparklingGo-gaxngdfqfnurlideafnykwrjqgdj/Build/Intermediates.noindex/EagerLinkingTBDs/Debug-iphonesimulator -F/Users/runner/Library/Developer/Xcode/DerivedData/SparklingGo-gaxngdfqfnurlideafnykwrjqgdj/Build/Products/Debug-iphonesimulator/SDWebImage -filelist /Users/runner/Library/Developer/Xcode/DerivedData/SparklingGo-gaxngdfqfnurlideafnykwrjqgdj/Build/Intermediates.noindex/SDWebImage.build/Debug-iphonesimulator/SDWebImage.build/Objects-normal/x86_64/SDWebImage.LinkFileList -install_name @rpath/SDWebImage.framework/SDWebImage -Xlinker -rpath -Xlinker @executable_path/Frameworks -Xlinker -rpath -Xlinker @loader_path/Frameworks -Xlinker -dead_strip -Xlinker -object_path_lto -Xlinker /Users/runner/Library/Developer/Xcode/DerivedData/SparklingGo-gaxngdfqfnurlideafnykwrjqgdj/Build/Intermediates.noindex/SDWebImage.build/Debug-iphonesimulator/SDWebImage.build/Objects-normal/x86_64/SDWebImage_lto.o -rdynamic -Xlinker -no_deduplicate -Xlinker -objc_abi_version -Xlinker 2 -Xlinker -debug_variant -Xlinker -dependency_info -Xlinker /Users/runner/Library/Developer/Xcode/DerivedData/SparklingGo-gaxngdfqfnurlideafnykwrjqgdj/Build/Intermediates.noindex/SDWebImage.build/Debug-iphonesimulator/SDWebImage.build/Objects-normal/x86_64/SDWebImage_dependency_info.dat -fobjc-arc -fobjc-link-runtime -fprofile-instr-generate -framework ImageIO -framework Foundation -framework ImageIO -Xlinker -no_adhoc_codesign -compatibility_version 1 -current_version 1 -o /Users/runner/Library/Developer/Xcode/DerivedData/SparklingGo-gaxngdfqfnurlideafnykwrjqgdj/Build/Intermediates.noindex/SDWebImage.build/Debug-iphonesimulator/SDWebImage.build/Objects-normal/x86_64/Binary/SDWebImage

Ld /Users/runner/Library/Developer/Xcode/DerivedData/SparklingGo-gaxngdfqfnurlideafnykwrjqgdj/Build/Intermediates.noindex/LynxServiceAPI.build/Debug-iphonesimulator/LynxServiceAPI.build/Objects-normal/x86_64/Binary/LynxServiceAPI normal x86_64 (in target 'LynxServiceAPI' from project 'LynxServiceAPI')
    cd /Users/runner/token-economics/lynx-benchmark/ios/Pods
    /Applications/Xcode.app/Contents/Developer/Toolchains/XcodeDefault.xctoolchain/usr/bin/clang -Xlinker -reproducible -target x86_64-apple-ios10.0-simulator -dynamiclib -isysroot /Applications/Xcode.app/Contents/Developer/Platforms/iPhoneSimulator.platform/Developer/SDKs/iPhoneSimulator26.5.sdk -O0 -L/Users/runner/Library/Developer/Xcode/DerivedData/SparklingGo-gaxngdfqfnurlideafnykwrjqgdj/Build/Intermediates.noindex/EagerLinkingTBDs/Debug-iphonesimulator -L/Users/runner/Library/Developer/Xcode/DerivedData/SparklingGo-gaxngdfqfnurlideafnykwrjqgdj/Build/Products/Debug-iphonesimulator/LynxServiceAPI -F/Users/runner/Library/Developer/Xcode/DerivedData/SparklingGo-gaxngdfqfnurlideafnykwrjqgdj/Build/Intermediates.noindex/EagerLinkingTBDs/Debug-iphonesimulator -F/Users/runner/Library/Developer/Xcode/DerivedData/SparklingGo-gaxngdfqfnurlideafnykwrjqgdj/Build/Products/Debug-iphonesimulator/LynxServiceAPI -filelist /Users/runner/Library/Developer/Xcode/DerivedData/SparklingGo-gaxngdfqfnurlideafnykwrjqgdj/Build/Intermediates.noindex/LynxServiceAPI.build/Debug-iphonesimulator/LynxServiceAPI.build/Objects-normal/x86_64/LynxServiceAPI.LinkFileList -install_name @rpath/LynxServiceAPI.framework/LynxServiceAPI -Xlinker -rpath -Xlinker @executable_path/Frameworks -Xlinker -rpath -Xlinker @loader_path/Frameworks -Xlinker -dead_strip -Xlinker -object_path_lto -Xlinker /Users/runner/Library/Developer/Xcode/DerivedData/SparklingGo-gaxngdfqfnurlideafnykwrjqgdj/Build/Intermediates.noindex/LynxServiceAPI.build/Debug-iphonesimulator/LynxServiceAPI.build/Objects-normal/x86_64/LynxServiceAPI_lto.o -rdynamic -Xlinker -no_deduplicate -Xlinker -objc_abi_version -Xlinker 2 -Xlinker -debug_variant -Xlinker -dependency_info -Xlinker /Users/runner/Library/Developer/Xcode/DerivedData/SparklingGo-gaxngdfqfnurlideafnykwrjqgdj/Build/Intermediates.noindex/LynxServiceAPI.build/Debug-iphonesimulator/LynxServiceAPI.build/Objects-normal/x86_64/LynxServiceAPI_dependency_info.dat -fobjc-arc -fobjc-link-runtime -fprofile-instr-generate -framework Foundation -Xlinker -no_adhoc_codesign -compatibility_version 1 -current_version 1 -o /Users/runner/Library/Developer/Xcode/DerivedData/SparklingGo-gaxngdfqfnurlideafnykwrjqgdj/Build/Intermediates.noindex/LynxServiceAPI.build/Debug-iphonesimulator/LynxServiceAPI.build/Objects-normal/x86_64/Binary/LynxServiceAPI

Ld /Users/runner/Library/Developer/Xcode/DerivedData/SparklingGo-gaxngdfqfnurlideafnykwrjqgdj/Build/Intermediates.noindex/DebugRouter.build/Debug-iphonesimulator/DebugRouter.build/Objects-normal/x86_64/Binary/DebugRouter normal x86_64 (in target 'DebugRouter' from project 'DebugRouter')
    cd /Users/runner/token-economics/lynx-benchmark/ios/Pods
    /Applications/Xcode.app/Contents/Developer/Toolchains/XcodeDefault.xctoolchain/usr/bin/clang++ -Xlinker -reproducible -target x86_64-apple-ios10.0-simulator -dynamiclib -isysroot /Applications/Xcode.app/Contents/Developer/Platforms/iPhoneSimulator.platform/Developer/SDKs/iPhoneSimulator26.5.sdk -O0 -L/Users/runner/Library/Developer/Xcode/DerivedData/SparklingGo-gaxngdfqfnurlideafnykwrjqgdj/Build/Intermediates.noindex/EagerLinkingTBDs/Debug-iphonesimulator -L/Users/runner/Library/Developer/Xcode/DerivedData/SparklingGo-gaxngdfqfnurlideafnykwrjqgdj/Build/Products/Debug-iphonesimulator/DebugRouter -F/Users/runner/Library/Developer/Xcode/DerivedData/SparklingGo-gaxngdfqfnurlideafnykwrjqgdj/Build/Intermediates.noindex/EagerLinkingTBDs/Debug-iphonesimulator -F/Users/runner/Library/Developer/Xcode/DerivedData/SparklingGo-gaxngdfqfnurlideafnykwrjqgdj/Build/Products/Debug-iphonesimulator/DebugRouter -filelist /Users/runner/Library/Developer/Xcode/DerivedData/SparklingGo-gaxngdfqfnurlideafnykwrjqgdj/Build/Intermediates.noindex/DebugRouter.build/Debug-iphonesimulator/DebugRouter.build/Objects-normal/x86_64/DebugRouter.LinkFileList -install_name @rpath/DebugRouter.framework/DebugRouter -Xlinker -rpath -Xlinker @executable_path/Frameworks -Xlinker -rpath -Xlinker @loader_path/Frameworks -Xlinker -dead_strip -Xlinker -object_path_lto -Xlinker /Users/runner/Library/Developer/Xcode/DerivedData/SparklingGo-gaxngdfqfnurlideafnykwrjqgdj/Build/Intermediates.noindex/DebugRouter.build/Debug-iphonesimulator/DebugRouter.build/Objects-normal/x86_64/DebugRouter_lto.o -rdynamic -Xlinker -no_deduplicate -Xlinker -objc_abi_version -Xlinker 2 -Xlinker -debug_variant -Xlinker -dependency_info -Xlinker /Users/runner/Library/Developer/Xcode/DerivedData/SparklingGo-gaxngdfqfnurlideafnykwrjqgdj/Build/Intermediates.noindex/DebugRouter.build/Debug-iphonesimulator/DebugRouter.build/Objects-normal/x86_64/DebugRouter_dependency_info.dat -stdlib\=libc++ -fobjc-arc -fobjc-link-runtime -fprofile-instr-generate -lstdc++ -framework Foundation -Xlinker -no_adhoc_codesign -compatibility_version 1 -current_version 1 -o /Users/runner/Library/Developer/Xcode/DerivedData/SparklingGo-gaxngdfqfnurlideafnykwrjqgdj/Build/Intermediates.noindex/DebugRouter.build/Debug-iphonesimulator/DebugRouter.build/Objects-normal/x86_64/Binary/DebugRouter
/Users/runner/token-economics/lynx-benchmark/ios/Pods/DebugRouter.xcodeproj: DebugRouter: ld: warning: ignoring duplicate libraries: '-lc++'

Ld /Users/runner/Library/Developer/Xcode/DerivedData/SparklingGo-gaxngdfqfnurlideafnykwrjqgdj/Build/Intermediates.noindex/Mantle.build/Debug-iphonesimulator/Mantle.build/Objects-normal/x86_64/Binary/Mantle normal x86_64 (in target 'Mantle' from project 'Mantle')
    cd /Users/runner/token-economics/lynx-benchmark/ios/Pods
    /Applications/Xcode.app/Contents/Developer/Toolchains/XcodeDefault.xctoolchain/usr/bin/clang -Xlinker -reproducible -target x86_64-apple-ios9.0-simulator -dynamiclib -isysroot /Applications/Xcode.app/Contents/Developer/Platforms/iPhoneSimulator.platform/Developer/SDKs/iPhoneSimulator26.5.sdk -O0 -L/Users/runner/Library/Developer/Xcode/DerivedData/SparklingGo-gaxngdfqfnurlideafnykwrjqgdj/Build/Intermediates.noindex/EagerLinkingTBDs/Debug-iphonesimulator -L/Users/runner/Library/Developer/Xcode/DerivedData/SparklingGo-gaxngdfqfnurlideafnykwrjqgdj/Build/Products/Debug-iphonesimulator/Mantle -F/Users/runner/Library/Developer/Xcode/DerivedData/SparklingGo-gaxngdfqfnurlideafnykwrjqgdj/Build/Intermediates.noindex/EagerLinkingTBDs/Debug-iphonesimulator -F/Users/runner/Library/Developer/Xcode/DerivedData/SparklingGo-gaxngdfqfnurlideafnykwrjqgdj/Build/Products/Debug-iphonesimulator/Mantle -filelist /Users/runner/Library/Developer/Xcode/DerivedData/SparklingGo-gaxngdfqfnurlideafnykwrjqgdj/Build/Intermediates.noindex/Mantle.build/Debug-iphonesimulator/Mantle.build/Objects-normal/x86_64/Mantle.LinkFileList -install_name @rpath/Mantle.framework/Mantle -Xlinker -rpath -Xlinker @executable_path/Frameworks -Xlinker -rpath -Xlinker @loader_path/Frameworks -Xlinker -dead_strip -Xlinker -object_path_lto -Xlinker /Users/runner/Library/Developer/Xcode/DerivedData/SparklingGo-gaxngdfqfnurlideafnykwrjqgdj/Build/Intermediates.noindex/Mantle.build/Debug-iphonesimulator/Mantle.build/Objects-normal/x86_64/Mantle_lto.o -rdynamic -Xlinker -no_deduplicate -Xlinker -objc_abi_version -Xlinker 2 -Xlinker -debug_variant -Xlinker -dependency_info -Xlinker /Users/runner/Library/Developer/Xcode/DerivedData/SparklingGo-gaxngdfqfnurlideafnykwrjqgdj/Build/Intermediates.noindex/Mantle.build/Debug-iphonesimulator/Mantle.build/Objects-normal/x86_64/Mantle_dependency_info.dat -fobjc-arc -fobjc-link-runtime -fprofile-instr-generate -framework Foundation -framework Foundation -Xlinker -no_adhoc_codesign -compatibility_version 1 -current_version 1 -o /Users/runner/Library/Developer/Xcode/DerivedData/SparklingGo-gaxngdfqfnurlideafnykwrjqgdj/Build/Intermediates.noindex/Mantle.build/Debug-iphonesimulator/Mantle.build/Objects-normal/x86_64/Binary/Mantle

Ld /Users/runner/Library/Developer/Xcode/DerivedData/SparklingGo-gaxngdfqfnurlideafnykwrjqgdj/Build/Intermediates.noindex/libwebp.build/Debug-iphonesimulator/libwebp.build/Objects-normal/x86_64/Binary/libwebp normal x86_64 (in target 'libwebp' from project 'libwebp')
    cd /Users/runner/token-economics/lynx-benchmark/ios/Pods
    /Applications/Xcode.app/Contents/Developer/Toolchains/XcodeDefault.xctoolchain/usr/bin/clang -Xlinker -reproducible -target x86_64-apple-ios9.0-simulator -dynamiclib -isysroot /Applications/Xcode.app/Contents/Developer/Platforms/iPhoneSimulator.platform/Developer/SDKs/iPhoneSimulator26.5.sdk -O0 -L/Users/runner/Library/Developer/Xcode/DerivedData/SparklingGo-gaxngdfqfnurlideafnykwrjqgdj/Build/Intermediates.noindex/EagerLinkingTBDs/Debug-iphonesimulator -L/Users/runner/Library/Developer/Xcode/DerivedData/SparklingGo-gaxngdfqfnurlideafnykwrjqgdj/Build/Products/Debug-iphonesimulator/libwebp -F/Users/runner/Library/Developer/Xcode/DerivedData/SparklingGo-gaxngdfqfnurlideafnykwrjqgdj/Build/Intermediates.noindex/EagerLinkingTBDs/Debug-iphonesimulator -F/Users/runner/Library/Developer/Xcode/DerivedData/SparklingGo-gaxngdfqfnurlideafnykwrjqgdj/Build/Products/Debug-iphonesimulator/libwebp -filelist /Users/runner/Library/Developer/Xcode/DerivedData/SparklingGo-gaxngdfqfnurlideafnykwrjqgdj/Build/Intermediates.noindex/libwebp.build/Debug-iphonesimulator/libwebp.build/Objects-normal/x86_64/libwebp.LinkFileList -install_name @rpath/libwebp.framework/libwebp -Xlinker -rpath -Xlinker @executable_path/Frameworks -Xlinker -rpath -Xlinker @loader_path/Frameworks -Xlinker -dead_strip -Xlinker -object_path_lto -Xlinker /Users/runner/Library/Developer/Xcode/DerivedData/SparklingGo-gaxngdfqfnurlideafnykwrjqgdj/Build/Intermediates.noindex/libwebp.build/Debug-iphonesimulator/libwebp.build/Objects-normal/x86_64/libwebp_lto.o -rdynamic -Xlinker -no_deduplicate -Xlinker -objc_abi_version -Xlinker 2 -Xlinker -debug_variant -Xlinker -dependency_info -Xlinker /Users/runner/Library/Developer/Xcode/DerivedData/SparklingGo-gaxngdfqfnurlideafnykwrjqgdj/Build/Intermediates.noindex/libwebp.build/Debug-iphonesimulator/libwebp.build/Objects-normal/x86_64/libwebp_dependency_info.dat -fobjc-arc -fobjc-link-runtime -fprofile-instr-generate -framework Foundation -Xlinker -no_adhoc_codesign -compatibility_version 1 -current_version 1 -o /Users/runner/Library/Developer/Xcode/DerivedData/SparklingGo-gaxngdfqfnurlideafnykwrjqgdj/Build/Intermediates.noindex/libwebp.build/Debug-iphonesimulator/libwebp.build/Objects-normal/x86_64/Binary/libwebp

Ld /Users/runner/Library/Developer/Xcode/DerivedData/SparklingGo-gaxngdfqfnurlideafnykwrjqgdj/Build/Intermediates.noindex/PrimJS.build/Debug-iphonesimulator/PrimJS.build/Objects-normal/x86_64/Binary/PrimJS normal x86_64 (in target 'PrimJS' from project 'PrimJS')
    cd /Users/runner/token-economics/lynx-benchmark/ios/Pods
    /Applications/Xcode.app/Contents/Developer/Toolchains/XcodeDefault.xctoolchain/usr/bin/clang++ -Xlinker -reproducible -target x86_64-apple-ios9.0-simulator -dynamiclib -isysroot /Applications/Xcode.app/Contents/Developer/Platforms/iPhoneSimulator.platform/Developer/SDKs/iPhoneSimulator26.5.sdk -O0 -L/Users/runner/Library/Developer/Xcode/DerivedData/SparklingGo-gaxngdfqfnurlideafnykwrjqgdj/Build/Intermediates.noindex/EagerLinkingTBDs/Debug-iphonesimulator -L/Users/runner/Library/Developer/Xcode/DerivedData/SparklingGo-gaxngdfqfnurlideafnykwrjqgdj/Build/Products/Debug-iphonesimulator/PrimJS -F/Users/runner/Library/Developer/Xcode/DerivedData/SparklingGo-gaxngdfqfnurlideafnykwrjqgdj/Build/Intermediates.noindex/EagerLinkingTBDs/Debug-iphonesimulator -F/Users/runner/Library/Developer/Xcode/DerivedData/SparklingGo-gaxngdfqfnurlideafnykwrjqgdj/Build/Products/Debug-iphonesimulator/PrimJS -filelist /Users/runner/Library/Developer/Xcode/DerivedData/SparklingGo-gaxngdfqfnurlideafnykwrjqgdj/Build/Intermediates.noindex/PrimJS.build/Debug-iphonesimulator/PrimJS.build/Objects-normal/x86_64/PrimJS.LinkFileList -install_name @rpath/PrimJS.framework/PrimJS -Xlinker -rpath -Xlinker @executable_path/Frameworks -Xlinker -rpath -Xlinker @loader_path/Frameworks -Xlinker -dead_strip -Xlinker -object_path_lto -Xlinker /Users/runner/Library/Developer/Xcode/DerivedData/SparklingGo-gaxngdfqfnurlideafnykwrjqgdj/Build/Intermediates.noindex/PrimJS.build/Debug-iphonesimulator/PrimJS.build/Objects-normal/x86_64/PrimJS_lto.o -rdynamic -Xlinker -no_deduplicate -Xlinker -objc_abi_version -Xlinker 2 -Xlinker -debug_variant -Xlinker -dependency_info -Xlinker /Users/runner/Library/Developer/Xcode/DerivedData/SparklingGo-gaxngdfqfnurlideafnykwrjqgdj/Build/Intermediates.noindex/PrimJS.build/Debug-iphonesimulator/PrimJS.build/Objects-normal/x86_64/PrimJS_dependency_info.dat -stdlib\=libc++ -fobjc-arc -fobjc-link-runtime -fprofile-instr-generate -framework JavaScriptCore -framework Foundation -framework JavaScriptCore -Xlinker -no_adhoc_codesign -compatibility_version 1 -current_version 1 -o /Users/runner/Library/Developer/Xcode/DerivedData/SparklingGo-gaxngdfqfnurlideafnykwrjqgdj/Build/Intermediates.noindex/PrimJS.build/Debug-iphonesimulator/PrimJS.build/Objects-normal/x86_64/Binary/PrimJS

Ld /Users/runner/Library/Developer/Xcode/DerivedData/SparklingGo-gaxngdfqfnurlideafnykwrjqgdj/Build/Intermediates.noindex/SnapKit.build/Debug-iphonesimulator/SnapKit.build/Objects-normal/x86_64/Binary/SnapKit normal x86_64 (in target 'SnapKit' from project 'SnapKit')
    cd /Users/runner/token-economics/lynx-benchmark/ios/Pods
    /Applications/Xcode.app/Contents/Developer/Toolchains/XcodeDefault.xctoolchain/usr/bin/clang -Xlinker -reproducible -target x86_64-apple-ios12.0-simulator -dynamiclib -isysroot /Applications/Xcode.app/Contents/Developer/Platforms/iPhoneSimulator.platform/Developer/SDKs/iPhoneSimulator26.5.sdk -O0 -L/Users/runner/Library/Developer/Xcode/DerivedData/SparklingGo-gaxngdfqfnurlideafnykwrjqgdj/Build/Intermediates.noindex/EagerLinkingTBDs/Debug-iphonesimulator -L/Users/runner/Library/Developer/Xcode/DerivedData/SparklingGo-gaxngdfqfnurlideafnykwrjqgdj/Build/Products/Debug-iphonesimulator/SnapKit -L/var/run/com.apple.security.cryptexd/mnt/com.apple.MobileAsset.MetalToolchain-v17.6.42.0.xRBJyY/Metal.xctoolchain/usr/lib/swift/iphonesimulator -L/Applications/Xcode.app/Contents/Developer/Platforms/iPhoneSimulator.platform/Developer/SDKs/iPhoneSimulator26.5.sdk/usr/lib/swift -L/Applications/Xcode.app/Contents/Developer/Platforms/iPhoneSimulator.platform/Developer/SDKs/iPhoneSimulator26.5.sdk/usr/lib/swift -F/Users/runner/Library/Developer/Xcode/DerivedData/SparklingGo-gaxngdfqfnurlideafnykwrjqgdj/Build/Intermediates.noindex/EagerLinkingTBDs/Debug-iphonesimulator -F/Users/runner/Library/Developer/Xcode/DerivedData/SparklingGo-gaxngdfqfnurlideafnykwrjqgdj/Build/Products/Debug-iphonesimulator/SnapKit -filelist /Users/runner/Library/Developer/Xcode/DerivedData/SparklingGo-gaxngdfqfnurlideafnykwrjqgdj/Build/Intermediates.noindex/SnapKit.build/Debug-iphonesimulator/SnapKit.build/Objects-normal/x86_64/SnapKit.LinkFileList -install_name @rpath/SnapKit.framework/SnapKit -Xlinker -rpath -Xlinker /usr/lib/swift -Xlinker -rpath -Xlinker @executable_path/Frameworks -Xlinker -rpath -Xlinker @loader_path/Frameworks -Xlinker -dead_strip -Xlinker -object_path_lto -Xlinker /Users/runner/Library/Developer/Xcode/DerivedData/SparklingGo-gaxngdfqfnurlideafnykwrjqgdj/Build/Intermediates.noindex/SnapKit.build/Debug-iphonesimulator/SnapKit.build/Objects-normal/x86_64/SnapKit_lto.o -rdynamic -Xlinker -no_deduplicate -Xlinker -objc_abi_version -Xlinker 2 -Xlinker -debug_variant -Xlinker -dependency_info -Xlinker /Users/runner/Library/Developer/Xcode/DerivedData/SparklingGo-gaxngdfqfnurlideafnykwrjqgdj/Build/Intermediates.noindex/SnapKit.build/Debug-iphonesimulator/SnapKit.build/Objects-normal/x86_64/SnapKit_dependency_info.dat -fobjc-arc -fobjc-link-runtime -fprofile-instr-generate -L/Applications/Xcode.app/Contents/Developer/Toolchains/XcodeDefault.xctoolchain/usr/lib/swift/iphonesimulator -L/usr/lib/swift -Xlinker -add_ast_path -Xlinker /Users/runner/Library/Developer/Xcode/DerivedData/SparklingGo-gaxngdfqfnurlideafnykwrjqgdj/Build/Intermediates.noindex/SnapKit.build/Debug-iphonesimulator/SnapKit.build/Objects-normal/x86_64/SnapKit.swiftmodule @/Users/runner/Library/Developer/Xcode/DerivedData/SparklingGo-gaxngdfqfnurlideafnykwrjqgdj/Build/Intermediates.noindex/SnapKit.build/Debug-iphonesimulator/SnapKit.build/Objects-normal/x86_64/SnapKit-linker-args.resp -lswiftCoreGraphics -framework Foundation -Xlinker -no_adhoc_codesign -compatibility_version 1 -current_version 1 -o /Users/runner/Library/Developer/Xcode/DerivedData/SparklingGo-gaxngdfqfnurlideafnykwrjqgdj/Build/Intermediates.noindex/SnapKit.build/Debug-iphonesimulator/SnapKit.build/Objects-normal/x86_64/Binary/SnapKit
/Users/runner/token-economics/lynx-benchmark/ios/Pods/SnapKit.xcodeproj: SnapKit: ld: warning: search path '/var/run/com.apple.security.cryptexd/mnt/com.apple.MobileAsset.MetalToolchain-v17.6.42.0.xRBJyY/Metal.xctoolchain/usr/lib/swift/iphonesimulator' not found

CreateUniversalBinary /Users/runner/Library/Developer/Xcode/DerivedData/SparklingGo-gaxngdfqfnurlideafnykwrjqgdj/Build/Products/Debug-iphonesimulator/SocketRocket/SocketRocket.framework/SocketRocket normal arm64\ x86_64 (in target 'SocketRocket' from project 'SocketRocket')
    cd /Users/runner/token-economics/lynx-benchmark/ios/Pods
    /Applications/Xcode.app/Contents/Developer/Toolchains/XcodeDefault.xctoolchain/usr/bin/lipo -create /Users/runner/Library/Developer/Xcode/DerivedData/SparklingGo-gaxngdfqfnurlideafnykwrjqgdj/Build/Intermediates.noindex/SocketRocket.build/Debug-iphonesimulator/SocketRocket.build/Objects-normal/arm64/Binary/SocketRocket /Users/runner/Library/Developer/Xcode/DerivedData/SparklingGo-gaxngdfqfnurlideafnykwrjqgdj/Build/Intermediates.noindex/SocketRocket.build/Debug-iphonesimulator/SocketRocket.build/Objects-normal/x86_64/Binary/SocketRocket -output /Users/runner/Library/Developer/Xcode/DerivedData/SparklingGo-gaxngdfqfnurlideafnykwrjqgdj/Build/Products/Debug-iphonesimulator/SocketRocket/SocketRocket.framework/SocketRocket

GenerateTAPI /Users/runner/Library/Developer/Xcode/DerivedData/SparklingGo-gaxngdfqfnurlideafnykwrjqgdj/Build/Intermediates.noindex/EagerLinkingTBDs/Debug-iphonesimulator/SocketRocket.framework/SocketRocket.tbd (in target 'SocketRocket' from project 'SocketRocket')
    cd /Users/runner/token-economics/lynx-benchmark/ios/Pods
    /Applications/Xcode.app/Contents/Developer/Toolchains/XcodeDefault.xctoolchain/usr/bin/tapi stubify -isysroot /Applications/Xcode.app/Contents/Developer/Platforms/iPhoneSimulator.platform/Developer/SDKs/iPhoneSimulator26.5.sdk -F/Users/runner/Library/Developer/Xcode/DerivedData/SparklingGo-gaxngdfqfnurlideafnykwrjqgdj/Build/Products/Debug-iphonesimulator/SocketRocket -L/Users/runner/Library/Developer/Xcode/DerivedData/SparklingGo-gaxngdfqfnurlideafnykwrjqgdj/Build/Products/Debug-iphonesimulator/SocketRocket /Users/runner/Library/Developer/Xcode/DerivedData/SparklingGo-gaxngdfqfnurlideafnykwrjqgdj/Build/Products/Debug-iphonesimulator/SocketRocket/SocketRocket.framework/SocketRocket -o /Users/runner/Library/Developer/Xcode/DerivedData/SparklingGo-gaxngdfqfnurlideafnykwrjqgdj/Build/Intermediates.noindex/EagerLinkingTBDs/Debug-iphonesimulator/SocketRocket.framework/SocketRocket.tbd

CreateUniversalBinary /Users/runner/Library/Developer/Xcode/DerivedData/SparklingGo-gaxngdfqfnurlideafnykwrjqgdj/Build/Products/Debug-iphonesimulator/SDWebImage/SDWebImage.framework/SDWebImage normal arm64\ x86_64 (in target 'SDWebImage' from project 'SDWebImage')
    cd /Users/runner/token-economics/lynx-benchmark/ios/Pods
    /Applications/Xcode.app/Contents/Developer/Toolchains/XcodeDefault.xctoolchain/usr/bin/lipo -create /Users/runner/Library/Developer/Xcode/DerivedData/SparklingGo-gaxngdfqfnurlideafnykwrjqgdj/Build/Intermediates.noindex/SDWebImage.build/Debug-iphonesimulator/SDWebImage.build/Objects-normal/arm64/Binary/SDWebImage /Users/runner/Library/Developer/Xcode/DerivedData/SparklingGo-gaxngdfqfnurlideafnykwrjqgdj/Build/Intermediates.noindex/SDWebImage.build/Debug-iphonesimulator/SDWebImage.build/Objects-normal/x86_64/Binary/SDWebImage -output /Users/runner/Library/Developer/Xcode/DerivedData/SparklingGo-gaxngdfqfnurlideafnykwrjqgdj/Build/Products/Debug-iphonesimulator/SDWebImage/SDWebImage.framework/SDWebImage

CodeSign /Users/runner/Library/Developer/Xcode/DerivedData/SparklingGo-gaxngdfqfnurlideafnykwrjqgdj/Build/Products/Debug-iphonesimulator/SocketRocket/SocketRocket.framework (in target 'SocketRocket' from project 'SocketRocket')
    cd /Users/runner/token-economics/lynx-benchmark/ios/Pods
    
    Signing Identity:     "Sign to Run Locally"
    
    /usr/bin/codesign --force --sign - --timestamp\=none --generate-entitlement-der /Users/runner/Library/Developer/Xcode/DerivedData/SparklingGo-gaxngdfqfnurlideafnykwrjqgdj/Build/Products/Debug-iphonesimulator/SocketRocket/SocketRocket.framework

CreateUniversalBinary /Users/runner/Library/Developer/Xcode/DerivedData/SparklingGo-gaxngdfqfnurlideafnykwrjqgdj/Build/Products/Debug-iphonesimulator/LynxServiceAPI/LynxServiceAPI.framework/LynxServiceAPI normal arm64\ x86_64 (in target 'LynxServiceAPI' from project 'LynxServiceAPI')
    cd /Users/runner/token-economics/lynx-benchmark/ios/Pods
    /Applications/Xcode.app/Contents/Developer/Toolchains/XcodeDefault.xctoolchain/usr/bin/lipo -create /Users/runner/Library/Developer/Xcode/DerivedData/SparklingGo-gaxngdfqfnurlideafnykwrjqgdj/Build/Intermediates.noindex/LynxServiceAPI.build/Debug-iphonesimulator/LynxServiceAPI.build/Objects-normal/arm64/Binary/LynxServiceAPI /Users/runner/Library/Developer/Xcode/DerivedData/SparklingGo-gaxngdfqfnurlideafnykwrjqgdj/Build/Intermediates.noindex/LynxServiceAPI.build/Debug-iphonesimulator/LynxServiceAPI.build/Objects-normal/x86_64/Binary/LynxServiceAPI -output /Users/runner/Library/Developer/Xcode/DerivedData/SparklingGo-gaxngdfqfnurlideafnykwrjqgdj/Build/Products/Debug-iphonesimulator/LynxServiceAPI/LynxServiceAPI.framework/LynxServiceAPI

GenerateTAPI /Users/runner/Library/Developer/Xcode/DerivedData/SparklingGo-gaxngdfqfnurlideafnykwrjqgdj/Build/Intermediates.noindex/EagerLinkingTBDs/Debug-iphonesimulator/LynxServiceAPI.framework/LynxServiceAPI.tbd (in target 'LynxServiceAPI' from project 'LynxServiceAPI')
    cd /Users/runner/token-economics/lynx-benchmark/ios/Pods
    /Applications/Xcode.app/Contents/Developer/Toolchains/XcodeDefault.xctoolchain/usr/bin/tapi stubify -isysroot /Applications/Xcode.app/Contents/Developer/Platforms/iPhoneSimulator.platform/Developer/SDKs/iPhoneSimulator26.5.sdk -F/Users/runner/Library/Developer/Xcode/DerivedData/SparklingGo-gaxngdfqfnurlideafnykwrjqgdj/Build/Products/Debug-iphonesimulator/LynxServiceAPI -L/Users/runner/Library/Developer/Xcode/DerivedData/SparklingGo-gaxngdfqfnurlideafnykwrjqgdj/Build/Products/Debug-iphonesimulator/LynxServiceAPI /Users/runner/Library/Developer/Xcode/DerivedData/SparklingGo-gaxngdfqfnurlideafnykwrjqgdj/Build/Products/Debug-iphonesimulator/LynxServiceAPI/LynxServiceAPI.framework/LynxServiceAPI -o /Users/runner/Library/Developer/Xcode/DerivedData/SparklingGo-gaxngdfqfnurlideafnykwrjqgdj/Build/Intermediates.noindex/EagerLinkingTBDs/Debug-iphonesimulator/LynxServiceAPI.framework/LynxServiceAPI.tbd

GenerateTAPI /Users/runner/Library/Developer/Xcode/DerivedData/SparklingGo-gaxngdfqfnurlideafnykwrjqgdj/Build/Intermediates.noindex/EagerLinkingTBDs/Debug-iphonesimulator/SDWebImage.framework/SDWebImage.tbd (in target 'SDWebImage' from project 'SDWebImage')
    cd /Users/runner/token-economics/lynx-benchmark/ios/Pods
    /Applications/Xcode.app/Contents/Developer/Toolchains/XcodeDefault.xctoolchain/usr/bin/tapi stubify -isysroot /Applications/Xcode.app/Contents/Developer/Platforms/iPhoneSimulator.platform/Developer/SDKs/iPhoneSimulator26.5.sdk -F/Users/runner/Library/Developer/Xcode/DerivedData/SparklingGo-gaxngdfqfnurlideafnykwrjqgdj/Build/Products/Debug-iphonesimulator/SDWebImage -L/Users/runner/Library/Developer/Xcode/DerivedData/SparklingGo-gaxngdfqfnurlideafnykwrjqgdj/Build/Products/Debug-iphonesimulator/SDWebImage /Users/runner/Library/Developer/Xcode/DerivedData/SparklingGo-gaxngdfqfnurlideafnykwrjqgdj/Build/Products/Debug-iphonesimulator/SDWebImage/SDWebImage.framework/SDWebImage -o /Users/runner/Library/Developer/Xcode/DerivedData/SparklingGo-gaxngdfqfnurlideafnykwrjqgdj/Build/Intermediates.noindex/EagerLinkingTBDs/Debug-iphonesimulator/SDWebImage.framework/SDWebImage.tbd

CreateUniversalBinary /Users/runner/Library/Developer/Xcode/DerivedData/SparklingGo-gaxngdfqfnurlideafnykwrjqgdj/Build/Products/Debug-iphonesimulator/Mantle/Mantle.framework/Mantle normal arm64\ x86_64 (in target 'Mantle' from project 'Mantle')
    cd /Users/runner/token-economics/lynx-benchmark/ios/Pods
    /Applications/Xcode.app/Contents/Developer/Toolchains/XcodeDefault.xctoolchain/usr/bin/lipo -create /Users/runner/Library/Developer/Xcode/DerivedData/SparklingGo-gaxngdfqfnurlideafnykwrjqgdj/Build/Intermediates.noindex/Mantle.build/Debug-iphonesimulator/Mantle.build/Objects-normal/arm64/Binary/Mantle /Users/runner/Library/Developer/Xcode/DerivedData/SparklingGo-gaxngdfqfnurlideafnykwrjqgdj/Build/Intermediates.noindex/Mantle.build/Debug-iphonesimulator/Mantle.build/Objects-normal/x86_64/Binary/Mantle -output /Users/runner/Library/Developer/Xcode/DerivedData/SparklingGo-gaxngdfqfnurlideafnykwrjqgdj/Build/Products/Debug-iphonesimulator/Mantle/Mantle.framework/Mantle

CodeSign /Users/runner/Library/Developer/Xcode/DerivedData/SparklingGo-gaxngdfqfnurlideafnykwrjqgdj/Build/Products/Debug-iphonesimulator/LynxServiceAPI/LynxServiceAPI.framework (in target 'LynxServiceAPI' from project 'LynxServiceAPI')
    cd /Users/runner/token-economics/lynx-benchmark/ios/Pods
    
    Signing Identity:     "Sign to Run Locally"
    
    /usr/bin/codesign --force --sign - --timestamp\=none --generate-entitlement-der /Users/runner/Library/Developer/Xcode/DerivedData/SparklingGo-gaxngdfqfnurlideafnykwrjqgdj/Build/Products/Debug-iphonesimulator/LynxServiceAPI/LynxServiceAPI.framework

CodeSign /Users/runner/Library/Developer/Xcode/DerivedData/SparklingGo-gaxngdfqfnurlideafnykwrjqgdj/Build/Products/Debug-iphonesimulator/SDWebImage/SDWebImage.framework (in target 'SDWebImage' from project 'SDWebImage')
    cd /Users/runner/token-economics/lynx-benchmark/ios/Pods
    
    Signing Identity:     "Sign to Run Locally"
    
    /usr/bin/codesign --force --sign - --timestamp\=none --generate-entitlement-der /Users/runner/Library/Developer/Xcode/DerivedData/SparklingGo-gaxngdfqfnurlideafnykwrjqgdj/Build/Products/Debug-iphonesimulator/SDWebImage/SDWebImage.framework

GenerateTAPI /Users/runner/Library/Developer/Xcode/DerivedData/SparklingGo-gaxngdfqfnurlideafnykwrjqgdj/Build/Intermediates.noindex/EagerLinkingTBDs/Debug-iphonesimulator/Mantle.framework/Mantle.tbd (in target 'Mantle' from project 'Mantle')
    cd /Users/runner/token-economics/lynx-benchmark/ios/Pods
    /Applications/Xcode.app/Contents/Developer/Toolchains/XcodeDefault.xctoolchain/usr/bin/tapi stubify -isysroot /Applications/Xcode.app/Contents/Developer/Platforms/iPhoneSimulator.platform/Developer/SDKs/iPhoneSimulator26.5.sdk -F/Users/runner/Library/Developer/Xcode/DerivedData/SparklingGo-gaxngdfqfnurlideafnykwrjqgdj/Build/Products/Debug-iphonesimulator/Mantle -L/Users/runner/Library/Developer/Xcode/DerivedData/SparklingGo-gaxngdfqfnurlideafnykwrjqgdj/Build/Products/Debug-iphonesimulator/Mantle /Users/runner/Library/Developer/Xcode/DerivedData/SparklingGo-gaxngdfqfnurlideafnykwrjqgdj/Build/Products/Debug-iphonesimulator/Mantle/Mantle.framework/Mantle -o /Users/runner/Library/Developer/Xcode/DerivedData/SparklingGo-gaxngdfqfnurlideafnykwrjqgdj/Build/Intermediates.noindex/EagerLinkingTBDs/Debug-iphonesimulator/Mantle.framework/Mantle.tbd

CodeSign /Users/runner/Library/Developer/Xcode/DerivedData/SparklingGo-gaxngdfqfnurlideafnykwrjqgdj/Build/Products/Debug-iphonesimulator/Mantle/Mantle.framework (in target 'Mantle' from project 'Mantle')
    cd /Users/runner/token-economics/lynx-benchmark/ios/Pods
    
    Signing Identity:     "Sign to Run Locally"
    
    /usr/bin/codesign --force --sign - --timestamp\=none --generate-entitlement-der /Users/runner/Library/Developer/Xcode/DerivedData/SparklingGo-gaxngdfqfnurlideafnykwrjqgdj/Build/Products/Debug-iphonesimulator/Mantle/Mantle.framework

CreateUniversalBinary /Users/runner/Library/Developer/Xcode/DerivedData/SparklingGo-gaxngdfqfnurlideafnykwrjqgdj/Build/Products/Debug-iphonesimulator/libwebp/libwebp.framework/libwebp normal arm64\ x86_64 (in target 'libwebp' from project 'libwebp')
    cd /Users/runner/token-economics/lynx-benchmark/ios/Pods
    /Applications/Xcode.app/Contents/Developer/Toolchains/XcodeDefault.xctoolchain/usr/bin/lipo -create /Users/runner/Library/Developer/Xcode/DerivedData/SparklingGo-gaxngdfqfnurlideafnykwrjqgdj/Build/Intermediates.noindex/libwebp.build/Debug-iphonesimulator/libwebp.build/Objects-normal/arm64/Binary/libwebp /Users/runner/Library/Developer/Xcode/DerivedData/SparklingGo-gaxngdfqfnurlideafnykwrjqgdj/Build/Intermediates.noindex/libwebp.build/Debug-iphonesimulator/libwebp.build/Objects-normal/x86_64/Binary/libwebp -output /Users/runner/Library/Developer/Xcode/DerivedData/SparklingGo-gaxngdfqfnurlideafnykwrjqgdj/Build/Products/Debug-iphonesimulator/libwebp/libwebp.framework/libwebp

ProcessInfoPlistFile /Users/runner/Library/Developer/Xcode/DerivedData/SparklingGo-gaxngdfqfnurlideafnykwrjqgdj/Build/Products/Debug-iphonesimulator/LynxBase/LynxBase.framework/Info.plist /Users/runner/token-economics/lynx-benchmark/ios/Pods/Target\ Support\ Files/LynxBase/LynxBase-Info.plist (in target 'LynxBase' from project 'LynxBase')
    cd /Users/runner/token-economics/lynx-benchmark/ios/Pods
    builtin-infoPlistUtility /Users/runner/token-economics/lynx-benchmark/ios/Pods/Target\ Support\ Files/LynxBase/LynxBase-Info.plist -producttype com.apple.product-type.framework -expandbuildsettings -format binary -platform iphonesimulator -o /Users/runner/Library/Developer/Xcode/DerivedData/SparklingGo-gaxngdfqfnurlideafnykwrjqgdj/Build/Products/Debug-iphonesimulator/LynxBase/LynxBase.framework/Info.plist

CreateUniversalBinary /Users/runner/Library/Developer/Xcode/DerivedData/SparklingGo-gaxngdfqfnurlideafnykwrjqgdj/Build/Products/Debug-iphonesimulator/DebugRouter/DebugRouter.framework/DebugRouter normal arm64\ x86_64 (in target 'DebugRouter' from project 'DebugRouter')
    cd /Users/runner/token-economics/lynx-benchmark/ios/Pods
    /Applications/Xcode.app/Contents/Developer/Toolchains/XcodeDefault.xctoolchain/usr/bin/lipo -create /Users/runner/Library/Developer/Xcode/DerivedData/SparklingGo-gaxngdfqfnurlideafnykwrjqgdj/Build/Intermediates.noindex/DebugRouter.build/Debug-iphonesimulator/DebugRouter.build/Objects-normal/arm64/Binary/DebugRouter /Users/runner/Library/Developer/Xcode/DerivedData/SparklingGo-gaxngdfqfnurlideafnykwrjqgdj/Build/Intermediates.noindex/DebugRouter.build/Debug-iphonesimulator/DebugRouter.build/Objects-normal/x86_64/Binary/DebugRouter -output /Users/runner/Library/Developer/Xcode/DerivedData/SparklingGo-gaxngdfqfnurlideafnykwrjqgdj/Build/Products/Debug-iphonesimulator/DebugRouter/DebugRouter.framework/DebugRouter

Ld /Users/runner/Library/Developer/Xcode/DerivedData/SparklingGo-gaxngdfqfnurlideafnykwrjqgdj/Build/Intermediates.noindex/LynxBase.build/Debug-iphonesimulator/LynxBase.build/Objects-normal/arm64/Binary/LynxBase normal arm64 (in target 'LynxBase' from project 'LynxBase')
    cd /Users/runner/token-economics/lynx-benchmark/ios/Pods
    /Applications/Xcode.app/Contents/Developer/Toolchains/XcodeDefault.xctoolchain/usr/bin/clang++ -Xlinker -reproducible -target arm64-apple-ios10.0-simulator -dynamiclib -isysroot /Applications/Xcode.app/Contents/Developer/Platforms/iPhoneSimulator.platform/Developer/SDKs/iPhoneSimulator26.5.sdk -O0 -L/Users/runner/Library/Developer/Xcode/DerivedData/SparklingGo-gaxngdfqfnurlideafnykwrjqgdj/Build/Intermediates.noindex/EagerLinkingTBDs/Debug-iphonesimulator -L/Users/runner/Library/Developer/Xcode/DerivedData/SparklingGo-gaxngdfqfnurlideafnykwrjqgdj/Build/Products/Debug-iphonesimulator/LynxBase -F/Users/runner/Library/Developer/Xcode/DerivedData/SparklingGo-gaxngdfqfnurlideafnykwrjqgdj/Build/Intermediates.noindex/EagerLinkingTBDs/Debug-iphonesimulator -F/Users/runner/Library/Developer/Xcode/DerivedData/SparklingGo-gaxngdfqfnurlideafnykwrjqgdj/Build/Products/Debug-iphonesimulator/LynxBase -F/Users/runner/Library/Developer/Xcode/DerivedData/SparklingGo-gaxngdfqfnurlideafnykwrjqgdj/Build/Products/Debug-iphonesimulator/LynxServiceAPI -filelist /Users/runner/Library/Developer/Xcode/DerivedData/SparklingGo-gaxngdfqfnurlideafnykwrjqgdj/Build/Intermediates.noindex/LynxBase.build/Debug-iphonesimulator/LynxBase.build/Objects-normal/arm64/LynxBase.LinkFileList -install_name @rpath/LynxBase.framework/LynxBase -Xlinker -rpath -Xlinker @executable_path/Frameworks -Xlinker -rpath -Xlinker @loader_path/Frameworks -Xlinker -dead_strip -Xlinker -object_path_lto -Xlinker /Users/runner/Library/Developer/Xcode/DerivedData/SparklingGo-gaxngdfqfnurlideafnykwrjqgdj/Build/Intermediates.noindex/LynxBase.build/Debug-iphonesimulator/LynxBase.build/Objects-normal/arm64/LynxBase_lto.o -rdynamic -Xlinker -no_deduplicate -Xlinker -objc_abi_version -Xlinker 2 -Xlinker -debug_variant -Xlinker -dependency_info -Xlinker /Users/runner/Library/Developer/Xcode/DerivedData/SparklingGo-gaxngdfqfnurlideafnykwrjqgdj/Build/Intermediates.noindex/LynxBase.build/Debug-iphonesimulator/LynxBase.build/Objects-normal/arm64/LynxBase_dependency_info.dat -stdlib\=libc++ -fobjc-arc -fobjc-link-runtime -fprofile-instr-generate -lstdc++ -framework LynxServiceAPI -framework Foundation -Xlinker -no_adhoc_codesign -compatibility_version 1 -current_version 1 -o /Users/runner/Library/Developer/Xcode/DerivedData/SparklingGo-gaxngdfqfnurlideafnykwrjqgdj/Build/Intermediates.noindex/LynxBase.build/Debug-iphonesimulator/LynxBase.build/Objects-normal/arm64/Binary/LynxBase
/Users/runner/token-economics/lynx-benchmark/ios/Pods/LynxBase.xcodeproj: LynxBase: ld: warning: ignoring duplicate libraries: '-lc++'

GenerateTAPI /Users/runner/Library/Developer/Xcode/DerivedData/SparklingGo-gaxngdfqfnurlideafnykwrjqgdj/Build/Intermediates.noindex/EagerLinkingTBDs/Debug-iphonesimulator/libwebp.framework/libwebp.tbd (in target 'libwebp' from project 'libwebp')
    cd /Users/runner/token-economics/lynx-benchmark/ios/Pods
    /Applications/Xcode.app/Contents/Developer/Toolchains/XcodeDefault.xctoolchain/usr/bin/tapi stubify -isysroot /Applications/Xcode.app/Contents/Developer/Platforms/iPhoneSimulator.platform/Developer/SDKs/iPhoneSimulator26.5.sdk -F/Users/runner/Library/Developer/Xcode/DerivedData/SparklingGo-gaxngdfqfnurlideafnykwrjqgdj/Build/Products/Debug-iphonesimulator/libwebp -L/Users/runner/Library/Developer/Xcode/DerivedData/SparklingGo-gaxngdfqfnurlideafnykwrjqgdj/Build/Products/Debug-iphonesimulator/libwebp /Users/runner/Library/Developer/Xcode/DerivedData/SparklingGo-gaxngdfqfnurlideafnykwrjqgdj/Build/Products/Debug-iphonesimulator/libwebp/libwebp.framework/libwebp -o /Users/runner/Library/Developer/Xcode/DerivedData/SparklingGo-gaxngdfqfnurlideafnykwrjqgdj/Build/Intermediates.noindex/EagerLinkingTBDs/Debug-iphonesimulator/libwebp.framework/libwebp.tbd

PhaseScriptExecution Create\ Symlinks\ to\ Header\ Folders /Users/runner/Library/Developer/Xcode/DerivedData/SparklingGo-gaxngdfqfnurlideafnykwrjqgdj/Build/Intermediates.noindex/DebugRouter.build/Debug-iphonesimulator/DebugRouter.build/Script-C4DC75C114FFD4218AD68271A5204338.sh (in target 'DebugRouter' from project 'DebugRouter')
    cd /Users/runner/token-economics/lynx-benchmark/ios/Pods
    export ACTION\=build
    export AD_HOC_CODE_SIGNING_ALLOWED\=YES
    export ALLOW_BUILD_REQUEST_OVERRIDES\=NO
    export ALLOW_TARGET_PLATFORM_SPECIALIZATION\=NO
    export ALTERNATE_GROUP\=staff
    export ALTERNATE_MODE\=u+w,go-w,a+rX
    export ALTERNATE_OWNER\=runner
    export ALTERNATIVE_DISTRIBUTION_WEB\=NO
    export ALWAYS_EMBED_SWIFT_STANDARD_LIBRARIES\=NO
    export ALWAYS_SEARCH_USER_PATHS\=NO
    export ALWAYS_USE_SEPARATE_HEADERMAPS\=NO
    export ANDROID_DEPLOYMENT_TARGET\=21.0
    export APPLICATION_EXTENSION_API_ONLY\=NO
    export APPLY_RULES_IN_COPY_FILES\=NO
    export APPLY_RULES_IN_COPY_HEADERS\=NO
    export APP_SHORTCUTS_ENABLE_FLEXIBLE_MATCHING\=YES
    export ARCHS\=arm64\ x86_64
    export ARCHS_BASE\=arm64\ x86_64
    export ARCHS_STANDARD\=arm64\ x86_64
    export ARCHS_STANDARD_32_64_BIT\=arm64\ x86_64
    export ARCHS_STANDARD_64_BIT\=arm64\ x86_64
    export ARCHS_STANDARD_INCLUDING_64_BIT\=arm64\ x86_64
    export ARCHS_UNIVERSAL_IPHONE_OS\=arm64\ x86_64
    export AUTOMATICALLY_MERGE_DEPENDENCIES\=NO
    export AUTOMATION_APPLE_EVENTS\=NO
    export AVAILABLE_PLATFORMS\=android\ appletvos\ appletvsimulator\ driverkit\ freebsd\ iphoneos\ iphonesimulator\ linux\ macosx\ none\ openbsd\ qnx\ watchos\ watchsimulator\ webassembly\ xros\ xrsimulator
    export AppIdentifierPrefix\=U56623MFCT.
    export BUILD_ACTIVE_RESOURCES_ONLY\=NO
    export BUILD_COMPONENTS\=headers\ build
    export BUILD_DIR\=/Users/runner/Library/Developer/Xcode/DerivedData/SparklingGo-gaxngdfqfnurlideafnykwrjqgdj/Build/Products
    export BUILD_LIBRARY_FOR_DISTRIBUTION\=NO
    export BUILD_ONLY_KNOWN_LOCALIZATIONS\=NO
    export BUILD_ROOT\=/Users/runner/Library/Developer/Xcode/DerivedData/SparklingGo-gaxngdfqfnurlideafnykwrjqgdj/Build/Products
    export BUILD_STYLE\=
    export BUILD_VARIANTS\=normal
    export BUILT_PRODUCTS_DIR\=/Users/runner/Library/Developer/Xcode/DerivedData/SparklingGo-gaxngdfqfnurlideafnykwrjqgdj/Build/Products/Debug-iphonesimulator/DebugRouter
    export BUNDLE_CONTENTS_FOLDER_PATH_deep\=Contents/
    export BUNDLE_EXECUTABLE_FOLDER_NAME_deep\=MacOS
    export BUNDLE_EXTENSIONS_FOLDER_PATH\=Extensions
    export BUNDLE_FORMAT\=shallow
    export BUNDLE_FRAMEWORKS_FOLDER_PATH\=Frameworks
    export BUNDLE_PLUGINS_FOLDER_PATH\=PlugIns
    export BUNDLE_PRIVATE_HEADERS_FOLDER_PATH\=PrivateHeaders
    export BUNDLE_PUBLIC_HEADERS_FOLDER_PATH\=Headers
    export CACHE_ROOT\=/var/folders/0s/pcxnlsz53zg7d8gv5w4wk2qc0000gn/C/com.apple.DeveloperTools/26.5-17F42/Xcode
    export CCHROOT\=/var/folders/0s/pcxnlsz53zg7d8gv5w4wk2qc0000gn/C/com.apple.DeveloperTools/26.5-17F42/Xcode
    export CHMOD\=/bin/chmod
    export CHOWN\=chown
    export CLANG_ANALYZER_LOCALIZABILITY_NONLOCALIZED\=YES
    export CLANG_ANALYZER_NONNULL\=YES
    export CLANG_ANALYZER_NUMBER_OBJECT_CONVERSION\=YES_AGGRESSIVE
    export CLANG_CACHE_FINE_GRAINED_OUTPUTS\=YES
    export CLANG_COVERAGE_MAPPING\=YES
    export CLANG_CXX_LANGUAGE_STANDARD\=gnu++17
    export CLANG_CXX_LIBRARY\=libc++
    export CLANG_ENABLE_EXPLICIT_MODULES\=YES
    export CLANG_ENABLE_MODULES\=YES
    export CLANG_ENABLE_OBJC_ARC\=YES
    export CLANG_ENABLE_OBJC_WEAK\=NO
    export CLANG_MODULES_BUILD_SESSION_FILE\=/Users/runner/Library/Developer/Xcode/DerivedData/ModuleCache.noindex/Session.modulevalidation
    export CLANG_PROFILE_DATA_DIRECTORY\=/Users/runner/Library/Developer/Xcode/DerivedData/SparklingGo-gaxngdfqfnurlideafnykwrjqgdj/Build/ProfileData
    export CLANG_WARN_BLOCK_CAPTURE_AUTORELEASING\=YES
    export CLANG_WARN_BOOL_CONVERSION\=YES
    export CLANG_WARN_COMMA\=YES
    export CLANG_WARN_CONSTANT_CONVERSION\=YES
    export CLANG_WARN_DEPRECATED_OBJC_IMPLEMENTATIONS\=YES
    export CLANG_WARN_DIRECT_OBJC_ISA_USAGE\=YES_ERROR
    export CLANG_WARN_DOCUMENTATION_COMMENTS\=YES
    export CLANG_WARN_EMPTY_BODY\=YES
    export CLANG_WARN_ENUM_CONVERSION\=YES
    export CLANG_WARN_INFINITE_RECURSION\=YES
    export CLANG_WARN_INT_CONVERSION\=YES
    export CLANG_WARN_NON_LITERAL_NULL_CONVERSION\=YES
    export CLANG_WARN_OBJC_IMPLICIT_RETAIN_SELF\=YES
    export CLANG_WARN_OBJC_LITERAL_CONVERSION\=YES
    export CLANG_WARN_OBJC_ROOT_CLASS\=YES_ERROR
    export CLANG_WARN_QUOTED_INCLUDE_IN_FRAMEWORK_HEADER\=NO
    export CLANG_WARN_RANGE_LOOP_ANALYSIS\=YES
    export CLANG_WARN_STRICT_PROTOTYPES\=YES
    export CLANG_WARN_SUSPICIOUS_MOVE\=YES
    export CLANG_WARN_UNGUARDED_AVAILABILITY\=YES_AGGRESSIVE
    export CLANG_WARN_UNREACHABLE_CODE\=YES
    export CLANG_WARN__DUPLICATE_METHOD_MATCH\=YES
    export CLASS_FILE_DIR\=/Users/runner/Library/Developer/Xcode/DerivedData/SparklingGo-gaxngdfqfnurlideafnykwrjqgdj/Build/Intermediates.noindex/DebugRouter.build/Debug-iphonesimulator/DebugRouter.build/JavaClasses
    export CLEAN_PRECOMPS\=YES
    export CLONE_HEADERS\=NO
    export CODESIGNING_FOLDER_PATH\=/Users/runner/Library/Developer/Xcode/DerivedData/SparklingGo-gaxngdfqfnurlideafnykwrjqgdj/Build/Products/Debug-iphonesimulator/DebugRouter/DebugRouter.framework
    export CODE_SIGNING_ALLOWED\=YES
    export CODE_SIGNING_REQUIRED\=NO
    export CODE_SIGNING_REQUIRES_TEAM\=YES
    export CODE_SIGN_CONTEXT_CLASS\=XCiPhoneSimulatorCodeSignContext
    export CODE_SIGN_IDENTITY\=-
    export CODE_SIGN_INJECT_BASE_ENTITLEMENTS\=YES
    export COLOR_DIAGNOSTICS\=NO
    export COMBINE_HIDPI_IMAGES\=NO
    export COMPILATION_CACHE_CAS_PATH\=/Users/runner/Library/Developer/Xcode/DerivedData/CompilationCache.noindex
    export COMPILATION_CACHE_KEEP_CAS_DIRECTORY\=YES
    export COMPILER_INDEX_STORE_ENABLE\=Default
    export COMPOSITE_SDK_DIRS\=/Users/runner/Library/Developer/Xcode/DerivedData/SparklingGo-gaxngdfqfnurlideafnykwrjqgdj/Build/Intermediates.noindex/CompositeSDKs
    export COMPRESS_PNG_FILES\=YES
    export CONFIGURATION\=Debug
    export CONFIGURATION_BUILD_DIR\=/Users/runner/Library/Developer/Xcode/DerivedData/SparklingGo-gaxngdfqfnurlideafnykwrjqgdj/Build/Products/Debug-iphonesimulator/DebugRouter
    export CONFIGURATION_TEMP_DIR\=/Users/runner/Library/Developer/Xcode/DerivedData/SparklingGo-gaxngdfqfnurlideafnykwrjqgdj/Build/Intermediates.noindex/DebugRouter.build/Debug-iphonesimulator
    export CONTENTS_FOLDER_PATH\=DebugRouter.framework
    export CONTENTS_FOLDER_PATH_SHALLOW_BUNDLE_NO\=DebugRouter.framework/A
    export CONTENTS_FOLDER_PATH_SHALLOW_BUNDLE_YES\=DebugRouter.framework
    export COPYING_PRESERVES_HFS_DATA\=NO
    export COPY_HEADERS_RUN_UNIFDEF\=NO
    export COPY_PHASE_STRIP\=NO
    export CORRESPONDING_DEVICE_PLATFORM_DIR\=/Applications/Xcode.app/Contents/Developer/Platforms/iPhoneOS.platform
    export CORRESPONDING_DEVICE_PLATFORM_NAME\=iphoneos
    export CORRESPONDING_DEVICE_SDK_DIR\=/Applications/Xcode.app/Contents/Developer/Platforms/iPhoneOS.platform/Developer/SDKs/iPhoneOS26.5.sdk
    export CORRESPONDING_DEVICE_SDK_NAME\=iphoneos26.5
    export CP\=/bin/cp
    export CREATE_INFOPLIST_SECTION_IN_BINARY\=NO
    export CURRENT_ARCH\=undefined_arch
    export CURRENT_PROJECT_VERSION\=1
    export CURRENT_VARIANT\=normal
    export CURRENT_VERSION\=Current
    export DEAD_CODE_STRIPPING\=YES
    export DEBUGGING_SYMBOLS\=YES
    export DEBUG_INFORMATION_FORMAT\=dwarf
    export DEBUG_INFORMATION_VERSION\=compiler-default
    export DEFAULT_COMPILER\=com.apple.compilers.llvm.clang.1_0
    export DEFAULT_DEXT_INSTALL_PATH\=/System/Library/DriverExtensions
    export DEFAULT_KEXT_INSTALL_PATH\=/System/Library/Extensions
    export DEFINES_MODULE\=YES
    export DEPLOYMENT_LOCATION\=NO
    export DEPLOYMENT_POSTPROCESSING\=NO
    export DEPLOYMENT_TARGET_SETTING_NAME\=IPHONEOS_DEPLOYMENT_TARGET
    export DEPLOYMENT_TARGET_SUGGESTED_VALUES\=12.0\ 12.1\ 12.2\ 12.3\ 12.4\ 13.0\ 13.1\ 13.2\ 13.3\ 13.4\ 13.5\ 13.6\ 14.0\ 14.1\ 14.2\ 14.3\ 14.4\ 14.5\ 14.6\ 14.7\ 15.0\ 15.1\ 15.2\ 15.3\ 15.4\ 15.5\ 15.6\ 16.0\ 16.1\ 16.2\ 16.3\ 16.4\ 16.5\ 16.6\ 17.0\ 17.1\ 17.2\ 17.3\ 17.4\ 17.5\ 17.6\ 18.0\ 18.1\ 18.2\ 18.3\ 18.4\ 18.5\ 18.6\ 26.0\ 26.2\ 26.3\ 26.4\ 26.5
    export DERIVED_FILES_DIR\=/Users/runner/Library/Developer/Xcode/DerivedData/SparklingGo-gaxngdfqfnurlideafnykwrjqgdj/Build/Intermediates.noindex/DebugRouter.build/Debug-iphonesimulator/DebugRouter.build/DerivedSources
    export DERIVED_FILE_DIR\=/Users/runner/Library/Developer/Xcode/DerivedData/SparklingGo-gaxngdfqfnurlideafnykwrjqgdj/Build/Intermediates.noindex/DebugRouter.build/Debug-iphonesimulator/DebugRouter.build/DerivedSources
    export DERIVED_SOURCES_DIR\=/Users/runner/Library/Developer/Xcode/DerivedData/SparklingGo-gaxngdfqfnurlideafnykwrjqgdj/Build/Intermediates.noindex/DebugRouter.build/Debug-iphonesimulator/DebugRouter.build/DerivedSources
    export DEVELOPER_APPLICATIONS_DIR\=/Applications/Xcode.app/Contents/Developer/Applications
    export DEVELOPER_BIN_DIR\=/Applications/Xcode.app/Contents/Developer/usr/bin
    export DEVELOPER_DIR\=/Applications/Xcode.app/Contents/Developer
    export DEVELOPER_FRAMEWORKS_DIR\=/Applications/Xcode.app/Contents/Developer/Library/Frameworks
    export DEVELOPER_FRAMEWORKS_DIR_QUOTED\=/Applications/Xcode.app/Contents/Developer/Library/Frameworks
    export DEVELOPER_LIBRARY_DIR\=/Applications/Xcode.app/Contents/Developer/Library
    export DEVELOPER_SDK_DIR\=/Applications/Xcode.app/Contents/Developer/Platforms/MacOSX.platform/Developer/SDKs
    export DEVELOPER_TOOLS_DIR\=/Applications/Xcode.app/Contents/Developer/Tools
    export DEVELOPER_USR_DIR\=/Applications/Xcode.app/Contents/Developer/usr
    export DEVELOPMENT_LANGUAGE\=en
    export DIAGNOSE_MISSING_TARGET_DEPENDENCIES\=YES
    export DIFF\=/usr/bin/diff
    export DOCUMENTATION_FOLDER_PATH\=DebugRouter.framework/en.lproj/Documentation
    export DONT_GENERATE_INFOPLIST_FILE\=NO
    export DSTROOT\=/tmp/DebugRouter.dst
    export DT_TOOLCHAIN_DIR\=/Applications/Xcode.app/Contents/Developer/Toolchains/XcodeDefault.xctoolchain
    export DUMP_DEPENDENCIES\=NO
    export DUMP_DEPENDENCIES_OUTPUT_PATH\=/Users/runner/Library/Developer/Xcode/DerivedData/SparklingGo-gaxngdfqfnurlideafnykwrjqgdj/Build/Intermediates.noindex/DebugRouter.build/Debug-iphonesimulator/DebugRouter.build/DebugRouter-BuildDependencyInfo.json
    export DWARF_DSYM_FILE_NAME\=DebugRouter.framework.dSYM
    export DWARF_DSYM_FILE_SHOULD_ACCOMPANY_PRODUCT\=NO
    export DWARF_DSYM_FOLDER_PATH\=/Users/runner/Library/Developer/Xcode/DerivedData/SparklingGo-gaxngdfqfnurlideafnykwrjqgdj/Build/Products/Debug-iphonesimulator/DebugRouter
    export DYLIB_COMPATIBILITY_VERSION\=1
    export DYLIB_CURRENT_VERSION\=1
    export DYLIB_INSTALL_NAME_BASE\=@rpath
    export DYNAMIC_LIBRARY_EXTENSION\=dylib
    export EAGER_COMPILATION_ALLOW_SCRIPTS\=NO
    export EAGER_LINKING\=NO
    export EFFECTIVE_PLATFORM_NAME\=-iphonesimulator
    export EFFECTIVE_SWIFT_VERSION\=5
    export EMBEDDED_CONTENT_CONTAINS_SWIFT\=NO
    export EMBED_ASSET_PACKS_IN_PRODUCT_BUNDLE\=NO
    export ENABLE_APP_SANDBOX\=NO
    export ENABLE_CODE_COVERAGE\=YES
    export ENABLE_COHORT_ARCHS\=NO
    export ENABLE_CPLUSPLUS_BOUNDS_SAFE_BUFFERS\=NO
    export ENABLE_C_BOUNDS_SAFETY\=NO
    export ENABLE_DEFAULT_HEADER_SEARCH_PATHS\=YES
    export ENABLE_DEFAULT_SEARCH_PATHS\=YES
    export ENABLE_ENHANCED_SECURITY\=NO
    export ENABLE_HARDENED_RUNTIME\=NO
    export ENABLE_HEADER_DEPENDENCIES\=YES
    export ENABLE_INCOMING_NETWORK_CONNECTIONS\=NO
    export ENABLE_MODULE_VERIFIER\=NO
    export ENABLE_ON_DEMAND_RESOURCES\=NO
    export ENABLE_OUTGOING_NETWORK_CONNECTIONS\=NO
    export ENABLE_POINTER_AUTHENTICATION\=NO
    export ENABLE_PREVIEWS\=NO
    export ENABLE_RESOURCE_ACCESS_AUDIO_INPUT\=NO
    export ENABLE_RESOURCE_ACCESS_BLUETOOTH\=NO
    export ENABLE_RESOURCE_ACCESS_CALENDARS\=NO
    export ENABLE_RESOURCE_ACCESS_CAMERA\=NO
    export ENABLE_RESOURCE_ACCESS_CONTACTS\=NO
    export ENABLE_RESOURCE_ACCESS_LOCATION\=NO
    export ENABLE_RESOURCE_ACCESS_PHOTO_LIBRARY\=NO
    export ENABLE_RESOURCE_ACCESS_PRINTING\=NO
    export ENABLE_RESOURCE_ACCESS_USB\=NO
    export ENABLE_SDK_IMPORTS\=NO
    export ENABLE_SECURITY_COMPILER_WARNINGS\=NO
    export ENABLE_STRICT_OBJC_MSGSEND\=YES
    export ENABLE_TESTABILITY\=YES
    export ENABLE_TESTING_SEARCH_PATHS\=NO
    export ENABLE_USER_SCRIPT_SANDBOXING\=NO
    export ENABLE_XOJIT_PREVIEWS\=YES
    export ENFORCE_VALID_ARCHS\=YES
    export ENTITLEMENTS_DESTINATION\=__entitlements
    export ENTITLEMENTS_REQUIRED\=NO
    export EXCLUDED_INSTALLSRC_SUBDIRECTORY_PATTERNS\=.DS_Store\ .svn\ .git\ .hg\ CVS
    export EXCLUDED_RECURSIVE_SEARCH_PATH_SUBDIRECTORIES\=\*.nib\ \*.lproj\ \*.framework\ \*.gch\ \*.xcode\*\ \*.xcassets\ \*.icon\ \(\*\)\ .DS_Store\ CVS\ .svn\ .git\ .hg\ \*.pbproj\ \*.pbxproj
    export EXECUTABLES_FOLDER_PATH\=DebugRouter.framework/en.lproj
    export EXECUTABLE_FOLDER_PATH\=DebugRouter.framework
    export EXECUTABLE_FOLDER_PATH_SHALLOW_BUNDLE_NO\=DebugRouter.framework
    export EXECUTABLE_FOLDER_PATH_SHALLOW_BUNDLE_YES\=DebugRouter.framework
    export EXECUTABLE_NAME\=DebugRouter
    export EXECUTABLE_PATH\=DebugRouter.framework/DebugRouter
    export EXPANDED_CODE_SIGN_IDENTITY\=-
    export EXPANDED_CODE_SIGN_IDENTITY_NAME\=Sign\ to\ Run\ Locally
    export EXTENSIONS_FOLDER_PATH\=DebugRouter.framework/Extensions
    export FILE_LIST\=/Users/runner/Library/Developer/Xcode/DerivedData/SparklingGo-gaxngdfqfnurlideafnykwrjqgdj/Build/Intermediates.noindex/DebugRouter.build/Debug-iphonesimulator/DebugRouter.build/Objects/LinkFileList
    export FIXED_FILES_DIR\=/Users/runner/Library/Developer/Xcode/DerivedData/SparklingGo-gaxngdfqfnurlideafnykwrjqgdj/Build/Intermediates.noindex/DebugRouter.build/Debug-iphonesimulator/DebugRouter.build/FixedFiles
    export FRAMEWORKS_FOLDER_PATH\=DebugRouter.framework/Frameworks
    export FRAMEWORK_FLAG_PREFIX\=-framework
    export FRAMEWORK_SEARCH_PATHS\=/Users/runner/Library/Developer/Xcode/DerivedData/SparklingGo-gaxngdfqfnurlideafnykwrjqgdj/Build/Products/Debug-iphonesimulator/DebugRouter\ 
    export FRAMEWORK_VERSION\=A
    export FULL_PRODUCT_NAME\=DebugRouter.framework
    export FUSE_BUILD_PHASES\=YES
    export FUSE_BUILD_SCRIPT_PHASES\=NO
    export GCC3_VERSION\=3.3
    export GCC_C_LANGUAGE_STANDARD\=gnu11
    export GCC_DYNAMIC_NO_PIC\=NO
    export GCC_INLINES_ARE_PRIVATE_EXTERN\=YES
    export GCC_NO_COMMON_BLOCKS\=YES
    export GCC_OBJC_LEGACY_DISPATCH\=YES
    export GCC_OPTIMIZATION_LEVEL\=0
    export GCC_PFE_FILE_C_DIALECTS\=c\ objective-c\ c++\ objective-c++
    export GCC_PREFIX_HEADER\=Target\ Support\ Files/DebugRouter/DebugRouter-prefix.pch
    export GCC_PREPROCESSOR_DEFINITIONS\=POD_CONFIGURATION_DEBUG\=1\ DEBUG\=1\ \ COCOAPODS\=1\ OS_IOS\=1
    export GCC_TREAT_WARNINGS_AS_ERRORS\=NO
    export GCC_VERSION\=com.apple.compilers.llvm.clang.1_0
    export GCC_VERSION_IDENTIFIER\=com_apple_compilers_llvm_clang_1_0
    export GCC_WARN_64_TO_32_BIT_CONVERSION\=YES
    export GCC_WARN_ABOUT_RETURN_TYPE\=YES_ERROR
    export GCC_WARN_UNDECLARED_SELECTOR\=YES
    export GCC_WARN_UNINITIALIZED_AUTOS\=YES_AGGRESSIVE
    export GCC_WARN_UNUSED_FUNCTION\=YES
    export GCC_WARN_UNUSED_VARIABLE\=YES
    export GENERATED_MODULEMAP_DIR\=/Users/runner/Library/Developer/Xcode/DerivedData/SparklingGo-gaxngdfqfnurlideafnykwrjqgdj/Build/Intermediates.noindex/GeneratedModuleMaps-iphonesimulator
    export GENERATE_INFOPLIST_FILE\=NO
    export GENERATE_INTERMEDIATE_TEXT_BASED_STUBS\=YES
    export GENERATE_PKGINFO_FILE\=NO
    export GENERATE_PRELINK_OBJECT_FILE\=NO
    export GENERATE_PROFILING_CODE\=NO
    export GENERATE_TEXT_BASED_STUBS\=NO
    export GID\=20
    export GROUP\=staff
    export HEADERMAP_INCLUDES_FLAT_ENTRIES_FOR_TARGET_BEING_BUILT\=YES
    export HEADERMAP_INCLUDES_FRAMEWORK_ENTRIES_FOR_ALL_PRODUCT_TYPES\=YES
    export HEADERMAP_INCLUDES_FRAMEWORK_ENTRIES_FOR_TARGETS_NOT_BEING_BUILT\=YES
    export HEADERMAP_INCLUDES_NONPUBLIC_NONPRIVATE_HEADERS\=YES
    export HEADERMAP_INCLUDES_PROJECT_HEADERS\=YES
    export HEADERMAP_USES_FRAMEWORK_PREFIX_ENTRIES\=YES
    export HEADERMAP_USES_VFS\=YES
    export HEADER_SEARCH_PATHS\=/Users/runner/Library/Developer/Xcode/DerivedData/SparklingGo-gaxngdfqfnurlideafnykwrjqgdj/Build/Products/Debug-iphonesimulator/DebugRouter/include\ \ \"/Users/runner/token-economics/lynx-benchmark/ios/Pods/DebugRouter/debug_router/ios/\"\ \"/Users/runner/token-economics/lynx-benchmark/ios/Pods/DebugRouter\"\ \"/Users/runner/token-economics/lynx-benchmark/ios/Pods/DebugRouter/third_party/jsoncpp/include\"\ \ \"/Users/runner/token-economics/lynx-benchmark/ios/Pods/DebugRouter/third_party/jsoncpp/include\"
    export HOME\=/Users/runner
    export HOST_ARCH\=arm64
    export HOST_PLATFORM\=macosx
    export ICONV\=/usr/bin/iconv
    export IMPLICIT_DEPENDENCY_DOMAIN\=default
    export INDEX_STORE_COMPRESS\=NO
    export INDEX_STORE_ONLY_PROJECT_FILES\=NO
    export INFOPLIST_ENABLE_CFBUNDLEICONS_MERGE\=YES
    export INFOPLIST_EXPAND_BUILD_SETTINGS\=YES
    export INFOPLIST_FILE\=Target\ Support\ Files/DebugRouter/DebugRouter-Info.plist
    export INFOPLIST_OUTPUT_FORMAT\=binary
    export INFOPLIST_PATH\=DebugRouter.framework/Info.plist
    export INFOPLIST_PREPROCESS\=NO
    export INFOSTRINGS_PATH\=DebugRouter.framework/en.lproj/InfoPlist.strings
    export INLINE_PRIVATE_FRAMEWORKS\=NO
    export INSTALLAPI_IGNORE_SKIP_INSTALL\=YES
    export INSTALLHDRS_COPY_PHASE\=NO
    export INSTALLHDRS_SCRIPT_PHASE\=NO
    export INSTALL_DIR\=/tmp/DebugRouter.dst/Library/Frameworks
    export INSTALL_GROUP\=staff
    export INSTALL_MODE_FLAG\=u+w,go-w,a+rX
    export INSTALL_OWNER\=runner
    export INSTALL_PATH\=/Library/Frameworks
    export INSTALL_ROOT\=/tmp/DebugRouter.dst
    export IPHONEOS_DEPLOYMENT_TARGET\=10.0
    export IS_UNOPTIMIZED_BUILD\=YES
    export JAVAC_DEFAULT_FLAGS\=-J-Xms64m\ -J-XX:NewSize\=4M\ -J-Dfile.encoding\=UTF8
    export JAVA_APP_STUB\=/System/Library/Frameworks/JavaVM.framework/Resources/MacOS/JavaApplicationStub
    export JAVA_ARCHIVE_CLASSES\=YES
    export JAVA_ARCHIVE_TYPE\=JAR
    export JAVA_COMPILER\=/usr/bin/javac
    export JAVA_FOLDER_PATH\=DebugRouter.framework/Java
    export JAVA_FRAMEWORK_RESOURCES_DIRS\=Resources
    export JAVA_JAR_FLAGS\=cv
    export JAVA_SOURCE_SUBDIR\=.
    export JAVA_USE_DEPENDENCIES\=YES
    export JAVA_ZIP_FLAGS\=-urg
    export JIKES_DEFAULT_FLAGS\=+E\ +OLDCSO
    export KEEP_PRIVATE_EXTERNS\=NO
    export LD_DEPENDENCY_INFO_FILE\=/Users/runner/Library/Developer/Xcode/DerivedData/SparklingGo-gaxngdfqfnurlideafnykwrjqgdj/Build/Intermediates.noindex/DebugRouter.build/Debug-iphonesimulator/DebugRouter.build/Objects-normal/undefined_arch/DebugRouter_dependency_info.dat
    export LD_DYLIB_INSTALL_NAME\=@rpath/DebugRouter.framework/DebugRouter
    export LD_EXPORT_SYMBOLS\=YES
    export LD_GENERATE_MAP_FILE\=NO
    export LD_MAP_FILE_PATH\=/Users/runner/Library/Developer/Xcode/DerivedData/SparklingGo-gaxngdfqfnurlideafnykwrjqgdj/Build/Intermediates.noindex/DebugRouter.build/Debug-iphonesimulator/DebugRouter.build/DebugRouter-LinkMap-normal-undefined_arch.txt
    export LD_NO_PIE\=NO
    export LD_QUOTE_LINKER_ARGUMENTS_FOR_COMPILER_DRIVER\=YES
    export LD_RUNPATH_SEARCH_PATHS\=\ @executable_path/Frameworks\ @loader_path/Frameworks
    export LD_SHARED_CACHE_ELIGIBLE\=Automatic
    export LD_WARN_DUPLICATE_LIBRARIES\=NO
    export LD_WARN_UNUSED_DYLIBS\=NO
    export LEGACY_DEVELOPER_DIR\=/Applications/Xcode.app/Contents/PlugIns/Xcode3Core.ideplugin/Contents/SharedSupport/Developer
    export LEX\=lex
    export LIBRARY_DEXT_INSTALL_PATH\=/Library/DriverExtensions
    export LIBRARY_FLAG_NOSPACE\=YES
    export LIBRARY_FLAG_PREFIX\=-l
    export LIBRARY_KEXT_INSTALL_PATH\=/Library/Extensions
    export LIBRARY_SEARCH_PATHS\=/Users/runner/Library/Developer/Xcode/DerivedData/SparklingGo-gaxngdfqfnurlideafnykwrjqgdj/Build/Products/Debug-iphonesimulator/DebugRouter\ 
    export LINKER_DISPLAYS_MANGLED_NAMES\=NO
    export LINK_FILE_LIST_normal_arm64\=/Users/runner/Library/Developer/Xcode/DerivedData/SparklingGo-gaxngdfqfnurlideafnykwrjqgdj/Build/Intermediates.noindex/DebugRouter.build/Debug-iphonesimulator/DebugRouter.build/Objects-normal/arm64/DebugRouter.LinkFileList
    export LINK_FILE_LIST_normal_x86_64\=/Users/runner/Library/Developer/Xcode/DerivedData/SparklingGo-gaxngdfqfnurlideafnykwrjqgdj/Build/Intermediates.noindex/DebugRouter.build/Debug-iphonesimulator/DebugRouter.build/Objects-normal/x86_64/DebugRouter.LinkFileList
    export LINK_OBJC_RUNTIME\=YES
    export LINK_WITH_STANDARD_LIBRARIES\=YES
    export LLVM_TARGET_TRIPLE_OS_VERSION\=ios10.0
    export LLVM_TARGET_TRIPLE_SUFFIX\=-simulator
    export LLVM_TARGET_TRIPLE_VENDOR\=apple
    export LM_AUX_CONST_METADATA_LIST_PATH_normal_arm64\=/Users/runner/Library/Developer/Xcode/DerivedData/SparklingGo-gaxngdfqfnurlideafnykwrjqgdj/Build/Intermediates.noindex/DebugRouter.build/Debug-iphonesimulator/DebugRouter.build/Objects-normal/arm64/DebugRouter.SwiftConstValuesFileList
    export LM_AUX_CONST_METADATA_LIST_PATH_normal_x86_64\=/Users/runner/Library/Developer/Xcode/DerivedData/SparklingGo-gaxngdfqfnurlideafnykwrjqgdj/Build/Intermediates.noindex/DebugRouter.build/Debug-iphonesimulator/DebugRouter.build/Objects-normal/x86_64/DebugRouter.SwiftConstValuesFileList
    export LOCALIZATION_EXPORT_SUPPORTED\=YES
    export LOCALIZATION_PREFERS_STRING_CATALOGS\=NO
    export LOCALIZED_RESOURCES_FOLDER_PATH\=DebugRouter.framework/en.lproj
    export LOCALIZED_STRING_CODE_COMMENTS\=NO
    export LOCALIZED_STRING_MACRO_NAMES\=NSLocalizedString\ CFCopyLocalizedString
    export LOCALIZED_STRING_SWIFTUI_SUPPORT\=YES
    export LOCAL_ADMIN_APPS_DIR\=/Applications/Utilities
    export LOCAL_APPS_DIR\=/Applications
    export LOCAL_DEVELOPER_DIR\=/Library/Developer
    export LOCAL_LIBRARY_DIR\=/Library
    export LOCROOT\=/Users/runner/token-economics/lynx-benchmark/ios/Pods
    export LOCSYMROOT\=/Users/runner/token-economics/lynx-benchmark/ios/Pods
    export MACH_O_TYPE\=mh_dylib
    export MAC_OS_X_PRODUCT_BUILD_VERSION\=25F84
    export MAC_OS_X_VERSION_ACTUAL\=260502
    export MAC_OS_X_VERSION_MAJOR\=260000
    export MAC_OS_X_VERSION_MINOR\=260500
    export MAKE_MERGEABLE\=NO
    export MERGEABLE_LIBRARY\=NO
    export MERGED_BINARY_TYPE\=none
    export MERGE_LINKED_LIBRARIES\=NO
    export METAL_LIBRARY_FILE_BASE\=default
    export METAL_LIBRARY_OUTPUT_DIR\=/Users/runner/Library/Developer/Xcode/DerivedData/SparklingGo-gaxngdfqfnurlideafnykwrjqgdj/Build/Products/Debug-iphonesimulator/DebugRouter/DebugRouter.framework
    export MODULEMAP_FILE\=Target\ Support\ Files/DebugRouter/DebugRouter.modulemap
    export MODULES_FOLDER_PATH\=DebugRouter.framework/Modules
    export MODULE_CACHE_DIR\=/Users/runner/Library/Developer/Xcode/DerivedData/ModuleCache.noindex
    export MTL_ENABLE_DEBUG_INFO\=INCLUDE_SOURCE
    export MTL_FAST_MATH\=YES
    export NATIVE_ARCH\=arm64
    export NATIVE_ARCH_32_BIT\=arm
    export NATIVE_ARCH_64_BIT\=arm64
    export NATIVE_ARCH_ACTUAL\=arm64
    export NO_COMMON\=YES
    export OBJC_ABI_VERSION\=2
    export OBJECT_FILE_DIR\=/Users/runner/Library/Developer/Xcode/DerivedData/SparklingGo-gaxngdfqfnurlideafnykwrjqgdj/Build/Intermediates.noindex/DebugRouter.build/Debug-iphonesimulator/DebugRouter.build/Objects
    export OBJECT_FILE_DIR_normal\=/Users/runner/Library/Developer/Xcode/DerivedData/SparklingGo-gaxngdfqfnurlideafnykwrjqgdj/Build/Intermediates.noindex/DebugRouter.build/Debug-iphonesimulator/DebugRouter.build/Objects-normal
    export OBJROOT\=/Users/runner/Library/Developer/Xcode/DerivedData/SparklingGo-gaxngdfqfnurlideafnykwrjqgdj/Build/Intermediates.noindex
    export ONLY_ACTIVE_ARCH\=NO
    export OS\=MACOS
    export OSAC\=/usr/bin/osacompile
    export OTHER_CPLUSPLUSFLAGS\=-fno-aligned-allocation
    export OTHER_LDFLAGS\=\ -l\"stdc++\"
    export PACKAGE_TYPE\=com.apple.package-type.wrapper.framework
    export PASCAL_STRINGS\=YES
    export PATH\=/Applications/Xcode.app/Contents/SharedFrameworks/SwiftBuild.framework/Versions/A/PlugIns/SWBBuildService.bundle/Contents/PlugIns/SWBUniversalPlatformPlugin.bundle/Contents/Frameworks/SWBUniversalPlatform.framework/Resources:/var/run/com.apple.security.cryptexd/mnt/com.apple.MobileAsset.MetalToolchain-v17.6.42.0.xRBJyY/Metal.xctoolchain/usr/bin:/var/run/com.apple.security.cryptexd/mnt/com.apple.MobileAsset.MetalToolchain-v17.6.42.0.xRBJyY/Metal.xctoolchain/usr/local/bin:/var/run/com.apple.security.cryptexd/mnt/com.apple.MobileAsset.MetalToolchain-v17.6.42.0.xRBJyY/Metal.xctoolchain/usr/libexec:/Applications/Xcode.app/Contents/Developer/Toolchains/XcodeDefault.xctoolchain/usr/bin:/Applications/Xcode.app/Contents/Developer/Toolchains/XcodeDefault.xctoolchain/usr/local/bin:/Applications/Xcode.app/Contents/Developer/Toolchains/XcodeDefault.xctoolchain/usr/libexec:/Applications/Xcode.app/Contents/Developer/Platforms/iPhoneSimulator.platform/usr/bin:/Applications/Xcode.app/Contents/Developer/Platforms/iPhoneSimulator.platform/usr/local/bin:/Applications/Xcode.app/Contents/Developer/Platforms/iPhoneSimulator.platform/Developer/usr/bin:/Applications/Xcode.app/Contents/Developer/Platforms/iPhoneSimulator.platform/Developer/usr/local/bin:/Applications/Xcode.app/Contents/Developer/usr/bin:/Applications/Xcode.app/Contents/Developer/usr/local/bin:/Users/runner/.antigravity/antigravity/bin:/Users/runner/.local/bin:/Users/runner/.bun/bin:/Users/runner/Library/Python/3.9/bin:/opt/homebrew/opt/ruby/bin:/opt/homebrew/lib/ruby/gems/3.3.0/bin:/usr/bin:/usr/local/bin:/Users/runner/Library/Android/sdk/emulator:/Users/runner/Library/Android/sdk/tools:/Users/runner/Library/Android/sdk/platform-tools:/Users/runner/Library/Android/sdk/tools/bin:/Users/runner/Documents/RiveBuildTools:/opt/homebrew/bin:/Users/runner/Documents/Flutter/bin:/Users/runner/.deno/bin:/Users/runner/.nvm/versions/node/v24.1.0/bin:/opt/homebrew/sbin:/System/Cryptexes/App/usr/bin:/bin:/usr/sbin:/sbin:/var/run/com.apple.security.cryptexd/codex.system/bootstrap/usr/local/bin:/var/run/com.apple.security.cryptexd/codex.system/bootstrap/usr/bin:/var/run/com.apple.security.cryptexd/codex.system/bootstrap/usr/appleinternal/bin:/pkg/env/global/bin:/Library/Apple/usr/bin:/usr/local/share/dotnet:/Users/runner/.cargo/bin:/Users/runner/.orbstack/bin:/Users/runner/.maestro/bin:/Users/runner/Documents/github/chromium/depot_tools:/Users/runner/.claude/plugins/cache/claude-plugins-official/swift-lsp/1.0.0/bin
    export PATH_PREFIXES_EXCLUDED_FROM_HEADER_DEPENDENCIES\=/usr/include\ /usr/local/include\ /System/Library/Frameworks\ /System/Library/PrivateFrameworks\ /Applications/Xcode.app/Contents/Developer/Headers\ /Applications/Xcode.app/Contents/Developer/SDKs\ /Applications/Xcode.app/Contents/Developer/Platforms
    export PBDEVELOPMENTPLIST_PATH\=DebugRouter.framework/pbdevelopment.plist
    export PER_ARCH_MODULE_FILE_DIR\=/Users/runner/Library/Developer/Xcode/DerivedData/SparklingGo-gaxngdfqfnurlideafnykwrjqgdj/Build/Intermediates.noindex/DebugRouter.build/Debug-iphonesimulator/DebugRouter.build/Objects-normal/undefined_arch
    export PER_ARCH_OBJECT_FILE_DIR\=/Users/runner/Library/Developer/Xcode/DerivedData/SparklingGo-gaxngdfqfnurlideafnykwrjqgdj/Build/Intermediates.noindex/DebugRouter.build/Debug-iphonesimulator/DebugRouter.build/Objects-normal/undefined_arch
    export PER_VARIANT_OBJECT_FILE_DIR\=/Users/runner/Library/Developer/Xcode/DerivedData/SparklingGo-gaxngdfqfnurlideafnykwrjqgdj/Build/Intermediates.noindex/DebugRouter.build/Debug-iphonesimulator/DebugRouter.build/Objects-normal
    export PKGINFO_FILE_PATH\=/Users/runner/Library/Developer/Xcode/DerivedData/SparklingGo-gaxngdfqfnurlideafnykwrjqgdj/Build/Intermediates.noindex/DebugRouter.build/Debug-iphonesimulator/DebugRouter.build/PkgInfo
    export PKGINFO_PATH\=DebugRouter.framework/PkgInfo
    export PLATFORM_DEVELOPER_APPLICATIONS_DIR\=/Applications/Xcode.app/Contents/Developer/Platforms/iPhoneSimulator.platform/Developer/Applications
    export PLATFORM_DEVELOPER_BIN_DIR\=/Applications/Xcode.app/Contents/Developer/Platforms/iPhoneSimulator.platform/Developer/usr/bin
    export PLATFORM_DEVELOPER_LIBRARY_DIR\=/Applications/Xcode.app/Contents/Developer/Platforms/iPhoneSimulator.platform/Developer/Library
    export PLATFORM_DEVELOPER_SDK_DIR\=/Applications/Xcode.app/Contents/Developer/Platforms/iPhoneSimulator.platform/Developer/SDKs
    export PLATFORM_DEVELOPER_TOOLS_DIR\=/Applications/Xcode.app/Contents/Developer/Platforms/iPhoneSimulator.platform/Developer/Tools
    export PLATFORM_DEVELOPER_USR_DIR\=/Applications/Xcode.app/Contents/Developer/Platforms/iPhoneSimulator.platform/Developer/usr
    export PLATFORM_DIR\=/Applications/Xcode.app/Contents/Developer/Platforms/iPhoneSimulator.platform
    export PLATFORM_DISPLAY_NAME\=iOS\ Simulator
    export PLATFORM_FAMILY_NAME\=iOS
    export PLATFORM_NAME\=iphonesimulator
    export PLATFORM_PREFERRED_ARCH\=x86_64
    export PLATFORM_PRODUCT_BUILD_VERSION\=23F73
    export PLATFORM_REQUIRES_SWIFT_AUTOLINK_EXTRACT\=NO
    export PLATFORM_REQUIRES_SWIFT_MODULEWRAP\=NO
    export PLATFORM_USES_DSYMS\=YES
    export PLIST_FILE_OUTPUT_FORMAT\=binary
    export PLUGINS_FOLDER_PATH\=DebugRouter.framework/PlugIns
    export PODS_BUILD_DIR\=/Users/runner/Library/Developer/Xcode/DerivedData/SparklingGo-gaxngdfqfnurlideafnykwrjqgdj/Build/Products
    export PODS_CONFIGURATION_BUILD_DIR\=/Users/runner/Library/Developer/Xcode/DerivedData/SparklingGo-gaxngdfqfnurlideafnykwrjqgdj/Build/Products/Debug-iphonesimulator
    export PODS_DEVELOPMENT_LANGUAGE\=en
    export PODS_ROOT\=/Users/runner/token-economics/lynx-benchmark/ios/Pods
    export PODS_TARGET_SRCROOT\=/Users/runner/token-economics/lynx-benchmark/ios/Pods/DebugRouter
    export PODS_XCFRAMEWORKS_BUILD_DIR\=/Users/runner/Library/Developer/Xcode/DerivedData/SparklingGo-gaxngdfqfnurlideafnykwrjqgdj/Build/Products/Debug-iphonesimulator/XCFrameworkIntermediates
    export PRECOMPS_INCLUDE_HEADERS_FROM_BUILT_PRODUCTS_DIR\=YES
    export PRECOMP_DESTINATION_DIR\=/Users/runner/Library/Developer/Xcode/DerivedData/SparklingGo-gaxngdfqfnurlideafnykwrjqgdj/Build/Intermediates.noindex/DebugRouter.build/Debug-iphonesimulator/DebugRouter.build/PrefixHeaders
    export PRIVATE_HEADERS_FOLDER_PATH\=DebugRouter.framework/PrivateHeaders
    export PROCESSED_INFOPLIST_PATH\=/Users/runner/Library/Developer/Xcode/DerivedData/SparklingGo-gaxngdfqfnurlideafnykwrjqgdj/Build/Intermediates.noindex/DebugRouter.build/Debug-iphonesimulator/DebugRouter.build/Objects-normal/undefined_arch/Processed-Info.plist
    export PRODUCT_BUNDLE_IDENTIFIER\=org.cocoapods.DebugRouter
    export PRODUCT_BUNDLE_PACKAGE_TYPE\=FMWK
    export PRODUCT_MODULE_NAME\=DebugRouter
    export PRODUCT_NAME\=DebugRouter
    export PRODUCT_SETTINGS_PATH\=/Users/runner/token-economics/lynx-benchmark/ios/Pods/Target\ Support\ Files/DebugRouter/DebugRouter-Info.plist
    export PRODUCT_TYPE\=com.apple.product-type.framework
    export PROFILING_CODE\=NO
    export PROJECT\=DebugRouter
    export PROJECT_DERIVED_FILE_DIR\=/Users/runner/Library/Developer/Xcode/DerivedData/SparklingGo-gaxngdfqfnurlideafnykwrjqgdj/Build/Intermediates.noindex/DebugRouter.build/DerivedSources
    export PROJECT_DIR\=/Users/runner/token-economics/lynx-benchmark/ios/Pods
    export PROJECT_FILE_PATH\=/Users/runner/token-economics/lynx-benchmark/ios/Pods/DebugRouter.xcodeproj
    export PROJECT_GUID\=ad196560c86a0767339caf28515e67c8
    export PROJECT_NAME\=DebugRouter
    export PROJECT_TEMP_DIR\=/Users/runner/Library/Developer/Xcode/DerivedData/SparklingGo-gaxngdfqfnurlideafnykwrjqgdj/Build/Intermediates.noindex/DebugRouter.build
    export PROJECT_TEMP_ROOT\=/Users/runner/Library/Developer/Xcode/DerivedData/SparklingGo-gaxngdfqfnurlideafnykwrjqgdj/Build/Intermediates.noindex
    export PUBLIC_HEADERS_FOLDER_PATH\=DebugRouter.framework/Headers
    export RECOMMENDED_IPHONEOS_DEPLOYMENT_TARGET\=15.0
    export RECURSIVE_SEARCH_PATHS_FOLLOW_SYMLINKS\=YES
    export REMOVE_CVS_FROM_RESOURCES\=YES
    export REMOVE_GIT_FROM_RESOURCES\=YES
    export REMOVE_HEADERS_FROM_EMBEDDED_BUNDLES\=YES
    export REMOVE_HG_FROM_RESOURCES\=YES
    export REMOVE_STATIC_EXECUTABLES_FROM_EMBEDDED_BUNDLES\=YES
    export REMOVE_SVN_FROM_RESOURCES\=YES
    export RESCHEDULE_INDEPENDENT_HEADERS_PHASES\=YES
    export REZ_COLLECTOR_DIR\=/Users/runner/Library/Developer/Xcode/DerivedData/SparklingGo-gaxngdfqfnurlideafnykwrjqgdj/Build/Intermediates.noindex/DebugRouter.build/Debug-iphonesimulator/DebugRouter.build/ResourceManagerResources
    export REZ_OBJECTS_DIR\=/Users/runner/Library/Developer/Xcode/DerivedData/SparklingGo-gaxngdfqfnurlideafnykwrjqgdj/Build/Intermediates.noindex/DebugRouter.build/Debug-iphonesimulator/DebugRouter.build/ResourceManagerResources/Objects
    export REZ_SEARCH_PATHS\=/Users/runner/Library/Developer/Xcode/DerivedData/SparklingGo-gaxngdfqfnurlideafnykwrjqgdj/Build/Products/Debug-iphonesimulator/DebugRouter\ 
    export RPATH_ORIGIN\=@loader_path
    export RUNTIME_EXCEPTION_ALLOW_DYLD_ENVIRONMENT_VARIABLES\=NO
    export RUNTIME_EXCEPTION_ALLOW_JIT\=NO
    export RUNTIME_EXCEPTION_ALLOW_UNSIGNED_EXECUTABLE_MEMORY\=NO
    export RUNTIME_EXCEPTION_DEBUGGING_TOOL\=NO
    export RUNTIME_EXCEPTION_DISABLE_EXECUTABLE_PAGE_PROTECTION\=NO
    export RUNTIME_EXCEPTION_DISABLE_LIBRARY_VALIDATION\=NO
    export SCANNING_PCM_KEEP_CACHE_DIRECTORY\=YES
    export SCAN_ALL_SOURCE_FILES_FOR_INCLUDES\=NO
    export SCRIPTS_FOLDER_PATH\=DebugRouter.framework/Scripts
    export SCRIPT_INPUT_FILE_COUNT\=0
    export SCRIPT_INPUT_FILE_LIST_COUNT\=0
    export SCRIPT_OUTPUT_FILE_COUNT\=0
    export SCRIPT_OUTPUT_FILE_LIST_COUNT\=0
    export SDKROOT\=/Applications/Xcode.app/Contents/Developer/Platforms/iPhoneSimulator.platform/Developer/SDKs/iPhoneSimulator26.5.sdk
    export SDK_DIR\=/Applications/Xcode.app/Contents/Developer/Platforms/iPhoneSimulator.platform/Developer/SDKs/iPhoneSimulator26.5.sdk
    export SDK_DIR_iphonesimulator\=/Applications/Xcode.app/Contents/Developer/Platforms/iPhoneSimulator.platform/Developer/SDKs/iPhoneSimulator26.5.sdk
    export SDK_DIR_iphonesimulator26_5\=/Applications/Xcode.app/Contents/Developer/Platforms/iPhoneSimulator.platform/Developer/SDKs/iPhoneSimulator26.5.sdk
    export SDK_NAME\=iphonesimulator26.5
    export SDK_NAMES\=iphonesimulator26.5
    export SDK_PRODUCT_BUILD_VERSION\=23F73
    export SDK_STAT_CACHE_DIR\=/Users/runner/Library/Developer/Xcode/DerivedData
    export SDK_STAT_CACHE_ENABLE\=YES
    export SDK_STAT_CACHE_PATH\=/Users/runner/Library/Developer/Xcode/DerivedData/SDKStatCaches.noindex/iphonesimulator26.5-23F73-688ef53f1462e2c8f657fdc38a81448f6cfe768891a92b912361537c460fe42b.sdkstatcache
    export SDK_VERSION\=26.5
    export SDK_VERSION_ACTUAL\=260500
    export SDK_VERSION_MAJOR\=260000
    export SDK_VERSION_MINOR\=260500
    export SED\=/usr/bin/sed
    export SEPARATE_STRIP\=NO
    export SEPARATE_SYMBOL_EDIT\=NO
    export SET_DIR_MODE_OWNER_GROUP\=YES
    export SET_FILE_MODE_OWNER_GROUP\=NO
    export SHALLOW_BUNDLE\=YES
    export SHALLOW_BUNDLE_TRIPLE\=ios-simulator
    export SHALLOW_BUNDLE_ios_macabi\=NO
    export SHALLOW_BUNDLE_macos\=NO
    export SHARED_DERIVED_FILE_DIR\=/Users/runner/Library/Developer/Xcode/DerivedData/SparklingGo-gaxngdfqfnurlideafnykwrjqgdj/Build/Products/Debug-iphonesimulator/DebugRouter/DerivedSources
    export SHARED_FRAMEWORKS_FOLDER_PATH\=DebugRouter.framework/SharedFrameworks
    export SHARED_PRECOMPS_DIR\=/Users/runner/Library/Developer/Xcode/DerivedData/SparklingGo-gaxngdfqfnurlideafnykwrjqgdj/Build/Intermediates.noindex/PrecompiledHeaders
    export SHARED_SUPPORT_FOLDER_PATH\=DebugRouter.framework
    export SKIP_INSTALL\=YES
    export SKIP_MERGEABLE_LIBRARY_BUNDLE_HOOK\=NO
    export SOURCE_ROOT\=/Users/runner/token-economics/lynx-benchmark/ios/Pods
    export SRCROOT\=/Users/runner/token-economics/lynx-benchmark/ios/Pods
    export STRINGSDATA_DIR\=/Users/runner/Library/Developer/Xcode/DerivedData/SparklingGo-gaxngdfqfnurlideafnykwrjqgdj/Build/Intermediates.noindex/DebugRouter.build/Debug-iphonesimulator/DebugRouter.build/Objects-normal/undefined_arch
    export STRINGSDATA_ROOT\=/Users/runner/Library/Developer/Xcode/DerivedData/SparklingGo-gaxngdfqfnurlideafnykwrjqgdj/Build/Intermediates.noindex/DebugRouter.build/Debug-iphonesimulator/DebugRouter.build
    export STRINGS_FILE_INFOPLIST_RENAME\=YES
    export STRINGS_FILE_OUTPUT_ENCODING\=binary
    export STRING_CATALOG_GENERATE_SYMBOLS\=NO
    export STRIP_BITCODE_FROM_COPIED_FILES\=NO
    export STRIP_INSTALLED_PRODUCT\=NO
    export STRIP_STYLE\=debugging
    export STRIP_SWIFT_SYMBOLS\=YES
    export SUPPORTED_DEVICE_FAMILIES\=1,2
    export SUPPORTED_PLATFORMS\=iphoneos\ iphonesimulator
    export SUPPORTS_TEXT_BASED_API\=NO
    export SUPPRESS_WARNINGS\=NO
    export SWIFT_ACTIVE_COMPILATION_CONDITIONS\=DEBUG\ 
    export SWIFT_EMIT_CONST_VALUE_PROTOCOLS\=AnyResolverProviding\ AppEntity\ AppEnum\ AppExtension\ AppIntent\ AppIntentsPackage\ AppShortcutProviding\ AppShortcutsProvider\ DynamicOptionsProvider\ EntityQuery\ ExtensionPointDefining\ IntentValueQuery\ Resolver\ TransientEntity\ _AssistantIntentsProvider\ _GenerativeFunctionExtractable\ _IntentValueRepresentable
    export SWIFT_EMIT_LOC_STRINGS\=NO
    export SWIFT_ENABLE_EXPLICIT_MODULES\=YES
    export SWIFT_INSTALL_MODULE_FOR_DEPLOYMENT\=YES
    export SWIFT_INSTALL_OBJC_HEADER\=YES
    export SWIFT_OPTIMIZATION_LEVEL\=-Onone
    export SWIFT_PLATFORM_TARGET_PREFIX\=ios
    export SWIFT_RESPONSE_FILE_PATH_normal_arm64\=/Users/runner/Library/Developer/Xcode/DerivedData/SparklingGo-gaxngdfqfnurlideafnykwrjqgdj/Build/Intermediates.noindex/DebugRouter.build/Debug-iphonesimulator/DebugRouter.build/Objects-normal/arm64/DebugRouter.SwiftFileList
    export SWIFT_RESPONSE_FILE_PATH_normal_x86_64\=/Users/runner/Library/Developer/Xcode/DerivedData/SparklingGo-gaxngdfqfnurlideafnykwrjqgdj/Build/Intermediates.noindex/DebugRouter.build/Debug-iphonesimulator/DebugRouter.build/Objects-normal/x86_64/DebugRouter.SwiftFileList
    export SWIFT_VERSION\=5.0
    export SYMROOT\=/Users/runner/Library/Developer/Xcode/DerivedData/SparklingGo-gaxngdfqfnurlideafnykwrjqgdj/Build/Products
    export SYSTEM_ADMIN_APPS_DIR\=/Applications/Utilities
    export SYSTEM_APPS_DIR\=/Applications
    export SYSTEM_CORE_SERVICES_DIR\=/System/Library/CoreServices
    export SYSTEM_DEMOS_DIR\=/Applications/Extras
    export SYSTEM_DEVELOPER_APPS_DIR\=/Applications/Xcode.app/Contents/Developer/Applications
    export SYSTEM_DEVELOPER_BIN_DIR\=/Applications/Xcode.app/Contents/Developer/usr/bin
    export SYSTEM_DEVELOPER_DEMOS_DIR\=/Applications/Xcode.app/Contents/Developer/Applications/Utilities/Built\ Examples
    export SYSTEM_DEVELOPER_DIR\=/Applications/Xcode.app/Contents/Developer
    export SYSTEM_DEVELOPER_DOC_DIR\=/Applications/Xcode.app/Contents/Developer/ADC\ Reference\ Library
    export SYSTEM_DEVELOPER_GRAPHICS_TOOLS_DIR\=/Applications/Xcode.app/Contents/Developer/Applications/Graphics\ Tools
    export SYSTEM_DEVELOPER_JAVA_TOOLS_DIR\=/Applications/Xcode.app/Contents/Developer/Applications/Java\ Tools
    export SYSTEM_DEVELOPER_PERFORMANCE_TOOLS_DIR\=/Applications/Xcode.app/Contents/Developer/Applications/Performance\ Tools
    export SYSTEM_DEVELOPER_RELEASENOTES_DIR\=/Applications/Xcode.app/Contents/Developer/ADC\ Reference\ Library/releasenotes
    export SYSTEM_DEVELOPER_TOOLS\=/Applications/Xcode.app/Contents/Developer/Tools
    export SYSTEM_DEVELOPER_TOOLS_DOC_DIR\=/Applications/Xcode.app/Contents/Developer/ADC\ Reference\ Library/documentation/DeveloperTools
    export SYSTEM_DEVELOPER_TOOLS_RELEASENOTES_DIR\=/Applications/Xcode.app/Contents/Developer/ADC\ Reference\ Library/releasenotes/DeveloperTools
    export SYSTEM_DEVELOPER_USR_DIR\=/Applications/Xcode.app/Contents/Developer/usr
    export SYSTEM_DEVELOPER_UTILITIES_DIR\=/Applications/Xcode.app/Contents/Developer/Applications/Utilities
    export SYSTEM_DEXT_INSTALL_PATH\=/System/Library/DriverExtensions
    export SYSTEM_DOCUMENTATION_DIR\=/Library/Documentation
    export SYSTEM_EXTENSIONS_FOLDER_PATH\=DebugRouter.framework/SystemExtensions
    export SYSTEM_EXTENSIONS_FOLDER_PATH_SHALLOW_BUNDLE_NO\=DebugRouter.framework/Library/SystemExtensions
    export SYSTEM_EXTENSIONS_FOLDER_PATH_SHALLOW_BUNDLE_YES\=DebugRouter.framework/SystemExtensions
    export SYSTEM_KEXT_INSTALL_PATH\=/System/Library/Extensions
    export SYSTEM_LIBRARY_DIR\=/System/Library
    export TAPI_DEMANGLE\=YES
    export TAPI_ENABLE_PROJECT_HEADERS\=NO
    export TAPI_LANGUAGE\=objective-c
    export TAPI_LANGUAGE_STANDARD\=compiler-default
    export TAPI_USE_SRCROOT\=YES
    export TAPI_VERIFY_MODE\=Pedantic
    export TARGETED_DEVICE_FAMILY\=1,2
    export TARGETNAME\=DebugRouter
    export TARGET_BUILD_DIR\=/Users/runner/Library/Developer/Xcode/DerivedData/SparklingGo-gaxngdfqfnurlideafnykwrjqgdj/Build/Products/Debug-iphonesimulator/DebugRouter
    export TARGET_NAME\=DebugRouter
    export TARGET_TEMP_DIR\=/Users/runner/Library/Developer/Xcode/DerivedData/SparklingGo-gaxngdfqfnurlideafnykwrjqgdj/Build/Intermediates.noindex/DebugRouter.build/Debug-iphonesimulator/DebugRouter.build
    export TEMP_DIR\=/Users/runner/Library/Developer/Xcode/DerivedData/SparklingGo-gaxngdfqfnurlideafnykwrjqgdj/Build/Intermediates.noindex/DebugRouter.build/Debug-iphonesimulator/DebugRouter.build
    export TEMP_FILES_DIR\=/Users/runner/Library/Developer/Xcode/DerivedData/SparklingGo-gaxngdfqfnurlideafnykwrjqgdj/Build/Intermediates.noindex/DebugRouter.build/Debug-iphonesimulator/DebugRouter.build
    export TEMP_FILE_DIR\=/Users/runner/Library/Developer/Xcode/DerivedData/SparklingGo-gaxngdfqfnurlideafnykwrjqgdj/Build/Intermediates.noindex/DebugRouter.build/Debug-iphonesimulator/DebugRouter.build
    export TEMP_ROOT\=/Users/runner/Library/Developer/Xcode/DerivedData/SparklingGo-gaxngdfqfnurlideafnykwrjqgdj/Build/Intermediates.noindex
    export TEMP_SANDBOX_DIR\=/Users/runner/Library/Developer/Xcode/DerivedData/SparklingGo-gaxngdfqfnurlideafnykwrjqgdj/Build/Intermediates.noindex/TemporaryTaskSandboxes
    export TEST_FRAMEWORK_SEARCH_PATHS\=\ /Applications/Xcode.app/Contents/Developer/Platforms/iPhoneSimulator.platform/Developer/Library/Frameworks\ /Applications/Xcode.app/Contents/Developer/Platforms/iPhoneSimulator.platform/Developer/SDKs/iPhoneSimulator26.5.sdk/Developer/Library/Frameworks
    export TEST_LIBRARY_SEARCH_PATHS\=\ /Applications/Xcode.app/Contents/Developer/Platforms/iPhoneSimulator.platform/Developer/usr/lib
    export TOOLCHAINS\=com.apple.dt.toolchain.Metal.32023.883\ com.apple.dt.toolchain.XcodeDefault
    export TOOLCHAIN_DIR\=/var/run/com.apple.security.cryptexd/mnt/com.apple.MobileAsset.MetalToolchain-v17.6.42.0.xRBJyY/Metal.xctoolchain
    export TOOLCHAIN_VERSION\=32023.883
    export TREAT_MISSING_BASELINES_AS_TEST_FAILURES\=NO
    export TREAT_MISSING_SCRIPT_PHASE_OUTPUTS_AS_ERRORS\=NO
    export TeamIdentifierPrefix\=U56623MFCT.
    export UID\=501
    export UNINSTALLED_PRODUCTS_DIR\=/Users/runner/Library/Developer/Xcode/DerivedData/SparklingGo-gaxngdfqfnurlideafnykwrjqgdj/Build/Intermediates.noindex/UninstalledProducts
    export UNLOCALIZED_RESOURCES_FOLDER_PATH\=DebugRouter.framework
    export UNLOCALIZED_RESOURCES_FOLDER_PATH_SHALLOW_BUNDLE_NO\=DebugRouter.framework/Resources
    export UNLOCALIZED_RESOURCES_FOLDER_PATH_SHALLOW_BUNDLE_YES\=DebugRouter.framework
    export UNSTRIPPED_PRODUCT\=NO
    export USER\=runner
    export USER_APPS_DIR\=/Users/runner/Applications
    export USER_LIBRARY_DIR\=/Users/runner/Library
    export USE_DYNAMIC_NO_PIC\=YES
    export USE_HEADERMAP\=YES
    export USE_HEADER_SYMLINKS\=NO
    export USE_RECURSIVE_SCRIPT_INPUTS_IN_SCRIPT_PHASES\=YES
    export VALIDATE_DEVELOPMENT_ASSET_PATHS\=YES_ERROR
    export VALIDATE_PRODUCT\=NO
    export VALID_ARCHS\=arm64\ x86_64
    export VERBOSE_PBXCP\=NO
    export VERSIONING_SYSTEM\=apple-generic
    export VERSIONPLIST_PATH\=DebugRouter.framework/version.plist
    export VERSIONS_FOLDER_PATH\=DebugRouter.framework
    export VERSIONS_FOLDER_PATH_SHALLOW_BUNDLE_NO\=DebugRouter.framework/Versions
    export VERSIONS_FOLDER_PATH_SHALLOW_BUNDLE_YES\=DebugRouter.framework
    export VERSION_INFO_BUILDER\=runner
    export VERSION_INFO_FILE\=DebugRouter_vers.c
    export VERSION_INFO_STRING\=\"@\(\#\)PROGRAM:DebugRouter\ \ PROJECT:DebugRouter-1\"
    export WORKSPACE_DIR\=/Users/runner/token-economics/lynx-benchmark/ios
    export WRAPPER_EXTENSION\=framework
    export WRAPPER_NAME\=DebugRouter.framework
    export WRAPPER_SUFFIX\=.framework
    export WRAP_ASSET_PACKS_IN_SEPARATE_DIRECTORIES\=NO
    export XCODE_APP_SUPPORT_DIR\=/Applications/Xcode.app/Contents/Developer/Library/Xcode
    export XCODE_PRODUCT_BUILD_VERSION\=17F42
    export XCODE_VERSION_ACTUAL\=2650
    export XCODE_VERSION_MAJOR\=2600
    export XCODE_VERSION_MINOR\=2650
    export XPCSERVICES_FOLDER_PATH\=DebugRouter.framework/XPCServices
    export YACC\=yacc
    export _DISCOVER_COMMAND_LINE_LINKER_INPUTS\=YES
    export _DISCOVER_COMMAND_LINE_LINKER_INPUTS_INCLUDE_WL\=YES
    export _LD_MULTIARCH\=YES
    export _WRAPPER_CONTENTS_DIR_SHALLOW_BUNDLE_NO\=/Contents
    export _WRAPPER_PARENT_PATH_SHALLOW_BUNDLE_NO\=/..
    export _WRAPPER_RESOURCES_DIR_SHALLOW_BUNDLE_NO\=/Resources
    export __DIAGNOSE_DEPRECATED_ARCHS\=YES
    export __ORIGINAL_SDK_DEFINED_LLVM_TARGET_TRIPLE_SYS\=ios
    export arch\=undefined_arch
    export variant\=normal
    /bin/sh -c /Users/runner/Library/Developer/Xcode/DerivedData/SparklingGo-gaxngdfqfnurlideafnykwrjqgdj/Build/Intermediates.noindex/DebugRouter.build/Debug-iphonesimulator/DebugRouter.build/Script-C4DC75C114FFD4218AD68271A5204338.sh

CodeSign /Users/runner/Library/Developer/Xcode/DerivedData/SparklingGo-gaxngdfqfnurlideafnykwrjqgdj/Build/Products/Debug-iphonesimulator/libwebp/libwebp.framework (in target 'libwebp' from project 'libwebp')
    cd /Users/runner/token-economics/lynx-benchmark/ios/Pods
    
    Signing Identity:     "Sign to Run Locally"
    
    /usr/bin/codesign --force --sign - --timestamp\=none --generate-entitlement-der /Users/runner/Library/Developer/Xcode/DerivedData/SparklingGo-gaxngdfqfnurlideafnykwrjqgdj/Build/Products/Debug-iphonesimulator/libwebp/libwebp.framework

CreateUniversalBinary /Users/runner/Library/Developer/Xcode/DerivedData/SparklingGo-gaxngdfqfnurlideafnykwrjqgdj/Build/Products/Debug-iphonesimulator/PrimJS/PrimJS.framework/PrimJS normal arm64\ x86_64 (in target 'PrimJS' from project 'PrimJS')
    cd /Users/runner/token-economics/lynx-benchmark/ios/Pods
    /Applications/Xcode.app/Contents/Developer/Toolchains/XcodeDefault.xctoolchain/usr/bin/lipo -create /Users/runner/Library/Developer/Xcode/DerivedData/SparklingGo-gaxngdfqfnurlideafnykwrjqgdj/Build/Intermediates.noindex/PrimJS.build/Debug-iphonesimulator/PrimJS.build/Objects-normal/arm64/Binary/PrimJS /Users/runner/Library/Developer/Xcode/DerivedData/SparklingGo-gaxngdfqfnurlideafnykwrjqgdj/Build/Intermediates.noindex/PrimJS.build/Debug-iphonesimulator/PrimJS.build/Objects-normal/x86_64/Binary/PrimJS -output /Users/runner/Library/Developer/Xcode/DerivedData/SparklingGo-gaxngdfqfnurlideafnykwrjqgdj/Build/Products/Debug-iphonesimulator/PrimJS/PrimJS.framework/PrimJS

GenerateTAPI /Users/runner/Library/Developer/Xcode/DerivedData/SparklingGo-gaxngdfqfnurlideafnykwrjqgdj/Build/Intermediates.noindex/EagerLinkingTBDs/Debug-iphonesimulator/DebugRouter.framework/DebugRouter.tbd (in target 'DebugRouter' from project 'DebugRouter')
    cd /Users/runner/token-economics/lynx-benchmark/ios/Pods
    /Applications/Xcode.app/Contents/Developer/Toolchains/XcodeDefault.xctoolchain/usr/bin/tapi stubify -isysroot /Applications/Xcode.app/Contents/Developer/Platforms/iPhoneSimulator.platform/Developer/SDKs/iPhoneSimulator26.5.sdk -F/Users/runner/Library/Developer/Xcode/DerivedData/SparklingGo-gaxngdfqfnurlideafnykwrjqgdj/Build/Products/Debug-iphonesimulator/DebugRouter -L/Users/runner/Library/Developer/Xcode/DerivedData/SparklingGo-gaxngdfqfnurlideafnykwrjqgdj/Build/Products/Debug-iphonesimulator/DebugRouter /Users/runner/Library/Developer/Xcode/DerivedData/SparklingGo-gaxngdfqfnurlideafnykwrjqgdj/Build/Products/Debug-iphonesimulator/DebugRouter/DebugRouter.framework/DebugRouter -o /Users/runner/Library/Developer/Xcode/DerivedData/SparklingGo-gaxngdfqfnurlideafnykwrjqgdj/Build/Intermediates.noindex/EagerLinkingTBDs/Debug-iphonesimulator/DebugRouter.framework/DebugRouter.tbd

PhaseScriptExecution Create\ Symlinks\ to\ Header\ Folders /Users/runner/Library/Developer/Xcode/DerivedData/SparklingGo-gaxngdfqfnurlideafnykwrjqgdj/Build/Intermediates.noindex/PrimJS.build/Debug-iphonesimulator/PrimJS.build/Script-FF103D3D6CA2DCFABDFA77A0E1722A47.sh (in target 'PrimJS' from project 'PrimJS')
    cd /Users/runner/token-economics/lynx-benchmark/ios/Pods
    export ACTION\=build
    export AD_HOC_CODE_SIGNING_ALLOWED\=YES
    export ALLOW_BUILD_REQUEST_OVERRIDES\=NO
    export ALLOW_TARGET_PLATFORM_SPECIALIZATION\=NO
    export ALTERNATE_GROUP\=staff
    export ALTERNATE_MODE\=u+w,go-w,a+rX
    export ALTERNATE_OWNER\=runner
    export ALTERNATIVE_DISTRIBUTION_WEB\=NO
    export ALWAYS_EMBED_SWIFT_STANDARD_LIBRARIES\=NO
    export ALWAYS_SEARCH_USER_PATHS\=NO
    export ALWAYS_USE_SEPARATE_HEADERMAPS\=NO
    export ANDROID_DEPLOYMENT_TARGET\=21.0
    export APPLICATION_EXTENSION_API_ONLY\=NO
    export APPLY_RULES_IN_COPY_FILES\=NO
    export APPLY_RULES_IN_COPY_HEADERS\=NO
    export APP_SHORTCUTS_ENABLE_FLEXIBLE_MATCHING\=YES
    export ARCHS\=arm64\ x86_64
    export ARCHS_BASE\=arm64\ x86_64
    export ARCHS_STANDARD\=arm64\ x86_64
    export ARCHS_STANDARD_32_64_BIT\=arm64\ x86_64
    export ARCHS_STANDARD_64_BIT\=arm64\ x86_64
    export ARCHS_STANDARD_INCLUDING_64_BIT\=arm64\ x86_64
    export ARCHS_UNIVERSAL_IPHONE_OS\=arm64\ x86_64
    export AUTOMATICALLY_MERGE_DEPENDENCIES\=NO
    export AUTOMATION_APPLE_EVENTS\=NO
    export AVAILABLE_PLATFORMS\=android\ appletvos\ appletvsimulator\ driverkit\ freebsd\ iphoneos\ iphonesimulator\ linux\ macosx\ none\ openbsd\ qnx\ watchos\ watchsimulator\ webassembly\ xros\ xrsimulator
    export AppIdentifierPrefix\=U56623MFCT.
    export BUILD_ACTIVE_RESOURCES_ONLY\=NO
    export BUILD_COMPONENTS\=headers\ build
    export BUILD_DIR\=/Users/runner/Library/Developer/Xcode/DerivedData/SparklingGo-gaxngdfqfnurlideafnykwrjqgdj/Build/Products
    export BUILD_LIBRARY_FOR_DISTRIBUTION\=NO
    export BUILD_ONLY_KNOWN_LOCALIZATIONS\=NO
    export BUILD_ROOT\=/Users/runner/Library/Developer/Xcode/DerivedData/SparklingGo-gaxngdfqfnurlideafnykwrjqgdj/Build/Products
    export BUILD_STYLE\=
    export BUILD_VARIANTS\=normal
    export BUILT_PRODUCTS_DIR\=/Users/runner/Library/Developer/Xcode/DerivedData/SparklingGo-gaxngdfqfnurlideafnykwrjqgdj/Build/Products/Debug-iphonesimulator/PrimJS
    export BUNDLE_CONTENTS_FOLDER_PATH_deep\=Contents/
    export BUNDLE_EXECUTABLE_FOLDER_NAME_deep\=MacOS
    export BUNDLE_EXTENSIONS_FOLDER_PATH\=Extensions
    export BUNDLE_FORMAT\=shallow
    export BUNDLE_FRAMEWORKS_FOLDER_PATH\=Frameworks
    export BUNDLE_PLUGINS_FOLDER_PATH\=PlugIns
    export BUNDLE_PRIVATE_HEADERS_FOLDER_PATH\=PrivateHeaders
    export BUNDLE_PUBLIC_HEADERS_FOLDER_PATH\=Headers
    export CACHE_ROOT\=/var/folders/0s/pcxnlsz53zg7d8gv5w4wk2qc0000gn/C/com.apple.DeveloperTools/26.5-17F42/Xcode
    export CCHROOT\=/var/folders/0s/pcxnlsz53zg7d8gv5w4wk2qc0000gn/C/com.apple.DeveloperTools/26.5-17F42/Xcode
    export CHMOD\=/bin/chmod
    export CHOWN\=chown
    export CLANG_ANALYZER_LOCALIZABILITY_NONLOCALIZED\=YES
    export CLANG_ANALYZER_NONNULL\=YES
    export CLANG_ANALYZER_NUMBER_OBJECT_CONVERSION\=YES_AGGRESSIVE
    export CLANG_CACHE_FINE_GRAINED_OUTPUTS\=YES
    export CLANG_COVERAGE_MAPPING\=YES
    export CLANG_CXX_LANGUAGE_STANDARD\=gnu++17
    export CLANG_CXX_LIBRARY\=libc++
    export CLANG_ENABLE_EXPLICIT_MODULES\=YES
    export CLANG_ENABLE_MODULES\=YES
    export CLANG_ENABLE_OBJC_ARC\=YES
    export CLANG_ENABLE_OBJC_WEAK\=YES
    export CLANG_MODULES_BUILD_SESSION_FILE\=/Users/runner/Library/Developer/Xcode/DerivedData/ModuleCache.noindex/Session.modulevalidation
    export CLANG_PROFILE_DATA_DIRECTORY\=/Users/runner/Library/Developer/Xcode/DerivedData/SparklingGo-gaxngdfqfnurlideafnykwrjqgdj/Build/ProfileData
    export CLANG_WARN_BLOCK_CAPTURE_AUTORELEASING\=YES
    export CLANG_WARN_BOOL_CONVERSION\=YES
    export CLANG_WARN_COMMA\=YES
    export CLANG_WARN_CONSTANT_CONVERSION\=YES
    export CLANG_WARN_DEPRECATED_OBJC_IMPLEMENTATIONS\=YES
    export CLANG_WARN_DIRECT_OBJC_ISA_USAGE\=YES_ERROR
    export CLANG_WARN_DOCUMENTATION_COMMENTS\=YES
    export CLANG_WARN_EMPTY_BODY\=YES
    export CLANG_WARN_ENUM_CONVERSION\=YES
    export CLANG_WARN_INFINITE_RECURSION\=YES
    export CLANG_WARN_INT_CONVERSION\=YES
    export CLANG_WARN_NON_LITERAL_NULL_CONVERSION\=YES
    export CLANG_WARN_OBJC_IMPLICIT_RETAIN_SELF\=YES
    export CLANG_WARN_OBJC_LITERAL_CONVERSION\=YES
    export CLANG_WARN_OBJC_ROOT_CLASS\=YES_ERROR
    export CLANG_WARN_QUOTED_INCLUDE_IN_FRAMEWORK_HEADER\=NO
    export CLANG_WARN_RANGE_LOOP_ANALYSIS\=YES
    export CLANG_WARN_STRICT_PROTOTYPES\=YES
    export CLANG_WARN_SUSPICIOUS_MOVE\=YES
    export CLANG_WARN_UNGUARDED_AVAILABILITY\=YES_AGGRESSIVE
    export CLANG_WARN_UNREACHABLE_CODE\=YES
    export CLANG_WARN__DUPLICATE_METHOD_MATCH\=YES
    export CLASS_FILE_DIR\=/Users/runner/Library/Developer/Xcode/DerivedData/SparklingGo-gaxngdfqfnurlideafnykwrjqgdj/Build/Intermediates.noindex/PrimJS.build/Debug-iphonesimulator/PrimJS.build/JavaClasses
    export CLEAN_PRECOMPS\=YES
    export CLONE_HEADERS\=NO
    export CODESIGNING_FOLDER_PATH\=/Users/runner/Library/Developer/Xcode/DerivedData/SparklingGo-gaxngdfqfnurlideafnykwrjqgdj/Build/Products/Debug-iphonesimulator/PrimJS/PrimJS.framework
    export CODE_SIGNING_ALLOWED\=YES
    export CODE_SIGNING_REQUIRED\=NO
    export CODE_SIGNING_REQUIRES_TEAM\=YES
    export CODE_SIGN_CONTEXT_CLASS\=XCiPhoneSimulatorCodeSignContext
    export CODE_SIGN_IDENTITY\=-
    export CODE_SIGN_INJECT_BASE_ENTITLEMENTS\=YES
    export COLOR_DIAGNOSTICS\=NO
    export COMBINE_HIDPI_IMAGES\=NO
    export COMPILATION_CACHE_CAS_PATH\=/Users/runner/Library/Developer/Xcode/DerivedData/CompilationCache.noindex
    export COMPILATION_CACHE_KEEP_CAS_DIRECTORY\=YES
    export COMPILER_INDEX_STORE_ENABLE\=Default
    export COMPOSITE_SDK_DIRS\=/Users/runner/Library/Developer/Xcode/DerivedData/SparklingGo-gaxngdfqfnurlideafnykwrjqgdj/Build/Intermediates.noindex/CompositeSDKs
    export COMPRESS_PNG_FILES\=YES
    export CONFIGURATION\=Debug
    export CONFIGURATION_BUILD_DIR\=/Users/runner/Library/Developer/Xcode/DerivedData/SparklingGo-gaxngdfqfnurlideafnykwrjqgdj/Build/Products/Debug-iphonesimulator/PrimJS
    export CONFIGURATION_TEMP_DIR\=/Users/runner/Library/Developer/Xcode/DerivedData/SparklingGo-gaxngdfqfnurlideafnykwrjqgdj/Build/Intermediates.noindex/PrimJS.build/Debug-iphonesimulator
    export CONTENTS_FOLDER_PATH\=PrimJS.framework
    export CONTENTS_FOLDER_PATH_SHALLOW_BUNDLE_NO\=PrimJS.framework/A
    export CONTENTS_FOLDER_PATH_SHALLOW_BUNDLE_YES\=PrimJS.framework
    export COPYING_PRESERVES_HFS_DATA\=NO
    export COPY_HEADERS_RUN_UNIFDEF\=NO
    export COPY_PHASE_STRIP\=NO
    export CORRESPONDING_DEVICE_PLATFORM_DIR\=/Applications/Xcode.app/Contents/Developer/Platforms/iPhoneOS.platform
    export CORRESPONDING_DEVICE_PLATFORM_NAME\=iphoneos
    export CORRESPONDING_DEVICE_SDK_DIR\=/Applications/Xcode.app/Contents/Developer/Platforms/iPhoneOS.platform/Developer/SDKs/iPhoneOS26.5.sdk
    export CORRESPONDING_DEVICE_SDK_NAME\=iphoneos26.5
    export CP\=/bin/cp
    export CREATE_INFOPLIST_SECTION_IN_BINARY\=NO
    export CURRENT_ARCH\=undefined_arch
    export CURRENT_PROJECT_VERSION\=1
    export CURRENT_VARIANT\=normal
    export CURRENT_VERSION\=Current
    export DEAD_CODE_STRIPPING\=YES
    export DEBUGGING_SYMBOLS\=YES
    export DEBUG_INFORMATION_FORMAT\=dwarf
    export DEBUG_INFORMATION_VERSION\=compiler-default
    export DEFAULT_COMPILER\=com.apple.compilers.llvm.clang.1_0
    export DEFAULT_DEXT_INSTALL_PATH\=/System/Library/DriverExtensions
    export DEFAULT_KEXT_INSTALL_PATH\=/System/Library/Extensions
    export DEFINES_MODULE\=YES
    export DEPLOYMENT_LOCATION\=NO
    export DEPLOYMENT_POSTPROCESSING\=NO
    export DEPLOYMENT_TARGET_SETTING_NAME\=IPHONEOS_DEPLOYMENT_TARGET
    export DEPLOYMENT_TARGET_SUGGESTED_VALUES\=12.0\ 12.1\ 12.2\ 12.3\ 12.4\ 13.0\ 13.1\ 13.2\ 13.3\ 13.4\ 13.5\ 13.6\ 14.0\ 14.1\ 14.2\ 14.3\ 14.4\ 14.5\ 14.6\ 14.7\ 15.0\ 15.1\ 15.2\ 15.3\ 15.4\ 15.5\ 15.6\ 16.0\ 16.1\ 16.2\ 16.3\ 16.4\ 16.5\ 16.6\ 17.0\ 17.1\ 17.2\ 17.3\ 17.4\ 17.5\ 17.6\ 18.0\ 18.1\ 18.2\ 18.3\ 18.4\ 18.5\ 18.6\ 26.0\ 26.2\ 26.3\ 26.4\ 26.5
    export DERIVED_FILES_DIR\=/Users/runner/Library/Developer/Xcode/DerivedData/SparklingGo-gaxngdfqfnurlideafnykwrjqgdj/Build/Intermediates.noindex/PrimJS.build/Debug-iphonesimulator/PrimJS.build/DerivedSources
    export DERIVED_FILE_DIR\=/Users/runner/Library/Developer/Xcode/DerivedData/SparklingGo-gaxngdfqfnurlideafnykwrjqgdj/Build/Intermediates.noindex/PrimJS.build/Debug-iphonesimulator/PrimJS.build/DerivedSources
    export DERIVED_SOURCES_DIR\=/Users/runner/Library/Developer/Xcode/DerivedData/SparklingGo-gaxngdfqfnurlideafnykwrjqgdj/Build/Intermediates.noindex/PrimJS.build/Debug-iphonesimulator/PrimJS.build/DerivedSources
    export DEVELOPER_APPLICATIONS_DIR\=/Applications/Xcode.app/Contents/Developer/Applications
    export DEVELOPER_BIN_DIR\=/Applications/Xcode.app/Contents/Developer/usr/bin
    export DEVELOPER_DIR\=/Applications/Xcode.app/Contents/Developer
    export DEVELOPER_FRAMEWORKS_DIR\=/Applications/Xcode.app/Contents/Developer/Library/Frameworks
    export DEVELOPER_FRAMEWORKS_DIR_QUOTED\=/Applications/Xcode.app/Contents/Developer/Library/Frameworks
    export DEVELOPER_LIBRARY_DIR\=/Applications/Xcode.app/Contents/Developer/Library
    export DEVELOPER_SDK_DIR\=/Applications/Xcode.app/Contents/Developer/Platforms/MacOSX.platform/Developer/SDKs
    export DEVELOPER_TOOLS_DIR\=/Applications/Xcode.app/Contents/Developer/Tools
    export DEVELOPER_USR_DIR\=/Applications/Xcode.app/Contents/Developer/usr
    export DEVELOPMENT_LANGUAGE\=en
    export DIAGNOSE_MISSING_TARGET_DEPENDENCIES\=YES
    export DIFF\=/usr/bin/diff
    export DOCUMENTATION_FOLDER_PATH\=PrimJS.framework/en.lproj/Documentation
    export DONT_GENERATE_INFOPLIST_FILE\=NO
    export DSTROOT\=/tmp/PrimJS.dst
    export DT_TOOLCHAIN_DIR\=/Applications/Xcode.app/Contents/Developer/Toolchains/XcodeDefault.xctoolchain
    export DUMP_DEPENDENCIES\=NO
    export DUMP_DEPENDENCIES_OUTPUT_PATH\=/Users/runner/Library/Developer/Xcode/DerivedData/SparklingGo-gaxngdfqfnurlideafnykwrjqgdj/Build/Intermediates.noindex/PrimJS.build/Debug-iphonesimulator/PrimJS.build/PrimJS-BuildDependencyInfo.json
    export DWARF_DSYM_FILE_NAME\=PrimJS.framework.dSYM
    export DWARF_DSYM_FILE_SHOULD_ACCOMPANY_PRODUCT\=NO
    export DWARF_DSYM_FOLDER_PATH\=/Users/runner/Library/Developer/Xcode/DerivedData/SparklingGo-gaxngdfqfnurlideafnykwrjqgdj/Build/Products/Debug-iphonesimulator/PrimJS
    export DYLIB_COMPATIBILITY_VERSION\=1
    export DYLIB_CURRENT_VERSION\=1
    export DYLIB_INSTALL_NAME_BASE\=@rpath
    export DYNAMIC_LIBRARY_EXTENSION\=dylib
    export EAGER_COMPILATION_ALLOW_SCRIPTS\=NO
    export EAGER_LINKING\=NO
    export EFFECTIVE_PLATFORM_NAME\=-iphonesimulator
    export EFFECTIVE_SWIFT_VERSION\=5
    export EMBEDDED_CONTENT_CONTAINS_SWIFT\=NO
    export EMBED_ASSET_PACKS_IN_PRODUCT_BUNDLE\=NO
    export ENABLE_APP_SANDBOX\=NO
    export ENABLE_CODE_COVERAGE\=YES
    export ENABLE_COHORT_ARCHS\=NO
    export ENABLE_CPLUSPLUS_BOUNDS_SAFE_BUFFERS\=NO
    export ENABLE_C_BOUNDS_SAFETY\=NO
    export ENABLE_DEFAULT_HEADER_SEARCH_PATHS\=YES
    export ENABLE_DEFAULT_SEARCH_PATHS\=YES
    export ENABLE_ENHANCED_SECURITY\=NO
    export ENABLE_HARDENED_RUNTIME\=NO
    export ENABLE_HEADER_DEPENDENCIES\=YES
    export ENABLE_INCOMING_NETWORK_CONNECTIONS\=NO
    export ENABLE_MODULE_VERIFIER\=NO
    export ENABLE_ON_DEMAND_RESOURCES\=NO
    export ENABLE_OUTGOING_NETWORK_CONNECTIONS\=NO
    export ENABLE_POINTER_AUTHENTICATION\=NO
    export ENABLE_PREVIEWS\=NO
    export ENABLE_RESOURCE_ACCESS_AUDIO_INPUT\=NO
    export ENABLE_RESOURCE_ACCESS_BLUETOOTH\=NO
    export ENABLE_RESOURCE_ACCESS_CALENDARS\=NO
    export ENABLE_RESOURCE_ACCESS_CAMERA\=NO
    export ENABLE_RESOURCE_ACCESS_CONTACTS\=NO
    export ENABLE_RESOURCE_ACCESS_LOCATION\=NO
    export ENABLE_RESOURCE_ACCESS_PHOTO_LIBRARY\=NO
    export ENABLE_RESOURCE_ACCESS_PRINTING\=NO
    export ENABLE_RESOURCE_ACCESS_USB\=NO
    export ENABLE_SDK_IMPORTS\=NO
    export ENABLE_SECURITY_COMPILER_WARNINGS\=NO
    export ENABLE_STRICT_OBJC_MSGSEND\=YES
    export ENABLE_TESTABILITY\=YES
    export ENABLE_TESTING_SEARCH_PATHS\=NO
    export ENABLE_USER_SCRIPT_SANDBOXING\=NO
    export ENABLE_XOJIT_PREVIEWS\=YES
    export ENFORCE_VALID_ARCHS\=YES
    export ENTITLEMENTS_DESTINATION\=__entitlements
    export ENTITLEMENTS_REQUIRED\=NO
    export EXCLUDED_INSTALLSRC_SUBDIRECTORY_PATTERNS\=.DS_Store\ .svn\ .git\ .hg\ CVS
    export EXCLUDED_RECURSIVE_SEARCH_PATH_SUBDIRECTORIES\=\*.nib\ \*.lproj\ \*.framework\ \*.gch\ \*.xcode\*\ \*.xcassets\ \*.icon\ \(\*\)\ .DS_Store\ CVS\ .svn\ .git\ .hg\ \*.pbproj\ \*.pbxproj
    export EXECUTABLES_FOLDER_PATH\=PrimJS.framework/en.lproj
    export EXECUTABLE_FOLDER_PATH\=PrimJS.framework
    export EXECUTABLE_FOLDER_PATH_SHALLOW_BUNDLE_NO\=PrimJS.framework
    export EXECUTABLE_FOLDER_PATH_SHALLOW_BUNDLE_YES\=PrimJS.framework
    export EXECUTABLE_NAME\=PrimJS
    export EXECUTABLE_PATH\=PrimJS.framework/PrimJS
    export EXPANDED_CODE_SIGN_IDENTITY\=-
    export EXPANDED_CODE_SIGN_IDENTITY_NAME\=Sign\ to\ Run\ Locally
    export EXTENSIONS_FOLDER_PATH\=PrimJS.framework/Extensions
    export FILE_LIST\=/Users/runner/Library/Developer/Xcode/DerivedData/SparklingGo-gaxngdfqfnurlideafnykwrjqgdj/Build/Intermediates.noindex/PrimJS.build/Debug-iphonesimulator/PrimJS.build/Objects/LinkFileList
    export FIXED_FILES_DIR\=/Users/runner/Library/Developer/Xcode/DerivedData/SparklingGo-gaxngdfqfnurlideafnykwrjqgdj/Build/Intermediates.noindex/PrimJS.build/Debug-iphonesimulator/PrimJS.build/FixedFiles
    export FRAMEWORKS_FOLDER_PATH\=PrimJS.framework/Frameworks
    export FRAMEWORK_FLAG_PREFIX\=-framework
    export FRAMEWORK_SEARCH_PATHS\=/Users/runner/Library/Developer/Xcode/DerivedData/SparklingGo-gaxngdfqfnurlideafnykwrjqgdj/Build/Products/Debug-iphonesimulator/PrimJS\ 
    export FRAMEWORK_VERSION\=A
    export FULL_PRODUCT_NAME\=PrimJS.framework
    export FUSE_BUILD_PHASES\=YES
    export FUSE_BUILD_SCRIPT_PHASES\=NO
    export GCC3_VERSION\=3.3
    export GCC_C_LANGUAGE_STANDARD\=gnu11
    export GCC_DYNAMIC_NO_PIC\=NO
    export GCC_INLINES_ARE_PRIVATE_EXTERN\=YES
    export GCC_NO_COMMON_BLOCKS\=YES
    export GCC_OBJC_LEGACY_DISPATCH\=YES
    export GCC_OPTIMIZATION_LEVEL\=0
    export GCC_PFE_FILE_C_DIALECTS\=c\ objective-c\ c++\ objective-c++
    export GCC_PREFIX_HEADER\=Target\ Support\ Files/PrimJS/PrimJS-prefix.pch
    export GCC_PREPROCESSOR_DEFINITIONS\=POD_CONFIGURATION_DEBUG\=1\ DEBUG\=1\ \ COCOAPODS\=1\ OS_IOS\=1\ JSC_OBJC_API_ENABLED\=1\ ENABLE_CODECACHE\ ENABLE_VIRTUAL_STACK\=1\ OS_IOS\=1\ JSC_OBJC_API_ENABLED\=1\ ENABLE_CODECACHE\ ENABLE_VIRTUAL_STACK\=1\ JSC_OBJC_API_ENABLED\=0\ OS_IOS\=1\ JSC_OBJC_API_ENABLED\=1\ ENABLE_CODECACHE\ ENABLE_VIRTUAL_STACK\=1\ ENABLE_PRIMJS_SNAPSHOT\ ENABLE_COMPATIBLE_MM\ ENABLE_LEPUSNG\ LYNX_SIMPLIFY\=0\ OS_IOS\=1\ JSC_OBJC_API_ENABLED\=1\ ENABLE_CODECACHE\ ENABLE_VIRTUAL_STACK\=1\ ENABLE_PRIMJS_SNAPSHOT\ ENABLE_COMPATIBLE_MM\ ENABLE_LEPUSNG\ LYNX_SIMPLIFY\=0\ ENABLE_QUICKJS_DEBUGGER
    export GCC_TREAT_WARNINGS_AS_ERRORS\=NO
    export GCC_VERSION\=com.apple.compilers.llvm.clang.1_0
    export GCC_VERSION_IDENTIFIER\=com_apple_compilers_llvm_clang_1_0
    export GCC_WARN_64_TO_32_BIT_CONVERSION\=YES
    export GCC_WARN_ABOUT_RETURN_TYPE\=YES_ERROR
    export GCC_WARN_UNDECLARED_SELECTOR\=YES
    export GCC_WARN_UNINITIALIZED_AUTOS\=YES_AGGRESSIVE
    export GCC_WARN_UNUSED_FUNCTION\=YES
    export GCC_WARN_UNUSED_VARIABLE\=YES
    export GENERATED_MODULEMAP_DIR\=/Users/runner/Library/Developer/Xcode/DerivedData/SparklingGo-gaxngdfqfnurlideafnykwrjqgdj/Build/Intermediates.noindex/GeneratedModuleMaps-iphonesimulator
    export GENERATE_INFOPLIST_FILE\=NO
    export GENERATE_INTERMEDIATE_TEXT_BASED_STUBS\=YES
    export GENERATE_PKGINFO_FILE\=NO
    export GENERATE_PRELINK_OBJECT_FILE\=NO
    export GENERATE_PROFILING_CODE\=NO
    export GENERATE_TEXT_BASED_STUBS\=NO
    export GID\=20
    export GROUP\=staff
    export HEADERMAP_INCLUDES_FLAT_ENTRIES_FOR_TARGET_BEING_BUILT\=YES
    export HEADERMAP_INCLUDES_FRAMEWORK_ENTRIES_FOR_ALL_PRODUCT_TYPES\=YES
    export HEADERMAP_INCLUDES_FRAMEWORK_ENTRIES_FOR_TARGETS_NOT_BEING_BUILT\=YES
    export HEADERMAP_INCLUDES_NONPUBLIC_NONPRIVATE_HEADERS\=YES
    export HEADERMAP_INCLUDES_PROJECT_HEADERS\=YES
    export HEADERMAP_USES_FRAMEWORK_PREFIX_ENTRIES\=YES
    export HEADERMAP_USES_VFS\=YES
    export HEADER_SEARCH_PATHS\=/Users/runner/Library/Developer/Xcode/DerivedData/SparklingGo-gaxngdfqfnurlideafnykwrjqgdj/Build/Products/Debug-iphonesimulator/PrimJS/include\ \ \"/Users/runner/token-economics/lynx-benchmark/ios/Pods/PrimJS/src\"\ \ \ \ \ \ \ \ \ \ \ \ \ \ \ \ \ \ \ \ \ \ \ \ \ \ \ \ \ \ \ \"/Users/runner/token-economics/lynx-benchmark/ios/Pods/PrimJS/src/interpreter\"\ \"/Users/runner/token-economics/lynx-benchmark/ios/Pods/PrimJS/src\"\ \ \ \ \ \ \ \ \ \ \ \ \ \ \ \ \ \ \ \ \ \ \ \ \ \ \ \ \ \ \ \"/Users/runner/token-economics/lynx-benchmark/ios/Pods/PrimJS/src/interpreter\"\ \"/Users/runner/token-economics/lynx-benchmark/ios/Pods/PrimJS\"
    export HOME\=/Users/runner
    export HOST_ARCH\=arm64
    export HOST_PLATFORM\=macosx
    export ICONV\=/usr/bin/iconv
    export IMPLICIT_DEPENDENCY_DOMAIN\=default
    export INDEX_STORE_COMPRESS\=NO
    export INDEX_STORE_ONLY_PROJECT_FILES\=NO
    export INFOPLIST_ENABLE_CFBUNDLEICONS_MERGE\=YES
    export INFOPLIST_EXPAND_BUILD_SETTINGS\=YES
    export INFOPLIST_FILE\=Target\ Support\ Files/PrimJS/PrimJS-Info.plist
    export INFOPLIST_OUTPUT_FORMAT\=binary
    export INFOPLIST_PATH\=PrimJS.framework/Info.plist
    export INFOPLIST_PREPROCESS\=NO
    export INFOSTRINGS_PATH\=PrimJS.framework/en.lproj/InfoPlist.strings
    export INLINE_PRIVATE_FRAMEWORKS\=NO
    export INSTALLAPI_IGNORE_SKIP_INSTALL\=YES
    export INSTALLHDRS_COPY_PHASE\=NO
    export INSTALLHDRS_SCRIPT_PHASE\=NO
    export INSTALL_DIR\=/tmp/PrimJS.dst/Library/Frameworks
    export INSTALL_GROUP\=staff
    export INSTALL_MODE_FLAG\=u+w,go-w,a+rX
    export INSTALL_OWNER\=runner
    export INSTALL_PATH\=/Library/Frameworks
    export INSTALL_ROOT\=/tmp/PrimJS.dst
    export IPHONEOS_DEPLOYMENT_TARGET\=9.0
    export IS_UNOPTIMIZED_BUILD\=YES
    export JAVAC_DEFAULT_FLAGS\=-J-Xms64m\ -J-XX:NewSize\=4M\ -J-Dfile.encoding\=UTF8
    export JAVA_APP_STUB\=/System/Library/Frameworks/JavaVM.framework/Resources/MacOS/JavaApplicationStub
    export JAVA_ARCHIVE_CLASSES\=YES
    export JAVA_ARCHIVE_TYPE\=JAR
    export JAVA_COMPILER\=/usr/bin/javac
    export JAVA_FOLDER_PATH\=PrimJS.framework/Java
    export JAVA_FRAMEWORK_RESOURCES_DIRS\=Resources
    export JAVA_JAR_FLAGS\=cv
    export JAVA_SOURCE_SUBDIR\=.
    export JAVA_USE_DEPENDENCIES\=YES
    export JAVA_ZIP_FLAGS\=-urg
    export JIKES_DEFAULT_FLAGS\=+E\ +OLDCSO
    export KEEP_PRIVATE_EXTERNS\=NO
    export LD_DEPENDENCY_INFO_FILE\=/Users/runner/Library/Developer/Xcode/DerivedData/SparklingGo-gaxngdfqfnurlideafnykwrjqgdj/Build/Intermediates.noindex/PrimJS.build/Debug-iphonesimulator/PrimJS.build/Objects-normal/undefined_arch/PrimJS_dependency_info.dat
    export LD_DYLIB_INSTALL_NAME\=@rpath/PrimJS.framework/PrimJS
    export LD_EXPORT_SYMBOLS\=YES
    export LD_GENERATE_MAP_FILE\=NO
    export LD_MAP_FILE_PATH\=/Users/runner/Library/Developer/Xcode/DerivedData/SparklingGo-gaxngdfqfnurlideafnykwrjqgdj/Build/Intermediates.noindex/PrimJS.build/Debug-iphonesimulator/PrimJS.build/PrimJS-LinkMap-normal-undefined_arch.txt
    export LD_NO_PIE\=NO
    export LD_QUOTE_LINKER_ARGUMENTS_FOR_COMPILER_DRIVER\=YES
    export LD_RUNPATH_SEARCH_PATHS\=\ @executable_path/Frameworks\ @loader_path/Frameworks
    export LD_SHARED_CACHE_ELIGIBLE\=Automatic
    export LD_WARN_DUPLICATE_LIBRARIES\=NO
    export LD_WARN_UNUSED_DYLIBS\=NO
    export LEGACY_DEVELOPER_DIR\=/Applications/Xcode.app/Contents/PlugIns/Xcode3Core.ideplugin/Contents/SharedSupport/Developer
    export LEX\=lex
    export LIBRARY_DEXT_INSTALL_PATH\=/Library/DriverExtensions
    export LIBRARY_FLAG_NOSPACE\=YES
    export LIBRARY_FLAG_PREFIX\=-l
    export LIBRARY_KEXT_INSTALL_PATH\=/Library/Extensions
    export LIBRARY_SEARCH_PATHS\=/Users/runner/Library/Developer/Xcode/DerivedData/SparklingGo-gaxngdfqfnurlideafnykwrjqgdj/Build/Products/Debug-iphonesimulator/PrimJS\ 
    export LINKER_DISPLAYS_MANGLED_NAMES\=NO
    export LINK_FILE_LIST_normal_arm64\=/Users/runner/Library/Developer/Xcode/DerivedData/SparklingGo-gaxngdfqfnurlideafnykwrjqgdj/Build/Intermediates.noindex/PrimJS.build/Debug-iphonesimulator/PrimJS.build/Objects-normal/arm64/PrimJS.LinkFileList
    export LINK_FILE_LIST_normal_x86_64\=/Users/runner/Library/Developer/Xcode/DerivedData/SparklingGo-gaxngdfqfnurlideafnykwrjqgdj/Build/Intermediates.noindex/PrimJS.build/Debug-iphonesimulator/PrimJS.build/Objects-normal/x86_64/PrimJS.LinkFileList
    export LINK_OBJC_RUNTIME\=YES
    export LINK_WITH_STANDARD_LIBRARIES\=YES
    export LLVM_TARGET_TRIPLE_OS_VERSION\=ios9.0
    export LLVM_TARGET_TRIPLE_SUFFIX\=-simulator
    export LLVM_TARGET_TRIPLE_VENDOR\=apple
    export LM_AUX_CONST_METADATA_LIST_PATH_normal_arm64\=/Users/runner/Library/Developer/Xcode/DerivedData/SparklingGo-gaxngdfqfnurlideafnykwrjqgdj/Build/Intermediates.noindex/PrimJS.build/Debug-iphonesimulator/PrimJS.build/Objects-normal/arm64/PrimJS.SwiftConstValuesFileList
    export LM_AUX_CONST_METADATA_LIST_PATH_normal_x86_64\=/Users/runner/Library/Developer/Xcode/DerivedData/SparklingGo-gaxngdfqfnurlideafnykwrjqgdj/Build/Intermediates.noindex/PrimJS.build/Debug-iphonesimulator/PrimJS.build/Objects-normal/x86_64/PrimJS.SwiftConstValuesFileList
    export LOCALIZATION_EXPORT_SUPPORTED\=YES
    export LOCALIZATION_PREFERS_STRING_CATALOGS\=NO
    export LOCALIZED_RESOURCES_FOLDER_PATH\=PrimJS.framework/en.lproj
    export LOCALIZED_STRING_CODE_COMMENTS\=NO
    export LOCALIZED_STRING_MACRO_NAMES\=NSLocalizedString\ CFCopyLocalizedString
    export LOCALIZED_STRING_SWIFTUI_SUPPORT\=YES
    export LOCAL_ADMIN_APPS_DIR\=/Applications/Utilities
    export LOCAL_APPS_DIR\=/Applications
    export LOCAL_DEVELOPER_DIR\=/Library/Developer
    export LOCAL_LIBRARY_DIR\=/Library
    export LOCROOT\=/Users/runner/token-economics/lynx-benchmark/ios/Pods
    export LOCSYMROOT\=/Users/runner/token-economics/lynx-benchmark/ios/Pods
    export MACH_O_TYPE\=mh_dylib
    export MAC_OS_X_PRODUCT_BUILD_VERSION\=25F84
    export MAC_OS_X_VERSION_ACTUAL\=260502
    export MAC_OS_X_VERSION_MAJOR\=260000
    export MAC_OS_X_VERSION_MINOR\=260500
    export MAKE_MERGEABLE\=NO
    export MERGEABLE_LIBRARY\=NO
    export MERGED_BINARY_TYPE\=none
    export MERGE_LINKED_LIBRARIES\=NO
    export METAL_LIBRARY_FILE_BASE\=default
    export METAL_LIBRARY_OUTPUT_DIR\=/Users/runner/Library/Developer/Xcode/DerivedData/SparklingGo-gaxngdfqfnurlideafnykwrjqgdj/Build/Products/Debug-iphonesimulator/PrimJS/PrimJS.framework
    export MODULEMAP_FILE\=Target\ Support\ Files/PrimJS/PrimJS.modulemap
    export MODULES_FOLDER_PATH\=PrimJS.framework/Modules
    export MODULE_CACHE_DIR\=/Users/runner/Library/Developer/Xcode/DerivedData/ModuleCache.noindex
    export MTL_ENABLE_DEBUG_INFO\=INCLUDE_SOURCE
    export MTL_FAST_MATH\=YES
    export NATIVE_ARCH\=arm64
    export NATIVE_ARCH_32_BIT\=arm
    export NATIVE_ARCH_64_BIT\=arm64
    export NATIVE_ARCH_ACTUAL\=arm64
    export NO_COMMON\=YES
    export OBJC_ABI_VERSION\=2
    export OBJECT_FILE_DIR\=/Users/runner/Library/Developer/Xcode/DerivedData/SparklingGo-gaxngdfqfnurlideafnykwrjqgdj/Build/Intermediates.noindex/PrimJS.build/Debug-iphonesimulator/PrimJS.build/Objects
    export OBJECT_FILE_DIR_normal\=/Users/runner/Library/Developer/Xcode/DerivedData/SparklingGo-gaxngdfqfnurlideafnykwrjqgdj/Build/Intermediates.noindex/PrimJS.build/Debug-iphonesimulator/PrimJS.build/Objects-normal
    export OBJROOT\=/Users/runner/Library/Developer/Xcode/DerivedData/SparklingGo-gaxngdfqfnurlideafnykwrjqgdj/Build/Intermediates.noindex
    export ONLY_ACTIVE_ARCH\=NO
    export OS\=MACOS
    export OSAC\=/usr/bin/osacompile
    export OTHER_LDFLAGS\=\ -framework\ \"JavaScriptCore\"
    export PACKAGE_TYPE\=com.apple.package-type.wrapper.framework
    export PASCAL_STRINGS\=YES
    export PATH\=/Applications/Xcode.app/Contents/SharedFrameworks/SwiftBuild.framework/Versions/A/PlugIns/SWBBuildService.bundle/Contents/PlugIns/SWBUniversalPlatformPlugin.bundle/Contents/Frameworks/SWBUniversalPlatform.framework/Resources:/var/run/com.apple.security.cryptexd/mnt/com.apple.MobileAsset.MetalToolchain-v17.6.42.0.xRBJyY/Metal.xctoolchain/usr/bin:/var/run/com.apple.security.cryptexd/mnt/com.apple.MobileAsset.MetalToolchain-v17.6.42.0.xRBJyY/Metal.xctoolchain/usr/local/bin:/var/run/com.apple.security.cryptexd/mnt/com.apple.MobileAsset.MetalToolchain-v17.6.42.0.xRBJyY/Metal.xctoolchain/usr/libexec:/Applications/Xcode.app/Contents/Developer/Toolchains/XcodeDefault.xctoolchain/usr/bin:/Applications/Xcode.app/Contents/Developer/Toolchains/XcodeDefault.xctoolchain/usr/local/bin:/Applications/Xcode.app/Contents/Developer/Toolchains/XcodeDefault.xctoolchain/usr/libexec:/Applications/Xcode.app/Contents/Developer/Platforms/iPhoneSimulator.platform/usr/bin:/Applications/Xcode.app/Contents/Developer/Platforms/iPhoneSimulator.platform/usr/local/bin:/Applications/Xcode.app/Contents/Developer/Platforms/iPhoneSimulator.platform/Developer/usr/bin:/Applications/Xcode.app/Contents/Developer/Platforms/iPhoneSimulator.platform/Developer/usr/local/bin:/Applications/Xcode.app/Contents/Developer/usr/bin:/Applications/Xcode.app/Contents/Developer/usr/local/bin:/Users/runner/.antigravity/antigravity/bin:/Users/runner/.local/bin:/Users/runner/.bun/bin:/Users/runner/Library/Python/3.9/bin:/opt/homebrew/opt/ruby/bin:/opt/homebrew/lib/ruby/gems/3.3.0/bin:/usr/bin:/usr/local/bin:/Users/runner/Library/Android/sdk/emulator:/Users/runner/Library/Android/sdk/tools:/Users/runner/Library/Android/sdk/platform-tools:/Users/runner/Library/Android/sdk/tools/bin:/Users/runner/Documents/RiveBuildTools:/opt/homebrew/bin:/Users/runner/Documents/Flutter/bin:/Users/runner/.deno/bin:/Users/runner/.nvm/versions/node/v24.1.0/bin:/opt/homebrew/sbin:/System/Cryptexes/App/usr/bin:/bin:/usr/sbin:/sbin:/var/run/com.apple.security.cryptexd/codex.system/bootstrap/usr/local/bin:/var/run/com.apple.security.cryptexd/codex.system/bootstrap/usr/bin:/var/run/com.apple.security.cryptexd/codex.system/bootstrap/usr/appleinternal/bin:/pkg/env/global/bin:/Library/Apple/usr/bin:/usr/local/share/dotnet:/Users/runner/.cargo/bin:/Users/runner/.orbstack/bin:/Users/runner/.maestro/bin:/Users/runner/Documents/github/chromium/depot_tools:/Users/runner/.claude/plugins/cache/claude-plugins-official/swift-lsp/1.0.0/bin
    export PATH_PREFIXES_EXCLUDED_FROM_HEADER_DEPENDENCIES\=/usr/include\ /usr/local/include\ /System/Library/Frameworks\ /System/Library/PrivateFrameworks\ /Applications/Xcode.app/Contents/Developer/Headers\ /Applications/Xcode.app/Contents/Developer/SDKs\ /Applications/Xcode.app/Contents/Developer/Platforms
    export PBDEVELOPMENTPLIST_PATH\=PrimJS.framework/pbdevelopment.plist
    export PER_ARCH_MODULE_FILE_DIR\=/Users/runner/Library/Developer/Xcode/DerivedData/SparklingGo-gaxngdfqfnurlideafnykwrjqgdj/Build/Intermediates.noindex/PrimJS.build/Debug-iphonesimulator/PrimJS.build/Objects-normal/undefined_arch
    export PER_ARCH_OBJECT_FILE_DIR\=/Users/runner/Library/Developer/Xcode/DerivedData/SparklingGo-gaxngdfqfnurlideafnykwrjqgdj/Build/Intermediates.noindex/PrimJS.build/Debug-iphonesimulator/PrimJS.build/Objects-normal/undefined_arch
    export PER_VARIANT_OBJECT_FILE_DIR\=/Users/runner/Library/Developer/Xcode/DerivedData/SparklingGo-gaxngdfqfnurlideafnykwrjqgdj/Build/Intermediates.noindex/PrimJS.build/Debug-iphonesimulator/PrimJS.build/Objects-normal
    export PKGINFO_FILE_PATH\=/Users/runner/Library/Developer/Xcode/DerivedData/SparklingGo-gaxngdfqfnurlideafnykwrjqgdj/Build/Intermediates.noindex/PrimJS.build/Debug-iphonesimulator/PrimJS.build/PkgInfo
    export PKGINFO_PATH\=PrimJS.framework/PkgInfo
    export PLATFORM_DEVELOPER_APPLICATIONS_DIR\=/Applications/Xcode.app/Contents/Developer/Platforms/iPhoneSimulator.platform/Developer/Applications
    export PLATFORM_DEVELOPER_BIN_DIR\=/Applications/Xcode.app/Contents/Developer/Platforms/iPhoneSimulator.platform/Developer/usr/bin
    export PLATFORM_DEVELOPER_LIBRARY_DIR\=/Applications/Xcode.app/Contents/Developer/Platforms/iPhoneSimulator.platform/Developer/Library
    export PLATFORM_DEVELOPER_SDK_DIR\=/Applications/Xcode.app/Contents/Developer/Platforms/iPhoneSimulator.platform/Developer/SDKs
    export PLATFORM_DEVELOPER_TOOLS_DIR\=/Applications/Xcode.app/Contents/Developer/Platforms/iPhoneSimulator.platform/Developer/Tools
    export PLATFORM_DEVELOPER_USR_DIR\=/Applications/Xcode.app/Contents/Developer/Platforms/iPhoneSimulator.platform/Developer/usr
    export PLATFORM_DIR\=/Applications/Xcode.app/Contents/Developer/Platforms/iPhoneSimulator.platform
    export PLATFORM_DISPLAY_NAME\=iOS\ Simulator
    export PLATFORM_FAMILY_NAME\=iOS
    export PLATFORM_NAME\=iphonesimulator
    export PLATFORM_PREFERRED_ARCH\=x86_64
    export PLATFORM_PRODUCT_BUILD_VERSION\=23F73
    export PLATFORM_REQUIRES_SWIFT_AUTOLINK_EXTRACT\=NO
    export PLATFORM_REQUIRES_SWIFT_MODULEWRAP\=NO
    export PLATFORM_USES_DSYMS\=YES
    export PLIST_FILE_OUTPUT_FORMAT\=binary
    export PLUGINS_FOLDER_PATH\=PrimJS.framework/PlugIns
    export PODS_BUILD_DIR\=/Users/runner/Library/Developer/Xcode/DerivedData/SparklingGo-gaxngdfqfnurlideafnykwrjqgdj/Build/Products
    export PODS_CONFIGURATION_BUILD_DIR\=/Users/runner/Library/Developer/Xcode/DerivedData/SparklingGo-gaxngdfqfnurlideafnykwrjqgdj/Build/Products/Debug-iphonesimulator
    export PODS_DEVELOPMENT_LANGUAGE\=en
    export PODS_ROOT\=/Users/runner/token-economics/lynx-benchmark/ios/Pods
    export PODS_TARGET_SRCROOT\=/Users/runner/token-economics/lynx-benchmark/ios/Pods/PrimJS
    export PODS_XCFRAMEWORKS_BUILD_DIR\=/Users/runner/Library/Developer/Xcode/DerivedData/SparklingGo-gaxngdfqfnurlideafnykwrjqgdj/Build/Products/Debug-iphonesimulator/XCFrameworkIntermediates
    export PRECOMPS_INCLUDE_HEADERS_FROM_BUILT_PRODUCTS_DIR\=YES
    export PRECOMP_DESTINATION_DIR\=/Users/runner/Library/Developer/Xcode/DerivedData/SparklingGo-gaxngdfqfnurlideafnykwrjqgdj/Build/Intermediates.noindex/PrimJS.build/Debug-iphonesimulator/PrimJS.build/PrefixHeaders
    export PRIVATE_HEADERS_FOLDER_PATH\=PrimJS.framework/PrivateHeaders
    export PROCESSED_INFOPLIST_PATH\=/Users/runner/Library/Developer/Xcode/DerivedData/SparklingGo-gaxngdfqfnurlideafnykwrjqgdj/Build/Intermediates.noindex/PrimJS.build/Debug-iphonesimulator/PrimJS.build/Objects-normal/undefined_arch/Processed-Info.plist
    export PRODUCT_BUNDLE_IDENTIFIER\=org.cocoapods.PrimJS
    export PRODUCT_BUNDLE_PACKAGE_TYPE\=FMWK
    export PRODUCT_MODULE_NAME\=PrimJS
    export PRODUCT_NAME\=PrimJS
    export PRODUCT_SETTINGS_PATH\=/Users/runner/token-economics/lynx-benchmark/ios/Pods/Target\ Support\ Files/PrimJS/PrimJS-Info.plist
    export PRODUCT_TYPE\=com.apple.product-type.framework
    export PROFILING_CODE\=NO
    export PROJECT\=PrimJS
    export PROJECT_DERIVED_FILE_DIR\=/Users/runner/Library/Developer/Xcode/DerivedData/SparklingGo-gaxngdfqfnurlideafnykwrjqgdj/Build/Intermediates.noindex/PrimJS.build/DerivedSources
    export PROJECT_DIR\=/Users/runner/token-economics/lynx-benchmark/ios/Pods
    export PROJECT_FILE_PATH\=/Users/runner/token-economics/lynx-benchmark/ios/Pods/PrimJS.xcodeproj
    export PROJECT_GUID\=45d0aa31647d9ef9b6ecd67ba03eddd1
    export PROJECT_NAME\=PrimJS
    export PROJECT_TEMP_DIR\=/Users/runner/Library/Developer/Xcode/DerivedData/SparklingGo-gaxngdfqfnurlideafnykwrjqgdj/Build/Intermediates.noindex/PrimJS.build
    export PROJECT_TEMP_ROOT\=/Users/runner/Library/Developer/Xcode/DerivedData/SparklingGo-gaxngdfqfnurlideafnykwrjqgdj/Build/Intermediates.noindex
    export PUBLIC_HEADERS_FOLDER_PATH\=PrimJS.framework/Headers
    export RECOMMENDED_IPHONEOS_DEPLOYMENT_TARGET\=15.0
    export RECURSIVE_SEARCH_PATHS_FOLLOW_SYMLINKS\=YES
    export REMOVE_CVS_FROM_RESOURCES\=YES
    export REMOVE_GIT_FROM_RESOURCES\=YES
    export REMOVE_HEADERS_FROM_EMBEDDED_BUNDLES\=YES
    export REMOVE_HG_FROM_RESOURCES\=YES
    export REMOVE_STATIC_EXECUTABLES_FROM_EMBEDDED_BUNDLES\=YES
    export REMOVE_SVN_FROM_RESOURCES\=YES
    export RESCHEDULE_INDEPENDENT_HEADERS_PHASES\=YES
    export REZ_COLLECTOR_DIR\=/Users/runner/Library/Developer/Xcode/DerivedData/SparklingGo-gaxngdfqfnurlideafnykwrjqgdj/Build/Intermediates.noindex/PrimJS.build/Debug-iphonesimulator/PrimJS.build/ResourceManagerResources
    export REZ_OBJECTS_DIR\=/Users/runner/Library/Developer/Xcode/DerivedData/SparklingGo-gaxngdfqfnurlideafnykwrjqgdj/Build/Intermediates.noindex/PrimJS.build/Debug-iphonesimulator/PrimJS.build/ResourceManagerResources/Objects
    export REZ_SEARCH_PATHS\=/Users/runner/Library/Developer/Xcode/DerivedData/SparklingGo-gaxngdfqfnurlideafnykwrjqgdj/Build/Products/Debug-iphonesimulator/PrimJS\ 
    export RPATH_ORIGIN\=@loader_path
    export RUNTIME_EXCEPTION_ALLOW_DYLD_ENVIRONMENT_VARIABLES\=NO
    export RUNTIME_EXCEPTION_ALLOW_JIT\=NO
    export RUNTIME_EXCEPTION_ALLOW_UNSIGNED_EXECUTABLE_MEMORY\=NO
    export RUNTIME_EXCEPTION_DEBUGGING_TOOL\=NO
    export RUNTIME_EXCEPTION_DISABLE_EXECUTABLE_PAGE_PROTECTION\=NO
    export RUNTIME_EXCEPTION_DISABLE_LIBRARY_VALIDATION\=NO
    export SCANNING_PCM_KEEP_CACHE_DIRECTORY\=YES
    export SCAN_ALL_SOURCE_FILES_FOR_INCLUDES\=NO
    export SCRIPTS_FOLDER_PATH\=PrimJS.framework/Scripts
    export SCRIPT_INPUT_FILE_COUNT\=0
    export SCRIPT_INPUT_FILE_LIST_COUNT\=0
    export SCRIPT_OUTPUT_FILE_COUNT\=0
    export SCRIPT_OUTPUT_FILE_LIST_COUNT\=0
    export SDKROOT\=/Applications/Xcode.app/Contents/Developer/Platforms/iPhoneSimulator.platform/Developer/SDKs/iPhoneSimulator26.5.sdk
    export SDK_DIR\=/Applications/Xcode.app/Contents/Developer/Platforms/iPhoneSimulator.platform/Developer/SDKs/iPhoneSimulator26.5.sdk
    export SDK_DIR_iphonesimulator\=/Applications/Xcode.app/Contents/Developer/Platforms/iPhoneSimulator.platform/Developer/SDKs/iPhoneSimulator26.5.sdk
    export SDK_DIR_iphonesimulator26_5\=/Applications/Xcode.app/Contents/Developer/Platforms/iPhoneSimulator.platform/Developer/SDKs/iPhoneSimulator26.5.sdk
    export SDK_NAME\=iphonesimulator26.5
    export SDK_NAMES\=iphonesimulator26.5
    export SDK_PRODUCT_BUILD_VERSION\=23F73
    export SDK_STAT_CACHE_DIR\=/Users/runner/Library/Developer/Xcode/DerivedData
    export SDK_STAT_CACHE_ENABLE\=YES
    export SDK_STAT_CACHE_PATH\=/Users/runner/Library/Developer/Xcode/DerivedData/SDKStatCaches.noindex/iphonesimulator26.5-23F73-688ef53f1462e2c8f657fdc38a81448f6cfe768891a92b912361537c460fe42b.sdkstatcache
    export SDK_VERSION\=26.5
    export SDK_VERSION_ACTUAL\=260500
    export SDK_VERSION_MAJOR\=260000
    export SDK_VERSION_MINOR\=260500
    export SED\=/usr/bin/sed
    export SEPARATE_STRIP\=NO
    export SEPARATE_SYMBOL_EDIT\=NO
    export SET_DIR_MODE_OWNER_GROUP\=YES
    export SET_FILE_MODE_OWNER_GROUP\=NO
    export SHALLOW_BUNDLE\=YES
    export SHALLOW_BUNDLE_TRIPLE\=ios-simulator
    export SHALLOW_BUNDLE_ios_macabi\=NO
    export SHALLOW_BUNDLE_macos\=NO
    export SHARED_DERIVED_FILE_DIR\=/Users/runner/Library/Developer/Xcode/DerivedData/SparklingGo-gaxngdfqfnurlideafnykwrjqgdj/Build/Products/Debug-iphonesimulator/PrimJS/DerivedSources
    export SHARED_FRAMEWORKS_FOLDER_PATH\=PrimJS.framework/SharedFrameworks
    export SHARED_PRECOMPS_DIR\=/Users/runner/Library/Developer/Xcode/DerivedData/SparklingGo-gaxngdfqfnurlideafnykwrjqgdj/Build/Intermediates.noindex/PrecompiledHeaders
    export SHARED_SUPPORT_FOLDER_PATH\=PrimJS.framework
    export SKIP_INSTALL\=YES
    export SKIP_MERGEABLE_LIBRARY_BUNDLE_HOOK\=NO
    export SOURCE_ROOT\=/Users/runner/token-economics/lynx-benchmark/ios/Pods
    export SRCROOT\=/Users/runner/token-economics/lynx-benchmark/ios/Pods
    export STRINGSDATA_DIR\=/Users/runner/Library/Developer/Xcode/DerivedData/SparklingGo-gaxngdfqfnurlideafnykwrjqgdj/Build/Intermediates.noindex/PrimJS.build/Debug-iphonesimulator/PrimJS.build/Objects-normal/undefined_arch
    export STRINGSDATA_ROOT\=/Users/runner/Library/Developer/Xcode/DerivedData/SparklingGo-gaxngdfqfnurlideafnykwrjqgdj/Build/Intermediates.noindex/PrimJS.build/Debug-iphonesimulator/PrimJS.build
    export STRINGS_FILE_INFOPLIST_RENAME\=YES
    export STRINGS_FILE_OUTPUT_ENCODING\=binary
    export STRING_CATALOG_GENERATE_SYMBOLS\=NO
    export STRIP_BITCODE_FROM_COPIED_FILES\=NO
    export STRIP_INSTALLED_PRODUCT\=NO
    export STRIP_STYLE\=debugging
    export STRIP_SWIFT_SYMBOLS\=YES
    export SUPPORTED_DEVICE_FAMILIES\=1,2
    export SUPPORTED_PLATFORMS\=iphoneos\ iphonesimulator
    export SUPPORTS_TEXT_BASED_API\=NO
    export SUPPRESS_WARNINGS\=NO
    export SWIFT_ACTIVE_COMPILATION_CONDITIONS\=DEBUG\ 
    export SWIFT_EMIT_CONST_VALUE_PROTOCOLS\=AnyResolverProviding\ AppEntity\ AppEnum\ AppExtension\ AppIntent\ AppIntentsPackage\ AppShortcutProviding\ AppShortcutsProvider\ DynamicOptionsProvider\ EntityQuery\ ExtensionPointDefining\ IntentValueQuery\ Resolver\ TransientEntity\ _AssistantIntentsProvider\ _GenerativeFunctionExtractable\ _IntentValueRepresentable
    export SWIFT_EMIT_LOC_STRINGS\=NO
    export SWIFT_ENABLE_EXPLICIT_MODULES\=YES
    export SWIFT_INSTALL_MODULE_FOR_DEPLOYMENT\=YES
    export SWIFT_INSTALL_OBJC_HEADER\=YES
    export SWIFT_OPTIMIZATION_LEVEL\=-Onone
    export SWIFT_PLATFORM_TARGET_PREFIX\=ios
    export SWIFT_RESPONSE_FILE_PATH_normal_arm64\=/Users/runner/Library/Developer/Xcode/DerivedData/SparklingGo-gaxngdfqfnurlideafnykwrjqgdj/Build/Intermediates.noindex/PrimJS.build/Debug-iphonesimulator/PrimJS.build/Objects-normal/arm64/PrimJS.SwiftFileList
    export SWIFT_RESPONSE_FILE_PATH_normal_x86_64\=/Users/runner/Library/Developer/Xcode/DerivedData/SparklingGo-gaxngdfqfnurlideafnykwrjqgdj/Build/Intermediates.noindex/PrimJS.build/Debug-iphonesimulator/PrimJS.build/Objects-normal/x86_64/PrimJS.SwiftFileList
    export SWIFT_VERSION\=5.0
    export SYMROOT\=/Users/runner/Library/Developer/Xcode/DerivedData/SparklingGo-gaxngdfqfnurlideafnykwrjqgdj/Build/Products
    export SYSTEM_ADMIN_APPS_DIR\=/Applications/Utilities
    export SYSTEM_APPS_DIR\=/Applications
    export SYSTEM_CORE_SERVICES_DIR\=/System/Library/CoreServices
    export SYSTEM_DEMOS_DIR\=/Applications/Extras
    export SYSTEM_DEVELOPER_APPS_DIR\=/Applications/Xcode.app/Contents/Developer/Applications
    export SYSTEM_DEVELOPER_BIN_DIR\=/Applications/Xcode.app/Contents/Developer/usr/bin
    export SYSTEM_DEVELOPER_DEMOS_DIR\=/Applications/Xcode.app/Contents/Developer/Applications/Utilities/Built\ Examples
    export SYSTEM_DEVELOPER_DIR\=/Applications/Xcode.app/Contents/Developer
    export SYSTEM_DEVELOPER_DOC_DIR\=/Applications/Xcode.app/Contents/Developer/ADC\ Reference\ Library
    export SYSTEM_DEVELOPER_GRAPHICS_TOOLS_DIR\=/Applications/Xcode.app/Contents/Developer/Applications/Graphics\ Tools
    export SYSTEM_DEVELOPER_JAVA_TOOLS_DIR\=/Applications/Xcode.app/Contents/Developer/Applications/Java\ Tools
    export SYSTEM_DEVELOPER_PERFORMANCE_TOOLS_DIR\=/Applications/Xcode.app/Contents/Developer/Applications/Performance\ Tools
    export SYSTEM_DEVELOPER_RELEASENOTES_DIR\=/Applications/Xcode.app/Contents/Developer/ADC\ Reference\ Library/releasenotes
    export SYSTEM_DEVELOPER_TOOLS\=/Applications/Xcode.app/Contents/Developer/Tools
    export SYSTEM_DEVELOPER_TOOLS_DOC_DIR\=/Applications/Xcode.app/Contents/Developer/ADC\ Reference\ Library/documentation/DeveloperTools
    export SYSTEM_DEVELOPER_TOOLS_RELEASENOTES_DIR\=/Applications/Xcode.app/Contents/Developer/ADC\ Reference\ Library/releasenotes/DeveloperTools
    export SYSTEM_DEVELOPER_USR_DIR\=/Applications/Xcode.app/Contents/Developer/usr
    export SYSTEM_DEVELOPER_UTILITIES_DIR\=/Applications/Xcode.app/Contents/Developer/Applications/Utilities
    export SYSTEM_DEXT_INSTALL_PATH\=/System/Library/DriverExtensions
    export SYSTEM_DOCUMENTATION_DIR\=/Library/Documentation
    export SYSTEM_EXTENSIONS_FOLDER_PATH\=PrimJS.framework/SystemExtensions
    export SYSTEM_EXTENSIONS_FOLDER_PATH_SHALLOW_BUNDLE_NO\=PrimJS.framework/Library/SystemExtensions
    export SYSTEM_EXTENSIONS_FOLDER_PATH_SHALLOW_BUNDLE_YES\=PrimJS.framework/SystemExtensions
    export SYSTEM_KEXT_INSTALL_PATH\=/System/Library/Extensions
    export SYSTEM_LIBRARY_DIR\=/System/Library
    export TAPI_DEMANGLE\=YES
    export TAPI_ENABLE_PROJECT_HEADERS\=NO
    export TAPI_LANGUAGE\=objective-c
    export TAPI_LANGUAGE_STANDARD\=compiler-default
    export TAPI_USE_SRCROOT\=YES
    export TAPI_VERIFY_MODE\=Pedantic
    export TARGETED_DEVICE_FAMILY\=1,2
    export TARGETNAME\=PrimJS
    export TARGET_BUILD_DIR\=/Users/runner/Library/Developer/Xcode/DerivedData/SparklingGo-gaxngdfqfnurlideafnykwrjqgdj/Build/Products/Debug-iphonesimulator/PrimJS
    export TARGET_NAME\=PrimJS
    export TARGET_TEMP_DIR\=/Users/runner/Library/Developer/Xcode/DerivedData/SparklingGo-gaxngdfqfnurlideafnykwrjqgdj/Build/Intermediates.noindex/PrimJS.build/Debug-iphonesimulator/PrimJS.build
    export TEMP_DIR\=/Users/runner/Library/Developer/Xcode/DerivedData/SparklingGo-gaxngdfqfnurlideafnykwrjqgdj/Build/Intermediates.noindex/PrimJS.build/Debug-iphonesimulator/PrimJS.build
    export TEMP_FILES_DIR\=/Users/runner/Library/Developer/Xcode/DerivedData/SparklingGo-gaxngdfqfnurlideafnykwrjqgdj/Build/Intermediates.noindex/PrimJS.build/Debug-iphonesimulator/PrimJS.build
    export TEMP_FILE_DIR\=/Users/runner/Library/Developer/Xcode/DerivedData/SparklingGo-gaxngdfqfnurlideafnykwrjqgdj/Build/Intermediates.noindex/PrimJS.build/Debug-iphonesimulator/PrimJS.build
    export TEMP_ROOT\=/Users/runner/Library/Developer/Xcode/DerivedData/SparklingGo-gaxngdfqfnurlideafnykwrjqgdj/Build/Intermediates.noindex
    export TEMP_SANDBOX_DIR\=/Users/runner/Library/Developer/Xcode/DerivedData/SparklingGo-gaxngdfqfnurlideafnykwrjqgdj/Build/Intermediates.noindex/TemporaryTaskSandboxes
    export TEST_FRAMEWORK_SEARCH_PATHS\=\ /Applications/Xcode.app/Contents/Developer/Platforms/iPhoneSimulator.platform/Developer/Library/Frameworks\ /Applications/Xcode.app/Contents/Developer/Platforms/iPhoneSimulator.platform/Developer/SDKs/iPhoneSimulator26.5.sdk/Developer/Library/Frameworks
    export TEST_LIBRARY_SEARCH_PATHS\=\ /Applications/Xcode.app/Contents/Developer/Platforms/iPhoneSimulator.platform/Developer/usr/lib
    export TOOLCHAINS\=com.apple.dt.toolchain.Metal.32023.883\ com.apple.dt.toolchain.XcodeDefault
    export TOOLCHAIN_DIR\=/var/run/com.apple.security.cryptexd/mnt/com.apple.MobileAsset.MetalToolchain-v17.6.42.0.xRBJyY/Metal.xctoolchain
    export TOOLCHAIN_VERSION\=32023.883
    export TREAT_MISSING_BASELINES_AS_TEST_FAILURES\=NO
    export TREAT_MISSING_SCRIPT_PHASE_OUTPUTS_AS_ERRORS\=NO
    export TeamIdentifierPrefix\=U56623MFCT.
    export UID\=501
    export UNINSTALLED_PRODUCTS_DIR\=/Users/runner/Library/Developer/Xcode/DerivedData/SparklingGo-gaxngdfqfnurlideafnykwrjqgdj/Build/Intermediates.noindex/UninstalledProducts
    export UNLOCALIZED_RESOURCES_FOLDER_PATH\=PrimJS.framework
    export UNLOCALIZED_RESOURCES_FOLDER_PATH_SHALLOW_BUNDLE_NO\=PrimJS.framework/Resources
    export UNLOCALIZED_RESOURCES_FOLDER_PATH_SHALLOW_BUNDLE_YES\=PrimJS.framework
    export UNSTRIPPED_PRODUCT\=NO
    export USER\=runner
    export USER_APPS_DIR\=/Users/runner/Applications
    export USER_LIBRARY_DIR\=/Users/runner/Library
    export USE_DYNAMIC_NO_PIC\=YES
    export USE_HEADERMAP\=YES
    export USE_HEADER_SYMLINKS\=NO
    export USE_RECURSIVE_SCRIPT_INPUTS_IN_SCRIPT_PHASES\=YES
    export VALIDATE_DEVELOPMENT_ASSET_PATHS\=YES_ERROR
    export VALIDATE_PRODUCT\=NO
    export VALID_ARCHS\=arm64\ x86_64
    export VERBOSE_PBXCP\=NO
    export VERSIONING_SYSTEM\=apple-generic
    export VERSIONPLIST_PATH\=PrimJS.framework/version.plist
    export VERSIONS_FOLDER_PATH\=PrimJS.framework
    export VERSIONS_FOLDER_PATH_SHALLOW_BUNDLE_NO\=PrimJS.framework/Versions
    export VERSIONS_FOLDER_PATH_SHALLOW_BUNDLE_YES\=PrimJS.framework
    export VERSION_INFO_BUILDER\=runner
    export VERSION_INFO_FILE\=PrimJS_vers.c
    export VERSION_INFO_STRING\=\"@\(\#\)PROGRAM:PrimJS\ \ PROJECT:PrimJS-1\"
    export WORKSPACE_DIR\=/Users/runner/token-economics/lynx-benchmark/ios
    export WRAPPER_EXTENSION\=framework
    export WRAPPER_NAME\=PrimJS.framework
    export WRAPPER_SUFFIX\=.framework
    export WRAP_ASSET_PACKS_IN_SEPARATE_DIRECTORIES\=NO
    export XCODE_APP_SUPPORT_DIR\=/Applications/Xcode.app/Contents/Developer/Library/Xcode
    export XCODE_PRODUCT_BUILD_VERSION\=17F42
    export XCODE_VERSION_ACTUAL\=2650
    export XCODE_VERSION_MAJOR\=2600
    export XCODE_VERSION_MINOR\=2650
    export XPCSERVICES_FOLDER_PATH\=PrimJS.framework/XPCServices
    export YACC\=yacc
    export _DISCOVER_COMMAND_LINE_LINKER_INPUTS\=YES
    export _DISCOVER_COMMAND_LINE_LINKER_INPUTS_INCLUDE_WL\=YES
    export _LD_MULTIARCH\=YES
    export _WRAPPER_CONTENTS_DIR_SHALLOW_BUNDLE_NO\=/Contents
    export _WRAPPER_PARENT_PATH_SHALLOW_BUNDLE_NO\=/..
    export _WRAPPER_RESOURCES_DIR_SHALLOW_BUNDLE_NO\=/Resources
    export __DIAGNOSE_DEPRECATED_ARCHS\=YES
    export __ORIGINAL_SDK_DEFINED_LLVM_TARGET_TRIPLE_SYS\=ios
    export arch\=undefined_arch
    export variant\=normal
    /bin/sh -c /Users/runner/Library/Developer/Xcode/DerivedData/SparklingGo-gaxngdfqfnurlideafnykwrjqgdj/Build/Intermediates.noindex/PrimJS.build/Debug-iphonesimulator/PrimJS.build/Script-FF103D3D6CA2DCFABDFA77A0E1722A47.sh

CodeSign /Users/runner/Library/Developer/Xcode/DerivedData/SparklingGo-gaxngdfqfnurlideafnykwrjqgdj/Build/Products/Debug-iphonesimulator/DebugRouter/DebugRouter.framework (in target 'DebugRouter' from project 'DebugRouter')
    cd /Users/runner/token-economics/lynx-benchmark/ios/Pods
    
    Signing Identity:     "Sign to Run Locally"
    
    /usr/bin/codesign --force --sign - --timestamp\=none --generate-entitlement-der /Users/runner/Library/Developer/Xcode/DerivedData/SparklingGo-gaxngdfqfnurlideafnykwrjqgdj/Build/Products/Debug-iphonesimulator/DebugRouter/DebugRouter.framework

GenerateTAPI /Users/runner/Library/Developer/Xcode/DerivedData/SparklingGo-gaxngdfqfnurlideafnykwrjqgdj/Build/Intermediates.noindex/EagerLinkingTBDs/Debug-iphonesimulator/PrimJS.framework/PrimJS.tbd (in target 'PrimJS' from project 'PrimJS')
    cd /Users/runner/token-economics/lynx-benchmark/ios/Pods
    /Applications/Xcode.app/Contents/Developer/Toolchains/XcodeDefault.xctoolchain/usr/bin/tapi stubify -isysroot /Applications/Xcode.app/Contents/Developer/Platforms/iPhoneSimulator.platform/Developer/SDKs/iPhoneSimulator26.5.sdk -F/Users/runner/Library/Developer/Xcode/DerivedData/SparklingGo-gaxngdfqfnurlideafnykwrjqgdj/Build/Products/Debug-iphonesimulator/PrimJS -L/Users/runner/Library/Developer/Xcode/DerivedData/SparklingGo-gaxngdfqfnurlideafnykwrjqgdj/Build/Products/Debug-iphonesimulator/PrimJS /Users/runner/Library/Developer/Xcode/DerivedData/SparklingGo-gaxngdfqfnurlideafnykwrjqgdj/Build/Products/Debug-iphonesimulator/PrimJS/PrimJS.framework/PrimJS -o /Users/runner/Library/Developer/Xcode/DerivedData/SparklingGo-gaxngdfqfnurlideafnykwrjqgdj/Build/Intermediates.noindex/EagerLinkingTBDs/Debug-iphonesimulator/PrimJS.framework/PrimJS.tbd

CreateUniversalBinary /Users/runner/Library/Developer/Xcode/DerivedData/SparklingGo-gaxngdfqfnurlideafnykwrjqgdj/Build/Products/Debug-iphonesimulator/SnapKit/SnapKit.framework/SnapKit normal arm64\ x86_64 (in target 'SnapKit' from project 'SnapKit')
    cd /Users/runner/token-economics/lynx-benchmark/ios/Pods
    /Applications/Xcode.app/Contents/Developer/Toolchains/XcodeDefault.xctoolchain/usr/bin/lipo -create /Users/runner/Library/Developer/Xcode/DerivedData/SparklingGo-gaxngdfqfnurlideafnykwrjqgdj/Build/Intermediates.noindex/SnapKit.build/Debug-iphonesimulator/SnapKit.build/Objects-normal/arm64/Binary/SnapKit /Users/runner/Library/Developer/Xcode/DerivedData/SparklingGo-gaxngdfqfnurlideafnykwrjqgdj/Build/Intermediates.noindex/SnapKit.build/Debug-iphonesimulator/SnapKit.build/Objects-normal/x86_64/Binary/SnapKit -output /Users/runner/Library/Developer/Xcode/DerivedData/SparklingGo-gaxngdfqfnurlideafnykwrjqgdj/Build/Products/Debug-iphonesimulator/SnapKit/SnapKit.framework/SnapKit

Ld /Users/runner/Library/Developer/Xcode/DerivedData/SparklingGo-gaxngdfqfnurlideafnykwrjqgdj/Build/Intermediates.noindex/LynxBase.build/Debug-iphonesimulator/LynxBase.build/Objects-normal/x86_64/Binary/LynxBase normal x86_64 (in target 'LynxBase' from project 'LynxBase')
    cd /Users/runner/token-economics/lynx-benchmark/ios/Pods
    /Applications/Xcode.app/Contents/Developer/Toolchains/XcodeDefault.xctoolchain/usr/bin/clang++ -Xlinker -reproducible -target x86_64-apple-ios10.0-simulator -dynamiclib -isysroot /Applications/Xcode.app/Contents/Developer/Platforms/iPhoneSimulator.platform/Developer/SDKs/iPhoneSimulator26.5.sdk -O0 -L/Users/runner/Library/Developer/Xcode/DerivedData/SparklingGo-gaxngdfqfnurlideafnykwrjqgdj/Build/Intermediates.noindex/EagerLinkingTBDs/Debug-iphonesimulator -L/Users/runner/Library/Developer/Xcode/DerivedData/SparklingGo-gaxngdfqfnurlideafnykwrjqgdj/Build/Products/Debug-iphonesimulator/LynxBase -F/Users/runner/Library/Developer/Xcode/DerivedData/SparklingGo-gaxngdfqfnurlideafnykwrjqgdj/Build/Intermediates.noindex/EagerLinkingTBDs/Debug-iphonesimulator -F/Users/runner/Library/Developer/Xcode/DerivedData/SparklingGo-gaxngdfqfnurlideafnykwrjqgdj/Build/Products/Debug-iphonesimulator/LynxBase -F/Users/runner/Library/Developer/Xcode/DerivedData/SparklingGo-gaxngdfqfnurlideafnykwrjqgdj/Build/Products/Debug-iphonesimulator/LynxServiceAPI -filelist /Users/runner/Library/Developer/Xcode/DerivedData/SparklingGo-gaxngdfqfnurlideafnykwrjqgdj/Build/Intermediates.noindex/LynxBase.build/Debug-iphonesimulator/LynxBase.build/Objects-normal/x86_64/LynxBase.LinkFileList -install_name @rpath/LynxBase.framework/LynxBase -Xlinker -rpath -Xlinker @executable_path/Frameworks -Xlinker -rpath -Xlinker @loader_path/Frameworks -Xlinker -dead_strip -Xlinker -object_path_lto -Xlinker /Users/runner/Library/Developer/Xcode/DerivedData/SparklingGo-gaxngdfqfnurlideafnykwrjqgdj/Build/Intermediates.noindex/LynxBase.build/Debug-iphonesimulator/LynxBase.build/Objects-normal/x86_64/LynxBase_lto.o -rdynamic -Xlinker -no_deduplicate -Xlinker -objc_abi_version -Xlinker 2 -Xlinker -debug_variant -Xlinker -dependency_info -Xlinker /Users/runner/Library/Developer/Xcode/DerivedData/SparklingGo-gaxngdfqfnurlideafnykwrjqgdj/Build/Intermediates.noindex/LynxBase.build/Debug-iphonesimulator/LynxBase.build/Objects-normal/x86_64/LynxBase_dependency_info.dat -stdlib\=libc++ -fobjc-arc -fobjc-link-runtime -fprofile-instr-generate -lstdc++ -framework LynxServiceAPI -framework Foundation -Xlinker -no_adhoc_codesign -compatibility_version 1 -current_version 1 -o /Users/runner/Library/Developer/Xcode/DerivedData/SparklingGo-gaxngdfqfnurlideafnykwrjqgdj/Build/Intermediates.noindex/LynxBase.build/Debug-iphonesimulator/LynxBase.build/Objects-normal/x86_64/Binary/LynxBase
/Users/runner/token-economics/lynx-benchmark/ios/Pods/LynxBase.xcodeproj: LynxBase: ld: warning: ignoring duplicate libraries: '-lc++'

Ld /Users/runner/Library/Developer/Xcode/DerivedData/SparklingGo-gaxngdfqfnurlideafnykwrjqgdj/Build/Intermediates.noindex/SDWebImageWebPCoder.build/Debug-iphonesimulator/SDWebImageWebPCoder.build/Objects-normal/arm64/Binary/SDWebImageWebPCoder normal arm64 (in target 'SDWebImageWebPCoder' from project 'SDWebImageWebPCoder')
    cd /Users/runner/token-economics/lynx-benchmark/ios/Pods
    /Applications/Xcode.app/Contents/Developer/Toolchains/XcodeDefault.xctoolchain/usr/bin/clang -Xlinker -reproducible -target arm64-apple-ios9.0-simulator -dynamiclib -isysroot /Applications/Xcode.app/Contents/Developer/Platforms/iPhoneSimulator.platform/Developer/SDKs/iPhoneSimulator26.5.sdk -O0 -L/Users/runner/Library/Developer/Xcode/DerivedData/SparklingGo-gaxngdfqfnurlideafnykwrjqgdj/Build/Intermediates.noindex/EagerLinkingTBDs/Debug-iphonesimulator -L/Users/runner/Library/Developer/Xcode/DerivedData/SparklingGo-gaxngdfqfnurlideafnykwrjqgdj/Build/Products/Debug-iphonesimulator/SDWebImageWebPCoder -F/Users/runner/Library/Developer/Xcode/DerivedData/SparklingGo-gaxngdfqfnurlideafnykwrjqgdj/Build/Intermediates.noindex/EagerLinkingTBDs/Debug-iphonesimulator -F/Users/runner/Library/Developer/Xcode/DerivedData/SparklingGo-gaxngdfqfnurlideafnykwrjqgdj/Build/Products/Debug-iphonesimulator/SDWebImageWebPCoder -F/Users/runner/Library/Developer/Xcode/DerivedData/SparklingGo-gaxngdfqfnurlideafnykwrjqgdj/Build/Products/Debug-iphonesimulator/SDWebImage -F/Users/runner/Library/Developer/Xcode/DerivedData/SparklingGo-gaxngdfqfnurlideafnykwrjqgdj/Build/Products/Debug-iphonesimulator/libwebp -filelist /Users/runner/Library/Developer/Xcode/DerivedData/SparklingGo-gaxngdfqfnurlideafnykwrjqgdj/Build/Intermediates.noindex/SDWebImageWebPCoder.build/Debug-iphonesimulator/SDWebImageWebPCoder.build/Objects-normal/arm64/SDWebImageWebPCoder.LinkFileList -install_name @rpath/SDWebImageWebPCoder.framework/SDWebImageWebPCoder -Xlinker -rpath -Xlinker @executable_path/Frameworks -Xlinker -rpath -Xlinker @loader_path/Frameworks -Xlinker -dead_strip -Xlinker -object_path_lto -Xlinker /Users/runner/Library/Developer/Xcode/DerivedData/SparklingGo-gaxngdfqfnurlideafnykwrjqgdj/Build/Intermediates.noindex/SDWebImageWebPCoder.build/Debug-iphonesimulator/SDWebImageWebPCoder.build/Objects-normal/arm64/SDWebImageWebPCoder_lto.o -rdynamic -Xlinker -no_deduplicate -Xlinker -objc_abi_version -Xlinker 2 -Xlinker -debug_variant -Xlinker -dependency_info -Xlinker /Users/runner/Library/Developer/Xcode/DerivedData/SparklingGo-gaxngdfqfnurlideafnykwrjqgdj/Build/Intermediates.noindex/SDWebImageWebPCoder.build/Debug-iphonesimulator/SDWebImageWebPCoder.build/Objects-normal/arm64/SDWebImageWebPCoder_dependency_info.dat -fobjc-arc -fobjc-link-runtime -fprofile-instr-generate -framework ImageIO -framework SDWebImage -framework libwebp -framework Foundation -Xlinker -no_adhoc_codesign -compatibility_version 1 -current_version 1 -o /Users/runner/Library/Developer/Xcode/DerivedData/SparklingGo-gaxngdfqfnurlideafnykwrjqgdj/Build/Intermediates.noindex/SDWebImageWebPCoder.build/Debug-iphonesimulator/SDWebImageWebPCoder.build/Objects-normal/arm64/Binary/SDWebImageWebPCoder

ProcessInfoPlistFile /Users/runner/Library/Developer/Xcode/DerivedData/SparklingGo-gaxngdfqfnurlideafnykwrjqgdj/Build/Products/Debug-iphonesimulator/SDWebImageWebPCoder/SDWebImageWebPCoder.framework/Info.plist /Users/runner/token-economics/lynx-benchmark/ios/Pods/Target\ Support\ Files/SDWebImageWebPCoder/SDWebImageWebPCoder-Info.plist (in target 'SDWebImageWebPCoder' from project 'SDWebImageWebPCoder')
    cd /Users/runner/token-economics/lynx-benchmark/ios/Pods
    builtin-infoPlistUtility /Users/runner/token-economics/lynx-benchmark/ios/Pods/Target\ Support\ Files/SDWebImageWebPCoder/SDWebImageWebPCoder-Info.plist -producttype com.apple.product-type.framework -expandbuildsettings -format binary -platform iphonesimulator -o /Users/runner/Library/Developer/Xcode/DerivedData/SparklingGo-gaxngdfqfnurlideafnykwrjqgdj/Build/Products/Debug-iphonesimulator/SDWebImageWebPCoder/SDWebImageWebPCoder.framework/Info.plist

ExtractAppIntentsMetadata (in target 'SnapKit' from project 'SnapKit')
    cd /Users/runner/token-economics/lynx-benchmark/ios/Pods
    /Applications/Xcode.app/Contents/Developer/Toolchains/XcodeDefault.xctoolchain/usr/bin/appintentsmetadataprocessor --toolchain-dir /var/run/com.apple.security.cryptexd/mnt/com.apple.MobileAsset.MetalToolchain-v17.6.42.0.xRBJyY/Metal.xctoolchain --module-name SnapKit --sdk-root /Applications/Xcode.app/Contents/Developer/Platforms/iPhoneSimulator.platform/Developer/SDKs/iPhoneSimulator26.5.sdk --xcode-version 17F42 --platform-family iOS --deployment-target 12.0 --bundle-identifier org.cocoapods.SnapKit --output /Users/runner/Library/Developer/Xcode/DerivedData/SparklingGo-gaxngdfqfnurlideafnykwrjqgdj/Build/Products/Debug-iphonesimulator/SnapKit/SnapKit.framework --target-triple arm64-apple-ios12.0-simulator --target-triple x86_64-apple-ios12.0-simulator --binary-file /Users/runner/Library/Developer/Xcode/DerivedData/SparklingGo-gaxngdfqfnurlideafnykwrjqgdj/Build/Products/Debug-iphonesimulator/SnapKit/SnapKit.framework/SnapKit --dependency-file /Users/runner/Library/Developer/Xcode/DerivedData/SparklingGo-gaxngdfqfnurlideafnykwrjqgdj/Build/Intermediates.noindex/SnapKit.build/Debug-iphonesimulator/SnapKit.build/Objects-normal/arm64/SnapKit_dependency_info.dat --dependency-file /Users/runner/Library/Developer/Xcode/DerivedData/SparklingGo-gaxngdfqfnurlideafnykwrjqgdj/Build/Intermediates.noindex/SnapKit.build/Debug-iphonesimulator/SnapKit.build/Objects-normal/x86_64/SnapKit_dependency_info.dat --stringsdata-file /Users/runner/Library/Developer/Xcode/DerivedData/SparklingGo-gaxngdfqfnurlideafnykwrjqgdj/Build/Intermediates.noindex/SnapKit.build/Debug-iphonesimulator/SnapKit.build/Objects-normal/arm64/ExtractedAppShortcutsMetadata.stringsdata --stringsdata-file /Users/runner/Library/Developer/Xcode/DerivedData/SparklingGo-gaxngdfqfnurlideafnykwrjqgdj/Build/Intermediates.noindex/SnapKit.build/Debug-iphonesimulator/SnapKit.build/Objects-normal/x86_64/ExtractedAppShortcutsMetadata.stringsdata --source-file-list /Users/runner/Library/Developer/Xcode/DerivedData/SparklingGo-gaxngdfqfnurlideafnykwrjqgdj/Build/Intermediates.noindex/SnapKit.build/Debug-iphonesimulator/SnapKit.build/Objects-normal/arm64/SnapKit.SwiftFileList --source-file-list /Users/runner/Library/Developer/Xcode/DerivedData/SparklingGo-gaxngdfqfnurlideafnykwrjqgdj/Build/Intermediates.noindex/SnapKit.build/Debug-iphonesimulator/SnapKit.build/Objects-normal/x86_64/SnapKit.SwiftFileList --metadata-file-list /Users/runner/Library/Developer/Xcode/DerivedData/SparklingGo-gaxngdfqfnurlideafnykwrjqgdj/Build/Intermediates.noindex/SnapKit.build/Debug-iphonesimulator/SnapKit.build/SnapKit.DependencyMetadataFileList --static-metadata-file-list /Users/runner/Library/Developer/Xcode/DerivedData/SparklingGo-gaxngdfqfnurlideafnykwrjqgdj/Build/Intermediates.noindex/SnapKit.build/Debug-iphonesimulator/SnapKit.build/SnapKit.DependencyStaticMetadataFileList --swift-const-vals-list /Users/runner/Library/Developer/Xcode/DerivedData/SparklingGo-gaxngdfqfnurlideafnykwrjqgdj/Build/Intermediates.noindex/SnapKit.build/Debug-iphonesimulator/SnapKit.build/Objects-normal/arm64/SnapKit.SwiftConstValuesFileList --swift-const-vals-list /Users/runner/Library/Developer/Xcode/DerivedData/SparklingGo-gaxngdfqfnurlideafnykwrjqgdj/Build/Intermediates.noindex/SnapKit.build/Debug-iphonesimulator/SnapKit.build/Objects-normal/x86_64/SnapKit.SwiftConstValuesFileList --compile-time-extraction --deployment-aware-processing --validate-assistant-intents --no-app-shortcuts-localization
2026-07-25 16:08:09.852 appintentsmetadataprocessor[1993:16518701] Starting appintentsmetadataprocessor export
2026-07-25 16:08:09.854 appintentsmetadataprocessor[1993:16518701] warning: Metadata extraction skipped. No AppIntents.framework dependency found.

CodeSign /Users/runner/Library/Developer/Xcode/DerivedData/SparklingGo-gaxngdfqfnurlideafnykwrjqgdj/Build/Products/Debug-iphonesimulator/PrimJS/PrimJS.framework (in target 'PrimJS' from project 'PrimJS')
    cd /Users/runner/token-economics/lynx-benchmark/ios/Pods
    
    Signing Identity:     "Sign to Run Locally"
    
    /usr/bin/codesign --force --sign - --timestamp\=none --generate-entitlement-der /Users/runner/Library/Developer/Xcode/DerivedData/SparklingGo-gaxngdfqfnurlideafnykwrjqgdj/Build/Products/Debug-iphonesimulator/PrimJS/PrimJS.framework

GenerateTAPI /Users/runner/Library/Developer/Xcode/DerivedData/SparklingGo-gaxngdfqfnurlideafnykwrjqgdj/Build/Intermediates.noindex/EagerLinkingTBDs/Debug-iphonesimulator/SnapKit.framework/SnapKit.tbd (in target 'SnapKit' from project 'SnapKit')
    cd /Users/runner/token-economics/lynx-benchmark/ios/Pods
    /Applications/Xcode.app/Contents/Developer/Toolchains/XcodeDefault.xctoolchain/usr/bin/tapi stubify -isysroot /Applications/Xcode.app/Contents/Developer/Platforms/iPhoneSimulator.platform/Developer/SDKs/iPhoneSimulator26.5.sdk -F/Users/runner/Library/Developer/Xcode/DerivedData/SparklingGo-gaxngdfqfnurlideafnykwrjqgdj/Build/Products/Debug-iphonesimulator/SnapKit -L/Users/runner/Library/Developer/Xcode/DerivedData/SparklingGo-gaxngdfqfnurlideafnykwrjqgdj/Build/Products/Debug-iphonesimulator/SnapKit -L/var/run/com.apple.security.cryptexd/mnt/com.apple.MobileAsset.MetalToolchain-v17.6.42.0.xRBJyY/Metal.xctoolchain/usr/lib/swift/iphonesimulator -L/Applications/Xcode.app/Contents/Developer/Platforms/iPhoneSimulator.platform/Developer/SDKs/iPhoneSimulator26.5.sdk/usr/lib/swift -L/Applications/Xcode.app/Contents/Developer/Platforms/iPhoneSimulator.platform/Developer/SDKs/iPhoneSimulator26.5.sdk/usr/lib/swift /Users/runner/Library/Developer/Xcode/DerivedData/SparklingGo-gaxngdfqfnurlideafnykwrjqgdj/Build/Products/Debug-iphonesimulator/SnapKit/SnapKit.framework/SnapKit -o /Users/runner/Library/Developer/Xcode/DerivedData/SparklingGo-gaxngdfqfnurlideafnykwrjqgdj/Build/Intermediates.noindex/EagerLinkingTBDs/Debug-iphonesimulator/SnapKit.framework/SnapKit.tbd

CodeSign /Users/runner/Library/Developer/Xcode/DerivedData/SparklingGo-gaxngdfqfnurlideafnykwrjqgdj/Build/Products/Debug-iphonesimulator/SnapKit/SnapKit.framework (in target 'SnapKit' from project 'SnapKit')
    cd /Users/runner/token-economics/lynx-benchmark/ios/Pods
    
    Signing Identity:     "Sign to Run Locally"
    
    /usr/bin/codesign --force --sign - --timestamp\=none --generate-entitlement-der /Users/runner/Library/Developer/Xcode/DerivedData/SparklingGo-gaxngdfqfnurlideafnykwrjqgdj/Build/Products/Debug-iphonesimulator/SnapKit/SnapKit.framework

Ld /Users/runner/Library/Developer/Xcode/DerivedData/SparklingGo-gaxngdfqfnurlideafnykwrjqgdj/Build/Intermediates.noindex/SDWebImageWebPCoder.build/Debug-iphonesimulator/SDWebImageWebPCoder.build/Objects-normal/x86_64/Binary/SDWebImageWebPCoder normal x86_64 (in target 'SDWebImageWebPCoder' from project 'SDWebImageWebPCoder')
    cd /Users/runner/token-economics/lynx-benchmark/ios/Pods
    /Applications/Xcode.app/Contents/Developer/Toolchains/XcodeDefault.xctoolchain/usr/bin/clang -Xlinker -reproducible -target x86_64-apple-ios9.0-simulator -dynamiclib -isysroot /Applications/Xcode.app/Contents/Developer/Platforms/iPhoneSimulator.platform/Developer/SDKs/iPhoneSimulator26.5.sdk -O0 -L/Users/runner/Library/Developer/Xcode/DerivedData/SparklingGo-gaxngdfqfnurlideafnykwrjqgdj/Build/Intermediates.noindex/EagerLinkingTBDs/Debug-iphonesimulator -L/Users/runner/Library/Developer/Xcode/DerivedData/SparklingGo-gaxngdfqfnurlideafnykwrjqgdj/Build/Products/Debug-iphonesimulator/SDWebImageWebPCoder -F/Users/runner/Library/Developer/Xcode/DerivedData/SparklingGo-gaxngdfqfnurlideafnykwrjqgdj/Build/Intermediates.noindex/EagerLinkingTBDs/Debug-iphonesimulator -F/Users/runner/Library/Developer/Xcode/DerivedData/SparklingGo-gaxngdfqfnurlideafnykwrjqgdj/Build/Products/Debug-iphonesimulator/SDWebImageWebPCoder -F/Users/runner/Library/Developer/Xcode/DerivedData/SparklingGo-gaxngdfqfnurlideafnykwrjqgdj/Build/Products/Debug-iphonesimulator/SDWebImage -F/Users/runner/Library/Developer/Xcode/DerivedData/SparklingGo-gaxngdfqfnurlideafnykwrjqgdj/Build/Products/Debug-iphonesimulator/libwebp -filelist /Users/runner/Library/Developer/Xcode/DerivedData/SparklingGo-gaxngdfqfnurlideafnykwrjqgdj/Build/Intermediates.noindex/SDWebImageWebPCoder.build/Debug-iphonesimulator/SDWebImageWebPCoder.build/Objects-normal/x86_64/SDWebImageWebPCoder.LinkFileList -install_name @rpath/SDWebImageWebPCoder.framework/SDWebImageWebPCoder -Xlinker -rpath -Xlinker @executable_path/Frameworks -Xlinker -rpath -Xlinker @loader_path/Frameworks -Xlinker -dead_strip -Xlinker -object_path_lto -Xlinker /Users/runner/Library/Developer/Xcode/DerivedData/SparklingGo-gaxngdfqfnurlideafnykwrjqgdj/Build/Intermediates.noindex/SDWebImageWebPCoder.build/Debug-iphonesimulator/SDWebImageWebPCoder.build/Objects-normal/x86_64/SDWebImageWebPCoder_lto.o -rdynamic -Xlinker -no_deduplicate -Xlinker -objc_abi_version -Xlinker 2 -Xlinker -debug_variant -Xlinker -dependency_info -Xlinker /Users/runner/Library/Developer/Xcode/DerivedData/SparklingGo-gaxngdfqfnurlideafnykwrjqgdj/Build/Intermediates.noindex/SDWebImageWebPCoder.build/Debug-iphonesimulator/SDWebImageWebPCoder.build/Objects-normal/x86_64/SDWebImageWebPCoder_dependency_info.dat -fobjc-arc -fobjc-link-runtime -fprofile-instr-generate -framework ImageIO -framework SDWebImage -framework libwebp -framework Foundation -Xlinker -no_adhoc_codesign -compatibility_version 1 -current_version 1 -o /Users/runner/Library/Developer/Xcode/DerivedData/SparklingGo-gaxngdfqfnurlideafnykwrjqgdj/Build/Intermediates.noindex/SDWebImageWebPCoder.build/Debug-iphonesimulator/SDWebImageWebPCoder.build/Objects-normal/x86_64/Binary/SDWebImageWebPCoder

CreateUniversalBinary /Users/runner/Library/Developer/Xcode/DerivedData/SparklingGo-gaxngdfqfnurlideafnykwrjqgdj/Build/Products/Debug-iphonesimulator/LynxBase/LynxBase.framework/LynxBase normal arm64\ x86_64 (in target 'LynxBase' from project 'LynxBase')
    cd /Users/runner/token-economics/lynx-benchmark/ios/Pods
    /Applications/Xcode.app/Contents/Developer/Toolchains/XcodeDefault.xctoolchain/usr/bin/lipo -create /Users/runner/Library/Developer/Xcode/DerivedData/SparklingGo-gaxngdfqfnurlideafnykwrjqgdj/Build/Intermediates.noindex/LynxBase.build/Debug-iphonesimulator/LynxBase.build/Objects-normal/arm64/Binary/LynxBase /Users/runner/Library/Developer/Xcode/DerivedData/SparklingGo-gaxngdfqfnurlideafnykwrjqgdj/Build/Intermediates.noindex/LynxBase.build/Debug-iphonesimulator/LynxBase.build/Objects-normal/x86_64/Binary/LynxBase -output /Users/runner/Library/Developer/Xcode/DerivedData/SparklingGo-gaxngdfqfnurlideafnykwrjqgdj/Build/Products/Debug-iphonesimulator/LynxBase/LynxBase.framework/LynxBase

GenerateTAPI /Users/runner/Library/Developer/Xcode/DerivedData/SparklingGo-gaxngdfqfnurlideafnykwrjqgdj/Build/Intermediates.noindex/EagerLinkingTBDs/Debug-iphonesimulator/LynxBase.framework/LynxBase.tbd (in target 'LynxBase' from project 'LynxBase')
    cd /Users/runner/token-economics/lynx-benchmark/ios/Pods
    /Applications/Xcode.app/Contents/Developer/Toolchains/XcodeDefault.xctoolchain/usr/bin/tapi stubify -isysroot /Applications/Xcode.app/Contents/Developer/Platforms/iPhoneSimulator.platform/Developer/SDKs/iPhoneSimulator26.5.sdk -F/Users/runner/Library/Developer/Xcode/DerivedData/SparklingGo-gaxngdfqfnurlideafnykwrjqgdj/Build/Products/Debug-iphonesimulator/LynxBase -F/Users/runner/Library/Developer/Xcode/DerivedData/SparklingGo-gaxngdfqfnurlideafnykwrjqgdj/Build/Products/Debug-iphonesimulator/LynxServiceAPI -L/Users/runner/Library/Developer/Xcode/DerivedData/SparklingGo-gaxngdfqfnurlideafnykwrjqgdj/Build/Products/Debug-iphonesimulator/LynxBase /Users/runner/Library/Developer/Xcode/DerivedData/SparklingGo-gaxngdfqfnurlideafnykwrjqgdj/Build/Products/Debug-iphonesimulator/LynxBase/LynxBase.framework/LynxBase -o /Users/runner/Library/Developer/Xcode/DerivedData/SparklingGo-gaxngdfqfnurlideafnykwrjqgdj/Build/Intermediates.noindex/EagerLinkingTBDs/Debug-iphonesimulator/LynxBase.framework/LynxBase.tbd

CodeSign /Users/runner/Library/Developer/Xcode/DerivedData/SparklingGo-gaxngdfqfnurlideafnykwrjqgdj/Build/Products/Debug-iphonesimulator/LynxBase/LynxBase.framework (in target 'LynxBase' from project 'LynxBase')
    cd /Users/runner/token-economics/lynx-benchmark/ios/Pods
    
    Signing Identity:     "Sign to Run Locally"
    
    /usr/bin/codesign --force --sign - --timestamp\=none --generate-entitlement-der /Users/runner/Library/Developer/Xcode/DerivedData/SparklingGo-gaxngdfqfnurlideafnykwrjqgdj/Build/Products/Debug-iphonesimulator/LynxBase/LynxBase.framework

ProcessInfoPlistFile /Users/runner/Library/Developer/Xcode/DerivedData/SparklingGo-gaxngdfqfnurlideafnykwrjqgdj/Build/Products/Debug-iphonesimulator/Lynx/LynxResources.bundle/Info.plist /Users/runner/token-economics/lynx-benchmark/ios/Pods/Target\ Support\ Files/Lynx/ResourceBundle-LynxResources-Lynx-Info.plist (in target 'Lynx-LynxResources' from project 'Lynx')
    cd /Users/runner/token-economics/lynx-benchmark/ios/Pods
    builtin-infoPlistUtility /Users/runner/token-economics/lynx-benchmark/ios/Pods/Target\ Support\ Files/Lynx/ResourceBundle-LynxResources-Lynx-Info.plist -producttype com.apple.product-type.bundle -expandbuildsettings -format binary -platform iphonesimulator -o /Users/runner/Library/Developer/Xcode/DerivedData/SparklingGo-gaxngdfqfnurlideafnykwrjqgdj/Build/Products/Debug-iphonesimulator/Lynx/LynxResources.bundle/Info.plist

ProcessInfoPlistFile /Users/runner/Library/Developer/Xcode/DerivedData/SparklingGo-gaxngdfqfnurlideafnykwrjqgdj/Build/Products/Debug-iphonesimulator/Lynx/Lynx.framework/Info.plist /Users/runner/token-economics/lynx-benchmark/ios/Pods/Target\ Support\ Files/Lynx/Lynx-Info.plist (in target 'Lynx' from project 'Lynx')
    cd /Users/runner/token-economics/lynx-benchmark/ios/Pods
    builtin-infoPlistUtility /Users/runner/token-economics/lynx-benchmark/ios/Pods/Target\ Support\ Files/Lynx/Lynx-Info.plist -producttype com.apple.product-type.framework -expandbuildsettings -format binary -platform iphonesimulator -o /Users/runner/Library/Developer/Xcode/DerivedData/SparklingGo-gaxngdfqfnurlideafnykwrjqgdj/Build/Products/Debug-iphonesimulator/Lynx/Lynx.framework/Info.plist

Ld /Users/runner/Library/Developer/Xcode/DerivedData/SparklingGo-gaxngdfqfnurlideafnykwrjqgdj/Build/Intermediates.noindex/Lynx.build/Debug-iphonesimulator/Lynx.build/Objects-normal/arm64/Binary/Lynx normal arm64 (in target 'Lynx' from project 'Lynx')
    cd /Users/runner/token-economics/lynx-benchmark/ios/Pods
    /Applications/Xcode.app/Contents/Developer/Toolchains/XcodeDefault.xctoolchain/usr/bin/clang++ -Xlinker -reproducible -target arm64-apple-ios10.0-simulator -dynamiclib -isysroot /Applications/Xcode.app/Contents/Developer/Platforms/iPhoneSimulator.platform/Developer/SDKs/iPhoneSimulator26.5.sdk -O0 -L/Users/runner/Library/Developer/Xcode/DerivedData/SparklingGo-gaxngdfqfnurlideafnykwrjqgdj/Build/Intermediates.noindex/EagerLinkingTBDs/Debug-iphonesimulator -L/Users/runner/Library/Developer/Xcode/DerivedData/SparklingGo-gaxngdfqfnurlideafnykwrjqgdj/Build/Products/Debug-iphonesimulator/Lynx -F/Users/runner/Library/Developer/Xcode/DerivedData/SparklingGo-gaxngdfqfnurlideafnykwrjqgdj/Build/Intermediates.noindex/EagerLinkingTBDs/Debug-iphonesimulator -F/Users/runner/Library/Developer/Xcode/DerivedData/SparklingGo-gaxngdfqfnurlideafnykwrjqgdj/Build/Products/Debug-iphonesimulator/Lynx -F/Users/runner/Library/Developer/Xcode/DerivedData/SparklingGo-gaxngdfqfnurlideafnykwrjqgdj/Build/Products/Debug-iphonesimulator/LynxBase -F/Users/runner/Library/Developer/Xcode/DerivedData/SparklingGo-gaxngdfqfnurlideafnykwrjqgdj/Build/Products/Debug-iphonesimulator/LynxServiceAPI -F/Users/runner/Library/Developer/Xcode/DerivedData/SparklingGo-gaxngdfqfnurlideafnykwrjqgdj/Build/Products/Debug-iphonesimulator/PrimJS -filelist /Users/runner/Library/Developer/Xcode/DerivedData/SparklingGo-gaxngdfqfnurlideafnykwrjqgdj/Build/Intermediates.noindex/Lynx.build/Debug-iphonesimulator/Lynx.build/Objects-normal/arm64/Lynx.LinkFileList -install_name @rpath/Lynx.framework/Lynx -Xlinker -rpath -Xlinker @executable_path/Frameworks -Xlinker -rpath -Xlinker @loader_path/Frameworks -Xlinker -dead_strip -Xlinker -object_path_lto -Xlinker /Users/runner/Library/Developer/Xcode/DerivedData/SparklingGo-gaxngdfqfnurlideafnykwrjqgdj/Build/Intermediates.noindex/Lynx.build/Debug-iphonesimulator/Lynx.build/Objects-normal/arm64/Lynx_lto.o -rdynamic -Xlinker -no_deduplicate -Xlinker -objc_abi_version -Xlinker 2 -Xlinker -debug_variant -Xlinker -dependency_info -Xlinker /Users/runner/Library/Developer/Xcode/DerivedData/SparklingGo-gaxngdfqfnurlideafnykwrjqgdj/Build/Intermediates.noindex/Lynx.build/Debug-iphonesimulator/Lynx.build/Objects-normal/arm64/Lynx_dependency_info.dat -stdlib\=libc++ -fobjc-arc -fobjc-link-runtime -fprofile-instr-generate -lstdc++ -framework AudioToolbox -framework JavaScriptCore -framework LynxBase -framework LynxServiceAPI -framework NaturalLanguage -framework PrimJS -framework UIKit -framework WebKit -framework AudioToolbox -framework Foundation -framework JavaScriptCore -framework NaturalLanguage -framework UIKit -framework WebKit -Xlinker -no_adhoc_codesign -compatibility_version 1 -current_version 1 -o /Users/runner/Library/Developer/Xcode/DerivedData/SparklingGo-gaxngdfqfnurlideafnykwrjqgdj/Build/Intermediates.noindex/Lynx.build/Debug-iphonesimulator/Lynx.build/Objects-normal/arm64/Binary/Lynx
/Users/runner/token-economics/lynx-benchmark/ios/Pods/Lynx.xcodeproj: Lynx: ld: warning: ignoring duplicate libraries: '-lc++'

CreateUniversalBinary /Users/runner/Library/Developer/Xcode/DerivedData/SparklingGo-gaxngdfqfnurlideafnykwrjqgdj/Build/Products/Debug-iphonesimulator/SDWebImageWebPCoder/SDWebImageWebPCoder.framework/SDWebImageWebPCoder normal arm64\ x86_64 (in target 'SDWebImageWebPCoder' from project 'SDWebImageWebPCoder')
    cd /Users/runner/token-economics/lynx-benchmark/ios/Pods
    /Applications/Xcode.app/Contents/Developer/Toolchains/XcodeDefault.xctoolchain/usr/bin/lipo -create /Users/runner/Library/Developer/Xcode/DerivedData/SparklingGo-gaxngdfqfnurlideafnykwrjqgdj/Build/Intermediates.noindex/SDWebImageWebPCoder.build/Debug-iphonesimulator/SDWebImageWebPCoder.build/Objects-normal/arm64/Binary/SDWebImageWebPCoder /Users/runner/Library/Developer/Xcode/DerivedData/SparklingGo-gaxngdfqfnurlideafnykwrjqgdj/Build/Intermediates.noindex/SDWebImageWebPCoder.build/Debug-iphonesimulator/SDWebImageWebPCoder.build/Objects-normal/x86_64/Binary/SDWebImageWebPCoder -output /Users/runner/Library/Developer/Xcode/DerivedData/SparklingGo-gaxngdfqfnurlideafnykwrjqgdj/Build/Products/Debug-iphonesimulator/SDWebImageWebPCoder/SDWebImageWebPCoder.framework/SDWebImageWebPCoder

GenerateTAPI /Users/runner/Library/Developer/Xcode/DerivedData/SparklingGo-gaxngdfqfnurlideafnykwrjqgdj/Build/Intermediates.noindex/EagerLinkingTBDs/Debug-iphonesimulator/SDWebImageWebPCoder.framework/SDWebImageWebPCoder.tbd (in target 'SDWebImageWebPCoder' from project 'SDWebImageWebPCoder')
    cd /Users/runner/token-economics/lynx-benchmark/ios/Pods
    /Applications/Xcode.app/Contents/Developer/Toolchains/XcodeDefault.xctoolchain/usr/bin/tapi stubify -isysroot /Applications/Xcode.app/Contents/Developer/Platforms/iPhoneSimulator.platform/Developer/SDKs/iPhoneSimulator26.5.sdk -F/Users/runner/Library/Developer/Xcode/DerivedData/SparklingGo-gaxngdfqfnurlideafnykwrjqgdj/Build/Products/Debug-iphonesimulator/SDWebImageWebPCoder -F/Users/runner/Library/Developer/Xcode/DerivedData/SparklingGo-gaxngdfqfnurlideafnykwrjqgdj/Build/Products/Debug-iphonesimulator/SDWebImage -F/Users/runner/Library/Developer/Xcode/DerivedData/SparklingGo-gaxngdfqfnurlideafnykwrjqgdj/Build/Products/Debug-iphonesimulator/libwebp -L/Users/runner/Library/Developer/Xcode/DerivedData/SparklingGo-gaxngdfqfnurlideafnykwrjqgdj/Build/Products/Debug-iphonesimulator/SDWebImageWebPCoder /Users/runner/Library/Developer/Xcode/DerivedData/SparklingGo-gaxngdfqfnurlideafnykwrjqgdj/Build/Products/Debug-iphonesimulator/SDWebImageWebPCoder/SDWebImageWebPCoder.framework/SDWebImageWebPCoder -o /Users/runner/Library/Developer/Xcode/DerivedData/SparklingGo-gaxngdfqfnurlideafnykwrjqgdj/Build/Intermediates.noindex/EagerLinkingTBDs/Debug-iphonesimulator/SDWebImageWebPCoder.framework/SDWebImageWebPCoder.tbd

CodeSign /Users/runner/Library/Developer/Xcode/DerivedData/SparklingGo-gaxngdfqfnurlideafnykwrjqgdj/Build/Products/Debug-iphonesimulator/SDWebImageWebPCoder/SDWebImageWebPCoder.framework (in target 'SDWebImageWebPCoder' from project 'SDWebImageWebPCoder')
    cd /Users/runner/token-economics/lynx-benchmark/ios/Pods
    
    Signing Identity:     "Sign to Run Locally"
    
    /usr/bin/codesign --force --sign - --timestamp\=none --generate-entitlement-der /Users/runner/Library/Developer/Xcode/DerivedData/SparklingGo-gaxngdfqfnurlideafnykwrjqgdj/Build/Products/Debug-iphonesimulator/SDWebImageWebPCoder/SDWebImageWebPCoder.framework

Ld /Users/runner/Library/Developer/Xcode/DerivedData/SparklingGo-gaxngdfqfnurlideafnykwrjqgdj/Build/Intermediates.noindex/Lynx.build/Debug-iphonesimulator/Lynx.build/Objects-normal/x86_64/Binary/Lynx normal x86_64 (in target 'Lynx' from project 'Lynx')
    cd /Users/runner/token-economics/lynx-benchmark/ios/Pods
    /Applications/Xcode.app/Contents/Developer/Toolchains/XcodeDefault.xctoolchain/usr/bin/clang++ -Xlinker -reproducible -target x86_64-apple-ios10.0-simulator -dynamiclib -isysroot /Applications/Xcode.app/Contents/Developer/Platforms/iPhoneSimulator.platform/Developer/SDKs/iPhoneSimulator26.5.sdk -O0 -L/Users/runner/Library/Developer/Xcode/DerivedData/SparklingGo-gaxngdfqfnurlideafnykwrjqgdj/Build/Intermediates.noindex/EagerLinkingTBDs/Debug-iphonesimulator -L/Users/runner/Library/Developer/Xcode/DerivedData/SparklingGo-gaxngdfqfnurlideafnykwrjqgdj/Build/Products/Debug-iphonesimulator/Lynx -F/Users/runner/Library/Developer/Xcode/DerivedData/SparklingGo-gaxngdfqfnurlideafnykwrjqgdj/Build/Intermediates.noindex/EagerLinkingTBDs/Debug-iphonesimulator -F/Users/runner/Library/Developer/Xcode/DerivedData/SparklingGo-gaxngdfqfnurlideafnykwrjqgdj/Build/Products/Debug-iphonesimulator/Lynx -F/Users/runner/Library/Developer/Xcode/DerivedData/SparklingGo-gaxngdfqfnurlideafnykwrjqgdj/Build/Products/Debug-iphonesimulator/LynxBase -F/Users/runner/Library/Developer/Xcode/DerivedData/SparklingGo-gaxngdfqfnurlideafnykwrjqgdj/Build/Products/Debug-iphonesimulator/LynxServiceAPI -F/Users/runner/Library/Developer/Xcode/DerivedData/SparklingGo-gaxngdfqfnurlideafnykwrjqgdj/Build/Products/Debug-iphonesimulator/PrimJS -filelist /Users/runner/Library/Developer/Xcode/DerivedData/SparklingGo-gaxngdfqfnurlideafnykwrjqgdj/Build/Intermediates.noindex/Lynx.build/Debug-iphonesimulator/Lynx.build/Objects-normal/x86_64/Lynx.LinkFileList -install_name @rpath/Lynx.framework/Lynx -Xlinker -rpath -Xlinker @executable_path/Frameworks -Xlinker -rpath -Xlinker @loader_path/Frameworks -Xlinker -dead_strip -Xlinker -object_path_lto -Xlinker /Users/runner/Library/Developer/Xcode/DerivedData/SparklingGo-gaxngdfqfnurlideafnykwrjqgdj/Build/Intermediates.noindex/Lynx.build/Debug-iphonesimulator/Lynx.build/Objects-normal/x86_64/Lynx_lto.o -rdynamic -Xlinker -no_deduplicate -Xlinker -objc_abi_version -Xlinker 2 -Xlinker -debug_variant -Xlinker -dependency_info -Xlinker /Users/runner/Library/Developer/Xcode/DerivedData/SparklingGo-gaxngdfqfnurlideafnykwrjqgdj/Build/Intermediates.noindex/Lynx.build/Debug-iphonesimulator/Lynx.build/Objects-normal/x86_64/Lynx_dependency_info.dat -stdlib\=libc++ -fobjc-arc -fobjc-link-runtime -fprofile-instr-generate -lstdc++ -framework AudioToolbox -framework JavaScriptCore -framework LynxBase -framework LynxServiceAPI -framework NaturalLanguage -framework PrimJS -framework UIKit -framework WebKit -framework AudioToolbox -framework Foundation -framework JavaScriptCore -framework NaturalLanguage -framework UIKit -framework WebKit -Xlinker -no_adhoc_codesign -compatibility_version 1 -current_version 1 -o /Users/runner/Library/Developer/Xcode/DerivedData/SparklingGo-gaxngdfqfnurlideafnykwrjqgdj/Build/Intermediates.noindex/Lynx.build/Debug-iphonesimulator/Lynx.build/Objects-normal/x86_64/Binary/Lynx
/Users/runner/token-economics/lynx-benchmark/ios/Pods/Lynx.xcodeproj: Lynx: ld: warning: ignoring duplicate libraries: '-lc++'

CreateUniversalBinary /Users/runner/Library/Developer/Xcode/DerivedData/SparklingGo-gaxngdfqfnurlideafnykwrjqgdj/Build/Products/Debug-iphonesimulator/Lynx/Lynx.framework/Lynx normal arm64\ x86_64 (in target 'Lynx' from project 'Lynx')
    cd /Users/runner/token-economics/lynx-benchmark/ios/Pods
    /Applications/Xcode.app/Contents/Developer/Toolchains/XcodeDefault.xctoolchain/usr/bin/lipo -create /Users/runner/Library/Developer/Xcode/DerivedData/SparklingGo-gaxngdfqfnurlideafnykwrjqgdj/Build/Intermediates.noindex/Lynx.build/Debug-iphonesimulator/Lynx.build/Objects-normal/arm64/Binary/Lynx /Users/runner/Library/Developer/Xcode/DerivedData/SparklingGo-gaxngdfqfnurlideafnykwrjqgdj/Build/Intermediates.noindex/Lynx.build/Debug-iphonesimulator/Lynx.build/Objects-normal/x86_64/Binary/Lynx -output /Users/runner/Library/Developer/Xcode/DerivedData/SparklingGo-gaxngdfqfnurlideafnykwrjqgdj/Build/Products/Debug-iphonesimulator/Lynx/Lynx.framework/Lynx

GenerateTAPI /Users/runner/Library/Developer/Xcode/DerivedData/SparklingGo-gaxngdfqfnurlideafnykwrjqgdj/Build/Intermediates.noindex/EagerLinkingTBDs/Debug-iphonesimulator/Lynx.framework/Lynx.tbd (in target 'Lynx' from project 'Lynx')
    cd /Users/runner/token-economics/lynx-benchmark/ios/Pods
    /Applications/Xcode.app/Contents/Developer/Toolchains/XcodeDefault.xctoolchain/usr/bin/tapi stubify -isysroot /Applications/Xcode.app/Contents/Developer/Platforms/iPhoneSimulator.platform/Developer/SDKs/iPhoneSimulator26.5.sdk -F/Users/runner/Library/Developer/Xcode/DerivedData/SparklingGo-gaxngdfqfnurlideafnykwrjqgdj/Build/Products/Debug-iphonesimulator/Lynx -F/Users/runner/Library/Developer/Xcode/DerivedData/SparklingGo-gaxngdfqfnurlideafnykwrjqgdj/Build/Products/Debug-iphonesimulator/LynxBase -F/Users/runner/Library/Developer/Xcode/DerivedData/SparklingGo-gaxngdfqfnurlideafnykwrjqgdj/Build/Products/Debug-iphonesimulator/LynxServiceAPI -F/Users/runner/Library/Developer/Xcode/DerivedData/SparklingGo-gaxngdfqfnurlideafnykwrjqgdj/Build/Products/Debug-iphonesimulator/PrimJS -L/Users/runner/Library/Developer/Xcode/DerivedData/SparklingGo-gaxngdfqfnurlideafnykwrjqgdj/Build/Products/Debug-iphonesimulator/Lynx /Users/runner/Library/Developer/Xcode/DerivedData/SparklingGo-gaxngdfqfnurlideafnykwrjqgdj/Build/Products/Debug-iphonesimulator/Lynx/Lynx.framework/Lynx -o /Users/runner/Library/Developer/Xcode/DerivedData/SparklingGo-gaxngdfqfnurlideafnykwrjqgdj/Build/Intermediates.noindex/EagerLinkingTBDs/Debug-iphonesimulator/Lynx.framework/Lynx.tbd

CodeSign /Users/runner/Library/Developer/Xcode/DerivedData/SparklingGo-gaxngdfqfnurlideafnykwrjqgdj/Build/Products/Debug-iphonesimulator/Lynx/Lynx.framework (in target 'Lynx' from project 'Lynx')
    cd /Users/runner/token-economics/lynx-benchmark/ios/Pods
    
    Signing Identity:     "Sign to Run Locally"
    
    /usr/bin/codesign --force --sign - --timestamp\=none --generate-entitlement-der /Users/runner/Library/Developer/Xcode/DerivedData/SparklingGo-gaxngdfqfnurlideafnykwrjqgdj/Build/Products/Debug-iphonesimulator/Lynx/Lynx.framework

ProcessInfoPlistFile /Users/runner/Library/Developer/Xcode/DerivedData/SparklingGo-gaxngdfqfnurlideafnykwrjqgdj/Build/Products/Debug-iphonesimulator/SparklingMethod/SparklingMethod.framework/Info.plist /Users/runner/token-economics/lynx-benchmark/ios/Pods/Target\ Support\ Files/SparklingMethod/SparklingMethod-Info.plist (in target 'SparklingMethod' from project 'SparklingMethod')
    cd /Users/runner/token-economics/lynx-benchmark/ios/Pods
    builtin-infoPlistUtility /Users/runner/token-economics/lynx-benchmark/ios/Pods/Target\ Support\ Files/SparklingMethod/SparklingMethod-Info.plist -producttype com.apple.product-type.framework -expandbuildsettings -format binary -platform iphonesimulator -o /Users/runner/Library/Developer/Xcode/DerivedData/SparklingGo-gaxngdfqfnurlideafnykwrjqgdj/Build/Products/Debug-iphonesimulator/SparklingMethod/SparklingMethod.framework/Info.plist

ProcessInfoPlistFile /Users/runner/Library/Developer/Xcode/DerivedData/SparklingGo-gaxngdfqfnurlideafnykwrjqgdj/Build/Products/Debug-iphonesimulator/BaseDevtool/LynxBaseDevToolResources.bundle/Info.plist /Users/runner/token-economics/lynx-benchmark/ios/Pods/Target\ Support\ Files/BaseDevtool/ResourceBundle-LynxBaseDevToolResources-BaseDevtool-Info.plist (in target 'BaseDevtool-LynxBaseDevToolResources' from project 'BaseDevtool')
    cd /Users/runner/token-economics/lynx-benchmark/ios/Pods
    builtin-infoPlistUtility /Users/runner/token-economics/lynx-benchmark/ios/Pods/Target\ Support\ Files/BaseDevtool/ResourceBundle-LynxBaseDevToolResources-BaseDevtool-Info.plist -producttype com.apple.product-type.bundle -expandbuildsettings -format binary -platform iphonesimulator -o /Users/runner/Library/Developer/Xcode/DerivedData/SparklingGo-gaxngdfqfnurlideafnykwrjqgdj/Build/Products/Debug-iphonesimulator/BaseDevtool/LynxBaseDevToolResources.bundle/Info.plist

/Users/runner/token-economics/lynx-benchmark/ios/Pods/BaseDevtool.xcodeproj: warning: The iOS Simulator deployment target 'IPHONEOS_DEPLOYMENT_TARGET' is set to 10.0, but the range of supported deployment target versions is 12.0 to 26.5.99. (in target 'BaseDevtool' from project 'BaseDevtool')
ProcessInfoPlistFile /Users/runner/Library/Developer/Xcode/DerivedData/SparklingGo-gaxngdfqfnurlideafnykwrjqgdj/Build/Products/Debug-iphonesimulator/BaseDevtool/BaseDevtool.framework/Info.plist /Users/runner/token-economics/lynx-benchmark/ios/Pods/Target\ Support\ Files/BaseDevtool/BaseDevtool-Info.plist (in target 'BaseDevtool' from project 'BaseDevtool')
    cd /Users/runner/token-economics/lynx-benchmark/ios/Pods
    builtin-infoPlistUtility /Users/runner/token-economics/lynx-benchmark/ios/Pods/Target\ Support\ Files/BaseDevtool/BaseDevtool-Info.plist -producttype com.apple.product-type.framework -expandbuildsettings -format binary -platform iphonesimulator -o /Users/runner/Library/Developer/Xcode/DerivedData/SparklingGo-gaxngdfqfnurlideafnykwrjqgdj/Build/Products/Debug-iphonesimulator/BaseDevtool/BaseDevtool.framework/Info.plist

Ld /Users/runner/Library/Developer/Xcode/DerivedData/SparklingGo-gaxngdfqfnurlideafnykwrjqgdj/Build/Intermediates.noindex/BaseDevtool.build/Debug-iphonesimulator/BaseDevtool.build/Objects-normal/arm64/Binary/BaseDevtool normal arm64 (in target 'BaseDevtool' from project 'BaseDevtool')
    cd /Users/runner/token-economics/lynx-benchmark/ios/Pods
    /Applications/Xcode.app/Contents/Developer/Toolchains/XcodeDefault.xctoolchain/usr/bin/clang++ -Xlinker -reproducible -target arm64-apple-ios10.0-simulator -dynamiclib -isysroot /Applications/Xcode.app/Contents/Developer/Platforms/iPhoneSimulator.platform/Developer/SDKs/iPhoneSimulator26.5.sdk -O0 -L/Users/runner/Library/Developer/Xcode/DerivedData/SparklingGo-gaxngdfqfnurlideafnykwrjqgdj/Build/Intermediates.noindex/EagerLinkingTBDs/Debug-iphonesimulator -L/Users/runner/Library/Developer/Xcode/DerivedData/SparklingGo-gaxngdfqfnurlideafnykwrjqgdj/Build/Products/Debug-iphonesimulator/BaseDevtool -F/Users/runner/Library/Developer/Xcode/DerivedData/SparklingGo-gaxngdfqfnurlideafnykwrjqgdj/Build/Intermediates.noindex/EagerLinkingTBDs/Debug-iphonesimulator -F/Users/runner/Library/Developer/Xcode/DerivedData/SparklingGo-gaxngdfqfnurlideafnykwrjqgdj/Build/Products/Debug-iphonesimulator/BaseDevtool -F/Users/runner/Library/Developer/Xcode/DerivedData/SparklingGo-gaxngdfqfnurlideafnykwrjqgdj/Build/Products/Debug-iphonesimulator/DebugRouter -F/Users/runner/Library/Developer/Xcode/DerivedData/SparklingGo-gaxngdfqfnurlideafnykwrjqgdj/Build/Products/Debug-iphonesimulator/Lynx -F/Users/runner/Library/Developer/Xcode/DerivedData/SparklingGo-gaxngdfqfnurlideafnykwrjqgdj/Build/Products/Debug-iphonesimulator/LynxBase -F/Users/runner/Library/Developer/Xcode/DerivedData/SparklingGo-gaxngdfqfnurlideafnykwrjqgdj/Build/Products/Debug-iphonesimulator/LynxServiceAPI -F/Users/runner/Library/Developer/Xcode/DerivedData/SparklingGo-gaxngdfqfnurlideafnykwrjqgdj/Build/Products/Debug-iphonesimulator/PrimJS -filelist /Users/runner/Library/Developer/Xcode/DerivedData/SparklingGo-gaxngdfqfnurlideafnykwrjqgdj/Build/Intermediates.noindex/BaseDevtool.build/Debug-iphonesimulator/BaseDevtool.build/Objects-normal/arm64/BaseDevtool.LinkFileList -install_name @rpath/BaseDevtool.framework/BaseDevtool -Xlinker -rpath -Xlinker @executable_path/Frameworks -Xlinker -rpath -Xlinker @loader_path/Frameworks -Xlinker -dead_strip -Xlinker -object_path_lto -Xlinker /Users/runner/Library/Developer/Xcode/DerivedData/SparklingGo-gaxngdfqfnurlideafnykwrjqgdj/Build/Intermediates.noindex/BaseDevtool.build/Debug-iphonesimulator/BaseDevtool.build/Objects-normal/arm64/BaseDevtool_lto.o -rdynamic -Xlinker -no_deduplicate -Xlinker -objc_abi_version -Xlinker 2 -Xlinker -debug_variant -Xlinker -dependency_info -Xlinker /Users/runner/Library/Developer/Xcode/DerivedData/SparklingGo-gaxngdfqfnurlideafnykwrjqgdj/Build/Intermediates.noindex/BaseDevtool.build/Debug-iphonesimulator/BaseDevtool.build/Objects-normal/arm64/BaseDevtool_dependency_info.dat -stdlib\=libc++ -fobjc-arc -fobjc-link-runtime -fprofile-instr-generate -framework AudioToolbox -framework DebugRouter -framework JavaScriptCore -framework Lynx -framework LynxBase -framework NaturalLanguage -framework UIKit -framework WebKit -framework Foundation -Xlinker -no_adhoc_codesign -compatibility_version 1 -current_version 1 -o /Users/runner/Library/Developer/Xcode/DerivedData/SparklingGo-gaxngdfqfnurlideafnykwrjqgdj/Build/Intermediates.noindex/BaseDevtool.build/Debug-iphonesimulator/BaseDevtool.build/Objects-normal/arm64/Binary/BaseDevtool

ProcessInfoPlistFile /Users/runner/Library/Developer/Xcode/DerivedData/SparklingGo-gaxngdfqfnurlideafnykwrjqgdj/Build/Products/Debug-iphonesimulator/Sparkling/Sparkling.framework/Info.plist /Users/runner/token-economics/lynx-benchmark/ios/Pods/Target\ Support\ Files/Sparkling/Sparkling-Info.plist (in target 'Sparkling' from project 'Sparkling')
    cd /Users/runner/token-economics/lynx-benchmark/ios/Pods
    builtin-infoPlistUtility /Users/runner/token-economics/lynx-benchmark/ios/Pods/Target\ Support\ Files/Sparkling/Sparkling-Info.plist -producttype com.apple.product-type.framework -expandbuildsettings -format binary -platform iphonesimulator -o /Users/runner/Library/Developer/Xcode/DerivedData/SparklingGo-gaxngdfqfnurlideafnykwrjqgdj/Build/Products/Debug-iphonesimulator/Sparkling/Sparkling.framework/Info.plist

ProcessInfoPlistFile /Users/runner/Library/Developer/Xcode/DerivedData/SparklingGo-gaxngdfqfnurlideafnykwrjqgdj/Build/Products/Debug-iphonesimulator/Sparkling-Router/Sparkling_Router.framework/Info.plist /Users/runner/token-economics/lynx-benchmark/ios/Pods/Target\ Support\ Files/Sparkling-Router/Sparkling-Router-Info.plist (in target 'Sparkling-Router' from project 'Sparkling-Router')
    cd /Users/runner/token-economics/lynx-benchmark/ios/Pods
    builtin-infoPlistUtility /Users/runner/token-economics/lynx-benchmark/ios/Pods/Target\ Support\ Files/Sparkling-Router/Sparkling-Router-Info.plist -producttype com.apple.product-type.framework -expandbuildsettings -format binary -platform iphonesimulator -o /Users/runner/Library/Developer/Xcode/DerivedData/SparklingGo-gaxngdfqfnurlideafnykwrjqgdj/Build/Products/Debug-iphonesimulator/Sparkling-Router/Sparkling_Router.framework/Info.plist

Ld /Users/runner/Library/Developer/Xcode/DerivedData/SparklingGo-gaxngdfqfnurlideafnykwrjqgdj/Build/Intermediates.noindex/BaseDevtool.build/Debug-iphonesimulator/BaseDevtool.build/Objects-normal/x86_64/Binary/BaseDevtool normal x86_64 (in target 'BaseDevtool' from project 'BaseDevtool')
    cd /Users/runner/token-economics/lynx-benchmark/ios/Pods
    /Applications/Xcode.app/Contents/Developer/Toolchains/XcodeDefault.xctoolchain/usr/bin/clang++ -Xlinker -reproducible -target x86_64-apple-ios10.0-simulator -dynamiclib -isysroot /Applications/Xcode.app/Contents/Developer/Platforms/iPhoneSimulator.platform/Developer/SDKs/iPhoneSimulator26.5.sdk -O0 -L/Users/runner/Library/Developer/Xcode/DerivedData/SparklingGo-gaxngdfqfnurlideafnykwrjqgdj/Build/Intermediates.noindex/EagerLinkingTBDs/Debug-iphonesimulator -L/Users/runner/Library/Developer/Xcode/DerivedData/SparklingGo-gaxngdfqfnurlideafnykwrjqgdj/Build/Products/Debug-iphonesimulator/BaseDevtool -F/Users/runner/Library/Developer/Xcode/DerivedData/SparklingGo-gaxngdfqfnurlideafnykwrjqgdj/Build/Intermediates.noindex/EagerLinkingTBDs/Debug-iphonesimulator -F/Users/runner/Library/Developer/Xcode/DerivedData/SparklingGo-gaxngdfqfnurlideafnykwrjqgdj/Build/Products/Debug-iphonesimulator/BaseDevtool -F/Users/runner/Library/Developer/Xcode/DerivedData/SparklingGo-gaxngdfqfnurlideafnykwrjqgdj/Build/Products/Debug-iphonesimulator/DebugRouter -F/Users/runner/Library/Developer/Xcode/DerivedData/SparklingGo-gaxngdfqfnurlideafnykwrjqgdj/Build/Products/Debug-iphonesimulator/Lynx -F/Users/runner/Library/Developer/Xcode/DerivedData/SparklingGo-gaxngdfqfnurlideafnykwrjqgdj/Build/Products/Debug-iphonesimulator/LynxBase -F/Users/runner/Library/Developer/Xcode/DerivedData/SparklingGo-gaxngdfqfnurlideafnykwrjqgdj/Build/Products/Debug-iphonesimulator/LynxServiceAPI -F/Users/runner/Library/Developer/Xcode/DerivedData/SparklingGo-gaxngdfqfnurlideafnykwrjqgdj/Build/Products/Debug-iphonesimulator/PrimJS -filelist /Users/runner/Library/Developer/Xcode/DerivedData/SparklingGo-gaxngdfqfnurlideafnykwrjqgdj/Build/Intermediates.noindex/BaseDevtool.build/Debug-iphonesimulator/BaseDevtool.build/Objects-normal/x86_64/BaseDevtool.LinkFileList -install_name @rpath/BaseDevtool.framework/BaseDevtool -Xlinker -rpath -Xlinker @executable_path/Frameworks -Xlinker -rpath -Xlinker @loader_path/Frameworks -Xlinker -dead_strip -Xlinker -object_path_lto -Xlinker /Users/runner/Library/Developer/Xcode/DerivedData/SparklingGo-gaxngdfqfnurlideafnykwrjqgdj/Build/Intermediates.noindex/BaseDevtool.build/Debug-iphonesimulator/BaseDevtool.build/Objects-normal/x86_64/BaseDevtool_lto.o -rdynamic -Xlinker -no_deduplicate -Xlinker -objc_abi_version -Xlinker 2 -Xlinker -debug_variant -Xlinker -dependency_info -Xlinker /Users/runner/Library/Developer/Xcode/DerivedData/SparklingGo-gaxngdfqfnurlideafnykwrjqgdj/Build/Intermediates.noindex/BaseDevtool.build/Debug-iphonesimulator/BaseDevtool.build/Objects-normal/x86_64/BaseDevtool_dependency_info.dat -stdlib\=libc++ -fobjc-arc -fobjc-link-runtime -fprofile-instr-generate -framework AudioToolbox -framework DebugRouter -framework JavaScriptCore -framework Lynx -framework LynxBase -framework NaturalLanguage -framework UIKit -framework WebKit -framework Foundation -Xlinker -no_adhoc_codesign -compatibility_version 1 -current_version 1 -o /Users/runner/Library/Developer/Xcode/DerivedData/SparklingGo-gaxngdfqfnurlideafnykwrjqgdj/Build/Intermediates.noindex/BaseDevtool.build/Debug-iphonesimulator/BaseDevtool.build/Objects-normal/x86_64/Binary/BaseDevtool

CreateUniversalBinary /Users/runner/Library/Developer/Xcode/DerivedData/SparklingGo-gaxngdfqfnurlideafnykwrjqgdj/Build/Products/Debug-iphonesimulator/BaseDevtool/BaseDevtool.framework/BaseDevtool normal arm64\ x86_64 (in target 'BaseDevtool' from project 'BaseDevtool')
    cd /Users/runner/token-economics/lynx-benchmark/ios/Pods
    /Applications/Xcode.app/Contents/Developer/Toolchains/XcodeDefault.xctoolchain/usr/bin/lipo -create /Users/runner/Library/Developer/Xcode/DerivedData/SparklingGo-gaxngdfqfnurlideafnykwrjqgdj/Build/Intermediates.noindex/BaseDevtool.build/Debug-iphonesimulator/BaseDevtool.build/Objects-normal/arm64/Binary/BaseDevtool /Users/runner/Library/Developer/Xcode/DerivedData/SparklingGo-gaxngdfqfnurlideafnykwrjqgdj/Build/Intermediates.noindex/BaseDevtool.build/Debug-iphonesimulator/BaseDevtool.build/Objects-normal/x86_64/Binary/BaseDevtool -output /Users/runner/Library/Developer/Xcode/DerivedData/SparklingGo-gaxngdfqfnurlideafnykwrjqgdj/Build/Products/Debug-iphonesimulator/BaseDevtool/BaseDevtool.framework/BaseDevtool

GenerateTAPI /Users/runner/Library/Developer/Xcode/DerivedData/SparklingGo-gaxngdfqfnurlideafnykwrjqgdj/Build/Intermediates.noindex/EagerLinkingTBDs/Debug-iphonesimulator/BaseDevtool.framework/BaseDevtool.tbd (in target 'BaseDevtool' from project 'BaseDevtool')
    cd /Users/runner/token-economics/lynx-benchmark/ios/Pods
    /Applications/Xcode.app/Contents/Developer/Toolchains/XcodeDefault.xctoolchain/usr/bin/tapi stubify -isysroot /Applications/Xcode.app/Contents/Developer/Platforms/iPhoneSimulator.platform/Developer/SDKs/iPhoneSimulator26.5.sdk -F/Users/runner/Library/Developer/Xcode/DerivedData/SparklingGo-gaxngdfqfnurlideafnykwrjqgdj/Build/Products/Debug-iphonesimulator/BaseDevtool -F/Users/runner/Library/Developer/Xcode/DerivedData/SparklingGo-gaxngdfqfnurlideafnykwrjqgdj/Build/Products/Debug-iphonesimulator/DebugRouter -F/Users/runner/Library/Developer/Xcode/DerivedData/SparklingGo-gaxngdfqfnurlideafnykwrjqgdj/Build/Products/Debug-iphonesimulator/Lynx -F/Users/runner/Library/Developer/Xcode/DerivedData/SparklingGo-gaxngdfqfnurlideafnykwrjqgdj/Build/Products/Debug-iphonesimulator/LynxBase -F/Users/runner/Library/Developer/Xcode/DerivedData/SparklingGo-gaxngdfqfnurlideafnykwrjqgdj/Build/Products/Debug-iphonesimulator/LynxServiceAPI -F/Users/runner/Library/Developer/Xcode/DerivedData/SparklingGo-gaxngdfqfnurlideafnykwrjqgdj/Build/Products/Debug-iphonesimulator/PrimJS -L/Users/runner/Library/Developer/Xcode/DerivedData/SparklingGo-gaxngdfqfnurlideafnykwrjqgdj/Build/Products/Debug-iphonesimulator/BaseDevtool /Users/runner/Library/Developer/Xcode/DerivedData/SparklingGo-gaxngdfqfnurlideafnykwrjqgdj/Build/Products/Debug-iphonesimulator/BaseDevtool/BaseDevtool.framework/BaseDevtool -o /Users/runner/Library/Developer/Xcode/DerivedData/SparklingGo-gaxngdfqfnurlideafnykwrjqgdj/Build/Intermediates.noindex/EagerLinkingTBDs/Debug-iphonesimulator/BaseDevtool.framework/BaseDevtool.tbd

CodeSign /Users/runner/Library/Developer/Xcode/DerivedData/SparklingGo-gaxngdfqfnurlideafnykwrjqgdj/Build/Products/Debug-iphonesimulator/BaseDevtool/BaseDevtool.framework (in target 'BaseDevtool' from project 'BaseDevtool')
    cd /Users/runner/token-economics/lynx-benchmark/ios/Pods
    
    Signing Identity:     "Sign to Run Locally"
    
    /usr/bin/codesign --force --sign - --timestamp\=none --generate-entitlement-der /Users/runner/Library/Developer/Xcode/DerivedData/SparklingGo-gaxngdfqfnurlideafnykwrjqgdj/Build/Products/Debug-iphonesimulator/BaseDevtool/BaseDevtool.framework

/Users/runner/token-economics/lynx-benchmark/ios/Pods/LynxDevtool.xcodeproj: warning: The iOS Simulator deployment target 'IPHONEOS_DEPLOYMENT_TARGET' is set to 10.0, but the range of supported deployment target versions is 12.0 to 26.5.99. (in target 'LynxDevtool-LynxDebugResources' from project 'LynxDevtool')
ProcessInfoPlistFile /Users/runner/Library/Developer/Xcode/DerivedData/SparklingGo-gaxngdfqfnurlideafnykwrjqgdj/Build/Products/Debug-iphonesimulator/LynxDevtool/LynxDebugResources.bundle/Info.plist /Users/runner/token-economics/lynx-benchmark/ios/Pods/Target\ Support\ Files/LynxDevtool/ResourceBundle-LynxDebugResources-LynxDevtool-Info.plist (in target 'LynxDevtool-LynxDebugResources' from project 'LynxDevtool')
    cd /Users/runner/token-economics/lynx-benchmark/ios/Pods
    builtin-infoPlistUtility /Users/runner/token-economics/lynx-benchmark/ios/Pods/Target\ Support\ Files/LynxDevtool/ResourceBundle-LynxDebugResources-LynxDevtool-Info.plist -producttype com.apple.product-type.bundle -expandbuildsettings -format binary -platform iphonesimulator -o /Users/runner/Library/Developer/Xcode/DerivedData/SparklingGo-gaxngdfqfnurlideafnykwrjqgdj/Build/Products/Debug-iphonesimulator/LynxDevtool/LynxDebugResources.bundle/Info.plist

/Users/runner/token-economics/lynx-benchmark/ios/Pods/LynxDevtool.xcodeproj: warning: The iOS Simulator deployment target 'IPHONEOS_DEPLOYMENT_TARGET' is set to 10.0, but the range of supported deployment target versions is 12.0 to 26.5.99. (in target 'LynxDevtool' from project 'LynxDevtool')
warning: Run script build phase 'Create Symlinks to Header Folders' will be run during every build because it does not specify any outputs. To address this issue, either add output dependencies to the script phase, or configure it to run in every build by unchecking "Based on dependency analysis" in the script phase. (in target 'LynxDevtool' from project 'LynxDevtool')
Ld /Users/runner/Library/Developer/Xcode/DerivedData/SparklingGo-gaxngdfqfnurlideafnykwrjqgdj/Build/Intermediates.noindex/LynxDevtool.build/Debug-iphonesimulator/LynxDevtool.build/Objects-normal/arm64/Binary/LynxDevtool normal arm64 (in target 'LynxDevtool' from project 'LynxDevtool')
    cd /Users/runner/token-economics/lynx-benchmark/ios/Pods
    /Applications/Xcode.app/Contents/Developer/Toolchains/XcodeDefault.xctoolchain/usr/bin/clang++ -Xlinker -reproducible -target arm64-apple-ios10.0-simulator -dynamiclib -isysroot /Applications/Xcode.app/Contents/Developer/Platforms/iPhoneSimulator.platform/Developer/SDKs/iPhoneSimulator26.5.sdk -O0 -L/Users/runner/Library/Developer/Xcode/DerivedData/SparklingGo-gaxngdfqfnurlideafnykwrjqgdj/Build/Intermediates.noindex/EagerLinkingTBDs/Debug-iphonesimulator -L/Users/runner/Library/Developer/Xcode/DerivedData/SparklingGo-gaxngdfqfnurlideafnykwrjqgdj/Build/Products/Debug-iphonesimulator/LynxDevtool -F/Users/runner/Library/Developer/Xcode/DerivedData/SparklingGo-gaxngdfqfnurlideafnykwrjqgdj/Build/Intermediates.noindex/EagerLinkingTBDs/Debug-iphonesimulator -F/Users/runner/Library/Developer/Xcode/DerivedData/SparklingGo-gaxngdfqfnurlideafnykwrjqgdj/Build/Products/Debug-iphonesimulator/LynxDevtool -F/Users/runner/Library/Developer/Xcode/DerivedData/SparklingGo-gaxngdfqfnurlideafnykwrjqgdj/Build/Products/Debug-iphonesimulator/BaseDevtool -F/Users/runner/Library/Developer/Xcode/DerivedData/SparklingGo-gaxngdfqfnurlideafnykwrjqgdj/Build/Products/Debug-iphonesimulator/DebugRouter -F/Users/runner/Library/Developer/Xcode/DerivedData/SparklingGo-gaxngdfqfnurlideafnykwrjqgdj/Build/Products/Debug-iphonesimulator/Lynx -F/Users/runner/Library/Developer/Xcode/DerivedData/SparklingGo-gaxngdfqfnurlideafnykwrjqgdj/Build/Products/Debug-iphonesimulator/LynxBase -F/Users/runner/Library/Developer/Xcode/DerivedData/SparklingGo-gaxngdfqfnurlideafnykwrjqgdj/Build/Products/Debug-iphonesimulator/LynxServiceAPI -F/Users/runner/Library/Developer/Xcode/DerivedData/SparklingGo-gaxngdfqfnurlideafnykwrjqgdj/Build/Products/Debug-iphonesimulator/PrimJS -F/Users/runner/Library/Developer/Xcode/DerivedData/SparklingGo-gaxngdfqfnurlideafnykwrjqgdj/Build/Products/Debug-iphonesimulator/SocketRocket -filelist /Users/runner/Library/Developer/Xcode/DerivedData/SparklingGo-gaxngdfqfnurlideafnykwrjqgdj/Build/Intermediates.noindex/LynxDevtool.build/Debug-iphonesimulator/LynxDevtool.build/Objects-normal/arm64/LynxDevtool.LinkFileList -install_name @rpath/LynxDevtool.framework/LynxDevtool -Xlinker -rpath -Xlinker @executable_path/Frameworks -Xlinker -rpath -Xlinker @loader_path/Frameworks -Xlinker -dead_strip -Xlinker -object_path_lto -Xlinker /Users/runner/Library/Developer/Xcode/DerivedData/SparklingGo-gaxngdfqfnurlideafnykwrjqgdj/Build/Intermediates.noindex/LynxDevtool.build/Debug-iphonesimulator/LynxDevtool.build/Objects-normal/arm64/LynxDevtool_lto.o -rdynamic -Xlinker -no_deduplicate -Xlinker -objc_abi_version -Xlinker 2 -Xlinker -debug_variant -Xlinker -dependency_info -Xlinker /Users/runner/Library/Developer/Xcode/DerivedData/SparklingGo-gaxngdfqfnurlideafnykwrjqgdj/Build/Intermediates.noindex/LynxDevtool.build/Debug-iphonesimulator/LynxDevtool.build/Objects-normal/arm64/LynxDevtool_dependency_info.dat -stdlib\=libc++ -fobjc-arc -fobjc-link-runtime -fprofile-instr-generate -lstdc++ -framework AudioToolbox -framework BaseDevtool -framework CFNetwork -framework DebugRouter -framework IOKit -framework JavaScriptCore -framework Lynx -framework LynxBase -framework NaturalLanguage -framework PrimJS -framework Security -framework SocketRocket -framework UIKit -framework WebKit -framework Foundation -framework IOKit -framework UIKit -framework WebKit -Xlinker -no_adhoc_codesign -compatibility_version 1 -current_version 1 -o /Users/runner/Library/Developer/Xcode/DerivedData/SparklingGo-gaxngdfqfnurlideafnykwrjqgdj/Build/Intermediates.noindex/LynxDevtool.build/Debug-iphonesimulator/LynxDevtool.build/Objects-normal/arm64/Binary/LynxDevtool
/Users/runner/token-economics/lynx-benchmark/ios/Pods/LynxDevtool.xcodeproj: LynxDevtool: ld: warning: ignoring duplicate libraries: '-lc++'

Ld /Users/runner/Library/Developer/Xcode/DerivedData/SparklingGo-gaxngdfqfnurlideafnykwrjqgdj/Build/Intermediates.noindex/LynxDevtool.build/Debug-iphonesimulator/LynxDevtool.build/Objects-normal/x86_64/Binary/LynxDevtool normal x86_64 (in target 'LynxDevtool' from project 'LynxDevtool')
    cd /Users/runner/token-economics/lynx-benchmark/ios/Pods
    /Applications/Xcode.app/Contents/Developer/Toolchains/XcodeDefault.xctoolchain/usr/bin/clang++ -Xlinker -reproducible -target x86_64-apple-ios10.0-simulator -dynamiclib -isysroot /Applications/Xcode.app/Contents/Developer/Platforms/iPhoneSimulator.platform/Developer/SDKs/iPhoneSimulator26.5.sdk -O0 -L/Users/runner/Library/Developer/Xcode/DerivedData/SparklingGo-gaxngdfqfnurlideafnykwrjqgdj/Build/Intermediates.noindex/EagerLinkingTBDs/Debug-iphonesimulator -L/Users/runner/Library/Developer/Xcode/DerivedData/SparklingGo-gaxngdfqfnurlideafnykwrjqgdj/Build/Products/Debug-iphonesimulator/LynxDevtool -F/Users/runner/Library/Developer/Xcode/DerivedData/SparklingGo-gaxngdfqfnurlideafnykwrjqgdj/Build/Intermediates.noindex/EagerLinkingTBDs/Debug-iphonesimulator -F/Users/runner/Library/Developer/Xcode/DerivedData/SparklingGo-gaxngdfqfnurlideafnykwrjqgdj/Build/Products/Debug-iphonesimulator/LynxDevtool -F/Users/runner/Library/Developer/Xcode/DerivedData/SparklingGo-gaxngdfqfnurlideafnykwrjqgdj/Build/Products/Debug-iphonesimulator/BaseDevtool -F/Users/runner/Library/Developer/Xcode/DerivedData/SparklingGo-gaxngdfqfnurlideafnykwrjqgdj/Build/Products/Debug-iphonesimulator/DebugRouter -F/Users/runner/Library/Developer/Xcode/DerivedData/SparklingGo-gaxngdfqfnurlideafnykwrjqgdj/Build/Products/Debug-iphonesimulator/Lynx -F/Users/runner/Library/Developer/Xcode/DerivedData/SparklingGo-gaxngdfqfnurlideafnykwrjqgdj/Build/Products/Debug-iphonesimulator/LynxBase -F/Users/runner/Library/Developer/Xcode/DerivedData/SparklingGo-gaxngdfqfnurlideafnykwrjqgdj/Build/Products/Debug-iphonesimulator/LynxServiceAPI -F/Users/runner/Library/Developer/Xcode/DerivedData/SparklingGo-gaxngdfqfnurlideafnykwrjqgdj/Build/Products/Debug-iphonesimulator/PrimJS -F/Users/runner/Library/Developer/Xcode/DerivedData/SparklingGo-gaxngdfqfnurlideafnykwrjqgdj/Build/Products/Debug-iphonesimulator/SocketRocket -filelist /Users/runner/Library/Developer/Xcode/DerivedData/SparklingGo-gaxngdfqfnurlideafnykwrjqgdj/Build/Intermediates.noindex/LynxDevtool.build/Debug-iphonesimulator/LynxDevtool.build/Objects-normal/x86_64/LynxDevtool.LinkFileList -install_name @rpath/LynxDevtool.framework/LynxDevtool -Xlinker -rpath -Xlinker @executable_path/Frameworks -Xlinker -rpath -Xlinker @loader_path/Frameworks -Xlinker -dead_strip -Xlinker -object_path_lto -Xlinker /Users/runner/Library/Developer/Xcode/DerivedData/SparklingGo-gaxngdfqfnurlideafnykwrjqgdj/Build/Intermediates.noindex/LynxDevtool.build/Debug-iphonesimulator/LynxDevtool.build/Objects-normal/x86_64/LynxDevtool_lto.o -rdynamic -Xlinker -no_deduplicate -Xlinker -objc_abi_version -Xlinker 2 -Xlinker -debug_variant -Xlinker -dependency_info -Xlinker /Users/runner/Library/Developer/Xcode/DerivedData/SparklingGo-gaxngdfqfnurlideafnykwrjqgdj/Build/Intermediates.noindex/LynxDevtool.build/Debug-iphonesimulator/LynxDevtool.build/Objects-normal/x86_64/LynxDevtool_dependency_info.dat -stdlib\=libc++ -fobjc-arc -fobjc-link-runtime -fprofile-instr-generate -lstdc++ -framework AudioToolbox -framework BaseDevtool -framework CFNetwork -framework DebugRouter -framework IOKit -framework JavaScriptCore -framework Lynx -framework LynxBase -framework NaturalLanguage -framework PrimJS -framework Security -framework SocketRocket -framework UIKit -framework WebKit -framework Foundation -framework IOKit -framework UIKit -framework WebKit -Xlinker -no_adhoc_codesign -compatibility_version 1 -current_version 1 -o /Users/runner/Library/Developer/Xcode/DerivedData/SparklingGo-gaxngdfqfnurlideafnykwrjqgdj/Build/Intermediates.noindex/LynxDevtool.build/Debug-iphonesimulator/LynxDevtool.build/Objects-normal/x86_64/Binary/LynxDevtool
/Users/runner/token-economics/lynx-benchmark/ios/Pods/LynxDevtool.xcodeproj: LynxDevtool: ld: warning: ignoring duplicate libraries: '-lc++'
/Users/runner/token-economics/lynx-benchmark/ios/Pods/LynxDevtool.xcodeproj: LynxDevtool: ld: warning: building for iOS-simulator-10.0, but linking with dylib '@rpath/SocketRocket.framework/SocketRocket' which was built for newer version 11.0

CreateUniversalBinary /Users/runner/Library/Developer/Xcode/DerivedData/SparklingGo-gaxngdfqfnurlideafnykwrjqgdj/Build/Products/Debug-iphonesimulator/LynxDevtool/LynxDevtool.framework/LynxDevtool normal arm64\ x86_64 (in target 'LynxDevtool' from project 'LynxDevtool')
    cd /Users/runner/token-economics/lynx-benchmark/ios/Pods
    /Applications/Xcode.app/Contents/Developer/Toolchains/XcodeDefault.xctoolchain/usr/bin/lipo -create /Users/runner/Library/Developer/Xcode/DerivedData/SparklingGo-gaxngdfqfnurlideafnykwrjqgdj/Build/Intermediates.noindex/LynxDevtool.build/Debug-iphonesimulator/LynxDevtool.build/Objects-normal/arm64/Binary/LynxDevtool /Users/runner/Library/Developer/Xcode/DerivedData/SparklingGo-gaxngdfqfnurlideafnykwrjqgdj/Build/Intermediates.noindex/LynxDevtool.build/Debug-iphonesimulator/LynxDevtool.build/Objects-normal/x86_64/Binary/LynxDevtool -output /Users/runner/Library/Developer/Xcode/DerivedData/SparklingGo-gaxngdfqfnurlideafnykwrjqgdj/Build/Products/Debug-iphonesimulator/LynxDevtool/LynxDevtool.framework/LynxDevtool

ProcessInfoPlistFile /Users/runner/Library/Developer/Xcode/DerivedData/SparklingGo-gaxngdfqfnurlideafnykwrjqgdj/Build/Products/Debug-iphonesimulator/LynxDevtool/LynxDevtool.framework/Info.plist /Users/runner/token-economics/lynx-benchmark/ios/Pods/Target\ Support\ Files/LynxDevtool/LynxDevtool-Info.plist (in target 'LynxDevtool' from project 'LynxDevtool')
    cd /Users/runner/token-economics/lynx-benchmark/ios/Pods
    builtin-infoPlistUtility /Users/runner/token-economics/lynx-benchmark/ios/Pods/Target\ Support\ Files/LynxDevtool/LynxDevtool-Info.plist -producttype com.apple.product-type.framework -expandbuildsettings -format binary -platform iphonesimulator -o /Users/runner/Library/Developer/Xcode/DerivedData/SparklingGo-gaxngdfqfnurlideafnykwrjqgdj/Build/Products/Debug-iphonesimulator/LynxDevtool/LynxDevtool.framework/Info.plist

PhaseScriptExecution Create\ Symlinks\ to\ Header\ Folders /Users/runner/Library/Developer/Xcode/DerivedData/SparklingGo-gaxngdfqfnurlideafnykwrjqgdj/Build/Intermediates.noindex/LynxDevtool.build/Debug-iphonesimulator/LynxDevtool.build/Script-9C5E68D5DD83810DEDCCA17BB1AA7191.sh (in target 'LynxDevtool' from project 'LynxDevtool')
    cd /Users/runner/token-economics/lynx-benchmark/ios/Pods
    export ACTION\=build
    export AD_HOC_CODE_SIGNING_ALLOWED\=YES
    export ALLOW_BUILD_REQUEST_OVERRIDES\=NO
    export ALLOW_TARGET_PLATFORM_SPECIALIZATION\=NO
    export ALTERNATE_GROUP\=staff
    export ALTERNATE_MODE\=u+w,go-w,a+rX
    export ALTERNATE_OWNER\=runner
    export ALTERNATIVE_DISTRIBUTION_WEB\=NO
    export ALWAYS_EMBED_SWIFT_STANDARD_LIBRARIES\=NO
    export ALWAYS_SEARCH_USER_PATHS\=NO
    export ALWAYS_USE_SEPARATE_HEADERMAPS\=NO
    export ANDROID_DEPLOYMENT_TARGET\=21.0
    export APPLICATION_EXTENSION_API_ONLY\=NO
    export APPLY_RULES_IN_COPY_FILES\=NO
    export APPLY_RULES_IN_COPY_HEADERS\=NO
    export APP_SHORTCUTS_ENABLE_FLEXIBLE_MATCHING\=YES
    export ARCHS\=arm64\ x86_64
    export ARCHS_BASE\=arm64\ x86_64
    export ARCHS_STANDARD\=arm64\ x86_64
    export ARCHS_STANDARD_32_64_BIT\=arm64\ x86_64
    export ARCHS_STANDARD_64_BIT\=arm64\ x86_64
    export ARCHS_STANDARD_INCLUDING_64_BIT\=arm64\ x86_64
    export ARCHS_UNIVERSAL_IPHONE_OS\=arm64\ x86_64
    export AUTOMATICALLY_MERGE_DEPENDENCIES\=NO
    export AUTOMATION_APPLE_EVENTS\=NO
    export AVAILABLE_PLATFORMS\=android\ appletvos\ appletvsimulator\ driverkit\ freebsd\ iphoneos\ iphonesimulator\ linux\ macosx\ none\ openbsd\ qnx\ watchos\ watchsimulator\ webassembly\ xros\ xrsimulator
    export AppIdentifierPrefix\=U56623MFCT.
    export BUILD_ACTIVE_RESOURCES_ONLY\=NO
    export BUILD_COMPONENTS\=headers\ build
    export BUILD_DIR\=/Users/runner/Library/Developer/Xcode/DerivedData/SparklingGo-gaxngdfqfnurlideafnykwrjqgdj/Build/Products
    export BUILD_LIBRARY_FOR_DISTRIBUTION\=NO
    export BUILD_ONLY_KNOWN_LOCALIZATIONS\=NO
    export BUILD_ROOT\=/Users/runner/Library/Developer/Xcode/DerivedData/SparklingGo-gaxngdfqfnurlideafnykwrjqgdj/Build/Products
    export BUILD_STYLE\=
    export BUILD_VARIANTS\=normal
    export BUILT_PRODUCTS_DIR\=/Users/runner/Library/Developer/Xcode/DerivedData/SparklingGo-gaxngdfqfnurlideafnykwrjqgdj/Build/Products/Debug-iphonesimulator/LynxDevtool
    export BUNDLE_CONTENTS_FOLDER_PATH_deep\=Contents/
    export BUNDLE_EXECUTABLE_FOLDER_NAME_deep\=MacOS
    export BUNDLE_EXTENSIONS_FOLDER_PATH\=Extensions
    export BUNDLE_FORMAT\=shallow
    export BUNDLE_FRAMEWORKS_FOLDER_PATH\=Frameworks
    export BUNDLE_PLUGINS_FOLDER_PATH\=PlugIns
    export BUNDLE_PRIVATE_HEADERS_FOLDER_PATH\=PrivateHeaders
    export BUNDLE_PUBLIC_HEADERS_FOLDER_PATH\=Headers
    export CACHE_ROOT\=/var/folders/0s/pcxnlsz53zg7d8gv5w4wk2qc0000gn/C/com.apple.DeveloperTools/26.5-17F42/Xcode
    export CCHROOT\=/var/folders/0s/pcxnlsz53zg7d8gv5w4wk2qc0000gn/C/com.apple.DeveloperTools/26.5-17F42/Xcode
    export CHMOD\=/bin/chmod
    export CHOWN\=chown
    export CLANG_ANALYZER_LOCALIZABILITY_NONLOCALIZED\=YES
    export CLANG_ANALYZER_NONNULL\=YES
    export CLANG_ANALYZER_NUMBER_OBJECT_CONVERSION\=YES_AGGRESSIVE
    export CLANG_CACHE_FINE_GRAINED_OUTPUTS\=YES
    export CLANG_COVERAGE_MAPPING\=YES
    export CLANG_CXX_LANGUAGE_STANDARD\=gnu++17
    export CLANG_CXX_LIBRARY\=libc++
    export CLANG_ENABLE_EXPLICIT_MODULES\=YES
    export CLANG_ENABLE_MODULES\=YES
    export CLANG_ENABLE_OBJC_ARC\=YES
    export CLANG_ENABLE_OBJC_WEAK\=NO
    export CLANG_MODULES_BUILD_SESSION_FILE\=/Users/runner/Library/Developer/Xcode/DerivedData/ModuleCache.noindex/Session.modulevalidation
    export CLANG_PROFILE_DATA_DIRECTORY\=/Users/runner/Library/Developer/Xcode/DerivedData/SparklingGo-gaxngdfqfnurlideafnykwrjqgdj/Build/ProfileData
    export CLANG_WARN_BLOCK_CAPTURE_AUTORELEASING\=YES
    export CLANG_WARN_BOOL_CONVERSION\=YES
    export CLANG_WARN_COMMA\=YES
    export CLANG_WARN_CONSTANT_CONVERSION\=YES
    export CLANG_WARN_DEPRECATED_OBJC_IMPLEMENTATIONS\=YES
    export CLANG_WARN_DIRECT_OBJC_ISA_USAGE\=YES_ERROR
    export CLANG_WARN_DOCUMENTATION_COMMENTS\=YES
    export CLANG_WARN_EMPTY_BODY\=YES
    export CLANG_WARN_ENUM_CONVERSION\=YES
    export CLANG_WARN_INFINITE_RECURSION\=YES
    export CLANG_WARN_INT_CONVERSION\=YES
    export CLANG_WARN_NON_LITERAL_NULL_CONVERSION\=YES
    export CLANG_WARN_OBJC_IMPLICIT_RETAIN_SELF\=YES
    export CLANG_WARN_OBJC_LITERAL_CONVERSION\=YES
    export CLANG_WARN_OBJC_ROOT_CLASS\=YES_ERROR
    export CLANG_WARN_QUOTED_INCLUDE_IN_FRAMEWORK_HEADER\=NO
    export CLANG_WARN_RANGE_LOOP_ANALYSIS\=YES
    export CLANG_WARN_STRICT_PROTOTYPES\=YES
    export CLANG_WARN_SUSPICIOUS_MOVE\=YES
    export CLANG_WARN_UNGUARDED_AVAILABILITY\=YES_AGGRESSIVE
    export CLANG_WARN_UNREACHABLE_CODE\=YES
    export CLANG_WARN__DUPLICATE_METHOD_MATCH\=YES
    export CLASS_FILE_DIR\=/Users/runner/Library/Developer/Xcode/DerivedData/SparklingGo-gaxngdfqfnurlideafnykwrjqgdj/Build/Intermediates.noindex/LynxDevtool.build/Debug-iphonesimulator/LynxDevtool.build/JavaClasses
    export CLEAN_PRECOMPS\=YES
    export CLONE_HEADERS\=NO
    export CODESIGNING_FOLDER_PATH\=/Users/runner/Library/Developer/Xcode/DerivedData/SparklingGo-gaxngdfqfnurlideafnykwrjqgdj/Build/Products/Debug-iphonesimulator/LynxDevtool/LynxDevtool.framework
    export CODE_SIGNING_ALLOWED\=YES
    export CODE_SIGNING_REQUIRED\=NO
    export CODE_SIGNING_REQUIRES_TEAM\=YES
    export CODE_SIGN_CONTEXT_CLASS\=XCiPhoneSimulatorCodeSignContext
    export CODE_SIGN_IDENTITY\=-
    export CODE_SIGN_INJECT_BASE_ENTITLEMENTS\=YES
    export COLOR_DIAGNOSTICS\=NO
    export COMBINE_HIDPI_IMAGES\=NO
    export COMPILATION_CACHE_CAS_PATH\=/Users/runner/Library/Developer/Xcode/DerivedData/CompilationCache.noindex
    export COMPILATION_CACHE_KEEP_CAS_DIRECTORY\=YES
    export COMPILER_INDEX_STORE_ENABLE\=Default
    export COMPOSITE_SDK_DIRS\=/Users/runner/Library/Developer/Xcode/DerivedData/SparklingGo-gaxngdfqfnurlideafnykwrjqgdj/Build/Intermediates.noindex/CompositeSDKs
    export COMPRESS_PNG_FILES\=YES
    export CONFIGURATION\=Debug
    export CONFIGURATION_BUILD_DIR\=/Users/runner/Library/Developer/Xcode/DerivedData/SparklingGo-gaxngdfqfnurlideafnykwrjqgdj/Build/Products/Debug-iphonesimulator/LynxDevtool
    export CONFIGURATION_TEMP_DIR\=/Users/runner/Library/Developer/Xcode/DerivedData/SparklingGo-gaxngdfqfnurlideafnykwrjqgdj/Build/Intermediates.noindex/LynxDevtool.build/Debug-iphonesimulator
    export CONTENTS_FOLDER_PATH\=LynxDevtool.framework
    export CONTENTS_FOLDER_PATH_SHALLOW_BUNDLE_NO\=LynxDevtool.framework/A
    export CONTENTS_FOLDER_PATH_SHALLOW_BUNDLE_YES\=LynxDevtool.framework
    export COPYING_PRESERVES_HFS_DATA\=NO
    export COPY_HEADERS_RUN_UNIFDEF\=NO
    export COPY_PHASE_STRIP\=NO
    export CORRESPONDING_DEVICE_PLATFORM_DIR\=/Applications/Xcode.app/Contents/Developer/Platforms/iPhoneOS.platform
    export CORRESPONDING_DEVICE_PLATFORM_NAME\=iphoneos
    export CORRESPONDING_DEVICE_SDK_DIR\=/Applications/Xcode.app/Contents/Developer/Platforms/iPhoneOS.platform/Developer/SDKs/iPhoneOS26.5.sdk
    export CORRESPONDING_DEVICE_SDK_NAME\=iphoneos26.5
    export CP\=/bin/cp
    export CREATE_INFOPLIST_SECTION_IN_BINARY\=NO
    export CURRENT_ARCH\=undefined_arch
    export CURRENT_PROJECT_VERSION\=1
    export CURRENT_VARIANT\=normal
    export CURRENT_VERSION\=Current
    export DEAD_CODE_STRIPPING\=YES
    export DEBUGGING_SYMBOLS\=YES
    export DEBUG_INFORMATION_FORMAT\=dwarf
    export DEBUG_INFORMATION_VERSION\=compiler-default
    export DEFAULT_COMPILER\=com.apple.compilers.llvm.clang.1_0
    export DEFAULT_DEXT_INSTALL_PATH\=/System/Library/DriverExtensions
    export DEFAULT_KEXT_INSTALL_PATH\=/System/Library/Extensions
    export DEFINES_MODULE\=YES
    export DEPLOYMENT_LOCATION\=NO
    export DEPLOYMENT_POSTPROCESSING\=NO
    export DEPLOYMENT_TARGET_SETTING_NAME\=IPHONEOS_DEPLOYMENT_TARGET
    export DEPLOYMENT_TARGET_SUGGESTED_VALUES\=12.0\ 12.1\ 12.2\ 12.3\ 12.4\ 13.0\ 13.1\ 13.2\ 13.3\ 13.4\ 13.5\ 13.6\ 14.0\ 14.1\ 14.2\ 14.3\ 14.4\ 14.5\ 14.6\ 14.7\ 15.0\ 15.1\ 15.2\ 15.3\ 15.4\ 15.5\ 15.6\ 16.0\ 16.1\ 16.2\ 16.3\ 16.4\ 16.5\ 16.6\ 17.0\ 17.1\ 17.2\ 17.3\ 17.4\ 17.5\ 17.6\ 18.0\ 18.1\ 18.2\ 18.3\ 18.4\ 18.5\ 18.6\ 26.0\ 26.2\ 26.3\ 26.4\ 26.5
    export DERIVED_FILES_DIR\=/Users/runner/Library/Developer/Xcode/DerivedData/SparklingGo-gaxngdfqfnurlideafnykwrjqgdj/Build/Intermediates.noindex/LynxDevtool.build/Debug-iphonesimulator/LynxDevtool.build/DerivedSources
    export DERIVED_FILE_DIR\=/Users/runner/Library/Developer/Xcode/DerivedData/SparklingGo-gaxngdfqfnurlideafnykwrjqgdj/Build/Intermediates.noindex/LynxDevtool.build/Debug-iphonesimulator/LynxDevtool.build/DerivedSources
    export DERIVED_SOURCES_DIR\=/Users/runner/Library/Developer/Xcode/DerivedData/SparklingGo-gaxngdfqfnurlideafnykwrjqgdj/Build/Intermediates.noindex/LynxDevtool.build/Debug-iphonesimulator/LynxDevtool.build/DerivedSources
    export DEVELOPER_APPLICATIONS_DIR\=/Applications/Xcode.app/Contents/Developer/Applications
    export DEVELOPER_BIN_DIR\=/Applications/Xcode.app/Contents/Developer/usr/bin
    export DEVELOPER_DIR\=/Applications/Xcode.app/Contents/Developer
    export DEVELOPER_FRAMEWORKS_DIR\=/Applications/Xcode.app/Contents/Developer/Library/Frameworks
    export DEVELOPER_FRAMEWORKS_DIR_QUOTED\=/Applications/Xcode.app/Contents/Developer/Library/Frameworks
    export DEVELOPER_LIBRARY_DIR\=/Applications/Xcode.app/Contents/Developer/Library
    export DEVELOPER_SDK_DIR\=/Applications/Xcode.app/Contents/Developer/Platforms/MacOSX.platform/Developer/SDKs
    export DEVELOPER_TOOLS_DIR\=/Applications/Xcode.app/Contents/Developer/Tools
    export DEVELOPER_USR_DIR\=/Applications/Xcode.app/Contents/Developer/usr
    export DEVELOPMENT_LANGUAGE\=en
    export DIAGNOSE_MISSING_TARGET_DEPENDENCIES\=YES
    export DIFF\=/usr/bin/diff
    export DOCUMENTATION_FOLDER_PATH\=LynxDevtool.framework/en.lproj/Documentation
    export DONT_GENERATE_INFOPLIST_FILE\=NO
    export DSTROOT\=/tmp/LynxDevtool.dst
    export DT_TOOLCHAIN_DIR\=/Applications/Xcode.app/Contents/Developer/Toolchains/XcodeDefault.xctoolchain
    export DUMP_DEPENDENCIES\=NO
    export DUMP_DEPENDENCIES_OUTPUT_PATH\=/Users/runner/Library/Developer/Xcode/DerivedData/SparklingGo-gaxngdfqfnurlideafnykwrjqgdj/Build/Intermediates.noindex/LynxDevtool.build/Debug-iphonesimulator/LynxDevtool.build/LynxDevtool-BuildDependencyInfo.json
    export DWARF_DSYM_FILE_NAME\=LynxDevtool.framework.dSYM
    export DWARF_DSYM_FILE_SHOULD_ACCOMPANY_PRODUCT\=NO
    export DWARF_DSYM_FOLDER_PATH\=/Users/runner/Library/Developer/Xcode/DerivedData/SparklingGo-gaxngdfqfnurlideafnykwrjqgdj/Build/Products/Debug-iphonesimulator/LynxDevtool
    export DYLIB_COMPATIBILITY_VERSION\=1
    export DYLIB_CURRENT_VERSION\=1
    export DYLIB_INSTALL_NAME_BASE\=@rpath
    export DYNAMIC_LIBRARY_EXTENSION\=dylib
    export EAGER_COMPILATION_ALLOW_SCRIPTS\=NO
    export EAGER_LINKING\=NO
    export EFFECTIVE_PLATFORM_NAME\=-iphonesimulator
    export EFFECTIVE_SWIFT_VERSION\=5
    export EMBEDDED_CONTENT_CONTAINS_SWIFT\=NO
    export EMBED_ASSET_PACKS_IN_PRODUCT_BUNDLE\=NO
    export ENABLE_APP_SANDBOX\=NO
    export ENABLE_CODE_COVERAGE\=YES
    export ENABLE_COHORT_ARCHS\=NO
    export ENABLE_CPLUSPLUS_BOUNDS_SAFE_BUFFERS\=NO
    export ENABLE_C_BOUNDS_SAFETY\=NO
    export ENABLE_DEFAULT_HEADER_SEARCH_PATHS\=YES
    export ENABLE_DEFAULT_SEARCH_PATHS\=YES
    export ENABLE_ENHANCED_SECURITY\=NO
    export ENABLE_HARDENED_RUNTIME\=NO
    export ENABLE_HEADER_DEPENDENCIES\=YES
    export ENABLE_INCOMING_NETWORK_CONNECTIONS\=NO
    export ENABLE_MODULE_VERIFIER\=NO
    export ENABLE_ON_DEMAND_RESOURCES\=NO
    export ENABLE_OUTGOING_NETWORK_CONNECTIONS\=NO
    export ENABLE_POINTER_AUTHENTICATION\=NO
    export ENABLE_PREVIEWS\=NO
    export ENABLE_RESOURCE_ACCESS_AUDIO_INPUT\=NO
    export ENABLE_RESOURCE_ACCESS_BLUETOOTH\=NO
    export ENABLE_RESOURCE_ACCESS_CALENDARS\=NO
    export ENABLE_RESOURCE_ACCESS_CAMERA\=NO
    export ENABLE_RESOURCE_ACCESS_CONTACTS\=NO
    export ENABLE_RESOURCE_ACCESS_LOCATION\=NO
    export ENABLE_RESOURCE_ACCESS_PHOTO_LIBRARY\=NO
    export ENABLE_RESOURCE_ACCESS_PRINTING\=NO
    export ENABLE_RESOURCE_ACCESS_USB\=NO
    export ENABLE_SDK_IMPORTS\=NO
    export ENABLE_SECURITY_COMPILER_WARNINGS\=NO
    export ENABLE_STRICT_OBJC_MSGSEND\=YES
    export ENABLE_TESTABILITY\=YES
    export ENABLE_TESTING_SEARCH_PATHS\=NO
    export ENABLE_USER_SCRIPT_SANDBOXING\=NO
    export ENABLE_XOJIT_PREVIEWS\=YES
    export ENFORCE_VALID_ARCHS\=YES
    export ENTITLEMENTS_DESTINATION\=__entitlements
    export ENTITLEMENTS_REQUIRED\=NO
    export EXCLUDED_INSTALLSRC_SUBDIRECTORY_PATTERNS\=.DS_Store\ .svn\ .git\ .hg\ CVS
    export EXCLUDED_RECURSIVE_SEARCH_PATH_SUBDIRECTORIES\=\*.nib\ \*.lproj\ \*.framework\ \*.gch\ \*.xcode\*\ \*.xcassets\ \*.icon\ \(\*\)\ .DS_Store\ CVS\ .svn\ .git\ .hg\ \*.pbproj\ \*.pbxproj
    export EXECUTABLES_FOLDER_PATH\=LynxDevtool.framework/en.lproj
    export EXECUTABLE_FOLDER_PATH\=LynxDevtool.framework
    export EXECUTABLE_FOLDER_PATH_SHALLOW_BUNDLE_NO\=LynxDevtool.framework
    export EXECUTABLE_FOLDER_PATH_SHALLOW_BUNDLE_YES\=LynxDevtool.framework
    export EXECUTABLE_NAME\=LynxDevtool
    export EXECUTABLE_PATH\=LynxDevtool.framework/LynxDevtool
    export EXPANDED_CODE_SIGN_IDENTITY\=-
    export EXPANDED_CODE_SIGN_IDENTITY_NAME\=Sign\ to\ Run\ Locally
    export EXTENSIONS_FOLDER_PATH\=LynxDevtool.framework/Extensions
    export FILE_LIST\=/Users/runner/Library/Developer/Xcode/DerivedData/SparklingGo-gaxngdfqfnurlideafnykwrjqgdj/Build/Intermediates.noindex/LynxDevtool.build/Debug-iphonesimulator/LynxDevtool.build/Objects/LinkFileList
    export FIXED_FILES_DIR\=/Users/runner/Library/Developer/Xcode/DerivedData/SparklingGo-gaxngdfqfnurlideafnykwrjqgdj/Build/Intermediates.noindex/LynxDevtool.build/Debug-iphonesimulator/LynxDevtool.build/FixedFiles
    export FRAMEWORKS_FOLDER_PATH\=LynxDevtool.framework/Frameworks
    export FRAMEWORK_FLAG_PREFIX\=-framework
    export FRAMEWORK_SEARCH_PATHS\=/Users/runner/Library/Developer/Xcode/DerivedData/SparklingGo-gaxngdfqfnurlideafnykwrjqgdj/Build/Products/Debug-iphonesimulator/LynxDevtool\ \ \"/Users/runner/Library/Developer/Xcode/DerivedData/SparklingGo-gaxngdfqfnurlideafnykwrjqgdj/Build/Products/Debug-iphonesimulator/BaseDevtool\"\ \"/Users/runner/Library/Developer/Xcode/DerivedData/SparklingGo-gaxngdfqfnurlideafnykwrjqgdj/Build/Products/Debug-iphonesimulator/DebugRouter\"\ \"/Users/runner/Library/Developer/Xcode/DerivedData/SparklingGo-gaxngdfqfnurlideafnykwrjqgdj/Build/Products/Debug-iphonesimulator/Lynx\"\ \"/Users/runner/Library/Developer/Xcode/DerivedData/SparklingGo-gaxngdfqfnurlideafnykwrjqgdj/Build/Products/Debug-iphonesimulator/LynxBase\"\ \"/Users/runner/Library/Developer/Xcode/DerivedData/SparklingGo-gaxngdfqfnurlideafnykwrjqgdj/Build/Products/Debug-iphonesimulator/LynxServiceAPI\"\ \"/Users/runner/Library/Developer/Xcode/DerivedData/SparklingGo-gaxngdfqfnurlideafnykwrjqgdj/Build/Products/Debug-iphonesimulator/PrimJS\"\ \"/Users/runner/Library/Developer/Xcode/DerivedData/SparklingGo-gaxngdfqfnurlideafnykwrjqgdj/Build/Products/Debug-iphonesimulator/SocketRocket\"
    export FRAMEWORK_VERSION\=A
    export FULL_PRODUCT_NAME\=LynxDevtool.framework
    export FUSE_BUILD_PHASES\=YES
    export FUSE_BUILD_SCRIPT_PHASES\=NO
    export GCC3_VERSION\=3.3
    export GCC_C_LANGUAGE_STANDARD\=gnu11
    export GCC_DYNAMIC_NO_PIC\=NO
    export GCC_INLINES_ARE_PRIVATE_EXTERN\=YES
    export GCC_NO_COMMON_BLOCKS\=YES
    export GCC_OBJC_LEGACY_DISPATCH\=YES
    export GCC_OPTIMIZATION_LEVEL\=0
    export GCC_PFE_FILE_C_DIALECTS\=c\ objective-c\ c++\ objective-c++
    export GCC_PREFIX_HEADER\=Target\ Support\ Files/LynxDevtool/LynxDevtool-prefix.pch
    export GCC_PREPROCESSOR_DEFINITIONS\=POD_CONFIGURATION_DEBUG\=1\ DEBUG\=1\ \ COCOAPODS\=1\ ENABLE_TRACE_PERFETTO\=0\ \ \ \ \ \ \ \ \ \ \ \ \ \ \ \ \ \ \ \ \ \ \ \ \ \ \ \ \ \ \ \ \ \ \ \ \ \ \ HOST_OSTYPE\=HOST_IOS\ \ \ \ \ \ \ \ \ \ \ \ \ \ \ \ \ \ \ \ \ \ \ \ \ \ \ \ \ \ \ \ \ \ \ \ \ \ \ LYNX_DEBUG\=0\ \ \ \ \ \ \ \ \ \ \ \ \ \ \ \ \ \ \ \ \ \ \ \ \ \ \ \ \ \ \ \ \ \ \ \ \ \ \ LYNX_ENABLE_E2E_TEST\=0\ \ \ \ \ \ \ \ \ \ \ \ \ \ \ \ \ \ \ \ \ \ \ \ \ \ \ \ \ \ \ \ \ \ \ \ \ \ \ OS_IOS\=1\ ENABLE_TRACE_PERFETTO\=0\ \ \ \ \ \ \ \ \ \ \ \ \ \ \ \ \ \ \ \ \ \ \ \ \ \ \ \ \ \ \ \ \ \ \ \ \ \ \ HOST_OSTYPE\=HOST_IOS\ \ \ \ \ \ \ \ \ \ \ \ \ \ \ \ \ \ \ \ \ \ \ \ \ \ \ \ \ \ \ \ \ \ \ \ \ \ \ LYNX_DEBUG\=0\ \ \ \ \ \ \ \ \ \ \ \ \ \ \ \ \ \ \ \ \ \ \ \ \ \ \ \ \ \ \ \ \ \ \ \ \ \ \ LYNX_ENABLE_E2E_TEST\=0\ \ \ \ \ \ \ \ \ \ \ \ \ \ \ \ \ \ \ \ \ \ \ \ \ \ \ \ \ \ \ \ \ \ \ \ \ \ \ OS_IOS\=1\ ENABLE_INSPECTOR\=1\ \ \ \ \ \ \ \ \ \ \ \ \ \ \ \ \ \ \ \ \ \ \ \ \ \ \ \ \ \ \ \ \ \ \ \ \ \ \ \ \ ENABLE_QUICKJS_DEBUGGER\ \ \ \ \ \ \ \ \ \ \ \ \ \ \ \ \ \ \ \ \ \ \ \ \ \ \ \ \ \ \ \ \ \ \ \ \ \ \ \ \ INSPECTOR_TEST\=1\ \ \ \ \ \ \ \ \ \ \ \ \ \ \ \ \ \ \ \ \ \ \ \ \ \ \ \ \ \ \ \ \ \ \ \ \ \ \ \ \ JS_ENGINE_TYPE\=1\ \ \ \ \ \ \ \ \ \ \ \ \ \ \ \ \ \ \ \ \ \ \ \ \ \ \ \ \ \ \ \ \ \ \ \ \ \ \ \ \ LYNX_DEV\ \ \ \ \ \ \ \ \ \ \ \ \ \ \ \ \ \ \ \ \ \ \ \ \ \ \ \ \ \ \ \ \ \ \ \ \ \ \ \ \ LYNX_SIMPLIFY\=0\ \ \ \ \ \ \ \ \ \ \ \ \ \ \ \ \ \ \ \ \ \ \ \ \ \ \ \ \ \ \ \ \ \ \ \ \ \ \ \ \ NDEBUG\=1\ \ \ \ \ \ \ \ \ \ \ \ \ \ \ \ \ \ \ \ \ \ \ \ \ \ \ \ \ \ \ \ \ \ \ \ \ \ \ \ \ OS_POSIX\=1\ \ \ \ \ \ \ \ \ \ \ \ \ \ \ \ \ \ \ \ \ \ \ \ \ \ \ \ \ \ \ \ \ \ \ \ \ \ \ \ \ RAPIDJSON_HAS_STDSTRING\=1\ \ \ \ \ \ \ \ \ \ \ \ \ \ \ \ \ \ \ \ \ \ \ \ \ \ \ \ \ \ \ \ \ \ \ \ \ \ \ \ \ RAPIDJSON_NAMESPACE\=lynx::rapidjson\ \ \ \ \ \ \ \ \ \ \ \ \ \ \ \ \ \ \ \ \ \ \ \ \ \ \ \ \ \ \ \ \ \ \ \ \ \ \ \ \ RAPIDJSON_NAMESPACE_BEGIN\=\"namespace\ lynx\{namespace\ rapidjson\{\"\ \ \ \ \ \ \ \ \ \ \ \ \ \ \ \ \ \ \ \ \ \ \ \ \ \ \ \ \ \ \ \ \ \ \ \ \ \ \ \ \ RAPIDJSON_NAMESPACE_END\=\"\}\}\;namespace\ rapidjson\=::lynx::rapidjson\;\"
    export GCC_TREAT_WARNINGS_AS_ERRORS\=NO
    export GCC_VERSION\=com.apple.compilers.llvm.clang.1_0
    export GCC_VERSION_IDENTIFIER\=com_apple_compilers_llvm_clang_1_0
    export GCC_WARN_64_TO_32_BIT_CONVERSION\=YES
    export GCC_WARN_ABOUT_RETURN_TYPE\=YES_ERROR
    export GCC_WARN_UNDECLARED_SELECTOR\=YES
    export GCC_WARN_UNINITIALIZED_AUTOS\=YES_AGGRESSIVE
    export GCC_WARN_UNUSED_FUNCTION\=YES
    export GCC_WARN_UNUSED_VARIABLE\=YES
    export GENERATED_MODULEMAP_DIR\=/Users/runner/Library/Developer/Xcode/DerivedData/SparklingGo-gaxngdfqfnurlideafnykwrjqgdj/Build/Intermediates.noindex/GeneratedModuleMaps-iphonesimulator
    export GENERATE_INFOPLIST_FILE\=NO
    export GENERATE_INTERMEDIATE_TEXT_BASED_STUBS\=YES
    export GENERATE_PKGINFO_FILE\=NO
    export GENERATE_PRELINK_OBJECT_FILE\=NO
    export GENERATE_PROFILING_CODE\=NO
    export GENERATE_TEXT_BASED_STUBS\=NO
    export GID\=20
    export GROUP\=staff
    export HEADERMAP_INCLUDES_FLAT_ENTRIES_FOR_TARGET_BEING_BUILT\=YES
    export HEADERMAP_INCLUDES_FRAMEWORK_ENTRIES_FOR_ALL_PRODUCT_TYPES\=YES
    export HEADERMAP_INCLUDES_FRAMEWORK_ENTRIES_FOR_TARGETS_NOT_BEING_BUILT\=YES
    export HEADERMAP_INCLUDES_NONPUBLIC_NONPRIVATE_HEADERS\=YES
    export HEADERMAP_INCLUDES_PROJECT_HEADERS\=YES
    export HEADERMAP_USES_FRAMEWORK_PREFIX_ENTRIES\=YES
    export HEADERMAP_USES_VFS\=YES
    export HEADER_SEARCH_PATHS\=/Users/runner/Library/Developer/Xcode/DerivedData/SparklingGo-gaxngdfqfnurlideafnykwrjqgdj/Build/Products/Debug-iphonesimulator/LynxDevtool/include\ \ \"/Users/runner/token-economics/lynx-benchmark/ios/Pods/LynxBase/lynx\"\ \ \ \ \ \ \ \ \ \ \ \ \ \ \ \ \ \ \ \ \ \ \ \ \ \ \ \ \ \ \"/Users/runner/token-economics/lynx-benchmark/ios/Pods/LynxBase\"\ \"/Users/runner/token-economics/lynx-benchmark/ios/Pods/LynxBase/lynx\"\ \ \ \ \ \ \ \ \ \ \ \ \ \ \ \ \ \ \ \ \ \ \ \ \ \ \ \ \ \ \"/Users/runner/token-economics/lynx-benchmark/ios/Pods/LynxBase\"\ \"/Users/runner/token-economics/lynx-benchmark/ios/Pods/BaseDevtool/\"\ \ \ \ \ \ \ \ \ \ \ \ \ \ \ \ \ \ \ \ \ \ \ \ \ \ \ \ \ \ \ \ \"/Users/runner/token-economics/lynx-benchmark/ios/Pods/BaseDevtool/lynx/\"\ \ \ \ \ \ \ \ \ \ \ \ \ \ \ \ \ \ \ \ \ \ \ \ \ \ \ \ \ \ \ \ \"/Users/runner/token-economics/lynx-benchmark/ios/Pods/Lynx/lynx\"\ \ \ \ \ \ \ \ \ \ \ \ \ \ \ \ \ \ \ \ \ \ \ \ \ \ \ \ \ \ \ \ \"/Users/runner/token-economics/lynx-benchmark/ios/Pods/LynxBase/lynx\"\ \ \ \ \ \ \ \ \ \ \ \ \ \ \ \ \ \ \ \ \ \ \ \ \ \ \ \ \ \ \ \ \"/Users/runner/token-economics/lynx-benchmark/ios/Pods/LynxBase\"\ \ \ \ \ \ \ \ \ \ \ \ \ \ \ \ \ \ \ \ \ \ \ \ \ \ \ \ \ \ \ \ \"/Users/runner/token-economics/lynx-benchmark/ios/Pods/Lynx\"\ \ \ \ \ \ \ \ \ \ \ \ \ \ \ \ \ \ \ \ \ \ \ \ \ \ \ \ \ \ \ \ \"/Users/runner/token-economics/lynx-benchmark/ios/Pods/PrimJS/src/gc\"\ \ \ \ \ \ \ \ \ \ \ \ \ \ \ \ \ \ \ \ \ \ \ \ \ \ \ \ \ \ \ \ \"/Users/runner/token-economics/lynx-benchmark/ios/Pods/PrimJS/src/interpreter/quickjs/include\"\ \ \ \ \ \ \ \ \ \ \ \ \ \ \ \ \ \ \ \ \ \ \ \ \ \ \ \ \ \ \ \ \"/Users/runner/token-economics/lynx-benchmark/ios/Pods/PrimJS/src/interpreter\"\ \ \ \ \ \ \ \ \ \ \ \ \ \ \ \ \ \ \ \ \ \ \ \ \ \ \ \ \ \ \ \ \"/Users/runner/token-economics/lynx-benchmark/ios/Pods/PrimJS/src/napi/env\"\ \ \ \ \ \ \ \ \ \ \ \ \ \ \ \ \ \ \ \ \ \ \ \ \ \ \ \ \ \ \ \ \"/Users/runner/token-economics/lynx-benchmark/ios/Pods/PrimJS/src/napi/jsc\"\ \ \ \ \ \ \ \ \ \ \ \ \ \ \ \ \ \ \ \ \ \ \ \ \ \ \ \ \ \ \ \ \"/Users/runner/token-economics/lynx-benchmark/ios/Pods/PrimJS/src/napi/quickjs\"\ \ \ \ \ \ \ \ \ \ \ \ \ \ \ \ \ \ \ \ \ \ \ \ \ \ \ \ \ \ \ \ \"/Users/runner/token-economics/lynx-benchmark/ios/Pods/PrimJS/src/napi\"\ \ \ \ \ \ \ \ \ \ \ \ \ \ \ \ \ \ \ \ \ \ \ \ \ \ \ \ \ \ \ \ \"/Users/runner/token-economics/lynx-benchmark/ios/Pods/PrimJS/src\"\ \ \ \ \ \ \ \ \ \ \ \ \ \ \ \ \ \ \ \ \ \ \ \ \ \ \ \ \ \ \ \ \"/Users/runner/token-economics/lynx-benchmark/ios/Pods/LynxDevtool/\"\ \ \ \ \ \ \ \ \ \ \ \ \ \ \ \ \ \ \ \ \ \ \ \ \ \ \ \ \ \ \ \ \"/Users/runner/token-economics/lynx-benchmark/ios/Pods/LynxDevtool/core\"\ \ \ \ \ \ \ \ \ \ \ \ \ \ \ \ \ \ \ \ \ \ \ \ \ \ \ \ \ \ \ \ \"/Users/runner/token-economics/lynx-benchmark/ios/Pods/LynxDevtool/devtool/lynx_devtool\"\ \ \ \ \ \ \ \ \ \ \ \ \ \ \ \ \ \ \ \ \ \ \ \ \ \ \ \ \ \ \ \ \"/Users/runner/token-economics/lynx-benchmark/ios/Pods/LynxDevtool/devtool/lynx_devtool\"\ \ \ \ \ \ \ \ \ \ \ \ \ \ \ \ \ \ \ \ \ \ \ \ \ \ \ \ \ \ \ \ \"/Users/runner/token-economics/lynx-benchmark/ios/Pods/LynxDevtool/third_party/jsoncpp/include\"\ \ \ \ \ \ \ \ \ \ \ \ \ \ \ \ \ \ \ \ \ \ \ \ \ \ \ \ \ \ \ \ \"/Users/runner/Library/Developer/Xcode/DerivedData/SparklingGo-gaxngdfqfnurlideafnykwrjqgdj/Build/Products/Debug-iphonesimulator/LynxDevtool/Devtool/gen/Lynx\"\ \ \ \ \ \ \ \ \ \ \ \ \ \ \ \ \ \ \ \ \ \ \ \ \ \ \ \ \ \ \ \ \"/Users/runner/work/lynx/lynx/core\"\ \ \ \ \ \ \ \ \ \ \ \ \ \ \ \ \ \ \ \ \ \ \ \ \ \ \ \ \ \ \ \ \"/Users/runner/work/lynx/lynx/devtool/lynx_devtool\"\ \ \ \ \ \ \ \ \ \ \ \ \ \ \ \ \ \ \ \ \ \ \ \ \ \ \ \ \ \ \ \ \"/Users/runner/work/lynx/lynx/lynx\"
    export HOME\=/Users/runner
    export HOST_ARCH\=arm64
    export HOST_PLATFORM\=macosx
    export ICONV\=/usr/bin/iconv
    export IMPLICIT_DEPENDENCY_DOMAIN\=default
    export INDEX_STORE_COMPRESS\=NO
    export INDEX_STORE_ONLY_PROJECT_FILES\=NO
    export INFOPLIST_ENABLE_CFBUNDLEICONS_MERGE\=YES
    export INFOPLIST_EXPAND_BUILD_SETTINGS\=YES
    export INFOPLIST_FILE\=Target\ Support\ Files/LynxDevtool/LynxDevtool-Info.plist
    export INFOPLIST_OUTPUT_FORMAT\=binary
    export INFOPLIST_PATH\=LynxDevtool.framework/Info.plist
    export INFOPLIST_PREPROCESS\=NO
    export INFOSTRINGS_PATH\=LynxDevtool.framework/en.lproj/InfoPlist.strings
    export INLINE_PRIVATE_FRAMEWORKS\=NO
    export INSTALLAPI_IGNORE_SKIP_INSTALL\=YES
    export INSTALLHDRS_COPY_PHASE\=NO
    export INSTALLHDRS_SCRIPT_PHASE\=NO
    export INSTALL_DIR\=/tmp/LynxDevtool.dst/Library/Frameworks
    export INSTALL_GROUP\=staff
    export INSTALL_MODE_FLAG\=u+w,go-w,a+rX
    export INSTALL_OWNER\=runner
    export INSTALL_PATH\=/Library/Frameworks
    export INSTALL_ROOT\=/tmp/LynxDevtool.dst
    export IPHONEOS_DEPLOYMENT_TARGET\=10.0
    export IS_UNOPTIMIZED_BUILD\=YES
    export JAVAC_DEFAULT_FLAGS\=-J-Xms64m\ -J-XX:NewSize\=4M\ -J-Dfile.encoding\=UTF8
    export JAVA_APP_STUB\=/System/Library/Frameworks/JavaVM.framework/Resources/MacOS/JavaApplicationStub
    export JAVA_ARCHIVE_CLASSES\=YES
    export JAVA_ARCHIVE_TYPE\=JAR
    export JAVA_COMPILER\=/usr/bin/javac
    export JAVA_FOLDER_PATH\=LynxDevtool.framework/Java
    export JAVA_FRAMEWORK_RESOURCES_DIRS\=Resources
    export JAVA_JAR_FLAGS\=cv
    export JAVA_SOURCE_SUBDIR\=.
    export JAVA_USE_DEPENDENCIES\=YES
    export JAVA_ZIP_FLAGS\=-urg
    export JIKES_DEFAULT_FLAGS\=+E\ +OLDCSO
    export KEEP_PRIVATE_EXTERNS\=NO
    export LD_DEPENDENCY_INFO_FILE\=/Users/runner/Library/Developer/Xcode/DerivedData/SparklingGo-gaxngdfqfnurlideafnykwrjqgdj/Build/Intermediates.noindex/LynxDevtool.build/Debug-iphonesimulator/LynxDevtool.build/Objects-normal/undefined_arch/LynxDevtool_dependency_info.dat
    export LD_DYLIB_INSTALL_NAME\=@rpath/LynxDevtool.framework/LynxDevtool
    export LD_EXPORT_SYMBOLS\=YES
    export LD_GENERATE_MAP_FILE\=NO
    export LD_MAP_FILE_PATH\=/Users/runner/Library/Developer/Xcode/DerivedData/SparklingGo-gaxngdfqfnurlideafnykwrjqgdj/Build/Intermediates.noindex/LynxDevtool.build/Debug-iphonesimulator/LynxDevtool.build/LynxDevtool-LinkMap-normal-undefined_arch.txt
    export LD_NO_PIE\=NO
    export LD_QUOTE_LINKER_ARGUMENTS_FOR_COMPILER_DRIVER\=YES
    export LD_RUNPATH_SEARCH_PATHS\=\ @executable_path/Frameworks\ @loader_path/Frameworks
    export LD_SHARED_CACHE_ELIGIBLE\=Automatic
    export LD_WARN_DUPLICATE_LIBRARIES\=NO
    export LD_WARN_UNUSED_DYLIBS\=NO
    export LEGACY_DEVELOPER_DIR\=/Applications/Xcode.app/Contents/PlugIns/Xcode3Core.ideplugin/Contents/SharedSupport/Developer
    export LEX\=lex
    export LIBRARY_DEXT_INSTALL_PATH\=/Library/DriverExtensions
    export LIBRARY_FLAG_NOSPACE\=YES
    export LIBRARY_FLAG_PREFIX\=-l
    export LIBRARY_KEXT_INSTALL_PATH\=/Library/Extensions
    export LIBRARY_SEARCH_PATHS\=/Users/runner/Library/Developer/Xcode/DerivedData/SparklingGo-gaxngdfqfnurlideafnykwrjqgdj/Build/Products/Debug-iphonesimulator/LynxDevtool\ 
    export LINKER_DISPLAYS_MANGLED_NAMES\=NO
    export LINK_FILE_LIST_normal_arm64\=/Users/runner/Library/Developer/Xcode/DerivedData/SparklingGo-gaxngdfqfnurlideafnykwrjqgdj/Build/Intermediates.noindex/LynxDevtool.build/Debug-iphonesimulator/LynxDevtool.build/Objects-normal/arm64/LynxDevtool.LinkFileList
    export LINK_FILE_LIST_normal_x86_64\=/Users/runner/Library/Developer/Xcode/DerivedData/SparklingGo-gaxngdfqfnurlideafnykwrjqgdj/Build/Intermediates.noindex/LynxDevtool.build/Debug-iphonesimulator/LynxDevtool.build/Objects-normal/x86_64/LynxDevtool.LinkFileList
    export LINK_OBJC_RUNTIME\=YES
    export LINK_WITH_STANDARD_LIBRARIES\=YES
    export LLVM_TARGET_TRIPLE_OS_VERSION\=ios10.0
    export LLVM_TARGET_TRIPLE_SUFFIX\=-simulator
    export LLVM_TARGET_TRIPLE_VENDOR\=apple
    export LM_AUX_CONST_METADATA_LIST_PATH_normal_arm64\=/Users/runner/Library/Developer/Xcode/DerivedData/SparklingGo-gaxngdfqfnurlideafnykwrjqgdj/Build/Intermediates.noindex/LynxDevtool.build/Debug-iphonesimulator/LynxDevtool.build/Objects-normal/arm64/LynxDevtool.SwiftConstValuesFileList
    export LM_AUX_CONST_METADATA_LIST_PATH_normal_x86_64\=/Users/runner/Library/Developer/Xcode/DerivedData/SparklingGo-gaxngdfqfnurlideafnykwrjqgdj/Build/Intermediates.noindex/LynxDevtool.build/Debug-iphonesimulator/LynxDevtool.build/Objects-normal/x86_64/LynxDevtool.SwiftConstValuesFileList
    export LOCALIZATION_EXPORT_SUPPORTED\=YES
    export LOCALIZATION_PREFERS_STRING_CATALOGS\=NO
    export LOCALIZED_RESOURCES_FOLDER_PATH\=LynxDevtool.framework/en.lproj
    export LOCALIZED_STRING_CODE_COMMENTS\=NO
    export LOCALIZED_STRING_MACRO_NAMES\=NSLocalizedString\ CFCopyLocalizedString
    export LOCALIZED_STRING_SWIFTUI_SUPPORT\=YES
    export LOCAL_ADMIN_APPS_DIR\=/Applications/Utilities
    export LOCAL_APPS_DIR\=/Applications
    export LOCAL_DEVELOPER_DIR\=/Library/Developer
    export LOCAL_LIBRARY_DIR\=/Library
    export LOCROOT\=/Users/runner/token-economics/lynx-benchmark/ios/Pods
    export LOCSYMROOT\=/Users/runner/token-economics/lynx-benchmark/ios/Pods
    export MACH_O_TYPE\=mh_dylib
    export MAC_OS_X_PRODUCT_BUILD_VERSION\=25F84
    export MAC_OS_X_VERSION_ACTUAL\=260502
    export MAC_OS_X_VERSION_MAJOR\=260000
    export MAC_OS_X_VERSION_MINOR\=260500
    export MAKE_MERGEABLE\=NO
    export MERGEABLE_LIBRARY\=NO
    export MERGED_BINARY_TYPE\=none
    export MERGE_LINKED_LIBRARIES\=NO
    export METAL_LIBRARY_FILE_BASE\=default
    export METAL_LIBRARY_OUTPUT_DIR\=/Users/runner/Library/Developer/Xcode/DerivedData/SparklingGo-gaxngdfqfnurlideafnykwrjqgdj/Build/Products/Debug-iphonesimulator/LynxDevtool/LynxDevtool.framework
    export MODULEMAP_FILE\=Target\ Support\ Files/LynxDevtool/LynxDevtool.modulemap
    export MODULES_FOLDER_PATH\=LynxDevtool.framework/Modules
    export MODULE_CACHE_DIR\=/Users/runner/Library/Developer/Xcode/DerivedData/ModuleCache.noindex
    export MTL_ENABLE_DEBUG_INFO\=INCLUDE_SOURCE
    export MTL_FAST_MATH\=YES
    export NATIVE_ARCH\=arm64
    export NATIVE_ARCH_32_BIT\=arm
    export NATIVE_ARCH_64_BIT\=arm64
    export NATIVE_ARCH_ACTUAL\=arm64
    export NO_COMMON\=YES
    export OBJC_ABI_VERSION\=2
    export OBJECT_FILE_DIR\=/Users/runner/Library/Developer/Xcode/DerivedData/SparklingGo-gaxngdfqfnurlideafnykwrjqgdj/Build/Intermediates.noindex/LynxDevtool.build/Debug-iphonesimulator/LynxDevtool.build/Objects
    export OBJECT_FILE_DIR_normal\=/Users/runner/Library/Developer/Xcode/DerivedData/SparklingGo-gaxngdfqfnurlideafnykwrjqgdj/Build/Intermediates.noindex/LynxDevtool.build/Debug-iphonesimulator/LynxDevtool.build/Objects-normal
    export OBJROOT\=/Users/runner/Library/Developer/Xcode/DerivedData/SparklingGo-gaxngdfqfnurlideafnykwrjqgdj/Build/Intermediates.noindex
    export ONLY_ACTIVE_ARCH\=NO
    export OS\=MACOS
    export OSAC\=/usr/bin/osacompile
    export OTHER_CPLUSPLUSFLAGS\=-fno-aligned-allocation\ -fno-c++-static-destructors
    export OTHER_LDFLAGS\=\ -l\"stdc++\"\ -framework\ \"AudioToolbox\"\ -framework\ \"BaseDevtool\"\ -framework\ \"CFNetwork\"\ -framework\ \"DebugRouter\"\ -framework\ \"IOKit\"\ -framework\ \"JavaScriptCore\"\ -framework\ \"Lynx\"\ -framework\ \"LynxBase\"\ -framework\ \"NaturalLanguage\"\ -framework\ \"PrimJS\"\ -framework\ \"Security\"\ -framework\ \"SocketRocket\"\ -framework\ \"UIKit\"\ -framework\ \"WebKit\"
    export PACKAGE_TYPE\=com.apple.package-type.wrapper.framework
    export PASCAL_STRINGS\=YES
    export PATH\=/Applications/Xcode.app/Contents/SharedFrameworks/SwiftBuild.framework/Versions/A/PlugIns/SWBBuildService.bundle/Contents/PlugIns/SWBUniversalPlatformPlugin.bundle/Contents/Frameworks/SWBUniversalPlatform.framework/Resources:/var/run/com.apple.security.cryptexd/mnt/com.apple.MobileAsset.MetalToolchain-v17.6.42.0.xRBJyY/Metal.xctoolchain/usr/bin:/var/run/com.apple.security.cryptexd/mnt/com.apple.MobileAsset.MetalToolchain-v17.6.42.0.xRBJyY/Metal.xctoolchain/usr/local/bin:/var/run/com.apple.security.cryptexd/mnt/com.apple.MobileAsset.MetalToolchain-v17.6.42.0.xRBJyY/Metal.xctoolchain/usr/libexec:/Applications/Xcode.app/Contents/Developer/Toolchains/XcodeDefault.xctoolchain/usr/bin:/Applications/Xcode.app/Contents/Developer/Toolchains/XcodeDefault.xctoolchain/usr/local/bin:/Applications/Xcode.app/Contents/Developer/Toolchains/XcodeDefault.xctoolchain/usr/libexec:/Applications/Xcode.app/Contents/Developer/Platforms/iPhoneSimulator.platform/usr/bin:/Applications/Xcode.app/Contents/Developer/Platforms/iPhoneSimulator.platform/usr/local/bin:/Applications/Xcode.app/Contents/Developer/Platforms/iPhoneSimulator.platform/Developer/usr/bin:/Applications/Xcode.app/Contents/Developer/Platforms/iPhoneSimulator.platform/Developer/usr/local/bin:/Applications/Xcode.app/Contents/Developer/usr/bin:/Applications/Xcode.app/Contents/Developer/usr/local/bin:/Users/runner/.antigravity/antigravity/bin:/Users/runner/.local/bin:/Users/runner/.bun/bin:/Users/runner/Library/Python/3.9/bin:/opt/homebrew/opt/ruby/bin:/opt/homebrew/lib/ruby/gems/3.3.0/bin:/usr/bin:/usr/local/bin:/Users/runner/Library/Android/sdk/emulator:/Users/runner/Library/Android/sdk/tools:/Users/runner/Library/Android/sdk/platform-tools:/Users/runner/Library/Android/sdk/tools/bin:/Users/runner/Documents/RiveBuildTools:/opt/homebrew/bin:/Users/runner/Documents/Flutter/bin:/Users/runner/.deno/bin:/Users/runner/.nvm/versions/node/v24.1.0/bin:/opt/homebrew/sbin:/System/Cryptexes/App/usr/bin:/bin:/usr/sbin:/sbin:/var/run/com.apple.security.cryptexd/codex.system/bootstrap/usr/local/bin:/var/run/com.apple.security.cryptexd/codex.system/bootstrap/usr/bin:/var/run/com.apple.security.cryptexd/codex.system/bootstrap/usr/appleinternal/bin:/pkg/env/global/bin:/Library/Apple/usr/bin:/usr/local/share/dotnet:/Users/runner/.cargo/bin:/Users/runner/.orbstack/bin:/Users/runner/.maestro/bin:/Users/runner/Documents/github/chromium/depot_tools:/Users/runner/.claude/plugins/cache/claude-plugins-official/swift-lsp/1.0.0/bin
    export PATH_PREFIXES_EXCLUDED_FROM_HEADER_DEPENDENCIES\=/usr/include\ /usr/local/include\ /System/Library/Frameworks\ /System/Library/PrivateFrameworks\ /Applications/Xcode.app/Contents/Developer/Headers\ /Applications/Xcode.app/Contents/Developer/SDKs\ /Applications/Xcode.app/Contents/Developer/Platforms
    export PBDEVELOPMENTPLIST_PATH\=LynxDevtool.framework/pbdevelopment.plist
    export PER_ARCH_MODULE_FILE_DIR\=/Users/runner/Library/Developer/Xcode/DerivedData/SparklingGo-gaxngdfqfnurlideafnykwrjqgdj/Build/Intermediates.noindex/LynxDevtool.build/Debug-iphonesimulator/LynxDevtool.build/Objects-normal/undefined_arch
    export PER_ARCH_OBJECT_FILE_DIR\=/Users/runner/Library/Developer/Xcode/DerivedData/SparklingGo-gaxngdfqfnurlideafnykwrjqgdj/Build/Intermediates.noindex/LynxDevtool.build/Debug-iphonesimulator/LynxDevtool.build/Objects-normal/undefined_arch
    export PER_VARIANT_OBJECT_FILE_DIR\=/Users/runner/Library/Developer/Xcode/DerivedData/SparklingGo-gaxngdfqfnurlideafnykwrjqgdj/Build/Intermediates.noindex/LynxDevtool.build/Debug-iphonesimulator/LynxDevtool.build/Objects-normal
    export PKGINFO_FILE_PATH\=/Users/runner/Library/Developer/Xcode/DerivedData/SparklingGo-gaxngdfqfnurlideafnykwrjqgdj/Build/Intermediates.noindex/LynxDevtool.build/Debug-iphonesimulator/LynxDevtool.build/PkgInfo
    export PKGINFO_PATH\=LynxDevtool.framework/PkgInfo
    export PLATFORM_DEVELOPER_APPLICATIONS_DIR\=/Applications/Xcode.app/Contents/Developer/Platforms/iPhoneSimulator.platform/Developer/Applications
    export PLATFORM_DEVELOPER_BIN_DIR\=/Applications/Xcode.app/Contents/Developer/Platforms/iPhoneSimulator.platform/Developer/usr/bin
    export PLATFORM_DEVELOPER_LIBRARY_DIR\=/Applications/Xcode.app/Contents/Developer/Platforms/iPhoneSimulator.platform/Developer/Library
    export PLATFORM_DEVELOPER_SDK_DIR\=/Applications/Xcode.app/Contents/Developer/Platforms/iPhoneSimulator.platform/Developer/SDKs
    export PLATFORM_DEVELOPER_TOOLS_DIR\=/Applications/Xcode.app/Contents/Developer/Platforms/iPhoneSimulator.platform/Developer/Tools
    export PLATFORM_DEVELOPER_USR_DIR\=/Applications/Xcode.app/Contents/Developer/Platforms/iPhoneSimulator.platform/Developer/usr
    export PLATFORM_DIR\=/Applications/Xcode.app/Contents/Developer/Platforms/iPhoneSimulator.platform
    export PLATFORM_DISPLAY_NAME\=iOS\ Simulator
    export PLATFORM_FAMILY_NAME\=iOS
    export PLATFORM_NAME\=iphonesimulator
    export PLATFORM_PREFERRED_ARCH\=x86_64
    export PLATFORM_PRODUCT_BUILD_VERSION\=23F73
    export PLATFORM_REQUIRES_SWIFT_AUTOLINK_EXTRACT\=NO
    export PLATFORM_REQUIRES_SWIFT_MODULEWRAP\=NO
    export PLATFORM_USES_DSYMS\=YES
    export PLIST_FILE_OUTPUT_FORMAT\=binary
    export PLUGINS_FOLDER_PATH\=LynxDevtool.framework/PlugIns
    export PODS_BUILD_DIR\=/Users/runner/Library/Developer/Xcode/DerivedData/SparklingGo-gaxngdfqfnurlideafnykwrjqgdj/Build/Products
    export PODS_CONFIGURATION_BUILD_DIR\=/Users/runner/Library/Developer/Xcode/DerivedData/SparklingGo-gaxngdfqfnurlideafnykwrjqgdj/Build/Products/Debug-iphonesimulator
    export PODS_DEVELOPMENT_LANGUAGE\=en
    export PODS_ROOT\=/Users/runner/token-economics/lynx-benchmark/ios/Pods
    export PODS_TARGET_SRCROOT\=/Users/runner/token-economics/lynx-benchmark/ios/Pods/LynxDevtool
    export PODS_XCFRAMEWORKS_BUILD_DIR\=/Users/runner/Library/Developer/Xcode/DerivedData/SparklingGo-gaxngdfqfnurlideafnykwrjqgdj/Build/Products/Debug-iphonesimulator/XCFrameworkIntermediates
    export PRECOMPS_INCLUDE_HEADERS_FROM_BUILT_PRODUCTS_DIR\=YES
    export PRECOMP_DESTINATION_DIR\=/Users/runner/Library/Developer/Xcode/DerivedData/SparklingGo-gaxngdfqfnurlideafnykwrjqgdj/Build/Intermediates.noindex/LynxDevtool.build/Debug-iphonesimulator/LynxDevtool.build/PrefixHeaders
    export PRIVATE_HEADERS_FOLDER_PATH\=LynxDevtool.framework/PrivateHeaders
    export PROCESSED_INFOPLIST_PATH\=/Users/runner/Library/Developer/Xcode/DerivedData/SparklingGo-gaxngdfqfnurlideafnykwrjqgdj/Build/Intermediates.noindex/LynxDevtool.build/Debug-iphonesimulator/LynxDevtool.build/Objects-normal/undefined_arch/Processed-Info.plist
    export PRODUCT_BUNDLE_IDENTIFIER\=org.cocoapods.LynxDevtool
    export PRODUCT_BUNDLE_PACKAGE_TYPE\=FMWK
    export PRODUCT_MODULE_NAME\=LynxDevtool
    export PRODUCT_NAME\=LynxDevtool
    export PRODUCT_SETTINGS_PATH\=/Users/runner/token-economics/lynx-benchmark/ios/Pods/Target\ Support\ Files/LynxDevtool/LynxDevtool-Info.plist
    export PRODUCT_TYPE\=com.apple.product-type.framework
    export PROFILING_CODE\=NO
    export PROJECT\=LynxDevtool
    export PROJECT_DERIVED_FILE_DIR\=/Users/runner/Library/Developer/Xcode/DerivedData/SparklingGo-gaxngdfqfnurlideafnykwrjqgdj/Build/Intermediates.noindex/LynxDevtool.build/DerivedSources
    export PROJECT_DIR\=/Users/runner/token-economics/lynx-benchmark/ios/Pods
    export PROJECT_FILE_PATH\=/Users/runner/token-economics/lynx-benchmark/ios/Pods/LynxDevtool.xcodeproj
    export PROJECT_GUID\=09193735bf3fff770db3d94cf0cf746e
    export PROJECT_NAME\=LynxDevtool
    export PROJECT_TEMP_DIR\=/Users/runner/Library/Developer/Xcode/DerivedData/SparklingGo-gaxngdfqfnurlideafnykwrjqgdj/Build/Intermediates.noindex/LynxDevtool.build
    export PROJECT_TEMP_ROOT\=/Users/runner/Library/Developer/Xcode/DerivedData/SparklingGo-gaxngdfqfnurlideafnykwrjqgdj/Build/Intermediates.noindex
    export PUBLIC_HEADERS_FOLDER_PATH\=LynxDevtool.framework/Headers
    export RECOMMENDED_IPHONEOS_DEPLOYMENT_TARGET\=15.0
    export RECURSIVE_SEARCH_PATHS_FOLLOW_SYMLINKS\=YES
    export REMOVE_CVS_FROM_RESOURCES\=YES
    export REMOVE_GIT_FROM_RESOURCES\=YES
    export REMOVE_HEADERS_FROM_EMBEDDED_BUNDLES\=YES
    export REMOVE_HG_FROM_RESOURCES\=YES
    export REMOVE_STATIC_EXECUTABLES_FROM_EMBEDDED_BUNDLES\=YES
    export REMOVE_SVN_FROM_RESOURCES\=YES
    export RESCHEDULE_INDEPENDENT_HEADERS_PHASES\=YES
    export REZ_COLLECTOR_DIR\=/Users/runner/Library/Developer/Xcode/DerivedData/SparklingGo-gaxngdfqfnurlideafnykwrjqgdj/Build/Intermediates.noindex/LynxDevtool.build/Debug-iphonesimulator/LynxDevtool.build/ResourceManagerResources
    export REZ_OBJECTS_DIR\=/Users/runner/Library/Developer/Xcode/DerivedData/SparklingGo-gaxngdfqfnurlideafnykwrjqgdj/Build/Intermediates.noindex/LynxDevtool.build/Debug-iphonesimulator/LynxDevtool.build/ResourceManagerResources/Objects
    export REZ_SEARCH_PATHS\=/Users/runner/Library/Developer/Xcode/DerivedData/SparklingGo-gaxngdfqfnurlideafnykwrjqgdj/Build/Products/Debug-iphonesimulator/LynxDevtool\ 
    export RPATH_ORIGIN\=@loader_path
    export RUNTIME_EXCEPTION_ALLOW_DYLD_ENVIRONMENT_VARIABLES\=NO
    export RUNTIME_EXCEPTION_ALLOW_JIT\=NO
    export RUNTIME_EXCEPTION_ALLOW_UNSIGNED_EXECUTABLE_MEMORY\=NO
    export RUNTIME_EXCEPTION_DEBUGGING_TOOL\=NO
    export RUNTIME_EXCEPTION_DISABLE_EXECUTABLE_PAGE_PROTECTION\=NO
    export RUNTIME_EXCEPTION_DISABLE_LIBRARY_VALIDATION\=NO
    export SCANNING_PCM_KEEP_CACHE_DIRECTORY\=YES
    export SCAN_ALL_SOURCE_FILES_FOR_INCLUDES\=NO
    export SCRIPTS_FOLDER_PATH\=LynxDevtool.framework/Scripts
    export SCRIPT_INPUT_FILE_COUNT\=0
    export SCRIPT_INPUT_FILE_LIST_COUNT\=0
    export SCRIPT_OUTPUT_FILE_COUNT\=0
    export SCRIPT_OUTPUT_FILE_LIST_COUNT\=0
    export SDKROOT\=/Applications/Xcode.app/Contents/Developer/Platforms/iPhoneSimulator.platform/Developer/SDKs/iPhoneSimulator26.5.sdk
    export SDK_DIR\=/Applications/Xcode.app/Contents/Developer/Platforms/iPhoneSimulator.platform/Developer/SDKs/iPhoneSimulator26.5.sdk
    export SDK_DIR_iphonesimulator\=/Applications/Xcode.app/Contents/Developer/Platforms/iPhoneSimulator.platform/Developer/SDKs/iPhoneSimulator26.5.sdk
    export SDK_DIR_iphonesimulator26_5\=/Applications/Xcode.app/Contents/Developer/Platforms/iPhoneSimulator.platform/Developer/SDKs/iPhoneSimulator26.5.sdk
    export SDK_NAME\=iphonesimulator26.5
    export SDK_NAMES\=iphonesimulator26.5
    export SDK_PRODUCT_BUILD_VERSION\=23F73
    export SDK_STAT_CACHE_DIR\=/Users/runner/Library/Developer/Xcode/DerivedData
    export SDK_STAT_CACHE_ENABLE\=YES
    export SDK_STAT_CACHE_PATH\=/Users/runner/Library/Developer/Xcode/DerivedData/SDKStatCaches.noindex/iphonesimulator26.5-23F73-688ef53f1462e2c8f657fdc38a81448f6cfe768891a92b912361537c460fe42b.sdkstatcache
    export SDK_VERSION\=26.5
    export SDK_VERSION_ACTUAL\=260500
    export SDK_VERSION_MAJOR\=260000
    export SDK_VERSION_MINOR\=260500
    export SED\=/usr/bin/sed
    export SEPARATE_STRIP\=NO
    export SEPARATE_SYMBOL_EDIT\=NO
    export SET_DIR_MODE_OWNER_GROUP\=YES
    export SET_FILE_MODE_OWNER_GROUP\=NO
    export SHALLOW_BUNDLE\=YES
    export SHALLOW_BUNDLE_TRIPLE\=ios-simulator
    export SHALLOW_BUNDLE_ios_macabi\=NO
    export SHALLOW_BUNDLE_macos\=NO
    export SHARED_DERIVED_FILE_DIR\=/Users/runner/Library/Developer/Xcode/DerivedData/SparklingGo-gaxngdfqfnurlideafnykwrjqgdj/Build/Products/Debug-iphonesimulator/LynxDevtool/DerivedSources
    export SHARED_FRAMEWORKS_FOLDER_PATH\=LynxDevtool.framework/SharedFrameworks
    export SHARED_PRECOMPS_DIR\=/Users/runner/Library/Developer/Xcode/DerivedData/SparklingGo-gaxngdfqfnurlideafnykwrjqgdj/Build/Intermediates.noindex/PrecompiledHeaders
    export SHARED_SUPPORT_FOLDER_PATH\=LynxDevtool.framework
    export SKIP_INSTALL\=YES
    export SKIP_MERGEABLE_LIBRARY_BUNDLE_HOOK\=NO
    export SOURCE_ROOT\=/Users/runner/token-economics/lynx-benchmark/ios/Pods
    export SRCROOT\=/Users/runner/token-economics/lynx-benchmark/ios/Pods
    export STRINGSDATA_DIR\=/Users/runner/Library/Developer/Xcode/DerivedData/SparklingGo-gaxngdfqfnurlideafnykwrjqgdj/Build/Intermediates.noindex/LynxDevtool.build/Debug-iphonesimulator/LynxDevtool.build/Objects-normal/undefined_arch
    export STRINGSDATA_ROOT\=/Users/runner/Library/Developer/Xcode/DerivedData/SparklingGo-gaxngdfqfnurlideafnykwrjqgdj/Build/Intermediates.noindex/LynxDevtool.build/Debug-iphonesimulator/LynxDevtool.build
    export STRINGS_FILE_INFOPLIST_RENAME\=YES
    export STRINGS_FILE_OUTPUT_ENCODING\=binary
    export STRING_CATALOG_GENERATE_SYMBOLS\=NO
    export STRIP_BITCODE_FROM_COPIED_FILES\=NO
    export STRIP_INSTALLED_PRODUCT\=NO
    export STRIP_STYLE\=debugging
    export STRIP_SWIFT_SYMBOLS\=YES
    export SUPPORTED_DEVICE_FAMILIES\=1,2
    export SUPPORTED_PLATFORMS\=iphoneos\ iphonesimulator
    export SUPPORTS_TEXT_BASED_API\=NO
    export SUPPRESS_WARNINGS\=NO
    export SWIFT_ACTIVE_COMPILATION_CONDITIONS\=DEBUG\ 
    export SWIFT_EMIT_CONST_VALUE_PROTOCOLS\=AnyResolverProviding\ AppEntity\ AppEnum\ AppExtension\ AppIntent\ AppIntentsPackage\ AppShortcutProviding\ AppShortcutsProvider\ DynamicOptionsProvider\ EntityQuery\ ExtensionPointDefining\ IntentValueQuery\ Resolver\ TransientEntity\ _AssistantIntentsProvider\ _GenerativeFunctionExtractable\ _IntentValueRepresentable
    export SWIFT_EMIT_LOC_STRINGS\=NO
    export SWIFT_ENABLE_EXPLICIT_MODULES\=YES
    export SWIFT_INSTALL_MODULE_FOR_DEPLOYMENT\=YES
    export SWIFT_INSTALL_OBJC_HEADER\=YES
    export SWIFT_OPTIMIZATION_LEVEL\=-Onone
    export SWIFT_PLATFORM_TARGET_PREFIX\=ios
    export SWIFT_RESPONSE_FILE_PATH_normal_arm64\=/Users/runner/Library/Developer/Xcode/DerivedData/SparklingGo-gaxngdfqfnurlideafnykwrjqgdj/Build/Intermediates.noindex/LynxDevtool.build/Debug-iphonesimulator/LynxDevtool.build/Objects-normal/arm64/LynxDevtool.SwiftFileList
    export SWIFT_RESPONSE_FILE_PATH_normal_x86_64\=/Users/runner/Library/Developer/Xcode/DerivedData/SparklingGo-gaxngdfqfnurlideafnykwrjqgdj/Build/Intermediates.noindex/LynxDevtool.build/Debug-iphonesimulator/LynxDevtool.build/Objects-normal/x86_64/LynxDevtool.SwiftFileList
    export SWIFT_VERSION\=5.0
    export SYMROOT\=/Users/runner/Library/Developer/Xcode/DerivedData/SparklingGo-gaxngdfqfnurlideafnykwrjqgdj/Build/Products
    export SYSTEM_ADMIN_APPS_DIR\=/Applications/Utilities
    export SYSTEM_APPS_DIR\=/Applications
    export SYSTEM_CORE_SERVICES_DIR\=/System/Library/CoreServices
    export SYSTEM_DEMOS_DIR\=/Applications/Extras
    export SYSTEM_DEVELOPER_APPS_DIR\=/Applications/Xcode.app/Contents/Developer/Applications
    export SYSTEM_DEVELOPER_BIN_DIR\=/Applications/Xcode.app/Contents/Developer/usr/bin
    export SYSTEM_DEVELOPER_DEMOS_DIR\=/Applications/Xcode.app/Contents/Developer/Applications/Utilities/Built\ Examples
    export SYSTEM_DEVELOPER_DIR\=/Applications/Xcode.app/Contents/Developer
    export SYSTEM_DEVELOPER_DOC_DIR\=/Applications/Xcode.app/Contents/Developer/ADC\ Reference\ Library
    export SYSTEM_DEVELOPER_GRAPHICS_TOOLS_DIR\=/Applications/Xcode.app/Contents/Developer/Applications/Graphics\ Tools
    export SYSTEM_DEVELOPER_JAVA_TOOLS_DIR\=/Applications/Xcode.app/Contents/Developer/Applications/Java\ Tools
    export SYSTEM_DEVELOPER_PERFORMANCE_TOOLS_DIR\=/Applications/Xcode.app/Contents/Developer/Applications/Performance\ Tools
    export SYSTEM_DEVELOPER_RELEASENOTES_DIR\=/Applications/Xcode.app/Contents/Developer/ADC\ Reference\ Library/releasenotes
    export SYSTEM_DEVELOPER_TOOLS\=/Applications/Xcode.app/Contents/Developer/Tools
    export SYSTEM_DEVELOPER_TOOLS_DOC_DIR\=/Applications/Xcode.app/Contents/Developer/ADC\ Reference\ Library/documentation/DeveloperTools
    export SYSTEM_DEVELOPER_TOOLS_RELEASENOTES_DIR\=/Applications/Xcode.app/Contents/Developer/ADC\ Reference\ Library/releasenotes/DeveloperTools
    export SYSTEM_DEVELOPER_USR_DIR\=/Applications/Xcode.app/Contents/Developer/usr
    export SYSTEM_DEVELOPER_UTILITIES_DIR\=/Applications/Xcode.app/Contents/Developer/Applications/Utilities
    export SYSTEM_DEXT_INSTALL_PATH\=/System/Library/DriverExtensions
    export SYSTEM_DOCUMENTATION_DIR\=/Library/Documentation
    export SYSTEM_EXTENSIONS_FOLDER_PATH\=LynxDevtool.framework/SystemExtensions
    export SYSTEM_EXTENSIONS_FOLDER_PATH_SHALLOW_BUNDLE_NO\=LynxDevtool.framework/Library/SystemExtensions
    export SYSTEM_EXTENSIONS_FOLDER_PATH_SHALLOW_BUNDLE_YES\=LynxDevtool.framework/SystemExtensions
    export SYSTEM_KEXT_INSTALL_PATH\=/System/Library/Extensions
    export SYSTEM_LIBRARY_DIR\=/System/Library
    export TAPI_DEMANGLE\=YES
    export TAPI_ENABLE_PROJECT_HEADERS\=NO
    export TAPI_LANGUAGE\=objective-c
    export TAPI_LANGUAGE_STANDARD\=compiler-default
    export TAPI_USE_SRCROOT\=YES
    export TAPI_VERIFY_MODE\=Pedantic
    export TARGETED_DEVICE_FAMILY\=1,2
    export TARGETNAME\=LynxDevtool
    export TARGET_BUILD_DIR\=/Users/runner/Library/Developer/Xcode/DerivedData/SparklingGo-gaxngdfqfnurlideafnykwrjqgdj/Build/Products/Debug-iphonesimulator/LynxDevtool
    export TARGET_NAME\=LynxDevtool
    export TARGET_TEMP_DIR\=/Users/runner/Library/Developer/Xcode/DerivedData/SparklingGo-gaxngdfqfnurlideafnykwrjqgdj/Build/Intermediates.noindex/LynxDevtool.build/Debug-iphonesimulator/LynxDevtool.build
    export TEMP_DIR\=/Users/runner/Library/Developer/Xcode/DerivedData/SparklingGo-gaxngdfqfnurlideafnykwrjqgdj/Build/Intermediates.noindex/LynxDevtool.build/Debug-iphonesimulator/LynxDevtool.build
    export TEMP_FILES_DIR\=/Users/runner/Library/Developer/Xcode/DerivedData/SparklingGo-gaxngdfqfnurlideafnykwrjqgdj/Build/Intermediates.noindex/LynxDevtool.build/Debug-iphonesimulator/LynxDevtool.build
    export TEMP_FILE_DIR\=/Users/runner/Library/Developer/Xcode/DerivedData/SparklingGo-gaxngdfqfnurlideafnykwrjqgdj/Build/Intermediates.noindex/LynxDevtool.build/Debug-iphonesimulator/LynxDevtool.build
    export TEMP_ROOT\=/Users/runner/Library/Developer/Xcode/DerivedData/SparklingGo-gaxngdfqfnurlideafnykwrjqgdj/Build/Intermediates.noindex
    export TEMP_SANDBOX_DIR\=/Users/runner/Library/Developer/Xcode/DerivedData/SparklingGo-gaxngdfqfnurlideafnykwrjqgdj/Build/Intermediates.noindex/TemporaryTaskSandboxes
    export TEST_FRAMEWORK_SEARCH_PATHS\=\ /Applications/Xcode.app/Contents/Developer/Platforms/iPhoneSimulator.platform/Developer/Library/Frameworks\ /Applications/Xcode.app/Contents/Developer/Platforms/iPhoneSimulator.platform/Developer/SDKs/iPhoneSimulator26.5.sdk/Developer/Library/Frameworks
    export TEST_LIBRARY_SEARCH_PATHS\=\ /Applications/Xcode.app/Contents/Developer/Platforms/iPhoneSimulator.platform/Developer/usr/lib
    export TOOLCHAINS\=com.apple.dt.toolchain.Metal.32023.883\ com.apple.dt.toolchain.XcodeDefault
    export TOOLCHAIN_DIR\=/var/run/com.apple.security.cryptexd/mnt/com.apple.MobileAsset.MetalToolchain-v17.6.42.0.xRBJyY/Metal.xctoolchain
    export TOOLCHAIN_VERSION\=32023.883
    export TREAT_MISSING_BASELINES_AS_TEST_FAILURES\=NO
    export TREAT_MISSING_SCRIPT_PHASE_OUTPUTS_AS_ERRORS\=NO
    export TeamIdentifierPrefix\=U56623MFCT.
    export UID\=501
    export UNINSTALLED_PRODUCTS_DIR\=/Users/runner/Library/Developer/Xcode/DerivedData/SparklingGo-gaxngdfqfnurlideafnykwrjqgdj/Build/Intermediates.noindex/UninstalledProducts
    export UNLOCALIZED_RESOURCES_FOLDER_PATH\=LynxDevtool.framework
    export UNLOCALIZED_RESOURCES_FOLDER_PATH_SHALLOW_BUNDLE_NO\=LynxDevtool.framework/Resources
    export UNLOCALIZED_RESOURCES_FOLDER_PATH_SHALLOW_BUNDLE_YES\=LynxDevtool.framework
    export UNSTRIPPED_PRODUCT\=NO
    export USER\=runner
    export USER_APPS_DIR\=/Users/runner/Applications
    export USER_LIBRARY_DIR\=/Users/runner/Library
    export USE_DYNAMIC_NO_PIC\=YES
    export USE_HEADERMAP\=YES
    export USE_HEADER_SYMLINKS\=NO
    export USE_RECURSIVE_SCRIPT_INPUTS_IN_SCRIPT_PHASES\=YES
    export VALIDATE_DEVELOPMENT_ASSET_PATHS\=YES_ERROR
    export VALIDATE_PRODUCT\=NO
    export VALID_ARCHS\=arm64\ x86_64
    export VERBOSE_PBXCP\=NO
    export VERSIONING_SYSTEM\=apple-generic
    export VERSIONPLIST_PATH\=LynxDevtool.framework/version.plist
    export VERSIONS_FOLDER_PATH\=LynxDevtool.framework
    export VERSIONS_FOLDER_PATH_SHALLOW_BUNDLE_NO\=LynxDevtool.framework/Versions
    export VERSIONS_FOLDER_PATH_SHALLOW_BUNDLE_YES\=LynxDevtool.framework
    export VERSION_INFO_BUILDER\=runner
    export VERSION_INFO_FILE\=LynxDevtool_vers.c
    export VERSION_INFO_STRING\=\"@\(\#\)PROGRAM:LynxDevtool\ \ PROJECT:LynxDevtool-1\"
    export WORKSPACE_DIR\=/Users/runner/token-economics/lynx-benchmark/ios
    export WRAPPER_EXTENSION\=framework
    export WRAPPER_NAME\=LynxDevtool.framework
    export WRAPPER_SUFFIX\=.framework
    export WRAP_ASSET_PACKS_IN_SEPARATE_DIRECTORIES\=NO
    export XCODE_APP_SUPPORT_DIR\=/Applications/Xcode.app/Contents/Developer/Library/Xcode
    export XCODE_PRODUCT_BUILD_VERSION\=17F42
    export XCODE_VERSION_ACTUAL\=2650
    export XCODE_VERSION_MAJOR\=2600
    export XCODE_VERSION_MINOR\=2650
    export XPCSERVICES_FOLDER_PATH\=LynxDevtool.framework/XPCServices
    export YACC\=yacc
    export _DISCOVER_COMMAND_LINE_LINKER_INPUTS\=YES
    export _DISCOVER_COMMAND_LINE_LINKER_INPUTS_INCLUDE_WL\=YES
    export _LD_MULTIARCH\=YES
    export _WRAPPER_CONTENTS_DIR_SHALLOW_BUNDLE_NO\=/Contents
    export _WRAPPER_PARENT_PATH_SHALLOW_BUNDLE_NO\=/..
    export _WRAPPER_RESOURCES_DIR_SHALLOW_BUNDLE_NO\=/Resources
    export __DIAGNOSE_DEPRECATED_ARCHS\=YES
    export __ORIGINAL_SDK_DEFINED_LLVM_TARGET_TRIPLE_SYS\=ios
    export arch\=undefined_arch
    export variant\=normal
    /bin/sh -c /Users/runner/Library/Developer/Xcode/DerivedData/SparklingGo-gaxngdfqfnurlideafnykwrjqgdj/Build/Intermediates.noindex/LynxDevtool.build/Debug-iphonesimulator/LynxDevtool.build/Script-9C5E68D5DD83810DEDCCA17BB1AA7191.sh

GenerateTAPI /Users/runner/Library/Developer/Xcode/DerivedData/SparklingGo-gaxngdfqfnurlideafnykwrjqgdj/Build/Intermediates.noindex/EagerLinkingTBDs/Debug-iphonesimulator/LynxDevtool.framework/LynxDevtool.tbd (in target 'LynxDevtool' from project 'LynxDevtool')
    cd /Users/runner/token-economics/lynx-benchmark/ios/Pods
    /Applications/Xcode.app/Contents/Developer/Toolchains/XcodeDefault.xctoolchain/usr/bin/tapi stubify -isysroot /Applications/Xcode.app/Contents/Developer/Platforms/iPhoneSimulator.platform/Developer/SDKs/iPhoneSimulator26.5.sdk -F/Users/runner/Library/Developer/Xcode/DerivedData/SparklingGo-gaxngdfqfnurlideafnykwrjqgdj/Build/Products/Debug-iphonesimulator/LynxDevtool -F/Users/runner/Library/Developer/Xcode/DerivedData/SparklingGo-gaxngdfqfnurlideafnykwrjqgdj/Build/Products/Debug-iphonesimulator/BaseDevtool -F/Users/runner/Library/Developer/Xcode/DerivedData/SparklingGo-gaxngdfqfnurlideafnykwrjqgdj/Build/Products/Debug-iphonesimulator/DebugRouter -F/Users/runner/Library/Developer/Xcode/DerivedData/SparklingGo-gaxngdfqfnurlideafnykwrjqgdj/Build/Products/Debug-iphonesimulator/Lynx -F/Users/runner/Library/Developer/Xcode/DerivedData/SparklingGo-gaxngdfqfnurlideafnykwrjqgdj/Build/Products/Debug-iphonesimulator/LynxBase -F/Users/runner/Library/Developer/Xcode/DerivedData/SparklingGo-gaxngdfqfnurlideafnykwrjqgdj/Build/Products/Debug-iphonesimulator/LynxServiceAPI -F/Users/runner/Library/Developer/Xcode/DerivedData/SparklingGo-gaxngdfqfnurlideafnykwrjqgdj/Build/Products/Debug-iphonesimulator/PrimJS -F/Users/runner/Library/Developer/Xcode/DerivedData/SparklingGo-gaxngdfqfnurlideafnykwrjqgdj/Build/Products/Debug-iphonesimulator/SocketRocket -L/Users/runner/Library/Developer/Xcode/DerivedData/SparklingGo-gaxngdfqfnurlideafnykwrjqgdj/Build/Products/Debug-iphonesimulator/LynxDevtool /Users/runner/Library/Developer/Xcode/DerivedData/SparklingGo-gaxngdfqfnurlideafnykwrjqgdj/Build/Products/Debug-iphonesimulator/LynxDevtool/LynxDevtool.framework/LynxDevtool -o /Users/runner/Library/Developer/Xcode/DerivedData/SparklingGo-gaxngdfqfnurlideafnykwrjqgdj/Build/Intermediates.noindex/EagerLinkingTBDs/Debug-iphonesimulator/LynxDevtool.framework/LynxDevtool.tbd

CodeSign /Users/runner/Library/Developer/Xcode/DerivedData/SparklingGo-gaxngdfqfnurlideafnykwrjqgdj/Build/Products/Debug-iphonesimulator/LynxDevtool/LynxDevtool.framework (in target 'LynxDevtool' from project 'LynxDevtool')
    cd /Users/runner/token-economics/lynx-benchmark/ios/Pods
    
    Signing Identity:     "Sign to Run Locally"
    
    /usr/bin/codesign --force --sign - --timestamp\=none --generate-entitlement-der /Users/runner/Library/Developer/Xcode/DerivedData/SparklingGo-gaxngdfqfnurlideafnykwrjqgdj/Build/Products/Debug-iphonesimulator/LynxDevtool/LynxDevtool.framework

/Users/runner/token-economics/lynx-benchmark/ios/Pods/LynxService.xcodeproj: warning: The iOS Simulator deployment target 'IPHONEOS_DEPLOYMENT_TARGET' is set to 10.0, but the range of supported deployment target versions is 12.0 to 26.5.99. (in target 'LynxService' from project 'LynxService')
ProcessInfoPlistFile /Users/runner/Library/Developer/Xcode/DerivedData/SparklingGo-gaxngdfqfnurlideafnykwrjqgdj/Build/Products/Debug-iphonesimulator/LynxService/LynxService.framework/Info.plist /Users/runner/token-economics/lynx-benchmark/ios/Pods/Target\ Support\ Files/LynxService/LynxService-Info.plist (in target 'LynxService' from project 'LynxService')
    cd /Users/runner/token-economics/lynx-benchmark/ios/Pods
    builtin-infoPlistUtility /Users/runner/token-economics/lynx-benchmark/ios/Pods/Target\ Support\ Files/LynxService/LynxService-Info.plist -producttype com.apple.product-type.framework -expandbuildsettings -format binary -platform iphonesimulator -o /Users/runner/Library/Developer/Xcode/DerivedData/SparklingGo-gaxngdfqfnurlideafnykwrjqgdj/Build/Products/Debug-iphonesimulator/LynxService/LynxService.framework/Info.plist

Ld /Users/runner/Library/Developer/Xcode/DerivedData/SparklingGo-gaxngdfqfnurlideafnykwrjqgdj/Build/Intermediates.noindex/LynxService.build/Debug-iphonesimulator/LynxService.build/Objects-normal/arm64/Binary/LynxService normal arm64 (in target 'LynxService' from project 'LynxService')
    cd /Users/runner/token-economics/lynx-benchmark/ios/Pods
    /Applications/Xcode.app/Contents/Developer/Toolchains/XcodeDefault.xctoolchain/usr/bin/clang++ -Xlinker -reproducible -target arm64-apple-ios10.0-simulator -dynamiclib -isysroot /Applications/Xcode.app/Contents/Developer/Platforms/iPhoneSimulator.platform/Developer/SDKs/iPhoneSimulator26.5.sdk -O0 -L/Users/runner/Library/Developer/Xcode/DerivedData/SparklingGo-gaxngdfqfnurlideafnykwrjqgdj/Build/Intermediates.noindex/EagerLinkingTBDs/Debug-iphonesimulator -L/Users/runner/Library/Developer/Xcode/DerivedData/SparklingGo-gaxngdfqfnurlideafnykwrjqgdj/Build/Products/Debug-iphonesimulator/LynxService -F/Users/runner/Library/Developer/Xcode/DerivedData/SparklingGo-gaxngdfqfnurlideafnykwrjqgdj/Build/Intermediates.noindex/EagerLinkingTBDs/Debug-iphonesimulator -F/Users/runner/Library/Developer/Xcode/DerivedData/SparklingGo-gaxngdfqfnurlideafnykwrjqgdj/Build/Products/Debug-iphonesimulator/LynxService -F/Users/runner/Library/Developer/Xcode/DerivedData/SparklingGo-gaxngdfqfnurlideafnykwrjqgdj/Build/Products/Debug-iphonesimulator/BaseDevtool -F/Users/runner/Library/Developer/Xcode/DerivedData/SparklingGo-gaxngdfqfnurlideafnykwrjqgdj/Build/Products/Debug-iphonesimulator/DebugRouter -F/Users/runner/Library/Developer/Xcode/DerivedData/SparklingGo-gaxngdfqfnurlideafnykwrjqgdj/Build/Products/Debug-iphonesimulator/Lynx -F/Users/runner/Library/Developer/Xcode/DerivedData/SparklingGo-gaxngdfqfnurlideafnykwrjqgdj/Build/Products/Debug-iphonesimulator/LynxBase -F/Users/runner/Library/Developer/Xcode/DerivedData/SparklingGo-gaxngdfqfnurlideafnykwrjqgdj/Build/Products/Debug-iphonesimulator/LynxDevtool -F/Users/runner/Library/Developer/Xcode/DerivedData/SparklingGo-gaxngdfqfnurlideafnykwrjqgdj/Build/Products/Debug-iphonesimulator/LynxServiceAPI -F/Users/runner/Library/Developer/Xcode/DerivedData/SparklingGo-gaxngdfqfnurlideafnykwrjqgdj/Build/Products/Debug-iphonesimulator/PrimJS -F/Users/runner/Library/Developer/Xcode/DerivedData/SparklingGo-gaxngdfqfnurlideafnykwrjqgdj/Build/Products/Debug-iphonesimulator/SDWebImage -F/Users/runner/Library/Developer/Xcode/DerivedData/SparklingGo-gaxngdfqfnurlideafnykwrjqgdj/Build/Products/Debug-iphonesimulator/SDWebImageWebPCoder -F/Users/runner/Library/Developer/Xcode/DerivedData/SparklingGo-gaxngdfqfnurlideafnykwrjqgdj/Build/Products/Debug-iphonesimulator/SocketRocket -F/Users/runner/Library/Developer/Xcode/DerivedData/SparklingGo-gaxngdfqfnurlideafnykwrjqgdj/Build/Products/Debug-iphonesimulator/libwebp -filelist /Users/runner/Library/Developer/Xcode/DerivedData/SparklingGo-gaxngdfqfnurlideafnykwrjqgdj/Build/Intermediates.noindex/LynxService.build/Debug-iphonesimulator/LynxService.build/Objects-normal/arm64/LynxService.LinkFileList -install_name @rpath/LynxService.framework/LynxService -Xlinker -rpath -Xlinker @executable_path/Frameworks -Xlinker -rpath -Xlinker @loader_path/Frameworks -Xlinker -dead_strip -Xlinker -object_path_lto -Xlinker /Users/runner/Library/Developer/Xcode/DerivedData/SparklingGo-gaxngdfqfnurlideafnykwrjqgdj/Build/Intermediates.noindex/LynxService.build/Debug-iphonesimulator/LynxService.build/Objects-normal/arm64/LynxService_lto.o -rdynamic -Xlinker -no_deduplicate -Xlinker -objc_abi_version -Xlinker 2 -Xlinker -debug_variant -Xlinker -dependency_info -Xlinker /Users/runner/Library/Developer/Xcode/DerivedData/SparklingGo-gaxngdfqfnurlideafnykwrjqgdj/Build/Intermediates.noindex/LynxService.build/Debug-iphonesimulator/LynxService.build/Objects-normal/arm64/LynxService_dependency_info.dat -stdlib\=libc++ -fobjc-arc -fobjc-link-runtime -fprofile-instr-generate -framework AudioToolbox -framework IOKit -framework ImageIO -framework JavaScriptCore -framework Lynx -framework LynxBase -framework LynxDevtool -framework LynxServiceAPI -framework NaturalLanguage -framework SDWebImage -framework SDWebImageWebPCoder -framework UIKit -framework WebKit -framework Foundation -Xlinker -no_adhoc_codesign -compatibility_version 1 -current_version 1 -o /Users/runner/Library/Developer/Xcode/DerivedData/SparklingGo-gaxngdfqfnurlideafnykwrjqgdj/Build/Intermediates.noindex/LynxService.build/Debug-iphonesimulator/LynxService.build/Objects-normal/arm64/Binary/LynxService

Ld /Users/runner/Library/Developer/Xcode/DerivedData/SparklingGo-gaxngdfqfnurlideafnykwrjqgdj/Build/Intermediates.noindex/LynxService.build/Debug-iphonesimulator/LynxService.build/Objects-normal/x86_64/Binary/LynxService normal x86_64 (in target 'LynxService' from project 'LynxService')
    cd /Users/runner/token-economics/lynx-benchmark/ios/Pods
    /Applications/Xcode.app/Contents/Developer/Toolchains/XcodeDefault.xctoolchain/usr/bin/clang++ -Xlinker -reproducible -target x86_64-apple-ios10.0-simulator -dynamiclib -isysroot /Applications/Xcode.app/Contents/Developer/Platforms/iPhoneSimulator.platform/Developer/SDKs/iPhoneSimulator26.5.sdk -O0 -L/Users/runner/Library/Developer/Xcode/DerivedData/SparklingGo-gaxngdfqfnurlideafnykwrjqgdj/Build/Intermediates.noindex/EagerLinkingTBDs/Debug-iphonesimulator -L/Users/runner/Library/Developer/Xcode/DerivedData/SparklingGo-gaxngdfqfnurlideafnykwrjqgdj/Build/Products/Debug-iphonesimulator/LynxService -F/Users/runner/Library/Developer/Xcode/DerivedData/SparklingGo-gaxngdfqfnurlideafnykwrjqgdj/Build/Intermediates.noindex/EagerLinkingTBDs/Debug-iphonesimulator -F/Users/runner/Library/Developer/Xcode/DerivedData/SparklingGo-gaxngdfqfnurlideafnykwrjqgdj/Build/Products/Debug-iphonesimulator/LynxService -F/Users/runner/Library/Developer/Xcode/DerivedData/SparklingGo-gaxngdfqfnurlideafnykwrjqgdj/Build/Products/Debug-iphonesimulator/BaseDevtool -F/Users/runner/Library/Developer/Xcode/DerivedData/SparklingGo-gaxngdfqfnurlideafnykwrjqgdj/Build/Products/Debug-iphonesimulator/DebugRouter -F/Users/runner/Library/Developer/Xcode/DerivedData/SparklingGo-gaxngdfqfnurlideafnykwrjqgdj/Build/Products/Debug-iphonesimulator/Lynx -F/Users/runner/Library/Developer/Xcode/DerivedData/SparklingGo-gaxngdfqfnurlideafnykwrjqgdj/Build/Products/Debug-iphonesimulator/LynxBase -F/Users/runner/Library/Developer/Xcode/DerivedData/SparklingGo-gaxngdfqfnurlideafnykwrjqgdj/Build/Products/Debug-iphonesimulator/LynxDevtool -F/Users/runner/Library/Developer/Xcode/DerivedData/SparklingGo-gaxngdfqfnurlideafnykwrjqgdj/Build/Products/Debug-iphonesimulator/LynxServiceAPI -F/Users/runner/Library/Developer/Xcode/DerivedData/SparklingGo-gaxngdfqfnurlideafnykwrjqgdj/Build/Products/Debug-iphonesimulator/PrimJS -F/Users/runner/Library/Developer/Xcode/DerivedData/SparklingGo-gaxngdfqfnurlideafnykwrjqgdj/Build/Products/Debug-iphonesimulator/SDWebImage -F/Users/runner/Library/Developer/Xcode/DerivedData/SparklingGo-gaxngdfqfnurlideafnykwrjqgdj/Build/Products/Debug-iphonesimulator/SDWebImageWebPCoder -F/Users/runner/Library/Developer/Xcode/DerivedData/SparklingGo-gaxngdfqfnurlideafnykwrjqgdj/Build/Products/Debug-iphonesimulator/SocketRocket -F/Users/runner/Library/Developer/Xcode/DerivedData/SparklingGo-gaxngdfqfnurlideafnykwrjqgdj/Build/Products/Debug-iphonesimulator/libwebp -filelist /Users/runner/Library/Developer/Xcode/DerivedData/SparklingGo-gaxngdfqfnurlideafnykwrjqgdj/Build/Intermediates.noindex/LynxService.build/Debug-iphonesimulator/LynxService.build/Objects-normal/x86_64/LynxService.LinkFileList -install_name @rpath/LynxService.framework/LynxService -Xlinker -rpath -Xlinker @executable_path/Frameworks -Xlinker -rpath -Xlinker @loader_path/Frameworks -Xlinker -dead_strip -Xlinker -object_path_lto -Xlinker /Users/runner/Library/Developer/Xcode/DerivedData/SparklingGo-gaxngdfqfnurlideafnykwrjqgdj/Build/Intermediates.noindex/LynxService.build/Debug-iphonesimulator/LynxService.build/Objects-normal/x86_64/LynxService_lto.o -rdynamic -Xlinker -no_deduplicate -Xlinker -objc_abi_version -Xlinker 2 -Xlinker -debug_variant -Xlinker -dependency_info -Xlinker /Users/runner/Library/Developer/Xcode/DerivedData/SparklingGo-gaxngdfqfnurlideafnykwrjqgdj/Build/Intermediates.noindex/LynxService.build/Debug-iphonesimulator/LynxService.build/Objects-normal/x86_64/LynxService_dependency_info.dat -stdlib\=libc++ -fobjc-arc -fobjc-link-runtime -fprofile-instr-generate -framework AudioToolbox -framework IOKit -framework ImageIO -framework JavaScriptCore -framework Lynx -framework LynxBase -framework LynxDevtool -framework LynxServiceAPI -framework NaturalLanguage -framework SDWebImage -framework SDWebImageWebPCoder -framework UIKit -framework WebKit -framework Foundation -Xlinker -no_adhoc_codesign -compatibility_version 1 -current_version 1 -o /Users/runner/Library/Developer/Xcode/DerivedData/SparklingGo-gaxngdfqfnurlideafnykwrjqgdj/Build/Intermediates.noindex/LynxService.build/Debug-iphonesimulator/LynxService.build/Objects-normal/x86_64/Binary/LynxService

CreateUniversalBinary /Users/runner/Library/Developer/Xcode/DerivedData/SparklingGo-gaxngdfqfnurlideafnykwrjqgdj/Build/Products/Debug-iphonesimulator/LynxService/LynxService.framework/LynxService normal arm64\ x86_64 (in target 'LynxService' from project 'LynxService')
    cd /Users/runner/token-economics/lynx-benchmark/ios/Pods
    /Applications/Xcode.app/Contents/Developer/Toolchains/XcodeDefault.xctoolchain/usr/bin/lipo -create /Users/runner/Library/Developer/Xcode/DerivedData/SparklingGo-gaxngdfqfnurlideafnykwrjqgdj/Build/Intermediates.noindex/LynxService.build/Debug-iphonesimulator/LynxService.build/Objects-normal/arm64/Binary/LynxService /Users/runner/Library/Developer/Xcode/DerivedData/SparklingGo-gaxngdfqfnurlideafnykwrjqgdj/Build/Intermediates.noindex/LynxService.build/Debug-iphonesimulator/LynxService.build/Objects-normal/x86_64/Binary/LynxService -output /Users/runner/Library/Developer/Xcode/DerivedData/SparklingGo-gaxngdfqfnurlideafnykwrjqgdj/Build/Products/Debug-iphonesimulator/LynxService/LynxService.framework/LynxService

GenerateTAPI /Users/runner/Library/Developer/Xcode/DerivedData/SparklingGo-gaxngdfqfnurlideafnykwrjqgdj/Build/Intermediates.noindex/EagerLinkingTBDs/Debug-iphonesimulator/LynxService.framework/LynxService.tbd (in target 'LynxService' from project 'LynxService')
    cd /Users/runner/token-economics/lynx-benchmark/ios/Pods
    /Applications/Xcode.app/Contents/Developer/Toolchains/XcodeDefault.xctoolchain/usr/bin/tapi stubify -isysroot /Applications/Xcode.app/Contents/Developer/Platforms/iPhoneSimulator.platform/Developer/SDKs/iPhoneSimulator26.5.sdk -F/Users/runner/Library/Developer/Xcode/DerivedData/SparklingGo-gaxngdfqfnurlideafnykwrjqgdj/Build/Products/Debug-iphonesimulator/LynxService -F/Users/runner/Library/Developer/Xcode/DerivedData/SparklingGo-gaxngdfqfnurlideafnykwrjqgdj/Build/Products/Debug-iphonesimulator/BaseDevtool -F/Users/runner/Library/Developer/Xcode/DerivedData/SparklingGo-gaxngdfqfnurlideafnykwrjqgdj/Build/Products/Debug-iphonesimulator/DebugRouter -F/Users/runner/Library/Developer/Xcode/DerivedData/SparklingGo-gaxngdfqfnurlideafnykwrjqgdj/Build/Products/Debug-iphonesimulator/Lynx -F/Users/runner/Library/Developer/Xcode/DerivedData/SparklingGo-gaxngdfqfnurlideafnykwrjqgdj/Build/Products/Debug-iphonesimulator/LynxBase -F/Users/runner/Library/Developer/Xcode/DerivedData/SparklingGo-gaxngdfqfnurlideafnykwrjqgdj/Build/Products/Debug-iphonesimulator/LynxDevtool -F/Users/runner/Library/Developer/Xcode/DerivedData/SparklingGo-gaxngdfqfnurlideafnykwrjqgdj/Build/Products/Debug-iphonesimulator/LynxServiceAPI -F/Users/runner/Library/Developer/Xcode/DerivedData/SparklingGo-gaxngdfqfnurlideafnykwrjqgdj/Build/Products/Debug-iphonesimulator/PrimJS -F/Users/runner/Library/Developer/Xcode/DerivedData/SparklingGo-gaxngdfqfnurlideafnykwrjqgdj/Build/Products/Debug-iphonesimulator/SDWebImage -F/Users/runner/Library/Developer/Xcode/DerivedData/SparklingGo-gaxngdfqfnurlideafnykwrjqgdj/Build/Products/Debug-iphonesimulator/SDWebImageWebPCoder -F/Users/runner/Library/Developer/Xcode/DerivedData/SparklingGo-gaxngdfqfnurlideafnykwrjqgdj/Build/Products/Debug-iphonesimulator/SocketRocket -F/Users/runner/Library/Developer/Xcode/DerivedData/SparklingGo-gaxngdfqfnurlideafnykwrjqgdj/Build/Products/Debug-iphonesimulator/libwebp -L/Users/runner/Library/Developer/Xcode/DerivedData/SparklingGo-gaxngdfqfnurlideafnykwrjqgdj/Build/Products/Debug-iphonesimulator/LynxService /Users/runner/Library/Developer/Xcode/DerivedData/SparklingGo-gaxngdfqfnurlideafnykwrjqgdj/Build/Products/Debug-iphonesimulator/LynxService/LynxService.framework/LynxService -o /Users/runner/Library/Developer/Xcode/DerivedData/SparklingGo-gaxngdfqfnurlideafnykwrjqgdj/Build/Intermediates.noindex/EagerLinkingTBDs/Debug-iphonesimulator/LynxService.framework/LynxService.tbd

CodeSign /Users/runner/Library/Developer/Xcode/DerivedData/SparklingGo-gaxngdfqfnurlideafnykwrjqgdj/Build/Products/Debug-iphonesimulator/LynxService/LynxService.framework (in target 'LynxService' from project 'LynxService')
    cd /Users/runner/token-economics/lynx-benchmark/ios/Pods
    
    Signing Identity:     "Sign to Run Locally"
    
    /usr/bin/codesign --force --sign - --timestamp\=none --generate-entitlement-der /Users/runner/Library/Developer/Xcode/DerivedData/SparklingGo-gaxngdfqfnurlideafnykwrjqgdj/Build/Products/Debug-iphonesimulator/LynxService/LynxService.framework

ProcessInfoPlistFile /Users/runner/Library/Developer/Xcode/DerivedData/SparklingGo-gaxngdfqfnurlideafnykwrjqgdj/Build/Products/Debug-iphonesimulator/Pods_SparklingGo.framework/Info.plist /Users/runner/token-economics/lynx-benchmark/ios/Pods/Target\ Support\ Files/Pods-SparklingGo/Pods-SparklingGo-Info.plist (in target 'Pods-SparklingGo' from project 'Pods')
    cd /Users/runner/token-economics/lynx-benchmark/ios/Pods
    builtin-infoPlistUtility /Users/runner/token-economics/lynx-benchmark/ios/Pods/Target\ Support\ Files/Pods-SparklingGo/Pods-SparklingGo-Info.plist -producttype com.apple.product-type.framework -expandbuildsettings -format binary -platform iphonesimulator -o /Users/runner/Library/Developer/Xcode/DerivedData/SparklingGo-gaxngdfqfnurlideafnykwrjqgdj/Build/Products/Debug-iphonesimulator/Pods_SparklingGo.framework/Info.plist

PhaseScriptExecution [CP]\ Check\ Pods\ Manifest.lock /Users/runner/Library/Developer/Xcode/DerivedData/SparklingGo-gaxngdfqfnurlideafnykwrjqgdj/Build/Intermediates.noindex/SparklingGo.build/Debug-iphonesimulator/SparklingGo.build/Script-9C984960EF9A3261DC49D691.sh (in target 'SparklingGo' from project 'SparklingGo')
    cd /Users/runner/token-economics/lynx-benchmark/ios
    /bin/sh -c /Users/runner/Library/Developer/Xcode/DerivedData/SparklingGo-gaxngdfqfnurlideafnykwrjqgdj/Build/Intermediates.noindex/SparklingGo.build/Debug-iphonesimulator/SparklingGo.build/Script-9C984960EF9A3261DC49D691.sh

Ld /Users/runner/Library/Developer/Xcode/DerivedData/SparklingGo-gaxngdfqfnurlideafnykwrjqgdj/Build/Intermediates.noindex/SparklingGo.build/Debug-iphonesimulator/SparklingGo.build/Objects-normal/x86_64/Binary/__preview.dylib normal x86_64 (in target 'SparklingGo' from project 'SparklingGo')
    cd /Users/runner/token-economics/lynx-benchmark/ios
    /Applications/Xcode.app/Contents/Developer/Toolchains/XcodeDefault.xctoolchain/usr/bin/clang -Xlinker -reproducible -target x86_64-apple-ios15.6-simulator -dynamiclib -isysroot /Applications/Xcode.app/Contents/Developer/Platforms/iPhoneSimulator.platform/Developer/SDKs/iPhoneSimulator26.5.sdk -O0 -L/Users/runner/Library/Developer/Xcode/DerivedData/SparklingGo-gaxngdfqfnurlideafnykwrjqgdj/Build/Products/Debug-iphonesimulator -L/var/run/com.apple.security.cryptexd/mnt/com.apple.MobileAsset.MetalToolchain-v17.6.42.0.xRBJyY/Metal.xctoolchain/usr/lib/swift/iphonesimulator -L/Applications/Xcode.app/Contents/Developer/Platforms/iPhoneSimulator.platform/Developer/SDKs/iPhoneSimulator26.5.sdk/usr/lib/swift -L/Applications/Xcode.app/Contents/Developer/Platforms/iPhoneSimulator.platform/Developer/SDKs/iPhoneSimulator26.5.sdk/usr/lib/swift -F/Users/runner/Library/Developer/Xcode/DerivedData/SparklingGo-gaxngdfqfnurlideafnykwrjqgdj/Build/Products/Debug-iphonesimulator -F/Users/runner/Library/Developer/Xcode/DerivedData/SparklingGo-gaxngdfqfnurlideafnykwrjqgdj/Build/Products/Debug-iphonesimulator/BaseDevtool -F/Users/runner/Library/Developer/Xcode/DerivedData/SparklingGo-gaxngdfqfnurlideafnykwrjqgdj/Build/Products/Debug-iphonesimulator/DebugRouter -F/Users/runner/Library/Developer/Xcode/DerivedData/SparklingGo-gaxngdfqfnurlideafnykwrjqgdj/Build/Products/Debug-iphonesimulator/Lynx -F/Users/runner/Library/Developer/Xcode/DerivedData/SparklingGo-gaxngdfqfnurlideafnykwrjqgdj/Build/Products/Debug-iphonesimulator/LynxBase -F/Users/runner/Library/Developer/Xcode/DerivedData/SparklingGo-gaxngdfqfnurlideafnykwrjqgdj/Build/Products/Debug-iphonesimulator/LynxDevtool -F/Users/runner/Library/Developer/Xcode/DerivedData/SparklingGo-gaxngdfqfnurlideafnykwrjqgdj/Build/Products/Debug-iphonesimulator/LynxService -F/Users/runner/Library/Developer/Xcode/DerivedData/SparklingGo-gaxngdfqfnurlideafnykwrjqgdj/Build/Products/Debug-iphonesimulator/LynxServiceAPI -F/Users/runner/Library/Developer/Xcode/DerivedData/SparklingGo-gaxngdfqfnurlideafnykwrjqgdj/Build/Products/Debug-iphonesimulator/Mantle -F/Users/runner/Library/Developer/Xcode/DerivedData/SparklingGo-gaxngdfqfnurlideafnykwrjqgdj/Build/Products/Debug-iphonesimulator/PrimJS -F/Users/runner/Library/Developer/Xcode/DerivedData/SparklingGo-gaxngdfqfnurlideafnykwrjqgdj/Build/Products/Debug-iphonesimulator/SDWebImage -F/Users/runner/Library/Developer/Xcode/DerivedData/SparklingGo-gaxngdfqfnurlideafnykwrjqgdj/Build/Products/Debug-iphonesimulator/SDWebImageWebPCoder -F/Users/runner/Library/Developer/Xcode/DerivedData/SparklingGo-gaxngdfqfnurlideafnykwrjqgdj/Build/Products/Debug-iphonesimulator/SnapKit -F/Users/runner/Library/Developer/Xcode/DerivedData/SparklingGo-gaxngdfqfnurlideafnykwrjqgdj/Build/Products/Debug-iphonesimulator/SocketRocket -F/Users/runner/Library/Developer/Xcode/DerivedData/SparklingGo-gaxngdfqfnurlideafnykwrjqgdj/Build/Products/Debug-iphonesimulator/Sparkling -F/Users/runner/Library/Developer/Xcode/DerivedData/SparklingGo-gaxngdfqfnurlideafnykwrjqgdj/Build/Products/Debug-iphonesimulator/Sparkling-Router -F/Users/runner/Library/Developer/Xcode/DerivedData/SparklingGo-gaxngdfqfnurlideafnykwrjqgdj/Build/Products/Debug-iphonesimulator/SparklingMethod -F/Users/runner/Library/Developer/Xcode/DerivedData/SparklingGo-gaxngdfqfnurlideafnykwrjqgdj/Build/Products/Debug-iphonesimulator/libwebp -install_name @rpath/SparklingGo.debug.dylib -Xlinker -dead_strip -rdynamic -Xlinker -no_deduplicate -Xlinker -objc_abi_version -Xlinker 2 -Xlinker -debug_variant -Xlinker -dependency_info -Xlinker /Users/runner/Library/Developer/Xcode/DerivedData/SparklingGo-gaxngdfqfnurlideafnykwrjqgdj/Build/Intermediates.noindex/SparklingGo.build/Debug-iphonesimulator/SparklingGo.build/Objects-normal/x86_64/SparklingGo_dependency_info.dat -Xlinker -sectcreate -Xlinker __TEXT -Xlinker __entitlements -Xlinker /Users/runner/Library/Developer/Xcode/DerivedData/SparklingGo-gaxngdfqfnurlideafnykwrjqgdj/Build/Intermediates.noindex/SparklingGo.build/Debug-iphonesimulator/SparklingGo.build/SparklingGo.app-Simulated.xcent -Xlinker -sectcreate -Xlinker __TEXT -Xlinker __ents_der -Xlinker /Users/runner/Library/Developer/Xcode/DerivedData/SparklingGo-gaxngdfqfnurlideafnykwrjqgdj/Build/Intermediates.noindex/SparklingGo.build/Debug-iphonesimulator/SparklingGo.build/SparklingGo.app-Simulated.xcent.der -Xlinker -no_adhoc_codesign -o /Users/runner/Library/Developer/Xcode/DerivedData/SparklingGo-gaxngdfqfnurlideafnykwrjqgdj/Build/Intermediates.noindex/SparklingGo.build/Debug-iphonesimulator/SparklingGo.build/Objects-normal/x86_64/Binary/__preview.dylib
/Users/runner/token-economics/lynx-benchmark/ios/SparklingGo.xcodeproj: SparklingGo: ld: warning: search path '/var/run/com.apple.security.cryptexd/mnt/com.apple.MobileAsset.MetalToolchain-v17.6.42.0.xRBJyY/Metal.xctoolchain/usr/lib/swift/iphonesimulator' not found

Ld /Users/runner/Library/Developer/Xcode/DerivedData/SparklingGo-gaxngdfqfnurlideafnykwrjqgdj/Build/Intermediates.noindex/SparklingGo.build/Debug-iphonesimulator/SparklingGo.build/Objects-normal/arm64/Binary/__preview.dylib normal arm64 (in target 'SparklingGo' from project 'SparklingGo')
    cd /Users/runner/token-economics/lynx-benchmark/ios
    /Applications/Xcode.app/Contents/Developer/Toolchains/XcodeDefault.xctoolchain/usr/bin/clang -Xlinker -reproducible -target arm64-apple-ios15.6-simulator -dynamiclib -isysroot /Applications/Xcode.app/Contents/Developer/Platforms/iPhoneSimulator.platform/Developer/SDKs/iPhoneSimulator26.5.sdk -O0 -L/Users/runner/Library/Developer/Xcode/DerivedData/SparklingGo-gaxngdfqfnurlideafnykwrjqgdj/Build/Products/Debug-iphonesimulator -L/var/run/com.apple.security.cryptexd/mnt/com.apple.MobileAsset.MetalToolchain-v17.6.42.0.xRBJyY/Metal.xctoolchain/usr/lib/swift/iphonesimulator -L/Applications/Xcode.app/Contents/Developer/Platforms/iPhoneSimulator.platform/Developer/SDKs/iPhoneSimulator26.5.sdk/usr/lib/swift -L/Applications/Xcode.app/Contents/Developer/Platforms/iPhoneSimulator.platform/Developer/SDKs/iPhoneSimulator26.5.sdk/usr/lib/swift -F/Users/runner/Library/Developer/Xcode/DerivedData/SparklingGo-gaxngdfqfnurlideafnykwrjqgdj/Build/Products/Debug-iphonesimulator -F/Users/runner/Library/Developer/Xcode/DerivedData/SparklingGo-gaxngdfqfnurlideafnykwrjqgdj/Build/Products/Debug-iphonesimulator/BaseDevtool -F/Users/runner/Library/Developer/Xcode/DerivedData/SparklingGo-gaxngdfqfnurlideafnykwrjqgdj/Build/Products/Debug-iphonesimulator/DebugRouter -F/Users/runner/Library/Developer/Xcode/DerivedData/SparklingGo-gaxngdfqfnurlideafnykwrjqgdj/Build/Products/Debug-iphonesimulator/Lynx -F/Users/runner/Library/Developer/Xcode/DerivedData/SparklingGo-gaxngdfqfnurlideafnykwrjqgdj/Build/Products/Debug-iphonesimulator/LynxBase -F/Users/runner/Library/Developer/Xcode/DerivedData/SparklingGo-gaxngdfqfnurlideafnykwrjqgdj/Build/Products/Debug-iphonesimulator/LynxDevtool -F/Users/runner/Library/Developer/Xcode/DerivedData/SparklingGo-gaxngdfqfnurlideafnykwrjqgdj/Build/Products/Debug-iphonesimulator/LynxService -F/Users/runner/Library/Developer/Xcode/DerivedData/SparklingGo-gaxngdfqfnurlideafnykwrjqgdj/Build/Products/Debug-iphonesimulator/LynxServiceAPI -F/Users/runner/Library/Developer/Xcode/DerivedData/SparklingGo-gaxngdfqfnurlideafnykwrjqgdj/Build/Products/Debug-iphonesimulator/Mantle -F/Users/runner/Library/Developer/Xcode/DerivedData/SparklingGo-gaxngdfqfnurlideafnykwrjqgdj/Build/Products/Debug-iphonesimulator/PrimJS -F/Users/runner/Library/Developer/Xcode/DerivedData/SparklingGo-gaxngdfqfnurlideafnykwrjqgdj/Build/Products/Debug-iphonesimulator/SDWebImage -F/Users/runner/Library/Developer/Xcode/DerivedData/SparklingGo-gaxngdfqfnurlideafnykwrjqgdj/Build/Products/Debug-iphonesimulator/SDWebImageWebPCoder -F/Users/runner/Library/Developer/Xcode/DerivedData/SparklingGo-gaxngdfqfnurlideafnykwrjqgdj/Build/Products/Debug-iphonesimulator/SnapKit -F/Users/runner/Library/Developer/Xcode/DerivedData/SparklingGo-gaxngdfqfnurlideafnykwrjqgdj/Build/Products/Debug-iphonesimulator/SocketRocket -F/Users/runner/Library/Developer/Xcode/DerivedData/SparklingGo-gaxngdfqfnurlideafnykwrjqgdj/Build/Products/Debug-iphonesimulator/Sparkling -F/Users/runner/Library/Developer/Xcode/DerivedData/SparklingGo-gaxngdfqfnurlideafnykwrjqgdj/Build/Products/Debug-iphonesimulator/Sparkling-Router -F/Users/runner/Library/Developer/Xcode/DerivedData/SparklingGo-gaxngdfqfnurlideafnykwrjqgdj/Build/Products/Debug-iphonesimulator/SparklingMethod -F/Users/runner/Library/Developer/Xcode/DerivedData/SparklingGo-gaxngdfqfnurlideafnykwrjqgdj/Build/Products/Debug-iphonesimulator/libwebp -install_name @rpath/SparklingGo.debug.dylib -Xlinker -dead_strip -rdynamic -Xlinker -no_deduplicate -Xlinker -objc_abi_version -Xlinker 2 -Xlinker -debug_variant -Xlinker -dependency_info -Xlinker /Users/runner/Library/Developer/Xcode/DerivedData/SparklingGo-gaxngdfqfnurlideafnykwrjqgdj/Build/Intermediates.noindex/SparklingGo.build/Debug-iphonesimulator/SparklingGo.build/Objects-normal/arm64/SparklingGo_dependency_info.dat -Xlinker -sectcreate -Xlinker __TEXT -Xlinker __entitlements -Xlinker /Users/runner/Library/Developer/Xcode/DerivedData/SparklingGo-gaxngdfqfnurlideafnykwrjqgdj/Build/Intermediates.noindex/SparklingGo.build/Debug-iphonesimulator/SparklingGo.build/SparklingGo.app-Simulated.xcent -Xlinker -sectcreate -Xlinker __TEXT -Xlinker __ents_der -Xlinker /Users/runner/Library/Developer/Xcode/DerivedData/SparklingGo-gaxngdfqfnurlideafnykwrjqgdj/Build/Intermediates.noindex/SparklingGo.build/Debug-iphonesimulator/SparklingGo.build/SparklingGo.app-Simulated.xcent.der -Xlinker -no_adhoc_codesign -o /Users/runner/Library/Developer/Xcode/DerivedData/SparklingGo-gaxngdfqfnurlideafnykwrjqgdj/Build/Intermediates.noindex/SparklingGo.build/Debug-iphonesimulator/SparklingGo.build/Objects-normal/arm64/Binary/__preview.dylib
/Users/runner/token-economics/lynx-benchmark/ios/SparklingGo.xcodeproj: SparklingGo: ld: warning: search path '/var/run/com.apple.security.cryptexd/mnt/com.apple.MobileAsset.MetalToolchain-v17.6.42.0.xRBJyY/Metal.xctoolchain/usr/lib/swift/iphonesimulator' not found

SwiftDriver SparklingGo normal arm64 com.apple.xcode.tools.swift.compiler (in target 'SparklingGo' from project 'SparklingGo')
    cd /Users/runner/token-economics/lynx-benchmark/ios
    builtin-SwiftDriver -- /Applications/Xcode.app/Contents/Developer/Toolchains/XcodeDefault.xctoolchain/usr/bin/swiftc -module-name SparklingGo -Onone @/Users/runner/Library/Developer/Xcode/DerivedData/SparklingGo-gaxngdfqfnurlideafnykwrjqgdj/Build/Intermediates.noindex/SparklingGo.build/Debug-iphonesimulator/SparklingGo.build/Objects-normal/arm64/SparklingGo.SwiftFileList -DDEBUG -D COCOAPODS -enable-bare-slash-regex -enable-experimental-feature DebugDescriptionMacro -sdk /Applications/Xcode.app/Contents/Developer/Platforms/iPhoneSimulator.platform/Developer/SDKs/iPhoneSimulator26.5.sdk -target arm64-apple-ios15.6-simulator -g -module-cache-path /Users/runner/Library/Developer/Xcode/DerivedData/ModuleCache.noindex -Xfrontend -serialize-debugging-options -profile-coverage-mapping -profile-generate -enable-testing -index-store-path /Users/runner/Library/Developer/Xcode/DerivedData/SparklingGo-gaxngdfqfnurlideafnykwrjqgdj/Index.noindex/DataStore -Xcc -D_LIBCPP_HARDENING_MODE\=_LIBCPP_HARDENING_MODE_DEBUG -swift-version 5 -I /Users/runner/Library/Developer/Xcode/DerivedData/SparklingGo-gaxngdfqfnurlideafnykwrjqgdj/Build/Products/Debug-iphonesimulator -F /Users/runner/Library/Developer/Xcode/DerivedData/SparklingGo-gaxngdfqfnurlideafnykwrjqgdj/Build/Products/Debug-iphonesimulator -F /Users/runner/Library/Developer/Xcode/DerivedData/SparklingGo-gaxngdfqfnurlideafnykwrjqgdj/Build/Products/Debug-iphonesimulator/BaseDevtool -F /Users/runner/Library/Developer/Xcode/DerivedData/SparklingGo-gaxngdfqfnurlideafnykwrjqgdj/Build/Products/Debug-iphonesimulator/DebugRouter -F /Users/runner/Library/Developer/Xcode/DerivedData/SparklingGo-gaxngdfqfnurlideafnykwrjqgdj/Build/Products/Debug-iphonesimulator/Lynx -F /Users/runner/Library/Developer/Xcode/DerivedData/SparklingGo-gaxngdfqfnurlideafnykwrjqgdj/Build/Products/Debug-iphonesimulator/LynxBase -F /Users/runner/Library/Developer/Xcode/DerivedData/SparklingGo-gaxngdfqfnurlideafnykwrjqgdj/Build/Products/Debug-iphonesimulator/LynxDevtool -F /Users/runner/Library/Developer/Xcode/DerivedData/SparklingGo-gaxngdfqfnurlideafnykwrjqgdj/Build/Products/Debug-iphonesimulator/LynxService -F /Users/runner/Library/Developer/Xcode/DerivedData/SparklingGo-gaxngdfqfnurlideafnykwrjqgdj/Build/Products/Debug-iphonesimulator/LynxServiceAPI -F /Users/runner/Library/Developer/Xcode/DerivedData/SparklingGo-gaxngdfqfnurlideafnykwrjqgdj/Build/Products/Debug-iphonesimulator/Mantle -F /Users/runner/Library/Developer/Xcode/DerivedData/SparklingGo-gaxngdfqfnurlideafnykwrjqgdj/Build/Products/Debug-iphonesimulator/PrimJS -F /Users/runner/Library/Developer/Xcode/DerivedData/SparklingGo-gaxngdfqfnurlideafnykwrjqgdj/Build/Products/Debug-iphonesimulator/SDWebImage -F /Users/runner/Library/Developer/Xcode/DerivedData/SparklingGo-gaxngdfqfnurlideafnykwrjqgdj/Build/Products/Debug-iphonesimulator/SDWebImageWebPCoder -F /Users/runner/Library/Developer/Xcode/DerivedData/SparklingGo-gaxngdfqfnurlideafnykwrjqgdj/Build/Products/Debug-iphonesimulator/SnapKit -F /Users/runner/Library/Developer/Xcode/DerivedData/SparklingGo-gaxngdfqfnurlideafnykwrjqgdj/Build/Products/Debug-iphonesimulator/SocketRocket -F /Users/runner/Library/Developer/Xcode/DerivedData/SparklingGo-gaxngdfqfnurlideafnykwrjqgdj/Build/Products/Debug-iphonesimulator/Sparkling -F /Users/runner/Library/Developer/Xcode/DerivedData/SparklingGo-gaxngdfqfnurlideafnykwrjqgdj/Build/Products/Debug-iphonesimulator/Sparkling-Router -F /Users/runner/Library/Developer/Xcode/DerivedData/SparklingGo-gaxngdfqfnurlideafnykwrjqgdj/Build/Products/Debug-iphonesimulator/SparklingMethod -F /Users/runner/Library/Developer/Xcode/DerivedData/SparklingGo-gaxngdfqfnurlideafnykwrjqgdj/Build/Products/Debug-iphonesimulator/libwebp -emit-localized-strings -emit-localized-strings-path /Users/runner/Library/Developer/Xcode/DerivedData/SparklingGo-gaxngdfqfnurlideafnykwrjqgdj/Build/Intermediates.noindex/SparklingGo.build/Debug-iphonesimulator/SparklingGo.build/Objects-normal/arm64 -c -j16 -enable-batch-mode -incremental -Xcc -ivfsstatcache -Xcc /Users/runner/Library/Developer/Xcode/DerivedData/SDKStatCaches.noindex/iphonesimulator26.5-23F73-688ef53f1462e2c8f657fdc38a81448f6cfe768891a92b912361537c460fe42b.sdkstatcache -output-file-map /Users/runner/Library/Developer/Xcode/DerivedData/SparklingGo-gaxngdfqfnurlideafnykwrjqgdj/Build/Intermediates.noindex/SparklingGo.build/Debug-iphonesimulator/SparklingGo.build/Objects-normal/arm64/SparklingGo-OutputFileMap.json -use-frontend-parseable-output -save-temps -no-color-diagnostics -explicit-module-build -module-cache-path /Users/runner/Library/Developer/Xcode/DerivedData/SparklingGo-gaxngdfqfnurlideafnykwrjqgdj/Build/Intermediates.noindex/SwiftExplicitPrecompiledModules -clang-scanner-module-cache-path /Users/runner/Library/Developer/Xcode/DerivedData/ModuleCache.noindex -sdk-module-cache-path /Users/runner/Library/Developer/Xcode/DerivedData/ModuleCache.noindex -serialize-diagnostics -emit-dependencies -emit-module -emit-module-path /Users/runner/Library/Developer/Xcode/DerivedData/SparklingGo-gaxngdfqfnurlideafnykwrjqgdj/Build/Intermediates.noindex/SparklingGo.build/Debug-iphonesimulator/SparklingGo.build/Objects-normal/arm64/SparklingGo.swiftmodule -validate-clang-modules-once -clang-build-session-file /Users/runner/Library/Developer/Xcode/DerivedData/ModuleCache.noindex/Session.modulevalidation -Xcc -I/Users/runner/Library/Developer/Xcode/DerivedData/SparklingGo-gaxngdfqfnurlideafnykwrjqgdj/Build/Intermediates.noindex/SparklingGo.build/Debug-iphonesimulator/SparklingGo.build/swift-overrides.hmap -emit-const-values -Xfrontend -const-gather-protocols-file -Xfrontend /Users/runner/Library/Developer/Xcode/DerivedData/SparklingGo-gaxngdfqfnurlideafnykwrjqgdj/Build/Intermediates.noindex/SparklingGo.build/Debug-iphonesimulator/SparklingGo.build/Objects-normal/arm64/SparklingGo_const_extract_protocols.json -Xcc -iquote -Xcc /Users/runner/Library/Developer/Xcode/DerivedData/SparklingGo-gaxngdfqfnurlideafnykwrjqgdj/Build/Intermediates.noindex/SparklingGo.build/Debug-iphonesimulator/SparklingGo.build/SparklingGo-generated-files.hmap -Xcc -I/Users/runner/Library/Developer/Xcode/DerivedData/SparklingGo-gaxngdfqfnurlideafnykwrjqgdj/Build/Intermediates.noindex/SparklingGo.build/Debug-iphonesimulator/SparklingGo.build/SparklingGo-own-target-headers.hmap -Xcc -I/Users/runner/Library/Developer/Xcode/DerivedData/SparklingGo-gaxngdfqfnurlideafnykwrjqgdj/Build/Intermediates.noindex/SparklingGo.build/Debug-iphonesimulator/SparklingGo.build/SparklingGo-all-non-framework-target-headers.hmap -Xcc -ivfsoverlay -Xcc /Users/runner/Library/Developer/Xcode/DerivedData/SparklingGo-gaxngdfqfnurlideafnykwrjqgdj/Build/Intermediates.noindex/SparklingGo.build/Debug-iphonesimulator/SparklingGo-3ac40d20de8cc70a0ed41f41ab841e9f-VFS-iphonesimulator/all-product-headers.yaml -Xcc -iquote -Xcc /Users/runner/Library/Developer/Xcode/DerivedData/SparklingGo-gaxngdfqfnurlideafnykwrjqgdj/Build/Intermediates.noindex/SparklingGo.build/Debug-iphonesimulator/SparklingGo.build/SparklingGo-project-headers.hmap -Xcc -iquote -Xcc /Users/runner/token-economics/lynx-benchmark/ios/libwebp/src -Xcc -I/Users/runner/Library/Developer/Xcode/DerivedData/SparklingGo-gaxngdfqfnurlideafnykwrjqgdj/Build/Products/Debug-iphonesimulator/include -Xcc -I/Users/runner/Library/Developer/Xcode/DerivedData/SparklingGo-gaxngdfqfnurlideafnykwrjqgdj/Build/Products/Debug-iphonesimulator/BaseDevtool/BaseDevtool.framework/Headers -Xcc -I/Users/runner/Library/Developer/Xcode/DerivedData/SparklingGo-gaxngdfqfnurlideafnykwrjqgdj/Build/Products/Debug-iphonesimulator/DebugRouter/DebugRouter.framework/Headers -Xcc -I/Users/runner/Library/Developer/Xcode/DerivedData/SparklingGo-gaxngdfqfnurlideafnykwrjqgdj/Build/Products/Debug-iphonesimulator/Lynx/Lynx.framework/Headers -Xcc -I/Users/runner/Library/Developer/Xcode/DerivedData/SparklingGo-gaxngdfqfnurlideafnykwrjqgdj/Build/Products/Debug-iphonesimulator/LynxBase/LynxBase.framework/Headers -Xcc -I/Users/runner/Library/Developer/Xcode/DerivedData/SparklingGo-gaxngdfqfnurlideafnykwrjqgdj/Build/Products/Debug-iphonesimulator/LynxDevtool/LynxDevtool.framework/Headers -Xcc -I/Users/runner/Library/Developer/Xcode/DerivedData/SparklingGo-gaxngdfqfnurlideafnykwrjqgdj/Build/Products/Debug-iphonesimulator/LynxService/LynxService.framework/Headers -Xcc -I/Users/runner/Library/Developer/Xcode/DerivedData/SparklingGo-gaxngdfqfnurlideafnykwrjqgdj/Build/Products/Debug-iphonesimulator/LynxServiceAPI/LynxServiceAPI.framework/Headers -Xcc -I/Users/runner/Library/Developer/Xcode/DerivedData/SparklingGo-gaxngdfqfnurlideafnykwrjqgdj/Build/Products/Debug-iphonesimulator/Mantle/Mantle.framework/Headers -Xcc -I/Users/runner/Library/Developer/Xcode/DerivedData/SparklingGo-gaxngdfqfnurlideafnykwrjqgdj/Build/Products/Debug-iphonesimulator/PrimJS/PrimJS.framework/Headers -Xcc -I/Users/runner/Library/Developer/Xcode/DerivedData/SparklingGo-gaxngdfqfnurlideafnykwrjqgdj/Build/Products/Debug-iphonesimulator/SDWebImage/SDWebImage.framework/Headers -Xcc -I/Users/runner/Library/Developer/Xcode/DerivedData/SparklingGo-gaxngdfqfnurlideafnykwrjqgdj/Build/Products/Debug-iphonesimulator/SDWebImageWebPCoder/SDWebImageWebPCoder.framework/Headers -Xcc -I/Users/runner/Library/Developer/Xcode/DerivedData/SparklingGo-gaxngdfqfnurlideafnykwrjqgdj/Build/Products/Debug-iphonesimulator/SnapKit/SnapKit.framework/Headers -Xcc -I/Users/runner/Library/Developer/Xcode/DerivedData/SparklingGo-gaxngdfqfnurlideafnykwrjqgdj/Build/Products/Debug-iphonesimulator/SocketRocket/SocketRocket.framework/Headers -Xcc -I/Users/runner/Library/Developer/Xcode/DerivedData/SparklingGo-gaxngdfqfnurlideafnykwrjqgdj/Build/Products/Debug-iphonesimulator/Sparkling-Router/Sparkling_Router.framework/Headers -Xcc -I/Users/runner/Library/Developer/Xcode/DerivedData/SparklingGo-gaxngdfqfnurlideafnykwrjqgdj/Build/Products/Debug-iphonesimulator/Sparkling/Sparkling.framework/Headers -Xcc -I/Users/runner/Library/Developer/Xcode/DerivedData/SparklingGo-gaxngdfqfnurlideafnykwrjqgdj/Build/Products/Debug-iphonesimulator/SparklingMethod/SparklingMethod.framework/Headers -Xcc -I/Users/runner/Library/Developer/Xcode/DerivedData/SparklingGo-gaxngdfqfnurlideafnykwrjqgdj/Build/Products/Debug-iphonesimulator/libwebp/libwebp.framework/Headers -Xcc -I/Users/runner/Library/Developer/Xcode/DerivedData/SparklingGo-gaxngdfqfnurlideafnykwrjqgdj/Build/Intermediates.noindex/SparklingGo.build/Debug-iphonesimulator/SparklingGo.build/DerivedSources-normal/arm64 -Xcc -I/Users/runner/Library/Developer/Xcode/DerivedData/SparklingGo-gaxngdfqfnurlideafnykwrjqgdj/Build/Intermediates.noindex/SparklingGo.build/Debug-iphonesimulator/SparklingGo.build/DerivedSources/arm64 -Xcc -I/Users/runner/Library/Developer/Xcode/DerivedData/SparklingGo-gaxngdfqfnurlideafnykwrjqgdj/Build/Intermediates.noindex/SparklingGo.build/Debug-iphonesimulator/SparklingGo.build/DerivedSources -Xcc -DDEBUG\=1 -Xcc -DCOCOAPODS\=1 -Xcc -DDEBUG\=1 -Xcc -DSD_WEBP\=1 -emit-objc-header -emit-objc-header-path /Users/runner/Library/Developer/Xcode/DerivedData/SparklingGo-gaxngdfqfnurlideafnykwrjqgdj/Build/Intermediates.noindex/SparklingGo.build/Debug-iphonesimulator/SparklingGo.build/Objects-normal/arm64/SparklingGo-Swift.h -import-objc-header /Users/runner/token-economics/lynx-benchmark/ios/SparklingGo/SparklingGo/Bridging-Header.h -working-directory /Users/runner/token-economics/lynx-benchmark/ios -experimental-emit-module-separately -disable-cmo

SwiftDriver SparklingGo normal x86_64 com.apple.xcode.tools.swift.compiler (in target 'SparklingGo' from project 'SparklingGo')
    cd /Users/runner/token-economics/lynx-benchmark/ios
    builtin-SwiftDriver -- /Applications/Xcode.app/Contents/Developer/Toolchains/XcodeDefault.xctoolchain/usr/bin/swiftc -module-name SparklingGo -Onone @/Users/runner/Library/Developer/Xcode/DerivedData/SparklingGo-gaxngdfqfnurlideafnykwrjqgdj/Build/Intermediates.noindex/SparklingGo.build/Debug-iphonesimulator/SparklingGo.build/Objects-normal/x86_64/SparklingGo.SwiftFileList -DDEBUG -D COCOAPODS -enable-bare-slash-regex -enable-experimental-feature DebugDescriptionMacro -sdk /Applications/Xcode.app/Contents/Developer/Platforms/iPhoneSimulator.platform/Developer/SDKs/iPhoneSimulator26.5.sdk -target x86_64-apple-ios15.6-simulator -g -module-cache-path /Users/runner/Library/Developer/Xcode/DerivedData/ModuleCache.noindex -Xfrontend -serialize-debugging-options -profile-coverage-mapping -profile-generate -enable-testing -index-store-path /Users/runner/Library/Developer/Xcode/DerivedData/SparklingGo-gaxngdfqfnurlideafnykwrjqgdj/Index.noindex/DataStore -Xcc -D_LIBCPP_HARDENING_MODE\=_LIBCPP_HARDENING_MODE_DEBUG -swift-version 5 -I /Users/runner/Library/Developer/Xcode/DerivedData/SparklingGo-gaxngdfqfnurlideafnykwrjqgdj/Build/Products/Debug-iphonesimulator -F /Users/runner/Library/Developer/Xcode/DerivedData/SparklingGo-gaxngdfqfnurlideafnykwrjqgdj/Build/Products/Debug-iphonesimulator -F /Users/runner/Library/Developer/Xcode/DerivedData/SparklingGo-gaxngdfqfnurlideafnykwrjqgdj/Build/Products/Debug-iphonesimulator/BaseDevtool -F /Users/runner/Library/Developer/Xcode/DerivedData/SparklingGo-gaxngdfqfnurlideafnykwrjqgdj/Build/Products/Debug-iphonesimulator/DebugRouter -F /Users/runner/Library/Developer/Xcode/DerivedData/SparklingGo-gaxngdfqfnurlideafnykwrjqgdj/Build/Products/Debug-iphonesimulator/Lynx -F /Users/runner/Library/Developer/Xcode/DerivedData/SparklingGo-gaxngdfqfnurlideafnykwrjqgdj/Build/Products/Debug-iphonesimulator/LynxBase -F /Users/runner/Library/Developer/Xcode/DerivedData/SparklingGo-gaxngdfqfnurlideafnykwrjqgdj/Build/Products/Debug-iphonesimulator/LynxDevtool -F /Users/runner/Library/Developer/Xcode/DerivedData/SparklingGo-gaxngdfqfnurlideafnykwrjqgdj/Build/Products/Debug-iphonesimulator/LynxService -F /Users/runner/Library/Developer/Xcode/DerivedData/SparklingGo-gaxngdfqfnurlideafnykwrjqgdj/Build/Products/Debug-iphonesimulator/LynxServiceAPI -F /Users/runner/Library/Developer/Xcode/DerivedData/SparklingGo-gaxngdfqfnurlideafnykwrjqgdj/Build/Products/Debug-iphonesimulator/Mantle -F /Users/runner/Library/Developer/Xcode/DerivedData/SparklingGo-gaxngdfqfnurlideafnykwrjqgdj/Build/Products/Debug-iphonesimulator/PrimJS -F /Users/runner/Library/Developer/Xcode/DerivedData/SparklingGo-gaxngdfqfnurlideafnykwrjqgdj/Build/Products/Debug-iphonesimulator/SDWebImage -F /Users/runner/Library/Developer/Xcode/DerivedData/SparklingGo-gaxngdfqfnurlideafnykwrjqgdj/Build/Products/Debug-iphonesimulator/SDWebImageWebPCoder -F /Users/runner/Library/Developer/Xcode/DerivedData/SparklingGo-gaxngdfqfnurlideafnykwrjqgdj/Build/Products/Debug-iphonesimulator/SnapKit -F /Users/runner/Library/Developer/Xcode/DerivedData/SparklingGo-gaxngdfqfnurlideafnykwrjqgdj/Build/Products/Debug-iphonesimulator/SocketRocket -F /Users/runner/Library/Developer/Xcode/DerivedData/SparklingGo-gaxngdfqfnurlideafnykwrjqgdj/Build/Products/Debug-iphonesimulator/Sparkling -F /Users/runner/Library/Developer/Xcode/DerivedData/SparklingGo-gaxngdfqfnurlideafnykwrjqgdj/Build/Products/Debug-iphonesimulator/Sparkling-Router -F /Users/runner/Library/Developer/Xcode/DerivedData/SparklingGo-gaxngdfqfnurlideafnykwrjqgdj/Build/Products/Debug-iphonesimulator/SparklingMethod -F /Users/runner/Library/Developer/Xcode/DerivedData/SparklingGo-gaxngdfqfnurlideafnykwrjqgdj/Build/Products/Debug-iphonesimulator/libwebp -emit-localized-strings -emit-localized-strings-path /Users/runner/Library/Developer/Xcode/DerivedData/SparklingGo-gaxngdfqfnurlideafnykwrjqgdj/Build/Intermediates.noindex/SparklingGo.build/Debug-iphonesimulator/SparklingGo.build/Objects-normal/x86_64 -c -j16 -enable-batch-mode -incremental -Xcc -ivfsstatcache -Xcc /Users/runner/Library/Developer/Xcode/DerivedData/SDKStatCaches.noindex/iphonesimulator26.5-23F73-688ef53f1462e2c8f657fdc38a81448f6cfe768891a92b912361537c460fe42b.sdkstatcache -output-file-map /Users/runner/Library/Developer/Xcode/DerivedData/SparklingGo-gaxngdfqfnurlideafnykwrjqgdj/Build/Intermediates.noindex/SparklingGo.build/Debug-iphonesimulator/SparklingGo.build/Objects-normal/x86_64/SparklingGo-OutputFileMap.json -use-frontend-parseable-output -save-temps -no-color-diagnostics -explicit-module-build -module-cache-path /Users/runner/Library/Developer/Xcode/DerivedData/SparklingGo-gaxngdfqfnurlideafnykwrjqgdj/Build/Intermediates.noindex/SwiftExplicitPrecompiledModules -clang-scanner-module-cache-path /Users/runner/Library/Developer/Xcode/DerivedData/ModuleCache.noindex -sdk-module-cache-path /Users/runner/Library/Developer/Xcode/DerivedData/ModuleCache.noindex -serialize-diagnostics -emit-dependencies -emit-module -emit-module-path /Users/runner/Library/Developer/Xcode/DerivedData/SparklingGo-gaxngdfqfnurlideafnykwrjqgdj/Build/Intermediates.noindex/SparklingGo.build/Debug-iphonesimulator/SparklingGo.build/Objects-normal/x86_64/SparklingGo.swiftmodule -validate-clang-modules-once -clang-build-session-file /Users/runner/Library/Developer/Xcode/DerivedData/ModuleCache.noindex/Session.modulevalidation -Xcc -I/Users/runner/Library/Developer/Xcode/DerivedData/SparklingGo-gaxngdfqfnurlideafnykwrjqgdj/Build/Intermediates.noindex/SparklingGo.build/Debug-iphonesimulator/SparklingGo.build/swift-overrides.hmap -emit-const-values -Xfrontend -const-gather-protocols-file -Xfrontend /Users/runner/Library/Developer/Xcode/DerivedData/SparklingGo-gaxngdfqfnurlideafnykwrjqgdj/Build/Intermediates.noindex/SparklingGo.build/Debug-iphonesimulator/SparklingGo.build/Objects-normal/x86_64/SparklingGo_const_extract_protocols.json -Xcc -iquote -Xcc /Users/runner/Library/Developer/Xcode/DerivedData/SparklingGo-gaxngdfqfnurlideafnykwrjqgdj/Build/Intermediates.noindex/SparklingGo.build/Debug-iphonesimulator/SparklingGo.build/SparklingGo-generated-files.hmap -Xcc -I/Users/runner/Library/Developer/Xcode/DerivedData/SparklingGo-gaxngdfqfnurlideafnykwrjqgdj/Build/Intermediates.noindex/SparklingGo.build/Debug-iphonesimulator/SparklingGo.build/SparklingGo-own-target-headers.hmap -Xcc -I/Users/runner/Library/Developer/Xcode/DerivedData/SparklingGo-gaxngdfqfnurlideafnykwrjqgdj/Build/Intermediates.noindex/SparklingGo.build/Debug-iphonesimulator/SparklingGo.build/SparklingGo-all-non-framework-target-headers.hmap -Xcc -ivfsoverlay -Xcc /Users/runner/Library/Developer/Xcode/DerivedData/SparklingGo-gaxngdfqfnurlideafnykwrjqgdj/Build/Intermediates.noindex/SparklingGo.build/Debug-iphonesimulator/SparklingGo-3ac40d20de8cc70a0ed41f41ab841e9f-VFS-iphonesimulator/all-product-headers.yaml -Xcc -iquote -Xcc /Users/runner/Library/Developer/Xcode/DerivedData/SparklingGo-gaxngdfqfnurlideafnykwrjqgdj/Build/Intermediates.noindex/SparklingGo.build/Debug-iphonesimulator/SparklingGo.build/SparklingGo-project-headers.hmap -Xcc -iquote -Xcc /Users/runner/token-economics/lynx-benchmark/ios/libwebp/src -Xcc -I/Users/runner/Library/Developer/Xcode/DerivedData/SparklingGo-gaxngdfqfnurlideafnykwrjqgdj/Build/Products/Debug-iphonesimulator/include -Xcc -I/Users/runner/Library/Developer/Xcode/DerivedData/SparklingGo-gaxngdfqfnurlideafnykwrjqgdj/Build/Products/Debug-iphonesimulator/BaseDevtool/BaseDevtool.framework/Headers -Xcc -I/Users/runner/Library/Developer/Xcode/DerivedData/SparklingGo-gaxngdfqfnurlideafnykwrjqgdj/Build/Products/Debug-iphonesimulator/DebugRouter/DebugRouter.framework/Headers -Xcc -I/Users/runner/Library/Developer/Xcode/DerivedData/SparklingGo-gaxngdfqfnurlideafnykwrjqgdj/Build/Products/Debug-iphonesimulator/Lynx/Lynx.framework/Headers -Xcc -I/Users/runner/Library/Developer/Xcode/DerivedData/SparklingGo-gaxngdfqfnurlideafnykwrjqgdj/Build/Products/Debug-iphonesimulator/LynxBase/LynxBase.framework/Headers -Xcc -I/Users/runner/Library/Developer/Xcode/DerivedData/SparklingGo-gaxngdfqfnurlideafnykwrjqgdj/Build/Products/Debug-iphonesimulator/LynxDevtool/LynxDevtool.framework/Headers -Xcc -I/Users/runner/Library/Developer/Xcode/DerivedData/SparklingGo-gaxngdfqfnurlideafnykwrjqgdj/Build/Products/Debug-iphonesimulator/LynxService/LynxService.framework/Headers -Xcc -I/Users/runner/Library/Developer/Xcode/DerivedData/SparklingGo-gaxngdfqfnurlideafnykwrjqgdj/Build/Products/Debug-iphonesimulator/LynxServiceAPI/LynxServiceAPI.framework/Headers -Xcc -I/Users/runner/Library/Developer/Xcode/DerivedData/SparklingGo-gaxngdfqfnurlideafnykwrjqgdj/Build/Products/Debug-iphonesimulator/Mantle/Mantle.framework/Headers -Xcc -I/Users/runner/Library/Developer/Xcode/DerivedData/SparklingGo-gaxngdfqfnurlideafnykwrjqgdj/Build/Products/Debug-iphonesimulator/PrimJS/PrimJS.framework/Headers -Xcc -I/Users/runner/Library/Developer/Xcode/DerivedData/SparklingGo-gaxngdfqfnurlideafnykwrjqgdj/Build/Products/Debug-iphonesimulator/SDWebImage/SDWebImage.framework/Headers -Xcc -I/Users/runner/Library/Developer/Xcode/DerivedData/SparklingGo-gaxngdfqfnurlideafnykwrjqgdj/Build/Products/Debug-iphonesimulator/SDWebImageWebPCoder/SDWebImageWebPCoder.framework/Headers -Xcc -I/Users/runner/Library/Developer/Xcode/DerivedData/SparklingGo-gaxngdfqfnurlideafnykwrjqgdj/Build/Products/Debug-iphonesimulator/SnapKit/SnapKit.framework/Headers -Xcc -I/Users/runner/Library/Developer/Xcode/DerivedData/SparklingGo-gaxngdfqfnurlideafnykwrjqgdj/Build/Products/Debug-iphonesimulator/SocketRocket/SocketRocket.framework/Headers -Xcc -I/Users/runner/Library/Developer/Xcode/DerivedData/SparklingGo-gaxngdfqfnurlideafnykwrjqgdj/Build/Products/Debug-iphonesimulator/Sparkling-Router/Sparkling_Router.framework/Headers -Xcc -I/Users/runner/Library/Developer/Xcode/DerivedData/SparklingGo-gaxngdfqfnurlideafnykwrjqgdj/Build/Products/Debug-iphonesimulator/Sparkling/Sparkling.framework/Headers -Xcc -I/Users/runner/Library/Developer/Xcode/DerivedData/SparklingGo-gaxngdfqfnurlideafnykwrjqgdj/Build/Products/Debug-iphonesimulator/SparklingMethod/SparklingMethod.framework/Headers -Xcc -I/Users/runner/Library/Developer/Xcode/DerivedData/SparklingGo-gaxngdfqfnurlideafnykwrjqgdj/Build/Products/Debug-iphonesimulator/libwebp/libwebp.framework/Headers -Xcc -I/Users/runner/Library/Developer/Xcode/DerivedData/SparklingGo-gaxngdfqfnurlideafnykwrjqgdj/Build/Intermediates.noindex/SparklingGo.build/Debug-iphonesimulator/SparklingGo.build/DerivedSources-normal/x86_64 -Xcc -I/Users/runner/Library/Developer/Xcode/DerivedData/SparklingGo-gaxngdfqfnurlideafnykwrjqgdj/Build/Intermediates.noindex/SparklingGo.build/Debug-iphonesimulator/SparklingGo.build/DerivedSources/x86_64 -Xcc -I/Users/runner/Library/Developer/Xcode/DerivedData/SparklingGo-gaxngdfqfnurlideafnykwrjqgdj/Build/Intermediates.noindex/SparklingGo.build/Debug-iphonesimulator/SparklingGo.build/DerivedSources -Xcc -DDEBUG\=1 -Xcc -DCOCOAPODS\=1 -Xcc -DDEBUG\=1 -Xcc -DSD_WEBP\=1 -emit-objc-header -emit-objc-header-path /Users/runner/Library/Developer/Xcode/DerivedData/SparklingGo-gaxngdfqfnurlideafnykwrjqgdj/Build/Intermediates.noindex/SparklingGo.build/Debug-iphonesimulator/SparklingGo.build/Objects-normal/x86_64/SparklingGo-Swift.h -import-objc-header /Users/runner/token-economics/lynx-benchmark/ios/SparklingGo/SparklingGo/Bridging-Header.h -working-directory /Users/runner/token-economics/lynx-benchmark/ios -experimental-emit-module-separately -disable-cmo

CpResource /Users/runner/Library/Developer/Xcode/DerivedData/SparklingGo-gaxngdfqfnurlideafnykwrjqgdj/Build/Products/Debug-iphonesimulator/SparklingGo.app/second.lynx.bundle /Users/runner/token-economics/lynx-benchmark/ios/SparklingGo/SparklingGo/Resources/Assets/second.lynx.bundle (in target 'SparklingGo' from project 'SparklingGo')
    cd /Users/runner/token-economics/lynx-benchmark/ios
    builtin-copy -exclude .DS_Store -exclude CVS -exclude .svn -exclude .git -exclude .hg -resolve-src-symlinks /Users/runner/token-economics/lynx-benchmark/ios/SparklingGo/SparklingGo/Resources/Assets/second.lynx.bundle /Users/runner/Library/Developer/Xcode/DerivedData/SparklingGo-gaxngdfqfnurlideafnykwrjqgdj/Build/Products/Debug-iphonesimulator/SparklingGo.app

ProcessInfoPlistFile /Users/runner/Library/Developer/Xcode/DerivedData/SparklingGo-gaxngdfqfnurlideafnykwrjqgdj/Build/Products/Debug-iphonesimulator/SparklingGo.app/Info.plist /Users/runner/Library/Developer/Xcode/DerivedData/SparklingGo-gaxngdfqfnurlideafnykwrjqgdj/Build/Intermediates.noindex/SparklingGo.build/Debug-iphonesimulator/SparklingGo.build/empty-SparklingGo.plist (in target 'SparklingGo' from project 'SparklingGo')
    cd /Users/runner/token-economics/lynx-benchmark/ios
    builtin-infoPlistUtility /Users/runner/Library/Developer/Xcode/DerivedData/SparklingGo-gaxngdfqfnurlideafnykwrjqgdj/Build/Intermediates.noindex/SparklingGo.build/Debug-iphonesimulator/SparklingGo.build/empty-SparklingGo.plist -producttype com.apple.product-type.application -genpkginfo /Users/runner/Library/Developer/Xcode/DerivedData/SparklingGo-gaxngdfqfnurlideafnykwrjqgdj/Build/Products/Debug-iphonesimulator/SparklingGo.app/PkgInfo -expandbuildsettings -format binary -platform iphonesimulator -additionalcontentfile /Users/runner/Library/Developer/Xcode/DerivedData/SparklingGo-gaxngdfqfnurlideafnykwrjqgdj/Build/Intermediates.noindex/SparklingGo.build/Debug-iphonesimulator/SparklingGo.build/assetcatalog_generated_info.plist -o /Users/runner/Library/Developer/Xcode/DerivedData/SparklingGo-gaxngdfqfnurlideafnykwrjqgdj/Build/Products/Debug-iphonesimulator/SparklingGo.app/Info.plist

CpResource /Users/runner/Library/Developer/Xcode/DerivedData/SparklingGo-gaxngdfqfnurlideafnykwrjqgdj/Build/Products/Debug-iphonesimulator/SparklingGo.app/main.lynx.bundle /Users/runner/token-economics/lynx-benchmark/ios/SparklingGo/SparklingGo/Resources/Assets/main.lynx.bundle (in target 'SparklingGo' from project 'SparklingGo')
    cd /Users/runner/token-economics/lynx-benchmark/ios
    builtin-copy -exclude .DS_Store -exclude CVS -exclude .svn -exclude .git -exclude .hg -resolve-src-symlinks /Users/runner/token-economics/lynx-benchmark/ios/SparklingGo/SparklingGo/Resources/Assets/main.lynx.bundle /Users/runner/Library/Developer/Xcode/DerivedData/SparklingGo-gaxngdfqfnurlideafnykwrjqgdj/Build/Products/Debug-iphonesimulator/SparklingGo.app

CpResource /Users/runner/Library/Developer/Xcode/DerivedData/SparklingGo-gaxngdfqfnurlideafnykwrjqgdj/Build/Products/Debug-iphonesimulator/SparklingGo.app/transcribe.lynx.bundle /Users/runner/token-economics/lynx-benchmark/ios/SparklingGo/SparklingGo/Resources/Assets/transcribe.lynx.bundle (in target 'SparklingGo' from project 'SparklingGo')
    cd /Users/runner/token-economics/lynx-benchmark/ios
    builtin-copy -exclude .DS_Store -exclude CVS -exclude .svn -exclude .git -exclude .hg -resolve-src-symlinks /Users/runner/token-economics/lynx-benchmark/ios/SparklingGo/SparklingGo/Resources/Assets/transcribe.lynx.bundle /Users/runner/Library/Developer/Xcode/DerivedData/SparklingGo-gaxngdfqfnurlideafnykwrjqgdj/Build/Products/Debug-iphonesimulator/SparklingGo.app

CpResource /Users/runner/Library/Developer/Xcode/DerivedData/SparklingGo-gaxngdfqfnurlideafnykwrjqgdj/Build/Products/Debug-iphonesimulator/SparklingGo.app/health.lynx.bundle /Users/runner/token-economics/lynx-benchmark/ios/SparklingGo/SparklingGo/Resources/Assets/health.lynx.bundle (in target 'SparklingGo' from project 'SparklingGo')
    cd /Users/runner/token-economics/lynx-benchmark/ios
    builtin-copy -exclude .DS_Store -exclude CVS -exclude .svn -exclude .git -exclude .hg -resolve-src-symlinks /Users/runner/token-economics/lynx-benchmark/ios/SparklingGo/SparklingGo/Resources/Assets/health.lynx.bundle /Users/runner/Library/Developer/Xcode/DerivedData/SparklingGo-gaxngdfqfnurlideafnykwrjqgdj/Build/Products/Debug-iphonesimulator/SparklingGo.app

CreateUniversalBinary /Users/runner/Library/Developer/Xcode/DerivedData/SparklingGo-gaxngdfqfnurlideafnykwrjqgdj/Build/Products/Debug-iphonesimulator/SparklingGo.app/__preview.dylib normal arm64\ x86_64 (in target 'SparklingGo' from project 'SparklingGo')
    cd /Users/runner/token-economics/lynx-benchmark/ios
    /Applications/Xcode.app/Contents/Developer/Toolchains/XcodeDefault.xctoolchain/usr/bin/lipo -create /Users/runner/Library/Developer/Xcode/DerivedData/SparklingGo-gaxngdfqfnurlideafnykwrjqgdj/Build/Intermediates.noindex/SparklingGo.build/Debug-iphonesimulator/SparklingGo.build/Objects-normal/arm64/Binary/__preview.dylib /Users/runner/Library/Developer/Xcode/DerivedData/SparklingGo-gaxngdfqfnurlideafnykwrjqgdj/Build/Intermediates.noindex/SparklingGo.build/Debug-iphonesimulator/SparklingGo.build/Objects-normal/x86_64/Binary/__preview.dylib -output /Users/runner/Library/Developer/Xcode/DerivedData/SparklingGo-gaxngdfqfnurlideafnykwrjqgdj/Build/Products/Debug-iphonesimulator/SparklingGo.app/__preview.dylib

SwiftGeneratePch normal arm64 Compiling\ bridging\ header (in target 'SparklingGo' from project 'SparklingGo')

SwiftGeneratePch normal x86_64 Compiling\ bridging\ header (in target 'SparklingGo' from project 'SparklingGo')

SwiftDriverJobDiscovery normal x86_64 Compiling bridging header (in target 'SparklingGo' from project 'SparklingGo')

SwiftEmitModule normal x86_64 Emitting\ module\ for\ SparklingGo (in target 'SparklingGo' from project 'SparklingGo')

EmitSwiftModule normal x86_64 (in target 'SparklingGo' from project 'SparklingGo')
    cd /Users/runner/token-economics/lynx-benchmark/ios
    

SwiftCompile normal x86_64 Compiling\ SparklingAutolink.swift /Users/runner/token-economics/lynx-benchmark/ios/SparklingGo/SparklingGo/SparklingAutolink.swift (in target 'SparklingGo' from project 'SparklingGo')

SwiftCompile normal x86_64 /Users/runner/token-economics/lynx-benchmark/ios/SparklingGo/SparklingGo/SparklingAutolink.swift (in target 'SparklingGo' from project 'SparklingGo')
    cd /Users/runner/token-economics/lynx-benchmark/ios
    

SwiftDriverJobDiscovery normal arm64 Compiling bridging header (in target 'SparklingGo' from project 'SparklingGo')

SwiftEmitModule normal arm64 Emitting\ module\ for\ SparklingGo (in target 'SparklingGo' from project 'SparklingGo')
EmitSwiftModule normal arm64 (in target 'SparklingGo' from project 'SparklingGo')
    cd /Users/runner/token-economics/lynx-benchmark/ios
    

SwiftCompile normal arm64 Compiling\ SparklingAutolink.swift /Users/runner/token-economics/lynx-benchmark/ios/SparklingGo/SparklingGo/SparklingAutolink.swift (in target 'SparklingGo' from project 'SparklingGo')

SwiftCompile normal arm64 /Users/runner/token-economics/lynx-benchmark/ios/SparklingGo/SparklingGo/SparklingAutolink.swift (in target 'SparklingGo' from project 'SparklingGo')
    cd /Users/runner/token-economics/lynx-benchmark/ios
    

SwiftDriverJobDiscovery normal x86_64 Compiling SparklingAutolink.swift (in target 'SparklingGo' from project 'SparklingGo')

SwiftDriverJobDiscovery normal arm64 Compiling SparklingAutolink.swift (in target 'SparklingGo' from project 'SparklingGo')

SwiftDriverJobDiscovery normal x86_64 Emitting module for SparklingGo (in target 'SparklingGo' from project 'SparklingGo')

SwiftDriver\ Compilation\ Requirements SparklingGo normal x86_64 com.apple.xcode.tools.swift.compiler (in target 'SparklingGo' from project 'SparklingGo')
    cd /Users/runner/token-economics/lynx-benchmark/ios
    builtin-Swift-Compilation-Requirements -- /Applications/Xcode.app/Contents/Developer/Toolchains/XcodeDefault.xctoolchain/usr/bin/swiftc -module-name SparklingGo -Onone @/Users/runner/Library/Developer/Xcode/DerivedData/SparklingGo-gaxngdfqfnurlideafnykwrjqgdj/Build/Intermediates.noindex/SparklingGo.build/Debug-iphonesimulator/SparklingGo.build/Objects-normal/x86_64/SparklingGo.SwiftFileList -DDEBUG -D COCOAPODS -enable-bare-slash-regex -enable-experimental-feature DebugDescriptionMacro -sdk /Applications/Xcode.app/Contents/Developer/Platforms/iPhoneSimulator.platform/Developer/SDKs/iPhoneSimulator26.5.sdk -target x86_64-apple-ios15.6-simulator -g -module-cache-path /Users/runner/Library/Developer/Xcode/DerivedData/ModuleCache.noindex -Xfrontend -serialize-debugging-options -profile-coverage-mapping -profile-generate -enable-testing -index-store-path /Users/runner/Library/Developer/Xcode/DerivedData/SparklingGo-gaxngdfqfnurlideafnykwrjqgdj/Index.noindex/DataStore -Xcc -D_LIBCPP_HARDENING_MODE\=_LIBCPP_HARDENING_MODE_DEBUG -swift-version 5 -I /Users/runner/Library/Developer/Xcode/DerivedData/SparklingGo-gaxngdfqfnurlideafnykwrjqgdj/Build/Products/Debug-iphonesimulator -F /Users/runner/Library/Developer/Xcode/DerivedData/SparklingGo-gaxngdfqfnurlideafnykwrjqgdj/Build/Products/Debug-iphonesimulator -F /Users/runner/Library/Developer/Xcode/DerivedData/SparklingGo-gaxngdfqfnurlideafnykwrjqgdj/Build/Products/Debug-iphonesimulator/BaseDevtool -F /Users/runner/Library/Developer/Xcode/DerivedData/SparklingGo-gaxngdfqfnurlideafnykwrjqgdj/Build/Products/Debug-iphonesimulator/DebugRouter -F /Users/runner/Library/Developer/Xcode/DerivedData/SparklingGo-gaxngdfqfnurlideafnykwrjqgdj/Build/Products/Debug-iphonesimulator/Lynx -F /Users/runner/Library/Developer/Xcode/DerivedData/SparklingGo-gaxngdfqfnurlideafnykwrjqgdj/Build/Products/Debug-iphonesimulator/LynxBase -F /Users/runner/Library/Developer/Xcode/DerivedData/SparklingGo-gaxngdfqfnurlideafnykwrjqgdj/Build/Products/Debug-iphonesimulator/LynxDevtool -F /Users/runner/Library/Developer/Xcode/DerivedData/SparklingGo-gaxngdfqfnurlideafnykwrjqgdj/Build/Products/Debug-iphonesimulator/LynxService -F /Users/runner/Library/Developer/Xcode/DerivedData/SparklingGo-gaxngdfqfnurlideafnykwrjqgdj/Build/Products/Debug-iphonesimulator/LynxServiceAPI -F /Users/runner/Library/Developer/Xcode/DerivedData/SparklingGo-gaxngdfqfnurlideafnykwrjqgdj/Build/Products/Debug-iphonesimulator/Mantle -F /Users/runner/Library/Developer/Xcode/DerivedData/SparklingGo-gaxngdfqfnurlideafnykwrjqgdj/Build/Products/Debug-iphonesimulator/PrimJS -F /Users/runner/Library/Developer/Xcode/DerivedData/SparklingGo-gaxngdfqfnurlideafnykwrjqgdj/Build/Products/Debug-iphonesimulator/SDWebImage -F /Users/runner/Library/Developer/Xcode/DerivedData/SparklingGo-gaxngdfqfnurlideafnykwrjqgdj/Build/Products/Debug-iphonesimulator/SDWebImageWebPCoder -F /Users/runner/Library/Developer/Xcode/DerivedData/SparklingGo-gaxngdfqfnurlideafnykwrjqgdj/Build/Products/Debug-iphonesimulator/SnapKit -F /Users/runner/Library/Developer/Xcode/DerivedData/SparklingGo-gaxngdfqfnurlideafnykwrjqgdj/Build/Products/Debug-iphonesimulator/SocketRocket -F /Users/runner/Library/Developer/Xcode/DerivedData/SparklingGo-gaxngdfqfnurlideafnykwrjqgdj/Build/Products/Debug-iphonesimulator/Sparkling -F /Users/runner/Library/Developer/Xcode/DerivedData/SparklingGo-gaxngdfqfnurlideafnykwrjqgdj/Build/Products/Debug-iphonesimulator/Sparkling-Router -F /Users/runner/Library/Developer/Xcode/DerivedData/SparklingGo-gaxngdfqfnurlideafnykwrjqgdj/Build/Products/Debug-iphonesimulator/SparklingMethod -F /Users/runner/Library/Developer/Xcode/DerivedData/SparklingGo-gaxngdfqfnurlideafnykwrjqgdj/Build/Products/Debug-iphonesimulator/libwebp -emit-localized-strings -emit-localized-strings-path /Users/runner/Library/Developer/Xcode/DerivedData/SparklingGo-gaxngdfqfnurlideafnykwrjqgdj/Build/Intermediates.noindex/SparklingGo.build/Debug-iphonesimulator/SparklingGo.build/Objects-normal/x86_64 -c -j16 -enable-batch-mode -incremental -Xcc -ivfsstatcache -Xcc /Users/runner/Library/Developer/Xcode/DerivedData/SDKStatCaches.noindex/iphonesimulator26.5-23F73-688ef53f1462e2c8f657fdc38a81448f6cfe768891a92b912361537c460fe42b.sdkstatcache -output-file-map /Users/runner/Library/Developer/Xcode/DerivedData/SparklingGo-gaxngdfqfnurlideafnykwrjqgdj/Build/Intermediates.noindex/SparklingGo.build/Debug-iphonesimulator/SparklingGo.build/Objects-normal/x86_64/SparklingGo-OutputFileMap.json -use-frontend-parseable-output -save-temps -no-color-diagnostics -explicit-module-build -module-cache-path /Users/runner/Library/Developer/Xcode/DerivedData/SparklingGo-gaxngdfqfnurlideafnykwrjqgdj/Build/Intermediates.noindex/SwiftExplicitPrecompiledModules -clang-scanner-module-cache-path /Users/runner/Library/Developer/Xcode/DerivedData/ModuleCache.noindex -sdk-module-cache-path /Users/runner/Library/Developer/Xcode/DerivedData/ModuleCache.noindex -serialize-diagnostics -emit-dependencies -emit-module -emit-module-path /Users/runner/Library/Developer/Xcode/DerivedData/SparklingGo-gaxngdfqfnurlideafnykwrjqgdj/Build/Intermediates.noindex/SparklingGo.build/Debug-iphonesimulator/SparklingGo.build/Objects-normal/x86_64/SparklingGo.swiftmodule -validate-clang-modules-once -clang-build-session-file /Users/runner/Library/Developer/Xcode/DerivedData/ModuleCache.noindex/Session.modulevalidation -Xcc -I/Users/runner/Library/Developer/Xcode/DerivedData/SparklingGo-gaxngdfqfnurlideafnykwrjqgdj/Build/Intermediates.noindex/SparklingGo.build/Debug-iphonesimulator/SparklingGo.build/swift-overrides.hmap -emit-const-values -Xfrontend -const-gather-protocols-file -Xfrontend /Users/runner/Library/Developer/Xcode/DerivedData/SparklingGo-gaxngdfqfnurlideafnykwrjqgdj/Build/Intermediates.noindex/SparklingGo.build/Debug-iphonesimulator/SparklingGo.build/Objects-normal/x86_64/SparklingGo_const_extract_protocols.json -Xcc -iquote -Xcc /Users/runner/Library/Developer/Xcode/DerivedData/SparklingGo-gaxngdfqfnurlideafnykwrjqgdj/Build/Intermediates.noindex/SparklingGo.build/Debug-iphonesimulator/SparklingGo.build/SparklingGo-generated-files.hmap -Xcc -I/Users/runner/Library/Developer/Xcode/DerivedData/SparklingGo-gaxngdfqfnurlideafnykwrjqgdj/Build/Intermediates.noindex/SparklingGo.build/Debug-iphonesimulator/SparklingGo.build/SparklingGo-own-target-headers.hmap -Xcc -I/Users/runner/Library/Developer/Xcode/DerivedData/SparklingGo-gaxngdfqfnurlideafnykwrjqgdj/Build/Intermediates.noindex/SparklingGo.build/Debug-iphonesimulator/SparklingGo.build/SparklingGo-all-non-framework-target-headers.hmap -Xcc -ivfsoverlay -Xcc /Users/runner/Library/Developer/Xcode/DerivedData/SparklingGo-gaxngdfqfnurlideafnykwrjqgdj/Build/Intermediates.noindex/SparklingGo.build/Debug-iphonesimulator/SparklingGo-3ac40d20de8cc70a0ed41f41ab841e9f-VFS-iphonesimulator/all-product-headers.yaml -Xcc -iquote -Xcc /Users/runner/Library/Developer/Xcode/DerivedData/SparklingGo-gaxngdfqfnurlideafnykwrjqgdj/Build/Intermediates.noindex/SparklingGo.build/Debug-iphonesimulator/SparklingGo.build/SparklingGo-project-headers.hmap -Xcc -iquote -Xcc /Users/runner/token-economics/lynx-benchmark/ios/libwebp/src -Xcc -I/Users/runner/Library/Developer/Xcode/DerivedData/SparklingGo-gaxngdfqfnurlideafnykwrjqgdj/Build/Products/Debug-iphonesimulator/include -Xcc -I/Users/runner/Library/Developer/Xcode/DerivedData/SparklingGo-gaxngdfqfnurlideafnykwrjqgdj/Build/Products/Debug-iphonesimulator/BaseDevtool/BaseDevtool.framework/Headers -Xcc -I/Users/runner/Library/Developer/Xcode/DerivedData/SparklingGo-gaxngdfqfnurlideafnykwrjqgdj/Build/Products/Debug-iphonesimulator/DebugRouter/DebugRouter.framework/Headers -Xcc -I/Users/runner/Library/Developer/Xcode/DerivedData/SparklingGo-gaxngdfqfnurlideafnykwrjqgdj/Build/Products/Debug-iphonesimulator/Lynx/Lynx.framework/Headers -Xcc -I/Users/runner/Library/Developer/Xcode/DerivedData/SparklingGo-gaxngdfqfnurlideafnykwrjqgdj/Build/Products/Debug-iphonesimulator/LynxBase/LynxBase.framework/Headers -Xcc -I/Users/runner/Library/Developer/Xcode/DerivedData/SparklingGo-gaxngdfqfnurlideafnykwrjqgdj/Build/Products/Debug-iphonesimulator/LynxDevtool/LynxDevtool.framework/Headers -Xcc -I/Users/runner/Library/Developer/Xcode/DerivedData/SparklingGo-gaxngdfqfnurlideafnykwrjqgdj/Build/Products/Debug-iphonesimulator/LynxService/LynxService.framework/Headers -Xcc -I/Users/runner/Library/Developer/Xcode/DerivedData/SparklingGo-gaxngdfqfnurlideafnykwrjqgdj/Build/Products/Debug-iphonesimulator/LynxServiceAPI/LynxServiceAPI.framework/Headers -Xcc -I/Users/runner/Library/Developer/Xcode/DerivedData/SparklingGo-gaxngdfqfnurlideafnykwrjqgdj/Build/Products/Debug-iphonesimulator/Mantle/Mantle.framework/Headers -Xcc -I/Users/runner/Library/Developer/Xcode/DerivedData/SparklingGo-gaxngdfqfnurlideafnykwrjqgdj/Build/Products/Debug-iphonesimulator/PrimJS/PrimJS.framework/Headers -Xcc -I/Users/runner/Library/Developer/Xcode/DerivedData/SparklingGo-gaxngdfqfnurlideafnykwrjqgdj/Build/Products/Debug-iphonesimulator/SDWebImage/SDWebImage.framework/Headers -Xcc -I/Users/runner/Library/Developer/Xcode/DerivedData/SparklingGo-gaxngdfqfnurlideafnykwrjqgdj/Build/Products/Debug-iphonesimulator/SDWebImageWebPCoder/SDWebImageWebPCoder.framework/Headers -Xcc -I/Users/runner/Library/Developer/Xcode/DerivedData/SparklingGo-gaxngdfqfnurlideafnykwrjqgdj/Build/Products/Debug-iphonesimulator/SnapKit/SnapKit.framework/Headers -Xcc -I/Users/runner/Library/Developer/Xcode/DerivedData/SparklingGo-gaxngdfqfnurlideafnykwrjqgdj/Build/Products/Debug-iphonesimulator/SocketRocket/SocketRocket.framework/Headers -Xcc -I/Users/runner/Library/Developer/Xcode/DerivedData/SparklingGo-gaxngdfqfnurlideafnykwrjqgdj/Build/Products/Debug-iphonesimulator/Sparkling-Router/Sparkling_Router.framework/Headers -Xcc -I/Users/runner/Library/Developer/Xcode/DerivedData/SparklingGo-gaxngdfqfnurlideafnykwrjqgdj/Build/Products/Debug-iphonesimulator/Sparkling/Sparkling.framework/Headers -Xcc -I/Users/runner/Library/Developer/Xcode/DerivedData/SparklingGo-gaxngdfqfnurlideafnykwrjqgdj/Build/Products/Debug-iphonesimulator/SparklingMethod/SparklingMethod.framework/Headers -Xcc -I/Users/runner/Library/Developer/Xcode/DerivedData/SparklingGo-gaxngdfqfnurlideafnykwrjqgdj/Build/Products/Debug-iphonesimulator/libwebp/libwebp.framework/Headers -Xcc -I/Users/runner/Library/Developer/Xcode/DerivedData/SparklingGo-gaxngdfqfnurlideafnykwrjqgdj/Build/Intermediates.noindex/SparklingGo.build/Debug-iphonesimulator/SparklingGo.build/DerivedSources-normal/x86_64 -Xcc -I/Users/runner/Library/Developer/Xcode/DerivedData/SparklingGo-gaxngdfqfnurlideafnykwrjqgdj/Build/Intermediates.noindex/SparklingGo.build/Debug-iphonesimulator/SparklingGo.build/DerivedSources/x86_64 -Xcc -I/Users/runner/Library/Developer/Xcode/DerivedData/SparklingGo-gaxngdfqfnurlideafnykwrjqgdj/Build/Intermediates.noindex/SparklingGo.build/Debug-iphonesimulator/SparklingGo.build/DerivedSources -Xcc -DDEBUG\=1 -Xcc -DCOCOAPODS\=1 -Xcc -DDEBUG\=1 -Xcc -DSD_WEBP\=1 -emit-objc-header -emit-objc-header-path /Users/runner/Library/Developer/Xcode/DerivedData/SparklingGo-gaxngdfqfnurlideafnykwrjqgdj/Build/Intermediates.noindex/SparklingGo.build/Debug-iphonesimulator/SparklingGo.build/Objects-normal/x86_64/SparklingGo-Swift.h -import-objc-header /Users/runner/token-economics/lynx-benchmark/ios/SparklingGo/SparklingGo/Bridging-Header.h -working-directory /Users/runner/token-economics/lynx-benchmark/ios -experimental-emit-module-separately -disable-cmo

SwiftDriver\ Compilation SparklingGo normal x86_64 com.apple.xcode.tools.swift.compiler (in target 'SparklingGo' from project 'SparklingGo')
    cd /Users/runner/token-economics/lynx-benchmark/ios
    builtin-Swift-Compilation -- /Applications/Xcode.app/Contents/Developer/Toolchains/XcodeDefault.xctoolchain/usr/bin/swiftc -module-name SparklingGo -Onone @/Users/runner/Library/Developer/Xcode/DerivedData/SparklingGo-gaxngdfqfnurlideafnykwrjqgdj/Build/Intermediates.noindex/SparklingGo.build/Debug-iphonesimulator/SparklingGo.build/Objects-normal/x86_64/SparklingGo.SwiftFileList -DDEBUG -D COCOAPODS -enable-bare-slash-regex -enable-experimental-feature DebugDescriptionMacro -sdk /Applications/Xcode.app/Contents/Developer/Platforms/iPhoneSimulator.platform/Developer/SDKs/iPhoneSimulator26.5.sdk -target x86_64-apple-ios15.6-simulator -g -module-cache-path /Users/runner/Library/Developer/Xcode/DerivedData/ModuleCache.noindex -Xfrontend -serialize-debugging-options -profile-coverage-mapping -profile-generate -enable-testing -index-store-path /Users/runner/Library/Developer/Xcode/DerivedData/SparklingGo-gaxngdfqfnurlideafnykwrjqgdj/Index.noindex/DataStore -Xcc -D_LIBCPP_HARDENING_MODE\=_LIBCPP_HARDENING_MODE_DEBUG -swift-version 5 -I /Users/runner/Library/Developer/Xcode/DerivedData/SparklingGo-gaxngdfqfnurlideafnykwrjqgdj/Build/Products/Debug-iphonesimulator -F /Users/runner/Library/Developer/Xcode/DerivedData/SparklingGo-gaxngdfqfnurlideafnykwrjqgdj/Build/Products/Debug-iphonesimulator -F /Users/runner/Library/Developer/Xcode/DerivedData/SparklingGo-gaxngdfqfnurlideafnykwrjqgdj/Build/Products/Debug-iphonesimulator/BaseDevtool -F /Users/runner/Library/Developer/Xcode/DerivedData/SparklingGo-gaxngdfqfnurlideafnykwrjqgdj/Build/Products/Debug-iphonesimulator/DebugRouter -F /Users/runner/Library/Developer/Xcode/DerivedData/SparklingGo-gaxngdfqfnurlideafnykwrjqgdj/Build/Products/Debug-iphonesimulator/Lynx -F /Users/runner/Library/Developer/Xcode/DerivedData/SparklingGo-gaxngdfqfnurlideafnykwrjqgdj/Build/Products/Debug-iphonesimulator/LynxBase -F /Users/runner/Library/Developer/Xcode/DerivedData/SparklingGo-gaxngdfqfnurlideafnykwrjqgdj/Build/Products/Debug-iphonesimulator/LynxDevtool -F /Users/runner/Library/Developer/Xcode/DerivedData/SparklingGo-gaxngdfqfnurlideafnykwrjqgdj/Build/Products/Debug-iphonesimulator/LynxService -F /Users/runner/Library/Developer/Xcode/DerivedData/SparklingGo-gaxngdfqfnurlideafnykwrjqgdj/Build/Products/Debug-iphonesimulator/LynxServiceAPI -F /Users/runner/Library/Developer/Xcode/DerivedData/SparklingGo-gaxngdfqfnurlideafnykwrjqgdj/Build/Products/Debug-iphonesimulator/Mantle -F /Users/runner/Library/Developer/Xcode/DerivedData/SparklingGo-gaxngdfqfnurlideafnykwrjqgdj/Build/Products/Debug-iphonesimulator/PrimJS -F /Users/runner/Library/Developer/Xcode/DerivedData/SparklingGo-gaxngdfqfnurlideafnykwrjqgdj/Build/Products/Debug-iphonesimulator/SDWebImage -F /Users/runner/Library/Developer/Xcode/DerivedData/SparklingGo-gaxngdfqfnurlideafnykwrjqgdj/Build/Products/Debug-iphonesimulator/SDWebImageWebPCoder -F /Users/runner/Library/Developer/Xcode/DerivedData/SparklingGo-gaxngdfqfnurlideafnykwrjqgdj/Build/Products/Debug-iphonesimulator/SnapKit -F /Users/runner/Library/Developer/Xcode/DerivedData/SparklingGo-gaxngdfqfnurlideafnykwrjqgdj/Build/Products/Debug-iphonesimulator/SocketRocket -F /Users/runner/Library/Developer/Xcode/DerivedData/SparklingGo-gaxngdfqfnurlideafnykwrjqgdj/Build/Products/Debug-iphonesimulator/Sparkling -F /Users/runner/Library/Developer/Xcode/DerivedData/SparklingGo-gaxngdfqfnurlideafnykwrjqgdj/Build/Products/Debug-iphonesimulator/Sparkling-Router -F /Users/runner/Library/Developer/Xcode/DerivedData/SparklingGo-gaxngdfqfnurlideafnykwrjqgdj/Build/Products/Debug-iphonesimulator/SparklingMethod -F /Users/runner/Library/Developer/Xcode/DerivedData/SparklingGo-gaxngdfqfnurlideafnykwrjqgdj/Build/Products/Debug-iphonesimulator/libwebp -emit-localized-strings -emit-localized-strings-path /Users/runner/Library/Developer/Xcode/DerivedData/SparklingGo-gaxngdfqfnurlideafnykwrjqgdj/Build/Intermediates.noindex/SparklingGo.build/Debug-iphonesimulator/SparklingGo.build/Objects-normal/x86_64 -c -j16 -enable-batch-mode -incremental -Xcc -ivfsstatcache -Xcc /Users/runner/Library/Developer/Xcode/DerivedData/SDKStatCaches.noindex/iphonesimulator26.5-23F73-688ef53f1462e2c8f657fdc38a81448f6cfe768891a92b912361537c460fe42b.sdkstatcache -output-file-map /Users/runner/Library/Developer/Xcode/DerivedData/SparklingGo-gaxngdfqfnurlideafnykwrjqgdj/Build/Intermediates.noindex/SparklingGo.build/Debug-iphonesimulator/SparklingGo.build/Objects-normal/x86_64/SparklingGo-OutputFileMap.json -use-frontend-parseable-output -save-temps -no-color-diagnostics -explicit-module-build -module-cache-path /Users/runner/Library/Developer/Xcode/DerivedData/SparklingGo-gaxngdfqfnurlideafnykwrjqgdj/Build/Intermediates.noindex/SwiftExplicitPrecompiledModules -clang-scanner-module-cache-path /Users/runner/Library/Developer/Xcode/DerivedData/ModuleCache.noindex -sdk-module-cache-path /Users/runner/Library/Developer/Xcode/DerivedData/ModuleCache.noindex -serialize-diagnostics -emit-dependencies -emit-module -emit-module-path /Users/runner/Library/Developer/Xcode/DerivedData/SparklingGo-gaxngdfqfnurlideafnykwrjqgdj/Build/Intermediates.noindex/SparklingGo.build/Debug-iphonesimulator/SparklingGo.build/Objects-normal/x86_64/SparklingGo.swiftmodule -validate-clang-modules-once -clang-build-session-file /Users/runner/Library/Developer/Xcode/DerivedData/ModuleCache.noindex/Session.modulevalidation -Xcc -I/Users/runner/Library/Developer/Xcode/DerivedData/SparklingGo-gaxngdfqfnurlideafnykwrjqgdj/Build/Intermediates.noindex/SparklingGo.build/Debug-iphonesimulator/SparklingGo.build/swift-overrides.hmap -emit-const-values -Xfrontend -const-gather-protocols-file -Xfrontend /Users/runner/Library/Developer/Xcode/DerivedData/SparklingGo-gaxngdfqfnurlideafnykwrjqgdj/Build/Intermediates.noindex/SparklingGo.build/Debug-iphonesimulator/SparklingGo.build/Objects-normal/x86_64/SparklingGo_const_extract_protocols.json -Xcc -iquote -Xcc /Users/runner/Library/Developer/Xcode/DerivedData/SparklingGo-gaxngdfqfnurlideafnykwrjqgdj/Build/Intermediates.noindex/SparklingGo.build/Debug-iphonesimulator/SparklingGo.build/SparklingGo-generated-files.hmap -Xcc -I/Users/runner/Library/Developer/Xcode/DerivedData/SparklingGo-gaxngdfqfnurlideafnykwrjqgdj/Build/Intermediates.noindex/SparklingGo.build/Debug-iphonesimulator/SparklingGo.build/SparklingGo-own-target-headers.hmap -Xcc -I/Users/runner/Library/Developer/Xcode/DerivedData/SparklingGo-gaxngdfqfnurlideafnykwrjqgdj/Build/Intermediates.noindex/SparklingGo.build/Debug-iphonesimulator/SparklingGo.build/SparklingGo-all-non-framework-target-headers.hmap -Xcc -ivfsoverlay -Xcc /Users/runner/Library/Developer/Xcode/DerivedData/SparklingGo-gaxngdfqfnurlideafnykwrjqgdj/Build/Intermediates.noindex/SparklingGo.build/Debug-iphonesimulator/SparklingGo-3ac40d20de8cc70a0ed41f41ab841e9f-VFS-iphonesimulator/all-product-headers.yaml -Xcc -iquote -Xcc /Users/runner/Library/Developer/Xcode/DerivedData/SparklingGo-gaxngdfqfnurlideafnykwrjqgdj/Build/Intermediates.noindex/SparklingGo.build/Debug-iphonesimulator/SparklingGo.build/SparklingGo-project-headers.hmap -Xcc -iquote -Xcc /Users/runner/token-economics/lynx-benchmark/ios/libwebp/src -Xcc -I/Users/runner/Library/Developer/Xcode/DerivedData/SparklingGo-gaxngdfqfnurlideafnykwrjqgdj/Build/Products/Debug-iphonesimulator/include -Xcc -I/Users/runner/Library/Developer/Xcode/DerivedData/SparklingGo-gaxngdfqfnurlideafnykwrjqgdj/Build/Products/Debug-iphonesimulator/BaseDevtool/BaseDevtool.framework/Headers -Xcc -I/Users/runner/Library/Developer/Xcode/DerivedData/SparklingGo-gaxngdfqfnurlideafnykwrjqgdj/Build/Products/Debug-iphonesimulator/DebugRouter/DebugRouter.framework/Headers -Xcc -I/Users/runner/Library/Developer/Xcode/DerivedData/SparklingGo-gaxngdfqfnurlideafnykwrjqgdj/Build/Products/Debug-iphonesimulator/Lynx/Lynx.framework/Headers -Xcc -I/Users/runner/Library/Developer/Xcode/DerivedData/SparklingGo-gaxngdfqfnurlideafnykwrjqgdj/Build/Products/Debug-iphonesimulator/LynxBase/LynxBase.framework/Headers -Xcc -I/Users/runner/Library/Developer/Xcode/DerivedData/SparklingGo-gaxngdfqfnurlideafnykwrjqgdj/Build/Products/Debug-iphonesimulator/LynxDevtool/LynxDevtool.framework/Headers -Xcc -I/Users/runner/Library/Developer/Xcode/DerivedData/SparklingGo-gaxngdfqfnurlideafnykwrjqgdj/Build/Products/Debug-iphonesimulator/LynxService/LynxService.framework/Headers -Xcc -I/Users/runner/Library/Developer/Xcode/DerivedData/SparklingGo-gaxngdfqfnurlideafnykwrjqgdj/Build/Products/Debug-iphonesimulator/LynxServiceAPI/LynxServiceAPI.framework/Headers -Xcc -I/Users/runner/Library/Developer/Xcode/DerivedData/SparklingGo-gaxngdfqfnurlideafnykwrjqgdj/Build/Products/Debug-iphonesimulator/Mantle/Mantle.framework/Headers -Xcc -I/Users/runner/Library/Developer/Xcode/DerivedData/SparklingGo-gaxngdfqfnurlideafnykwrjqgdj/Build/Products/Debug-iphonesimulator/PrimJS/PrimJS.framework/Headers -Xcc -I/Users/runner/Library/Developer/Xcode/DerivedData/SparklingGo-gaxngdfqfnurlideafnykwrjqgdj/Build/Products/Debug-iphonesimulator/SDWebImage/SDWebImage.framework/Headers -Xcc -I/Users/runner/Library/Developer/Xcode/DerivedData/SparklingGo-gaxngdfqfnurlideafnykwrjqgdj/Build/Products/Debug-iphonesimulator/SDWebImageWebPCoder/SDWebImageWebPCoder.framework/Headers -Xcc -I/Users/runner/Library/Developer/Xcode/DerivedData/SparklingGo-gaxngdfqfnurlideafnykwrjqgdj/Build/Products/Debug-iphonesimulator/SnapKit/SnapKit.framework/Headers -Xcc -I/Users/runner/Library/Developer/Xcode/DerivedData/SparklingGo-gaxngdfqfnurlideafnykwrjqgdj/Build/Products/Debug-iphonesimulator/SocketRocket/SocketRocket.framework/Headers -Xcc -I/Users/runner/Library/Developer/Xcode/DerivedData/SparklingGo-gaxngdfqfnurlideafnykwrjqgdj/Build/Products/Debug-iphonesimulator/Sparkling-Router/Sparkling_Router.framework/Headers -Xcc -I/Users/runner/Library/Developer/Xcode/DerivedData/SparklingGo-gaxngdfqfnurlideafnykwrjqgdj/Build/Products/Debug-iphonesimulator/Sparkling/Sparkling.framework/Headers -Xcc -I/Users/runner/Library/Developer/Xcode/DerivedData/SparklingGo-gaxngdfqfnurlideafnykwrjqgdj/Build/Products/Debug-iphonesimulator/SparklingMethod/SparklingMethod.framework/Headers -Xcc -I/Users/runner/Library/Developer/Xcode/DerivedData/SparklingGo-gaxngdfqfnurlideafnykwrjqgdj/Build/Products/Debug-iphonesimulator/libwebp/libwebp.framework/Headers -Xcc -I/Users/runner/Library/Developer/Xcode/DerivedData/SparklingGo-gaxngdfqfnurlideafnykwrjqgdj/Build/Intermediates.noindex/SparklingGo.build/Debug-iphonesimulator/SparklingGo.build/DerivedSources-normal/x86_64 -Xcc -I/Users/runner/Library/Developer/Xcode/DerivedData/SparklingGo-gaxngdfqfnurlideafnykwrjqgdj/Build/Intermediates.noindex/SparklingGo.build/Debug-iphonesimulator/SparklingGo.build/DerivedSources/x86_64 -Xcc -I/Users/runner/Library/Developer/Xcode/DerivedData/SparklingGo-gaxngdfqfnurlideafnykwrjqgdj/Build/Intermediates.noindex/SparklingGo.build/Debug-iphonesimulator/SparklingGo.build/DerivedSources -Xcc -DDEBUG\=1 -Xcc -DCOCOAPODS\=1 -Xcc -DDEBUG\=1 -Xcc -DSD_WEBP\=1 -emit-objc-header -emit-objc-header-path /Users/runner/Library/Developer/Xcode/DerivedData/SparklingGo-gaxngdfqfnurlideafnykwrjqgdj/Build/Intermediates.noindex/SparklingGo.build/Debug-iphonesimulator/SparklingGo.build/Objects-normal/x86_64/SparklingGo-Swift.h -import-objc-header /Users/runner/token-economics/lynx-benchmark/ios/SparklingGo/SparklingGo/Bridging-Header.h -working-directory /Users/runner/token-economics/lynx-benchmark/ios -experimental-emit-module-separately -disable-cmo

Copy /Users/runner/Library/Developer/Xcode/DerivedData/SparklingGo-gaxngdfqfnurlideafnykwrjqgdj/Build/Products/Debug-iphonesimulator/SparklingGo.swiftmodule/x86_64-apple-ios-simulator.abi.json /Users/runner/Library/Developer/Xcode/DerivedData/SparklingGo-gaxngdfqfnurlideafnykwrjqgdj/Build/Intermediates.noindex/SparklingGo.build/Debug-iphonesimulator/SparklingGo.build/Objects-normal/x86_64/SparklingGo.abi.json (in target 'SparklingGo' from project 'SparklingGo')
    cd /Users/runner/token-economics/lynx-benchmark/ios
    builtin-copy -exclude .DS_Store -exclude CVS -exclude .svn -exclude .git -exclude .hg -resolve-src-symlinks -rename /Users/runner/Library/Developer/Xcode/DerivedData/SparklingGo-gaxngdfqfnurlideafnykwrjqgdj/Build/Intermediates.noindex/SparklingGo.build/Debug-iphonesimulator/SparklingGo.build/Objects-normal/x86_64/SparklingGo.abi.json /Users/runner/Library/Developer/Xcode/DerivedData/SparklingGo-gaxngdfqfnurlideafnykwrjqgdj/Build/Products/Debug-iphonesimulator/SparklingGo.swiftmodule/x86_64-apple-ios-simulator.abi.json

Copy /Users/runner/Library/Developer/Xcode/DerivedData/SparklingGo-gaxngdfqfnurlideafnykwrjqgdj/Build/Products/Debug-iphonesimulator/SparklingGo.swiftmodule/Project/x86_64-apple-ios-simulator.swiftsourceinfo /Users/runner/Library/Developer/Xcode/DerivedData/SparklingGo-gaxngdfqfnurlideafnykwrjqgdj/Build/Intermediates.noindex/SparklingGo.build/Debug-iphonesimulator/SparklingGo.build/Objects-normal/x86_64/SparklingGo.swiftsourceinfo (in target 'SparklingGo' from project 'SparklingGo')
    cd /Users/runner/token-economics/lynx-benchmark/ios
    builtin-copy -exclude .DS_Store -exclude CVS -exclude .svn -exclude .git -exclude .hg -resolve-src-symlinks -rename /Users/runner/Library/Developer/Xcode/DerivedData/SparklingGo-gaxngdfqfnurlideafnykwrjqgdj/Build/Intermediates.noindex/SparklingGo.build/Debug-iphonesimulator/SparklingGo.build/Objects-normal/x86_64/SparklingGo.swiftsourceinfo /Users/runner/Library/Developer/Xcode/DerivedData/SparklingGo-gaxngdfqfnurlideafnykwrjqgdj/Build/Products/Debug-iphonesimulator/SparklingGo.swiftmodule/Project/x86_64-apple-ios-simulator.swiftsourceinfo

SwiftDriverJobDiscovery normal arm64 Emitting module for SparklingGo (in target 'SparklingGo' from project 'SparklingGo')

SwiftDriver\ Compilation\ Requirements SparklingGo normal arm64 com.apple.xcode.tools.swift.compiler (in target 'SparklingGo' from project 'SparklingGo')
    cd /Users/runner/token-economics/lynx-benchmark/ios
    builtin-Swift-Compilation-Requirements -- /Applications/Xcode.app/Contents/Developer/Toolchains/XcodeDefault.xctoolchain/usr/bin/swiftc -module-name SparklingGo -Onone @/Users/runner/Library/Developer/Xcode/DerivedData/SparklingGo-gaxngdfqfnurlideafnykwrjqgdj/Build/Intermediates.noindex/SparklingGo.build/Debug-iphonesimulator/SparklingGo.build/Objects-normal/arm64/SparklingGo.SwiftFileList -DDEBUG -D COCOAPODS -enable-bare-slash-regex -enable-experimental-feature DebugDescriptionMacro -sdk /Applications/Xcode.app/Contents/Developer/Platforms/iPhoneSimulator.platform/Developer/SDKs/iPhoneSimulator26.5.sdk -target arm64-apple-ios15.6-simulator -g -module-cache-path /Users/runner/Library/Developer/Xcode/DerivedData/ModuleCache.noindex -Xfrontend -serialize-debugging-options -profile-coverage-mapping -profile-generate -enable-testing -index-store-path /Users/runner/Library/Developer/Xcode/DerivedData/SparklingGo-gaxngdfqfnurlideafnykwrjqgdj/Index.noindex/DataStore -Xcc -D_LIBCPP_HARDENING_MODE\=_LIBCPP_HARDENING_MODE_DEBUG -swift-version 5 -I /Users/runner/Library/Developer/Xcode/DerivedData/SparklingGo-gaxngdfqfnurlideafnykwrjqgdj/Build/Products/Debug-iphonesimulator -F /Users/runner/Library/Developer/Xcode/DerivedData/SparklingGo-gaxngdfqfnurlideafnykwrjqgdj/Build/Products/Debug-iphonesimulator -F /Users/runner/Library/Developer/Xcode/DerivedData/SparklingGo-gaxngdfqfnurlideafnykwrjqgdj/Build/Products/Debug-iphonesimulator/BaseDevtool -F /Users/runner/Library/Developer/Xcode/DerivedData/SparklingGo-gaxngdfqfnurlideafnykwrjqgdj/Build/Products/Debug-iphonesimulator/DebugRouter -F /Users/runner/Library/Developer/Xcode/DerivedData/SparklingGo-gaxngdfqfnurlideafnykwrjqgdj/Build/Products/Debug-iphonesimulator/Lynx -F /Users/runner/Library/Developer/Xcode/DerivedData/SparklingGo-gaxngdfqfnurlideafnykwrjqgdj/Build/Products/Debug-iphonesimulator/LynxBase -F /Users/runner/Library/Developer/Xcode/DerivedData/SparklingGo-gaxngdfqfnurlideafnykwrjqgdj/Build/Products/Debug-iphonesimulator/LynxDevtool -F /Users/runner/Library/Developer/Xcode/DerivedData/SparklingGo-gaxngdfqfnurlideafnykwrjqgdj/Build/Products/Debug-iphonesimulator/LynxService -F /Users/runner/Library/Developer/Xcode/DerivedData/SparklingGo-gaxngdfqfnurlideafnykwrjqgdj/Build/Products/Debug-iphonesimulator/LynxServiceAPI -F /Users/runner/Library/Developer/Xcode/DerivedData/SparklingGo-gaxngdfqfnurlideafnykwrjqgdj/Build/Products/Debug-iphonesimulator/Mantle -F /Users/runner/Library/Developer/Xcode/DerivedData/SparklingGo-gaxngdfqfnurlideafnykwrjqgdj/Build/Products/Debug-iphonesimulator/PrimJS -F /Users/runner/Library/Developer/Xcode/DerivedData/SparklingGo-gaxngdfqfnurlideafnykwrjqgdj/Build/Products/Debug-iphonesimulator/SDWebImage -F /Users/runner/Library/Developer/Xcode/DerivedData/SparklingGo-gaxngdfqfnurlideafnykwrjqgdj/Build/Products/Debug-iphonesimulator/SDWebImageWebPCoder -F /Users/runner/Library/Developer/Xcode/DerivedData/SparklingGo-gaxngdfqfnurlideafnykwrjqgdj/Build/Products/Debug-iphonesimulator/SnapKit -F /Users/runner/Library/Developer/Xcode/DerivedData/SparklingGo-gaxngdfqfnurlideafnykwrjqgdj/Build/Products/Debug-iphonesimulator/SocketRocket -F /Users/runner/Library/Developer/Xcode/DerivedData/SparklingGo-gaxngdfqfnurlideafnykwrjqgdj/Build/Products/Debug-iphonesimulator/Sparkling -F /Users/runner/Library/Developer/Xcode/DerivedData/SparklingGo-gaxngdfqfnurlideafnykwrjqgdj/Build/Products/Debug-iphonesimulator/Sparkling-Router -F /Users/runner/Library/Developer/Xcode/DerivedData/SparklingGo-gaxngdfqfnurlideafnykwrjqgdj/Build/Products/Debug-iphonesimulator/SparklingMethod -F /Users/runner/Library/Developer/Xcode/DerivedData/SparklingGo-gaxngdfqfnurlideafnykwrjqgdj/Build/Products/Debug-iphonesimulator/libwebp -emit-localized-strings -emit-localized-strings-path /Users/runner/Library/Developer/Xcode/DerivedData/SparklingGo-gaxngdfqfnurlideafnykwrjqgdj/Build/Intermediates.noindex/SparklingGo.build/Debug-iphonesimulator/SparklingGo.build/Objects-normal/arm64 -c -j16 -enable-batch-mode -incremental -Xcc -ivfsstatcache -Xcc /Users/runner/Library/Developer/Xcode/DerivedData/SDKStatCaches.noindex/iphonesimulator26.5-23F73-688ef53f1462e2c8f657fdc38a81448f6cfe768891a92b912361537c460fe42b.sdkstatcache -output-file-map /Users/runner/Library/Developer/Xcode/DerivedData/SparklingGo-gaxngdfqfnurlideafnykwrjqgdj/Build/Intermediates.noindex/SparklingGo.build/Debug-iphonesimulator/SparklingGo.build/Objects-normal/arm64/SparklingGo-OutputFileMap.json -use-frontend-parseable-output -save-temps -no-color-diagnostics -explicit-module-build -module-cache-path /Users/runner/Library/Developer/Xcode/DerivedData/SparklingGo-gaxngdfqfnurlideafnykwrjqgdj/Build/Intermediates.noindex/SwiftExplicitPrecompiledModules -clang-scanner-module-cache-path /Users/runner/Library/Developer/Xcode/DerivedData/ModuleCache.noindex -sdk-module-cache-path /Users/runner/Library/Developer/Xcode/DerivedData/ModuleCache.noindex -serialize-diagnostics -emit-dependencies -emit-module -emit-module-path /Users/runner/Library/Developer/Xcode/DerivedData/SparklingGo-gaxngdfqfnurlideafnykwrjqgdj/Build/Intermediates.noindex/SparklingGo.build/Debug-iphonesimulator/SparklingGo.build/Objects-normal/arm64/SparklingGo.swiftmodule -validate-clang-modules-once -clang-build-session-file /Users/runner/Library/Developer/Xcode/DerivedData/ModuleCache.noindex/Session.modulevalidation -Xcc -I/Users/runner/Library/Developer/Xcode/DerivedData/SparklingGo-gaxngdfqfnurlideafnykwrjqgdj/Build/Intermediates.noindex/SparklingGo.build/Debug-iphonesimulator/SparklingGo.build/swift-overrides.hmap -emit-const-values -Xfrontend -const-gather-protocols-file -Xfrontend /Users/runner/Library/Developer/Xcode/DerivedData/SparklingGo-gaxngdfqfnurlideafnykwrjqgdj/Build/Intermediates.noindex/SparklingGo.build/Debug-iphonesimulator/SparklingGo.build/Objects-normal/arm64/SparklingGo_const_extract_protocols.json -Xcc -iquote -Xcc /Users/runner/Library/Developer/Xcode/DerivedData/SparklingGo-gaxngdfqfnurlideafnykwrjqgdj/Build/Intermediates.noindex/SparklingGo.build/Debug-iphonesimulator/SparklingGo.build/SparklingGo-generated-files.hmap -Xcc -I/Users/runner/Library/Developer/Xcode/DerivedData/SparklingGo-gaxngdfqfnurlideafnykwrjqgdj/Build/Intermediates.noindex/SparklingGo.build/Debug-iphonesimulator/SparklingGo.build/SparklingGo-own-target-headers.hmap -Xcc -I/Users/runner/Library/Developer/Xcode/DerivedData/SparklingGo-gaxngdfqfnurlideafnykwrjqgdj/Build/Intermediates.noindex/SparklingGo.build/Debug-iphonesimulator/SparklingGo.build/SparklingGo-all-non-framework-target-headers.hmap -Xcc -ivfsoverlay -Xcc /Users/runner/Library/Developer/Xcode/DerivedData/SparklingGo-gaxngdfqfnurlideafnykwrjqgdj/Build/Intermediates.noindex/SparklingGo.build/Debug-iphonesimulator/SparklingGo-3ac40d20de8cc70a0ed41f41ab841e9f-VFS-iphonesimulator/all-product-headers.yaml -Xcc -iquote -Xcc /Users/runner/Library/Developer/Xcode/DerivedData/SparklingGo-gaxngdfqfnurlideafnykwrjqgdj/Build/Intermediates.noindex/SparklingGo.build/Debug-iphonesimulator/SparklingGo.build/SparklingGo-project-headers.hmap -Xcc -iquote -Xcc /Users/runner/token-economics/lynx-benchmark/ios/libwebp/src -Xcc -I/Users/runner/Library/Developer/Xcode/DerivedData/SparklingGo-gaxngdfqfnurlideafnykwrjqgdj/Build/Products/Debug-iphonesimulator/include -Xcc -I/Users/runner/Library/Developer/Xcode/DerivedData/SparklingGo-gaxngdfqfnurlideafnykwrjqgdj/Build/Products/Debug-iphonesimulator/BaseDevtool/BaseDevtool.framework/Headers -Xcc -I/Users/runner/Library/Developer/Xcode/DerivedData/SparklingGo-gaxngdfqfnurlideafnykwrjqgdj/Build/Products/Debug-iphonesimulator/DebugRouter/DebugRouter.framework/Headers -Xcc -I/Users/runner/Library/Developer/Xcode/DerivedData/SparklingGo-gaxngdfqfnurlideafnykwrjqgdj/Build/Products/Debug-iphonesimulator/Lynx/Lynx.framework/Headers -Xcc -I/Users/runner/Library/Developer/Xcode/DerivedData/SparklingGo-gaxngdfqfnurlideafnykwrjqgdj/Build/Products/Debug-iphonesimulator/LynxBase/LynxBase.framework/Headers -Xcc -I/Users/runner/Library/Developer/Xcode/DerivedData/SparklingGo-gaxngdfqfnurlideafnykwrjqgdj/Build/Products/Debug-iphonesimulator/LynxDevtool/LynxDevtool.framework/Headers -Xcc -I/Users/runner/Library/Developer/Xcode/DerivedData/SparklingGo-gaxngdfqfnurlideafnykwrjqgdj/Build/Products/Debug-iphonesimulator/LynxService/LynxService.framework/Headers -Xcc -I/Users/runner/Library/Developer/Xcode/DerivedData/SparklingGo-gaxngdfqfnurlideafnykwrjqgdj/Build/Products/Debug-iphonesimulator/LynxServiceAPI/LynxServiceAPI.framework/Headers -Xcc -I/Users/runner/Library/Developer/Xcode/DerivedData/SparklingGo-gaxngdfqfnurlideafnykwrjqgdj/Build/Products/Debug-iphonesimulator/Mantle/Mantle.framework/Headers -Xcc -I/Users/runner/Library/Developer/Xcode/DerivedData/SparklingGo-gaxngdfqfnurlideafnykwrjqgdj/Build/Products/Debug-iphonesimulator/PrimJS/PrimJS.framework/Headers -Xcc -I/Users/runner/Library/Developer/Xcode/DerivedData/SparklingGo-gaxngdfqfnurlideafnykwrjqgdj/Build/Products/Debug-iphonesimulator/SDWebImage/SDWebImage.framework/Headers -Xcc -I/Users/runner/Library/Developer/Xcode/DerivedData/SparklingGo-gaxngdfqfnurlideafnykwrjqgdj/Build/Products/Debug-iphonesimulator/SDWebImageWebPCoder/SDWebImageWebPCoder.framework/Headers -Xcc -I/Users/runner/Library/Developer/Xcode/DerivedData/SparklingGo-gaxngdfqfnurlideafnykwrjqgdj/Build/Products/Debug-iphonesimulator/SnapKit/SnapKit.framework/Headers -Xcc -I/Users/runner/Library/Developer/Xcode/DerivedData/SparklingGo-gaxngdfqfnurlideafnykwrjqgdj/Build/Products/Debug-iphonesimulator/SocketRocket/SocketRocket.framework/Headers -Xcc -I/Users/runner/Library/Developer/Xcode/DerivedData/SparklingGo-gaxngdfqfnurlideafnykwrjqgdj/Build/Products/Debug-iphonesimulator/Sparkling-Router/Sparkling_Router.framework/Headers -Xcc -I/Users/runner/Library/Developer/Xcode/DerivedData/SparklingGo-gaxngdfqfnurlideafnykwrjqgdj/Build/Products/Debug-iphonesimulator/Sparkling/Sparkling.framework/Headers -Xcc -I/Users/runner/Library/Developer/Xcode/DerivedData/SparklingGo-gaxngdfqfnurlideafnykwrjqgdj/Build/Products/Debug-iphonesimulator/SparklingMethod/SparklingMethod.framework/Headers -Xcc -I/Users/runner/Library/Developer/Xcode/DerivedData/SparklingGo-gaxngdfqfnurlideafnykwrjqgdj/Build/Products/Debug-iphonesimulator/libwebp/libwebp.framework/Headers -Xcc -I/Users/runner/Library/Developer/Xcode/DerivedData/SparklingGo-gaxngdfqfnurlideafnykwrjqgdj/Build/Intermediates.noindex/SparklingGo.build/Debug-iphonesimulator/SparklingGo.build/DerivedSources-normal/arm64 -Xcc -I/Users/runner/Library/Developer/Xcode/DerivedData/SparklingGo-gaxngdfqfnurlideafnykwrjqgdj/Build/Intermediates.noindex/SparklingGo.build/Debug-iphonesimulator/SparklingGo.build/DerivedSources/arm64 -Xcc -I/Users/runner/Library/Developer/Xcode/DerivedData/SparklingGo-gaxngdfqfnurlideafnykwrjqgdj/Build/Intermediates.noindex/SparklingGo.build/Debug-iphonesimulator/SparklingGo.build/DerivedSources -Xcc -DDEBUG\=1 -Xcc -DCOCOAPODS\=1 -Xcc -DDEBUG\=1 -Xcc -DSD_WEBP\=1 -emit-objc-header -emit-objc-header-path /Users/runner/Library/Developer/Xcode/DerivedData/SparklingGo-gaxngdfqfnurlideafnykwrjqgdj/Build/Intermediates.noindex/SparklingGo.build/Debug-iphonesimulator/SparklingGo.build/Objects-normal/arm64/SparklingGo-Swift.h -import-objc-header /Users/runner/token-economics/lynx-benchmark/ios/SparklingGo/SparklingGo/Bridging-Header.h -working-directory /Users/runner/token-economics/lynx-benchmark/ios -experimental-emit-module-separately -disable-cmo

SwiftDriver\ Compilation SparklingGo normal arm64 com.apple.xcode.tools.swift.compiler (in target 'SparklingGo' from project 'SparklingGo')
    cd /Users/runner/token-economics/lynx-benchmark/ios
    builtin-Swift-Compilation -- /Applications/Xcode.app/Contents/Developer/Toolchains/XcodeDefault.xctoolchain/usr/bin/swiftc -module-name SparklingGo -Onone @/Users/runner/Library/Developer/Xcode/DerivedData/SparklingGo-gaxngdfqfnurlideafnykwrjqgdj/Build/Intermediates.noindex/SparklingGo.build/Debug-iphonesimulator/SparklingGo.build/Objects-normal/arm64/SparklingGo.SwiftFileList -DDEBUG -D COCOAPODS -enable-bare-slash-regex -enable-experimental-feature DebugDescriptionMacro -sdk /Applications/Xcode.app/Contents/Developer/Platforms/iPhoneSimulator.platform/Developer/SDKs/iPhoneSimulator26.5.sdk -target arm64-apple-ios15.6-simulator -g -module-cache-path /Users/runner/Library/Developer/Xcode/DerivedData/ModuleCache.noindex -Xfrontend -serialize-debugging-options -profile-coverage-mapping -profile-generate -enable-testing -index-store-path /Users/runner/Library/Developer/Xcode/DerivedData/SparklingGo-gaxngdfqfnurlideafnykwrjqgdj/Index.noindex/DataStore -Xcc -D_LIBCPP_HARDENING_MODE\=_LIBCPP_HARDENING_MODE_DEBUG -swift-version 5 -I /Users/runner/Library/Developer/Xcode/DerivedData/SparklingGo-gaxngdfqfnurlideafnykwrjqgdj/Build/Products/Debug-iphonesimulator -F /Users/runner/Library/Developer/Xcode/DerivedData/SparklingGo-gaxngdfqfnurlideafnykwrjqgdj/Build/Products/Debug-iphonesimulator -F /Users/runner/Library/Developer/Xcode/DerivedData/SparklingGo-gaxngdfqfnurlideafnykwrjqgdj/Build/Products/Debug-iphonesimulator/BaseDevtool -F /Users/runner/Library/Developer/Xcode/DerivedData/SparklingGo-gaxngdfqfnurlideafnykwrjqgdj/Build/Products/Debug-iphonesimulator/DebugRouter -F /Users/runner/Library/Developer/Xcode/DerivedData/SparklingGo-gaxngdfqfnurlideafnykwrjqgdj/Build/Products/Debug-iphonesimulator/Lynx -F /Users/runner/Library/Developer/Xcode/DerivedData/SparklingGo-gaxngdfqfnurlideafnykwrjqgdj/Build/Products/Debug-iphonesimulator/LynxBase -F /Users/runner/Library/Developer/Xcode/DerivedData/SparklingGo-gaxngdfqfnurlideafnykwrjqgdj/Build/Products/Debug-iphonesimulator/LynxDevtool -F /Users/runner/Library/Developer/Xcode/DerivedData/SparklingGo-gaxngdfqfnurlideafnykwrjqgdj/Build/Products/Debug-iphonesimulator/LynxService -F /Users/runner/Library/Developer/Xcode/DerivedData/SparklingGo-gaxngdfqfnurlideafnykwrjqgdj/Build/Products/Debug-iphonesimulator/LynxServiceAPI -F /Users/runner/Library/Developer/Xcode/DerivedData/SparklingGo-gaxngdfqfnurlideafnykwrjqgdj/Build/Products/Debug-iphonesimulator/Mantle -F /Users/runner/Library/Developer/Xcode/DerivedData/SparklingGo-gaxngdfqfnurlideafnykwrjqgdj/Build/Products/Debug-iphonesimulator/PrimJS -F /Users/runner/Library/Developer/Xcode/DerivedData/SparklingGo-gaxngdfqfnurlideafnykwrjqgdj/Build/Products/Debug-iphonesimulator/SDWebImage -F /Users/runner/Library/Developer/Xcode/DerivedData/SparklingGo-gaxngdfqfnurlideafnykwrjqgdj/Build/Products/Debug-iphonesimulator/SDWebImageWebPCoder -F /Users/runner/Library/Developer/Xcode/DerivedData/SparklingGo-gaxngdfqfnurlideafnykwrjqgdj/Build/Products/Debug-iphonesimulator/SnapKit -F /Users/runner/Library/Developer/Xcode/DerivedData/SparklingGo-gaxngdfqfnurlideafnykwrjqgdj/Build/Products/Debug-iphonesimulator/SocketRocket -F /Users/runner/Library/Developer/Xcode/DerivedData/SparklingGo-gaxngdfqfnurlideafnykwrjqgdj/Build/Products/Debug-iphonesimulator/Sparkling -F /Users/runner/Library/Developer/Xcode/DerivedData/SparklingGo-gaxngdfqfnurlideafnykwrjqgdj/Build/Products/Debug-iphonesimulator/Sparkling-Router -F /Users/runner/Library/Developer/Xcode/DerivedData/SparklingGo-gaxngdfqfnurlideafnykwrjqgdj/Build/Products/Debug-iphonesimulator/SparklingMethod -F /Users/runner/Library/Developer/Xcode/DerivedData/SparklingGo-gaxngdfqfnurlideafnykwrjqgdj/Build/Products/Debug-iphonesimulator/libwebp -emit-localized-strings -emit-localized-strings-path /Users/runner/Library/Developer/Xcode/DerivedData/SparklingGo-gaxngdfqfnurlideafnykwrjqgdj/Build/Intermediates.noindex/SparklingGo.build/Debug-iphonesimulator/SparklingGo.build/Objects-normal/arm64 -c -j16 -enable-batch-mode -incremental -Xcc -ivfsstatcache -Xcc /Users/runner/Library/Developer/Xcode/DerivedData/SDKStatCaches.noindex/iphonesimulator26.5-23F73-688ef53f1462e2c8f657fdc38a81448f6cfe768891a92b912361537c460fe42b.sdkstatcache -output-file-map /Users/runner/Library/Developer/Xcode/DerivedData/SparklingGo-gaxngdfqfnurlideafnykwrjqgdj/Build/Intermediates.noindex/SparklingGo.build/Debug-iphonesimulator/SparklingGo.build/Objects-normal/arm64/SparklingGo-OutputFileMap.json -use-frontend-parseable-output -save-temps -no-color-diagnostics -explicit-module-build -module-cache-path /Users/runner/Library/Developer/Xcode/DerivedData/SparklingGo-gaxngdfqfnurlideafnykwrjqgdj/Build/Intermediates.noindex/SwiftExplicitPrecompiledModules -clang-scanner-module-cache-path /Users/runner/Library/Developer/Xcode/DerivedData/ModuleCache.noindex -sdk-module-cache-path /Users/runner/Library/Developer/Xcode/DerivedData/ModuleCache.noindex -serialize-diagnostics -emit-dependencies -emit-module -emit-module-path /Users/runner/Library/Developer/Xcode/DerivedData/SparklingGo-gaxngdfqfnurlideafnykwrjqgdj/Build/Intermediates.noindex/SparklingGo.build/Debug-iphonesimulator/SparklingGo.build/Objects-normal/arm64/SparklingGo.swiftmodule -validate-clang-modules-once -clang-build-session-file /Users/runner/Library/Developer/Xcode/DerivedData/ModuleCache.noindex/Session.modulevalidation -Xcc -I/Users/runner/Library/Developer/Xcode/DerivedData/SparklingGo-gaxngdfqfnurlideafnykwrjqgdj/Build/Intermediates.noindex/SparklingGo.build/Debug-iphonesimulator/SparklingGo.build/swift-overrides.hmap -emit-const-values -Xfrontend -const-gather-protocols-file -Xfrontend /Users/runner/Library/Developer/Xcode/DerivedData/SparklingGo-gaxngdfqfnurlideafnykwrjqgdj/Build/Intermediates.noindex/SparklingGo.build/Debug-iphonesimulator/SparklingGo.build/Objects-normal/arm64/SparklingGo_const_extract_protocols.json -Xcc -iquote -Xcc /Users/runner/Library/Developer/Xcode/DerivedData/SparklingGo-gaxngdfqfnurlideafnykwrjqgdj/Build/Intermediates.noindex/SparklingGo.build/Debug-iphonesimulator/SparklingGo.build/SparklingGo-generated-files.hmap -Xcc -I/Users/runner/Library/Developer/Xcode/DerivedData/SparklingGo-gaxngdfqfnurlideafnykwrjqgdj/Build/Intermediates.noindex/SparklingGo.build/Debug-iphonesimulator/SparklingGo.build/SparklingGo-own-target-headers.hmap -Xcc -I/Users/runner/Library/Developer/Xcode/DerivedData/SparklingGo-gaxngdfqfnurlideafnykwrjqgdj/Build/Intermediates.noindex/SparklingGo.build/Debug-iphonesimulator/SparklingGo.build/SparklingGo-all-non-framework-target-headers.hmap -Xcc -ivfsoverlay -Xcc /Users/runner/Library/Developer/Xcode/DerivedData/SparklingGo-gaxngdfqfnurlideafnykwrjqgdj/Build/Intermediates.noindex/SparklingGo.build/Debug-iphonesimulator/SparklingGo-3ac40d20de8cc70a0ed41f41ab841e9f-VFS-iphonesimulator/all-product-headers.yaml -Xcc -iquote -Xcc /Users/runner/Library/Developer/Xcode/DerivedData/SparklingGo-gaxngdfqfnurlideafnykwrjqgdj/Build/Intermediates.noindex/SparklingGo.build/Debug-iphonesimulator/SparklingGo.build/SparklingGo-project-headers.hmap -Xcc -iquote -Xcc /Users/runner/token-economics/lynx-benchmark/ios/libwebp/src -Xcc -I/Users/runner/Library/Developer/Xcode/DerivedData/SparklingGo-gaxngdfqfnurlideafnykwrjqgdj/Build/Products/Debug-iphonesimulator/include -Xcc -I/Users/runner/Library/Developer/Xcode/DerivedData/SparklingGo-gaxngdfqfnurlideafnykwrjqgdj/Build/Products/Debug-iphonesimulator/BaseDevtool/BaseDevtool.framework/Headers -Xcc -I/Users/runner/Library/Developer/Xcode/DerivedData/SparklingGo-gaxngdfqfnurlideafnykwrjqgdj/Build/Products/Debug-iphonesimulator/DebugRouter/DebugRouter.framework/Headers -Xcc -I/Users/runner/Library/Developer/Xcode/DerivedData/SparklingGo-gaxngdfqfnurlideafnykwrjqgdj/Build/Products/Debug-iphonesimulator/Lynx/Lynx.framework/Headers -Xcc -I/Users/runner/Library/Developer/Xcode/DerivedData/SparklingGo-gaxngdfqfnurlideafnykwrjqgdj/Build/Products/Debug-iphonesimulator/LynxBase/LynxBase.framework/Headers -Xcc -I/Users/runner/Library/Developer/Xcode/DerivedData/SparklingGo-gaxngdfqfnurlideafnykwrjqgdj/Build/Products/Debug-iphonesimulator/LynxDevtool/LynxDevtool.framework/Headers -Xcc -I/Users/runner/Library/Developer/Xcode/DerivedData/SparklingGo-gaxngdfqfnurlideafnykwrjqgdj/Build/Products/Debug-iphonesimulator/LynxService/LynxService.framework/Headers -Xcc -I/Users/runner/Library/Developer/Xcode/DerivedData/SparklingGo-gaxngdfqfnurlideafnykwrjqgdj/Build/Products/Debug-iphonesimulator/LynxServiceAPI/LynxServiceAPI.framework/Headers -Xcc -I/Users/runner/Library/Developer/Xcode/DerivedData/SparklingGo-gaxngdfqfnurlideafnykwrjqgdj/Build/Products/Debug-iphonesimulator/Mantle/Mantle.framework/Headers -Xcc -I/Users/runner/Library/Developer/Xcode/DerivedData/SparklingGo-gaxngdfqfnurlideafnykwrjqgdj/Build/Products/Debug-iphonesimulator/PrimJS/PrimJS.framework/Headers -Xcc -I/Users/runner/Library/Developer/Xcode/DerivedData/SparklingGo-gaxngdfqfnurlideafnykwrjqgdj/Build/Products/Debug-iphonesimulator/SDWebImage/SDWebImage.framework/Headers -Xcc -I/Users/runner/Library/Developer/Xcode/DerivedData/SparklingGo-gaxngdfqfnurlideafnykwrjqgdj/Build/Products/Debug-iphonesimulator/SDWebImageWebPCoder/SDWebImageWebPCoder.framework/Headers -Xcc -I/Users/runner/Library/Developer/Xcode/DerivedData/SparklingGo-gaxngdfqfnurlideafnykwrjqgdj/Build/Products/Debug-iphonesimulator/SnapKit/SnapKit.framework/Headers -Xcc -I/Users/runner/Library/Developer/Xcode/DerivedData/SparklingGo-gaxngdfqfnurlideafnykwrjqgdj/Build/Products/Debug-iphonesimulator/SocketRocket/SocketRocket.framework/Headers -Xcc -I/Users/runner/Library/Developer/Xcode/DerivedData/SparklingGo-gaxngdfqfnurlideafnykwrjqgdj/Build/Products/Debug-iphonesimulator/Sparkling-Router/Sparkling_Router.framework/Headers -Xcc -I/Users/runner/Library/Developer/Xcode/DerivedData/SparklingGo-gaxngdfqfnurlideafnykwrjqgdj/Build/Products/Debug-iphonesimulator/Sparkling/Sparkling.framework/Headers -Xcc -I/Users/runner/Library/Developer/Xcode/DerivedData/SparklingGo-gaxngdfqfnurlideafnykwrjqgdj/Build/Products/Debug-iphonesimulator/SparklingMethod/SparklingMethod.framework/Headers -Xcc -I/Users/runner/Library/Developer/Xcode/DerivedData/SparklingGo-gaxngdfqfnurlideafnykwrjqgdj/Build/Products/Debug-iphonesimulator/libwebp/libwebp.framework/Headers -Xcc -I/Users/runner/Library/Developer/Xcode/DerivedData/SparklingGo-gaxngdfqfnurlideafnykwrjqgdj/Build/Intermediates.noindex/SparklingGo.build/Debug-iphonesimulator/SparklingGo.build/DerivedSources-normal/arm64 -Xcc -I/Users/runner/Library/Developer/Xcode/DerivedData/SparklingGo-gaxngdfqfnurlideafnykwrjqgdj/Build/Intermediates.noindex/SparklingGo.build/Debug-iphonesimulator/SparklingGo.build/DerivedSources/arm64 -Xcc -I/Users/runner/Library/Developer/Xcode/DerivedData/SparklingGo-gaxngdfqfnurlideafnykwrjqgdj/Build/Intermediates.noindex/SparklingGo.build/Debug-iphonesimulator/SparklingGo.build/DerivedSources -Xcc -DDEBUG\=1 -Xcc -DCOCOAPODS\=1 -Xcc -DDEBUG\=1 -Xcc -DSD_WEBP\=1 -emit-objc-header -emit-objc-header-path /Users/runner/Library/Developer/Xcode/DerivedData/SparklingGo-gaxngdfqfnurlideafnykwrjqgdj/Build/Intermediates.noindex/SparklingGo.build/Debug-iphonesimulator/SparklingGo.build/Objects-normal/arm64/SparklingGo-Swift.h -import-objc-header /Users/runner/token-economics/lynx-benchmark/ios/SparklingGo/SparklingGo/Bridging-Header.h -working-directory /Users/runner/token-economics/lynx-benchmark/ios -experimental-emit-module-separately -disable-cmo

Copy /Users/runner/Library/Developer/Xcode/DerivedData/SparklingGo-gaxngdfqfnurlideafnykwrjqgdj/Build/Products/Debug-iphonesimulator/SparklingGo.swiftmodule/arm64-apple-ios-simulator.abi.json /Users/runner/Library/Developer/Xcode/DerivedData/SparklingGo-gaxngdfqfnurlideafnykwrjqgdj/Build/Intermediates.noindex/SparklingGo.build/Debug-iphonesimulator/SparklingGo.build/Objects-normal/arm64/SparklingGo.abi.json (in target 'SparklingGo' from project 'SparklingGo')
    cd /Users/runner/token-economics/lynx-benchmark/ios
    builtin-copy -exclude .DS_Store -exclude CVS -exclude .svn -exclude .git -exclude .hg -resolve-src-symlinks -rename /Users/runner/Library/Developer/Xcode/DerivedData/SparklingGo-gaxngdfqfnurlideafnykwrjqgdj/Build/Intermediates.noindex/SparklingGo.build/Debug-iphonesimulator/SparklingGo.build/Objects-normal/arm64/SparklingGo.abi.json /Users/runner/Library/Developer/Xcode/DerivedData/SparklingGo-gaxngdfqfnurlideafnykwrjqgdj/Build/Products/Debug-iphonesimulator/SparklingGo.swiftmodule/arm64-apple-ios-simulator.abi.json

Copy /Users/runner/Library/Developer/Xcode/DerivedData/SparklingGo-gaxngdfqfnurlideafnykwrjqgdj/Build/Products/Debug-iphonesimulator/SparklingGo.swiftmodule/Project/arm64-apple-ios-simulator.swiftsourceinfo /Users/runner/Library/Developer/Xcode/DerivedData/SparklingGo-gaxngdfqfnurlideafnykwrjqgdj/Build/Intermediates.noindex/SparklingGo.build/Debug-iphonesimulator/SparklingGo.build/Objects-normal/arm64/SparklingGo.swiftsourceinfo (in target 'SparklingGo' from project 'SparklingGo')
    cd /Users/runner/token-economics/lynx-benchmark/ios
    builtin-copy -exclude .DS_Store -exclude CVS -exclude .svn -exclude .git -exclude .hg -resolve-src-symlinks -rename /Users/runner/Library/Developer/Xcode/DerivedData/SparklingGo-gaxngdfqfnurlideafnykwrjqgdj/Build/Intermediates.noindex/SparklingGo.build/Debug-iphonesimulator/SparklingGo.build/Objects-normal/arm64/SparklingGo.swiftsourceinfo /Users/runner/Library/Developer/Xcode/DerivedData/SparklingGo-gaxngdfqfnurlideafnykwrjqgdj/Build/Products/Debug-iphonesimulator/SparklingGo.swiftmodule/Project/arm64-apple-ios-simulator.swiftsourceinfo

Ld /Users/runner/Library/Developer/Xcode/DerivedData/SparklingGo-gaxngdfqfnurlideafnykwrjqgdj/Build/Intermediates.noindex/SparklingGo.build/Debug-iphonesimulator/SparklingGo.build/Objects-normal/x86_64/Binary/SparklingGo.debug.dylib normal x86_64 (in target 'SparklingGo' from project 'SparklingGo')
    cd /Users/runner/token-economics/lynx-benchmark/ios
    /Applications/Xcode.app/Contents/Developer/Toolchains/XcodeDefault.xctoolchain/usr/bin/clang -Xlinker -reproducible -target x86_64-apple-ios15.6-simulator -dynamiclib -isysroot /Applications/Xcode.app/Contents/Developer/Platforms/iPhoneSimulator.platform/Developer/SDKs/iPhoneSimulator26.5.sdk -O0 -L/Users/runner/Library/Developer/Xcode/DerivedData/SparklingGo-gaxngdfqfnurlideafnykwrjqgdj/Build/Intermediates.noindex/EagerLinkingTBDs/Debug-iphonesimulator -L/Users/runner/Library/Developer/Xcode/DerivedData/SparklingGo-gaxngdfqfnurlideafnykwrjqgdj/Build/Products/Debug-iphonesimulator -L/var/run/com.apple.security.cryptexd/mnt/com.apple.MobileAsset.MetalToolchain-v17.6.42.0.xRBJyY/Metal.xctoolchain/usr/lib/swift/iphonesimulator -L/Applications/Xcode.app/Contents/Developer/Platforms/iPhoneSimulator.platform/Developer/SDKs/iPhoneSimulator26.5.sdk/usr/lib/swift -L/Applications/Xcode.app/Contents/Developer/Platforms/iPhoneSimulator.platform/Developer/SDKs/iPhoneSimulator26.5.sdk/usr/lib/swift -F/Users/runner/Library/Developer/Xcode/DerivedData/SparklingGo-gaxngdfqfnurlideafnykwrjqgdj/Build/Intermediates.noindex/EagerLinkingTBDs/Debug-iphonesimulator -F/Users/runner/Library/Developer/Xcode/DerivedData/SparklingGo-gaxngdfqfnurlideafnykwrjqgdj/Build/Products/Debug-iphonesimulator -F/Users/runner/Library/Developer/Xcode/DerivedData/SparklingGo-gaxngdfqfnurlideafnykwrjqgdj/Build/Products/Debug-iphonesimulator/BaseDevtool -F/Users/runner/Library/Developer/Xcode/DerivedData/SparklingGo-gaxngdfqfnurlideafnykwrjqgdj/Build/Products/Debug-iphonesimulator/DebugRouter -F/Users/runner/Library/Developer/Xcode/DerivedData/SparklingGo-gaxngdfqfnurlideafnykwrjqgdj/Build/Products/Debug-iphonesimulator/Lynx -F/Users/runner/Library/Developer/Xcode/DerivedData/SparklingGo-gaxngdfqfnurlideafnykwrjqgdj/Build/Products/Debug-iphonesimulator/LynxBase -F/Users/runner/Library/Developer/Xcode/DerivedData/SparklingGo-gaxngdfqfnurlideafnykwrjqgdj/Build/Products/Debug-iphonesimulator/LynxDevtool -F/Users/runner/Library/Developer/Xcode/DerivedData/SparklingGo-gaxngdfqfnurlideafnykwrjqgdj/Build/Products/Debug-iphonesimulator/LynxService -F/Users/runner/Library/Developer/Xcode/DerivedData/SparklingGo-gaxngdfqfnurlideafnykwrjqgdj/Build/Products/Debug-iphonesimulator/LynxServiceAPI -F/Users/runner/Library/Developer/Xcode/DerivedData/SparklingGo-gaxngdfqfnurlideafnykwrjqgdj/Build/Products/Debug-iphonesimulator/Mantle -F/Users/runner/Library/Developer/Xcode/DerivedData/SparklingGo-gaxngdfqfnurlideafnykwrjqgdj/Build/Products/Debug-iphonesimulator/PrimJS -F/Users/runner/Library/Developer/Xcode/DerivedData/SparklingGo-gaxngdfqfnurlideafnykwrjqgdj/Build/Products/Debug-iphonesimulator/SDWebImage -F/Users/runner/Library/Developer/Xcode/DerivedData/SparklingGo-gaxngdfqfnurlideafnykwrjqgdj/Build/Products/Debug-iphonesimulator/SDWebImageWebPCoder -F/Users/runner/Library/Developer/Xcode/DerivedData/SparklingGo-gaxngdfqfnurlideafnykwrjqgdj/Build/Products/Debug-iphonesimulator/SnapKit -F/Users/runner/Library/Developer/Xcode/DerivedData/SparklingGo-gaxngdfqfnurlideafnykwrjqgdj/Build/Products/Debug-iphonesimulator/SocketRocket -F/Users/runner/Library/Developer/Xcode/DerivedData/SparklingGo-gaxngdfqfnurlideafnykwrjqgdj/Build/Products/Debug-iphonesimulator/Sparkling -F/Users/runner/Library/Developer/Xcode/DerivedData/SparklingGo-gaxngdfqfnurlideafnykwrjqgdj/Build/Products/Debug-iphonesimulator/Sparkling-Router -F/Users/runner/Library/Developer/Xcode/DerivedData/SparklingGo-gaxngdfqfnurlideafnykwrjqgdj/Build/Products/Debug-iphonesimulator/SparklingMethod -F/Users/runner/Library/Developer/Xcode/DerivedData/SparklingGo-gaxngdfqfnurlideafnykwrjqgdj/Build/Products/Debug-iphonesimulator/libwebp -filelist /Users/runner/Library/Developer/Xcode/DerivedData/SparklingGo-gaxngdfqfnurlideafnykwrjqgdj/Build/Intermediates.noindex/SparklingGo.build/Debug-iphonesimulator/SparklingGo.build/Objects-normal/x86_64/SparklingGo.LinkFileList -install_name @rpath/SparklingGo.debug.dylib -Xlinker -rpath -Xlinker /usr/lib/swift -Xlinker -rpath -Xlinker @executable_path/Frameworks -Xlinker -dead_strip -Xlinker -object_path_lto -Xlinker /Users/runner/Library/Developer/Xcode/DerivedData/SparklingGo-gaxngdfqfnurlideafnykwrjqgdj/Build/Intermediates.noindex/SparklingGo.build/Debug-iphonesimulator/SparklingGo.build/Objects-normal/x86_64/SparklingGo_lto.o -rdynamic -Xlinker -no_deduplicate -Xlinker -objc_abi_version -Xlinker 2 -Xlinker -debug_variant -Xlinker -dependency_info -Xlinker /Users/runner/Library/Developer/Xcode/DerivedData/SparklingGo-gaxngdfqfnurlideafnykwrjqgdj/Build/Intermediates.noindex/SparklingGo.build/Debug-iphonesimulator/SparklingGo.build/Objects-normal/x86_64/SparklingGo_dependency_info.dat -fobjc-arc -fobjc-link-runtime -fprofile-instr-generate -L/Applications/Xcode.app/Contents/Developer/Toolchains/XcodeDefault.xctoolchain/usr/lib/swift/iphonesimulator -L/usr/lib/swift -Xlinker -add_ast_path -Xlinker /Users/runner/Library/Developer/Xcode/DerivedData/SparklingGo-gaxngdfqfnurlideafnykwrjqgdj/Build/Intermediates.noindex/SparklingGo.build/Debug-iphonesimulator/SparklingGo.build/Objects-normal/x86_64/SparklingGo.swiftmodule @/Users/runner/Library/Developer/Xcode/DerivedData/SparklingGo-gaxngdfqfnurlideafnykwrjqgdj/Build/Intermediates.noindex/SparklingGo.build/Debug-iphonesimulator/SparklingGo.build/Objects-normal/x86_64/SparklingGo-linker-args.resp -ObjC -licucore -lstdc++ -lswiftCoreGraphics -framework AudioToolbox -framework BaseDevtool -framework CFNetwork -framework DebugRouter -framework Foundation -framework IOKit -framework ImageIO -framework JavaScriptCore -framework Lynx -framework LynxBase -framework LynxDevtool -framework LynxService -framework LynxServiceAPI -framework Mantle -framework NaturalLanguage -framework PrimJS -framework SDWebImage -framework SDWebImageWebPCoder -framework Security -framework SnapKit -framework SocketRocket -framework Sparkling -framework SparklingMethod -framework Sparkling_Router -framework UIKit -framework WebKit -framework libwebp -Xlinker -alias -Xlinker _main -Xlinker ___debug_main_executable_dylib_entry_point -framework Pods_SparklingGo -Xlinker -no_adhoc_codesign -o /Users/runner/Library/Developer/Xcode/DerivedData/SparklingGo-gaxngdfqfnurlideafnykwrjqgdj/Build/Intermediates.noindex/SparklingGo.build/Debug-iphonesimulator/SparklingGo.build/Objects-normal/x86_64/Binary/SparklingGo.debug.dylib
/Users/runner/token-economics/lynx-benchmark/ios/SparklingGo.xcodeproj: SparklingGo: ld: warning: search path '/var/run/com.apple.security.cryptexd/mnt/com.apple.MobileAsset.MetalToolchain-v17.6.42.0.xRBJyY/Metal.xctoolchain/usr/lib/swift/iphonesimulator' not found

Ld /Users/runner/Library/Developer/Xcode/DerivedData/SparklingGo-gaxngdfqfnurlideafnykwrjqgdj/Build/Intermediates.noindex/SparklingGo.build/Debug-iphonesimulator/SparklingGo.build/Objects-normal/arm64/Binary/SparklingGo.debug.dylib normal arm64 (in target 'SparklingGo' from project 'SparklingGo')
    cd /Users/runner/token-economics/lynx-benchmark/ios
    /Applications/Xcode.app/Contents/Developer/Toolchains/XcodeDefault.xctoolchain/usr/bin/clang -Xlinker -reproducible -target arm64-apple-ios15.6-simulator -dynamiclib -isysroot /Applications/Xcode.app/Contents/Developer/Platforms/iPhoneSimulator.platform/Developer/SDKs/iPhoneSimulator26.5.sdk -O0 -L/Users/runner/Library/Developer/Xcode/DerivedData/SparklingGo-gaxngdfqfnurlideafnykwrjqgdj/Build/Intermediates.noindex/EagerLinkingTBDs/Debug-iphonesimulator -L/Users/runner/Library/Developer/Xcode/DerivedData/SparklingGo-gaxngdfqfnurlideafnykwrjqgdj/Build/Products/Debug-iphonesimulator -L/var/run/com.apple.security.cryptexd/mnt/com.apple.MobileAsset.MetalToolchain-v17.6.42.0.xRBJyY/Metal.xctoolchain/usr/lib/swift/iphonesimulator -L/Applications/Xcode.app/Contents/Developer/Platforms/iPhoneSimulator.platform/Developer/SDKs/iPhoneSimulator26.5.sdk/usr/lib/swift -L/Applications/Xcode.app/Contents/Developer/Platforms/iPhoneSimulator.platform/Developer/SDKs/iPhoneSimulator26.5.sdk/usr/lib/swift -F/Users/runner/Library/Developer/Xcode/DerivedData/SparklingGo-gaxngdfqfnurlideafnykwrjqgdj/Build/Intermediates.noindex/EagerLinkingTBDs/Debug-iphonesimulator -F/Users/runner/Library/Developer/Xcode/DerivedData/SparklingGo-gaxngdfqfnurlideafnykwrjqgdj/Build/Products/Debug-iphonesimulator -F/Users/runner/Library/Developer/Xcode/DerivedData/SparklingGo-gaxngdfqfnurlideafnykwrjqgdj/Build/Products/Debug-iphonesimulator/BaseDevtool -F/Users/runner/Library/Developer/Xcode/DerivedData/SparklingGo-gaxngdfqfnurlideafnykwrjqgdj/Build/Products/Debug-iphonesimulator/DebugRouter -F/Users/runner/Library/Developer/Xcode/DerivedData/SparklingGo-gaxngdfqfnurlideafnykwrjqgdj/Build/Products/Debug-iphonesimulator/Lynx -F/Users/runner/Library/Developer/Xcode/DerivedData/SparklingGo-gaxngdfqfnurlideafnykwrjqgdj/Build/Products/Debug-iphonesimulator/LynxBase -F/Users/runner/Library/Developer/Xcode/DerivedData/SparklingGo-gaxngdfqfnurlideafnykwrjqgdj/Build/Products/Debug-iphonesimulator/LynxDevtool -F/Users/runner/Library/Developer/Xcode/DerivedData/SparklingGo-gaxngdfqfnurlideafnykwrjqgdj/Build/Products/Debug-iphonesimulator/LynxService -F/Users/runner/Library/Developer/Xcode/DerivedData/SparklingGo-gaxngdfqfnurlideafnykwrjqgdj/Build/Products/Debug-iphonesimulator/LynxServiceAPI -F/Users/runner/Library/Developer/Xcode/DerivedData/SparklingGo-gaxngdfqfnurlideafnykwrjqgdj/Build/Products/Debug-iphonesimulator/Mantle -F/Users/runner/Library/Developer/Xcode/DerivedData/SparklingGo-gaxngdfqfnurlideafnykwrjqgdj/Build/Products/Debug-iphonesimulator/PrimJS -F/Users/runner/Library/Developer/Xcode/DerivedData/SparklingGo-gaxngdfqfnurlideafnykwrjqgdj/Build/Products/Debug-iphonesimulator/SDWebImage -F/Users/runner/Library/Developer/Xcode/DerivedData/SparklingGo-gaxngdfqfnurlideafnykwrjqgdj/Build/Products/Debug-iphonesimulator/SDWebImageWebPCoder -F/Users/runner/Library/Developer/Xcode/DerivedData/SparklingGo-gaxngdfqfnurlideafnykwrjqgdj/Build/Products/Debug-iphonesimulator/SnapKit -F/Users/runner/Library/Developer/Xcode/DerivedData/SparklingGo-gaxngdfqfnurlideafnykwrjqgdj/Build/Products/Debug-iphonesimulator/SocketRocket -F/Users/runner/Library/Developer/Xcode/DerivedData/SparklingGo-gaxngdfqfnurlideafnykwrjqgdj/Build/Products/Debug-iphonesimulator/Sparkling -F/Users/runner/Library/Developer/Xcode/DerivedData/SparklingGo-gaxngdfqfnurlideafnykwrjqgdj/Build/Products/Debug-iphonesimulator/Sparkling-Router -F/Users/runner/Library/Developer/Xcode/DerivedData/SparklingGo-gaxngdfqfnurlideafnykwrjqgdj/Build/Products/Debug-iphonesimulator/SparklingMethod -F/Users/runner/Library/Developer/Xcode/DerivedData/SparklingGo-gaxngdfqfnurlideafnykwrjqgdj/Build/Products/Debug-iphonesimulator/libwebp -filelist /Users/runner/Library/Developer/Xcode/DerivedData/SparklingGo-gaxngdfqfnurlideafnykwrjqgdj/Build/Intermediates.noindex/SparklingGo.build/Debug-iphonesimulator/SparklingGo.build/Objects-normal/arm64/SparklingGo.LinkFileList -install_name @rpath/SparklingGo.debug.dylib -Xlinker -rpath -Xlinker /usr/lib/swift -Xlinker -rpath -Xlinker @executable_path/Frameworks -Xlinker -dead_strip -Xlinker -object_path_lto -Xlinker /Users/runner/Library/Developer/Xcode/DerivedData/SparklingGo-gaxngdfqfnurlideafnykwrjqgdj/Build/Intermediates.noindex/SparklingGo.build/Debug-iphonesimulator/SparklingGo.build/Objects-normal/arm64/SparklingGo_lto.o -rdynamic -Xlinker -no_deduplicate -Xlinker -objc_abi_version -Xlinker 2 -Xlinker -debug_variant -Xlinker -dependency_info -Xlinker /Users/runner/Library/Developer/Xcode/DerivedData/SparklingGo-gaxngdfqfnurlideafnykwrjqgdj/Build/Intermediates.noindex/SparklingGo.build/Debug-iphonesimulator/SparklingGo.build/Objects-normal/arm64/SparklingGo_dependency_info.dat -fobjc-arc -fobjc-link-runtime -fprofile-instr-generate -L/Applications/Xcode.app/Contents/Developer/Toolchains/XcodeDefault.xctoolchain/usr/lib/swift/iphonesimulator -L/usr/lib/swift -Xlinker -add_ast_path -Xlinker /Users/runner/Library/Developer/Xcode/DerivedData/SparklingGo-gaxngdfqfnurlideafnykwrjqgdj/Build/Intermediates.noindex/SparklingGo.build/Debug-iphonesimulator/SparklingGo.build/Objects-normal/arm64/SparklingGo.swiftmodule @/Users/runner/Library/Developer/Xcode/DerivedData/SparklingGo-gaxngdfqfnurlideafnykwrjqgdj/Build/Intermediates.noindex/SparklingGo.build/Debug-iphonesimulator/SparklingGo.build/Objects-normal/arm64/SparklingGo-linker-args.resp -ObjC -licucore -lstdc++ -lswiftCoreGraphics -framework AudioToolbox -framework BaseDevtool -framework CFNetwork -framework DebugRouter -framework Foundation -framework IOKit -framework ImageIO -framework JavaScriptCore -framework Lynx -framework LynxBase -framework LynxDevtool -framework LynxService -framework LynxServiceAPI -framework Mantle -framework NaturalLanguage -framework PrimJS -framework SDWebImage -framework SDWebImageWebPCoder -framework Security -framework SnapKit -framework SocketRocket -framework Sparkling -framework SparklingMethod -framework Sparkling_Router -framework UIKit -framework WebKit -framework libwebp -Xlinker -alias -Xlinker _main -Xlinker ___debug_main_executable_dylib_entry_point -framework Pods_SparklingGo -Xlinker -no_adhoc_codesign -o /Users/runner/Library/Developer/Xcode/DerivedData/SparklingGo-gaxngdfqfnurlideafnykwrjqgdj/Build/Intermediates.noindex/SparklingGo.build/Debug-iphonesimulator/SparklingGo.build/Objects-normal/arm64/Binary/SparklingGo.debug.dylib
/Users/runner/token-economics/lynx-benchmark/ios/SparklingGo.xcodeproj: SparklingGo: ld: warning: search path '/var/run/com.apple.security.cryptexd/mnt/com.apple.MobileAsset.MetalToolchain-v17.6.42.0.xRBJyY/Metal.xctoolchain/usr/lib/swift/iphonesimulator' not found

ConstructStubExecutorLinkFileList /Users/runner/Library/Developer/Xcode/DerivedData/SparklingGo-gaxngdfqfnurlideafnykwrjqgdj/Build/Intermediates.noindex/SparklingGo.build/Debug-iphonesimulator/SparklingGo.build/SparklingGo-ExecutorLinkFileList-normal-x86_64.txt (in target 'SparklingGo' from project 'SparklingGo')
    cd /Users/runner/token-economics/lynx-benchmark/ios
    construct-stub-executor-link-file-list /Users/runner/Library/Developer/Xcode/DerivedData/SparklingGo-gaxngdfqfnurlideafnykwrjqgdj/Build/Intermediates.noindex/SparklingGo.build/Debug-iphonesimulator/SparklingGo.build/Objects-normal/x86_64/Binary/SparklingGo.debug.dylib /Applications/Xcode.app/Contents/Developer/Platforms/iPhoneSimulator.platform/Developer/usr/lib/libPreviewsJITStubExecutor_no_swift_entry_point.a /Applications/Xcode.app/Contents/Developer/Platforms/iPhoneSimulator.platform/Developer/usr/lib/libPreviewsJITStubExecutor.a --output /Users/runner/Library/Developer/Xcode/DerivedData/SparklingGo-gaxngdfqfnurlideafnykwrjqgdj/Build/Intermediates.noindex/SparklingGo.build/Debug-iphonesimulator/SparklingGo.build/SparklingGo-ExecutorLinkFileList-normal-x86_64.txt
note: Using stub executor library with Swift entry point. (in target 'SparklingGo' from project 'SparklingGo')

Ld /Users/runner/Library/Developer/Xcode/DerivedData/SparklingGo-gaxngdfqfnurlideafnykwrjqgdj/Build/Intermediates.noindex/SparklingGo.build/Debug-iphonesimulator/SparklingGo.build/Objects-normal/x86_64/Binary/SparklingGo normal x86_64 (in target 'SparklingGo' from project 'SparklingGo')
    cd /Users/runner/token-economics/lynx-benchmark/ios
    /Applications/Xcode.app/Contents/Developer/Toolchains/XcodeDefault.xctoolchain/usr/bin/clang -Xlinker -reproducible -target x86_64-apple-ios15.6-simulator -isysroot /Applications/Xcode.app/Contents/Developer/Platforms/iPhoneSimulator.platform/Developer/SDKs/iPhoneSimulator26.5.sdk -O0 -L/Users/runner/Library/Developer/Xcode/DerivedData/SparklingGo-gaxngdfqfnurlideafnykwrjqgdj/Build/Products/Debug-iphonesimulator -L/var/run/com.apple.security.cryptexd/mnt/com.apple.MobileAsset.MetalToolchain-v17.6.42.0.xRBJyY/Metal.xctoolchain/usr/lib/swift/iphonesimulator -L/Applications/Xcode.app/Contents/Developer/Platforms/iPhoneSimulator.platform/Developer/SDKs/iPhoneSimulator26.5.sdk/usr/lib/swift -L/Applications/Xcode.app/Contents/Developer/Platforms/iPhoneSimulator.platform/Developer/SDKs/iPhoneSimulator26.5.sdk/usr/lib/swift -F/Users/runner/Library/Developer/Xcode/DerivedData/SparklingGo-gaxngdfqfnurlideafnykwrjqgdj/Build/Products/Debug-iphonesimulator -F/Users/runner/Library/Developer/Xcode/DerivedData/SparklingGo-gaxngdfqfnurlideafnykwrjqgdj/Build/Products/Debug-iphonesimulator/BaseDevtool -F/Users/runner/Library/Developer/Xcode/DerivedData/SparklingGo-gaxngdfqfnurlideafnykwrjqgdj/Build/Products/Debug-iphonesimulator/DebugRouter -F/Users/runner/Library/Developer/Xcode/DerivedData/SparklingGo-gaxngdfqfnurlideafnykwrjqgdj/Build/Products/Debug-iphonesimulator/Lynx -F/Users/runner/Library/Developer/Xcode/DerivedData/SparklingGo-gaxngdfqfnurlideafnykwrjqgdj/Build/Products/Debug-iphonesimulator/LynxBase -F/Users/runner/Library/Developer/Xcode/DerivedData/SparklingGo-gaxngdfqfnurlideafnykwrjqgdj/Build/Products/Debug-iphonesimulator/LynxDevtool -F/Users/runner/Library/Developer/Xcode/DerivedData/SparklingGo-gaxngdfqfnurlideafnykwrjqgdj/Build/Products/Debug-iphonesimulator/LynxService -F/Users/runner/Library/Developer/Xcode/DerivedData/SparklingGo-gaxngdfqfnurlideafnykwrjqgdj/Build/Products/Debug-iphonesimulator/LynxServiceAPI -F/Users/runner/Library/Developer/Xcode/DerivedData/SparklingGo-gaxngdfqfnurlideafnykwrjqgdj/Build/Products/Debug-iphonesimulator/Mantle -F/Users/runner/Library/Developer/Xcode/DerivedData/SparklingGo-gaxngdfqfnurlideafnykwrjqgdj/Build/Products/Debug-iphonesimulator/PrimJS -F/Users/runner/Library/Developer/Xcode/DerivedData/SparklingGo-gaxngdfqfnurlideafnykwrjqgdj/Build/Products/Debug-iphonesimulator/SDWebImage -F/Users/runner/Library/Developer/Xcode/DerivedData/SparklingGo-gaxngdfqfnurlideafnykwrjqgdj/Build/Products/Debug-iphonesimulator/SDWebImageWebPCoder -F/Users/runner/Library/Developer/Xcode/DerivedData/SparklingGo-gaxngdfqfnurlideafnykwrjqgdj/Build/Products/Debug-iphonesimulator/SnapKit -F/Users/runner/Library/Developer/Xcode/DerivedData/SparklingGo-gaxngdfqfnurlideafnykwrjqgdj/Build/Products/Debug-iphonesimulator/SocketRocket -F/Users/runner/Library/Developer/Xcode/DerivedData/SparklingGo-gaxngdfqfnurlideafnykwrjqgdj/Build/Products/Debug-iphonesimulator/Sparkling -F/Users/runner/Library/Developer/Xcode/DerivedData/SparklingGo-gaxngdfqfnurlideafnykwrjqgdj/Build/Products/Debug-iphonesimulator/Sparkling-Router -F/Users/runner/Library/Developer/Xcode/DerivedData/SparklingGo-gaxngdfqfnurlideafnykwrjqgdj/Build/Products/Debug-iphonesimulator/SparklingMethod -F/Users/runner/Library/Developer/Xcode/DerivedData/SparklingGo-gaxngdfqfnurlideafnykwrjqgdj/Build/Products/Debug-iphonesimulator/libwebp -Xlinker -rpath -Xlinker @executable_path -Xlinker -rpath -Xlinker @executable_path/Frameworks -rdynamic -Xlinker -no_deduplicate -Xlinker -objc_abi_version -Xlinker 2 -Xlinker -debug_variant -e ___debug_blank_executor_main -Xlinker -sectcreate -Xlinker __TEXT -Xlinker __debug_dylib -Xlinker /Users/runner/Library/Developer/Xcode/DerivedData/SparklingGo-gaxngdfqfnurlideafnykwrjqgdj/Build/Intermediates.noindex/SparklingGo.build/Debug-iphonesimulator/SparklingGo.build/SparklingGo-DebugDylibPath-normal-x86_64.txt -Xlinker -sectcreate -Xlinker __TEXT -Xlinker __debug_instlnm -Xlinker /Users/runner/Library/Developer/Xcode/DerivedData/SparklingGo-gaxngdfqfnurlideafnykwrjqgdj/Build/Intermediates.noindex/SparklingGo.build/Debug-iphonesimulator/SparklingGo.build/SparklingGo-DebugDylibInstallName-normal-x86_64.txt -Xlinker -filelist -Xlinker /Users/runner/Library/Developer/Xcode/DerivedData/SparklingGo-gaxngdfqfnurlideafnykwrjqgdj/Build/Intermediates.noindex/SparklingGo.build/Debug-iphonesimulator/SparklingGo.build/SparklingGo-ExecutorLinkFileList-normal-x86_64.txt -Xlinker -sectcreate -Xlinker __TEXT -Xlinker __entitlements -Xlinker /Users/runner/Library/Developer/Xcode/DerivedData/SparklingGo-gaxngdfqfnurlideafnykwrjqgdj/Build/Intermediates.noindex/SparklingGo.build/Debug-iphonesimulator/SparklingGo.build/SparklingGo.app-Simulated.xcent -Xlinker -sectcreate -Xlinker __TEXT -Xlinker __ents_der -Xlinker /Users/runner/Library/Developer/Xcode/DerivedData/SparklingGo-gaxngdfqfnurlideafnykwrjqgdj/Build/Intermediates.noindex/SparklingGo.build/Debug-iphonesimulator/SparklingGo.build/SparklingGo.app-Simulated.xcent.der /Users/runner/Library/Developer/Xcode/DerivedData/SparklingGo-gaxngdfqfnurlideafnykwrjqgdj/Build/Intermediates.noindex/SparklingGo.build/Debug-iphonesimulator/SparklingGo.build/Objects-normal/x86_64/Binary/SparklingGo.debug.dylib -Xlinker -no_adhoc_codesign -o /Users/runner/Library/Developer/Xcode/DerivedData/SparklingGo-gaxngdfqfnurlideafnykwrjqgdj/Build/Intermediates.noindex/SparklingGo.build/Debug-iphonesimulator/SparklingGo.build/Objects-normal/x86_64/Binary/SparklingGo
/Users/runner/token-economics/lynx-benchmark/ios/SparklingGo.xcodeproj: SparklingGo: ld: warning: search path '/var/run/com.apple.security.cryptexd/mnt/com.apple.MobileAsset.MetalToolchain-v17.6.42.0.xRBJyY/Metal.xctoolchain/usr/lib/swift/iphonesimulator' not found

ConstructStubExecutorLinkFileList /Users/runner/Library/Developer/Xcode/DerivedData/SparklingGo-gaxngdfqfnurlideafnykwrjqgdj/Build/Intermediates.noindex/SparklingGo.build/Debug-iphonesimulator/SparklingGo.build/SparklingGo-ExecutorLinkFileList-normal-arm64.txt (in target 'SparklingGo' from project 'SparklingGo')
    cd /Users/runner/token-economics/lynx-benchmark/ios
    construct-stub-executor-link-file-list /Users/runner/Library/Developer/Xcode/DerivedData/SparklingGo-gaxngdfqfnurlideafnykwrjqgdj/Build/Intermediates.noindex/SparklingGo.build/Debug-iphonesimulator/SparklingGo.build/Objects-normal/arm64/Binary/SparklingGo.debug.dylib /Applications/Xcode.app/Contents/Developer/Platforms/iPhoneSimulator.platform/Developer/usr/lib/libPreviewsJITStubExecutor_no_swift_entry_point.a /Applications/Xcode.app/Contents/Developer/Platforms/iPhoneSimulator.platform/Developer/usr/lib/libPreviewsJITStubExecutor.a --output /Users/runner/Library/Developer/Xcode/DerivedData/SparklingGo-gaxngdfqfnurlideafnykwrjqgdj/Build/Intermediates.noindex/SparklingGo.build/Debug-iphonesimulator/SparklingGo.build/SparklingGo-ExecutorLinkFileList-normal-arm64.txt
note: Using stub executor library with Swift entry point. (in target 'SparklingGo' from project 'SparklingGo')

CreateUniversalBinary /Users/runner/Library/Developer/Xcode/DerivedData/SparklingGo-gaxngdfqfnurlideafnykwrjqgdj/Build/Products/Debug-iphonesimulator/SparklingGo.app/SparklingGo.debug.dylib normal arm64\ x86_64 (in target 'SparklingGo' from project 'SparklingGo')
    cd /Users/runner/token-economics/lynx-benchmark/ios
    /Applications/Xcode.app/Contents/Developer/Toolchains/XcodeDefault.xctoolchain/usr/bin/lipo -create /Users/runner/Library/Developer/Xcode/DerivedData/SparklingGo-gaxngdfqfnurlideafnykwrjqgdj/Build/Intermediates.noindex/SparklingGo.build/Debug-iphonesimulator/SparklingGo.build/Objects-normal/arm64/Binary/SparklingGo.debug.dylib /Users/runner/Library/Developer/Xcode/DerivedData/SparklingGo-gaxngdfqfnurlideafnykwrjqgdj/Build/Intermediates.noindex/SparklingGo.build/Debug-iphonesimulator/SparklingGo.build/Objects-normal/x86_64/Binary/SparklingGo.debug.dylib -output /Users/runner/Library/Developer/Xcode/DerivedData/SparklingGo-gaxngdfqfnurlideafnykwrjqgdj/Build/Products/Debug-iphonesimulator/SparklingGo.app/SparklingGo.debug.dylib

Ld /Users/runner/Library/Developer/Xcode/DerivedData/SparklingGo-gaxngdfqfnurlideafnykwrjqgdj/Build/Intermediates.noindex/SparklingGo.build/Debug-iphonesimulator/SparklingGo.build/Objects-normal/arm64/Binary/SparklingGo normal arm64 (in target 'SparklingGo' from project 'SparklingGo')
    cd /Users/runner/token-economics/lynx-benchmark/ios
    /Applications/Xcode.app/Contents/Developer/Toolchains/XcodeDefault.xctoolchain/usr/bin/clang -Xlinker -reproducible -target arm64-apple-ios15.6-simulator -isysroot /Applications/Xcode.app/Contents/Developer/Platforms/iPhoneSimulator.platform/Developer/SDKs/iPhoneSimulator26.5.sdk -O0 -L/Users/runner/Library/Developer/Xcode/DerivedData/SparklingGo-gaxngdfqfnurlideafnykwrjqgdj/Build/Products/Debug-iphonesimulator -L/var/run/com.apple.security.cryptexd/mnt/com.apple.MobileAsset.MetalToolchain-v17.6.42.0.xRBJyY/Metal.xctoolchain/usr/lib/swift/iphonesimulator -L/Applications/Xcode.app/Contents/Developer/Platforms/iPhoneSimulator.platform/Developer/SDKs/iPhoneSimulator26.5.sdk/usr/lib/swift -L/Applications/Xcode.app/Contents/Developer/Platforms/iPhoneSimulator.platform/Developer/SDKs/iPhoneSimulator26.5.sdk/usr/lib/swift -F/Users/runner/Library/Developer/Xcode/DerivedData/SparklingGo-gaxngdfqfnurlideafnykwrjqgdj/Build/Products/Debug-iphonesimulator -F/Users/runner/Library/Developer/Xcode/DerivedData/SparklingGo-gaxngdfqfnurlideafnykwrjqgdj/Build/Products/Debug-iphonesimulator/BaseDevtool -F/Users/runner/Library/Developer/Xcode/DerivedData/SparklingGo-gaxngdfqfnurlideafnykwrjqgdj/Build/Products/Debug-iphonesimulator/DebugRouter -F/Users/runner/Library/Developer/Xcode/DerivedData/SparklingGo-gaxngdfqfnurlideafnykwrjqgdj/Build/Products/Debug-iphonesimulator/Lynx -F/Users/runner/Library/Developer/Xcode/DerivedData/SparklingGo-gaxngdfqfnurlideafnykwrjqgdj/Build/Products/Debug-iphonesimulator/LynxBase -F/Users/runner/Library/Developer/Xcode/DerivedData/SparklingGo-gaxngdfqfnurlideafnykwrjqgdj/Build/Products/Debug-iphonesimulator/LynxDevtool -F/Users/runner/Library/Developer/Xcode/DerivedData/SparklingGo-gaxngdfqfnurlideafnykwrjqgdj/Build/Products/Debug-iphonesimulator/LynxService -F/Users/runner/Library/Developer/Xcode/DerivedData/SparklingGo-gaxngdfqfnurlideafnykwrjqgdj/Build/Products/Debug-iphonesimulator/LynxServiceAPI -F/Users/runner/Library/Developer/Xcode/DerivedData/SparklingGo-gaxngdfqfnurlideafnykwrjqgdj/Build/Products/Debug-iphonesimulator/Mantle -F/Users/runner/Library/Developer/Xcode/DerivedData/SparklingGo-gaxngdfqfnurlideafnykwrjqgdj/Build/Products/Debug-iphonesimulator/PrimJS -F/Users/runner/Library/Developer/Xcode/DerivedData/SparklingGo-gaxngdfqfnurlideafnykwrjqgdj/Build/Products/Debug-iphonesimulator/SDWebImage -F/Users/runner/Library/Developer/Xcode/DerivedData/SparklingGo-gaxngdfqfnurlideafnykwrjqgdj/Build/Products/Debug-iphonesimulator/SDWebImageWebPCoder -F/Users/runner/Library/Developer/Xcode/DerivedData/SparklingGo-gaxngdfqfnurlideafnykwrjqgdj/Build/Products/Debug-iphonesimulator/SnapKit -F/Users/runner/Library/Developer/Xcode/DerivedData/SparklingGo-gaxngdfqfnurlideafnykwrjqgdj/Build/Products/Debug-iphonesimulator/SocketRocket -F/Users/runner/Library/Developer/Xcode/DerivedData/SparklingGo-gaxngdfqfnurlideafnykwrjqgdj/Build/Products/Debug-iphonesimulator/Sparkling -F/Users/runner/Library/Developer/Xcode/DerivedData/SparklingGo-gaxngdfqfnurlideafnykwrjqgdj/Build/Products/Debug-iphonesimulator/Sparkling-Router -F/Users/runner/Library/Developer/Xcode/DerivedData/SparklingGo-gaxngdfqfnurlideafnykwrjqgdj/Build/Products/Debug-iphonesimulator/SparklingMethod -F/Users/runner/Library/Developer/Xcode/DerivedData/SparklingGo-gaxngdfqfnurlideafnykwrjqgdj/Build/Products/Debug-iphonesimulator/libwebp -Xlinker -rpath -Xlinker @executable_path -Xlinker -rpath -Xlinker @executable_path/Frameworks -rdynamic -Xlinker -no_deduplicate -Xlinker -objc_abi_version -Xlinker 2 -Xlinker -debug_variant -e ___debug_blank_executor_main -Xlinker -sectcreate -Xlinker __TEXT -Xlinker __debug_dylib -Xlinker /Users/runner/Library/Developer/Xcode/DerivedData/SparklingGo-gaxngdfqfnurlideafnykwrjqgdj/Build/Intermediates.noindex/SparklingGo.build/Debug-iphonesimulator/SparklingGo.build/SparklingGo-DebugDylibPath-normal-arm64.txt -Xlinker -sectcreate -Xlinker __TEXT -Xlinker __debug_instlnm -Xlinker /Users/runner/Library/Developer/Xcode/DerivedData/SparklingGo-gaxngdfqfnurlideafnykwrjqgdj/Build/Intermediates.noindex/SparklingGo.build/Debug-iphonesimulator/SparklingGo.build/SparklingGo-DebugDylibInstallName-normal-arm64.txt -Xlinker -filelist -Xlinker /Users/runner/Library/Developer/Xcode/DerivedData/SparklingGo-gaxngdfqfnurlideafnykwrjqgdj/Build/Intermediates.noindex/SparklingGo.build/Debug-iphonesimulator/SparklingGo.build/SparklingGo-ExecutorLinkFileList-normal-arm64.txt -Xlinker -sectcreate -Xlinker __TEXT -Xlinker __entitlements -Xlinker /Users/runner/Library/Developer/Xcode/DerivedData/SparklingGo-gaxngdfqfnurlideafnykwrjqgdj/Build/Intermediates.noindex/SparklingGo.build/Debug-iphonesimulator/SparklingGo.build/SparklingGo.app-Simulated.xcent -Xlinker -sectcreate -Xlinker __TEXT -Xlinker __ents_der -Xlinker /Users/runner/Library/Developer/Xcode/DerivedData/SparklingGo-gaxngdfqfnurlideafnykwrjqgdj/Build/Intermediates.noindex/SparklingGo.build/Debug-iphonesimulator/SparklingGo.build/SparklingGo.app-Simulated.xcent.der /Users/runner/Library/Developer/Xcode/DerivedData/SparklingGo-gaxngdfqfnurlideafnykwrjqgdj/Build/Intermediates.noindex/SparklingGo.build/Debug-iphonesimulator/SparklingGo.build/Objects-normal/arm64/Binary/SparklingGo.debug.dylib -Xlinker -no_adhoc_codesign -o /Users/runner/Library/Developer/Xcode/DerivedData/SparklingGo-gaxngdfqfnurlideafnykwrjqgdj/Build/Intermediates.noindex/SparklingGo.build/Debug-iphonesimulator/SparklingGo.build/Objects-normal/arm64/Binary/SparklingGo
/Users/runner/token-economics/lynx-benchmark/ios/SparklingGo.xcodeproj: SparklingGo: ld: warning: search path '/var/run/com.apple.security.cryptexd/mnt/com.apple.MobileAsset.MetalToolchain-v17.6.42.0.xRBJyY/Metal.xctoolchain/usr/lib/swift/iphonesimulator' not found

CreateUniversalBinary /Users/runner/Library/Developer/Xcode/DerivedData/SparklingGo-gaxngdfqfnurlideafnykwrjqgdj/Build/Products/Debug-iphonesimulator/SparklingGo.app/SparklingGo normal arm64\ x86_64 (in target 'SparklingGo' from project 'SparklingGo')
    cd /Users/runner/token-economics/lynx-benchmark/ios
    /Applications/Xcode.app/Contents/Developer/Toolchains/XcodeDefault.xctoolchain/usr/bin/lipo -create /Users/runner/Library/Developer/Xcode/DerivedData/SparklingGo-gaxngdfqfnurlideafnykwrjqgdj/Build/Intermediates.noindex/SparklingGo.build/Debug-iphonesimulator/SparklingGo.build/Objects-normal/arm64/Binary/SparklingGo /Users/runner/Library/Developer/Xcode/DerivedData/SparklingGo-gaxngdfqfnurlideafnykwrjqgdj/Build/Intermediates.noindex/SparklingGo.build/Debug-iphonesimulator/SparklingGo.build/Objects-normal/x86_64/Binary/SparklingGo -output /Users/runner/Library/Developer/Xcode/DerivedData/SparklingGo-gaxngdfqfnurlideafnykwrjqgdj/Build/Products/Debug-iphonesimulator/SparklingGo.app/SparklingGo

PhaseScriptExecution [CP]\ Embed\ Pods\ Frameworks /Users/runner/Library/Developer/Xcode/DerivedData/SparklingGo-gaxngdfqfnurlideafnykwrjqgdj/Build/Intermediates.noindex/SparklingGo.build/Debug-iphonesimulator/SparklingGo.build/Script-51F49D3A4032A6DD15914B92.sh (in target 'SparklingGo' from project 'SparklingGo')
    cd /Users/runner/token-economics/lynx-benchmark/ios
    /bin/sh -c /Users/runner/Library/Developer/Xcode/DerivedData/SparklingGo-gaxngdfqfnurlideafnykwrjqgdj/Build/Intermediates.noindex/SparklingGo.build/Debug-iphonesimulator/SparklingGo.build/Script-51F49D3A4032A6DD15914B92.sh
mkdir -p /Users/runner/Library/Developer/Xcode/DerivedData/SparklingGo-gaxngdfqfnurlideafnykwrjqgdj/Build/Products/Debug-iphonesimulator/SparklingGo.app/Frameworks
rsync --delete -av --filter P .*.?????? --links --filter "- CVS/" --filter "- .svn/" --filter "- .git/" --filter "- .hg/" --filter "- Headers" --filter "- PrivateHeaders" --filter "- Modules" "/Users/runner/Library/Developer/Xcode/DerivedData/SparklingGo-gaxngdfqfnurlideafnykwrjqgdj/Build/Products/Debug-iphonesimulator/BaseDevtool/BaseDevtool.framework" "/Users/runner/Library/Developer/Xcode/DerivedData/SparklingGo-gaxngdfqfnurlideafnykwrjqgdj/Build/Products/Debug-iphonesimulator/SparklingGo.app/Frameworks"
Transfer starting: 7 files
BaseDevtool.framework/
BaseDevtool.framework/BaseDevtool
BaseDevtool.framework/_CodeSignature/CodeResources

sent 3885648 bytes  received 70 bytes  275582836 bytes/sec
total size is 3886003  speedup is 1.00
Code Signing /Users/runner/Library/Developer/Xcode/DerivedData/SparklingGo-gaxngdfqfnurlideafnykwrjqgdj/Build/Products/Debug-iphonesimulator/SparklingGo.app/Frameworks/BaseDevtool.framework with Identity Sign to Run Locally
/usr/bin/codesign --force --sign -  --preserve-metadata=identifier,entitlements '/Users/runner/Library/Developer/Xcode/DerivedData/SparklingGo-gaxngdfqfnurlideafnykwrjqgdj/Build/Products/Debug-iphonesimulator/SparklingGo.app/Frameworks/BaseDevtool.framework'
/Users/runner/Library/Developer/Xcode/DerivedData/SparklingGo-gaxngdfqfnurlideafnykwrjqgdj/Build/Products/Debug-iphonesimulator/SparklingGo.app/Frameworks/BaseDevtool.framework: replacing existing signature
rsync --delete -av --filter P .*.?????? --links --filter "- CVS/" --filter "- .svn/" --filter "- .git/" --filter "- .hg/" --filter "- Headers" --filter "- PrivateHeaders" --filter "- Modules" "/Users/runner/Library/Developer/Xcode/DerivedData/SparklingGo-gaxngdfqfnurlideafnykwrjqgdj/Build/Products/Debug-iphonesimulator/DebugRouter/DebugRouter.framework" "/Users/runner/Library/Developer/Xcode/DerivedData/SparklingGo-gaxngdfqfnurlideafnykwrjqgdj/Build/Products/Debug-iphonesimulator/SparklingGo.app/Frameworks"
Transfer starting: 5 files
DebugRouter.framework/
DebugRouter.framework/DebugRouter
DebugRouter.framework/_CodeSignature/CodeResources

sent 6037271 bytes  received 70 bytes  316091151 bytes/sec
total size is 6036757  speedup is 1.00
Code Signing /Users/runner/Library/Developer/Xcode/DerivedData/SparklingGo-gaxngdfqfnurlideafnykwrjqgdj/Build/Products/Debug-iphonesimulator/SparklingGo.app/Frameworks/DebugRouter.framework with Identity Sign to Run Locally
/usr/bin/codesign --force --sign -  --preserve-metadata=identifier,entitlements '/Users/runner/Library/Developer/Xcode/DerivedData/SparklingGo-gaxngdfqfnurlideafnykwrjqgdj/Build/Products/Debug-iphonesimulator/SparklingGo.app/Frameworks/DebugRouter.framework'
/Users/runner/Library/Developer/Xcode/DerivedData/SparklingGo-gaxngdfqfnurlideafnykwrjqgdj/Build/Products/Debug-iphonesimulator/SparklingGo.app/Frameworks/DebugRouter.framework: replacing existing signature
rsync --delete -av --filter P .*.?????? --links --filter "- CVS/" --filter "- .svn/" --filter "- .git/" --filter "- .hg/" --filter "- Headers" --filter "- PrivateHeaders" --filter "- Modules" "/Users/runner/Library/Developer/Xcode/DerivedData/SparklingGo-gaxngdfqfnurlideafnykwrjqgdj/Build/Products/Debug-iphonesimulator/Lynx/Lynx.framework" "/Users/runner/Library/Developer/Xcode/DerivedData/SparklingGo-gaxngdfqfnurlideafnykwrjqgdj/Build/Products/Debug-iphonesimulator/SparklingGo.app/Frameworks"
Transfer starting: 8 files
Lynx.framework/
Lynx.framework/Lynx
Lynx.framework/_CodeSignature/CodeResources

sent 147987489 bytes  received 70 bytes  277598122 bytes/sec
total size is 148112039  speedup is 1.00
Code Signing /Users/runner/Library/Developer/Xcode/DerivedData/SparklingGo-gaxngdfqfnurlideafnykwrjqgdj/Build/Products/Debug-iphonesimulator/SparklingGo.app/Frameworks/Lynx.framework with Identity Sign to Run Locally
/usr/bin/codesign --force --sign -  --preserve-metadata=identifier,entitlements '/Users/runner/Library/Developer/Xcode/DerivedData/SparklingGo-gaxngdfqfnurlideafnykwrjqgdj/Build/Products/Debug-iphonesimulator/SparklingGo.app/Frameworks/Lynx.framework'
/Users/runner/Library/Developer/Xcode/DerivedData/SparklingGo-gaxngdfqfnurlideafnykwrjqgdj/Build/Products/Debug-iphonesimulator/SparklingGo.app/Frameworks/Lynx.framework: replacing existing signature
rsync --delete -av --filter P .*.?????? --links --filter "- CVS/" --filter "- .svn/" --filter "- .git/" --filter "- .hg/" --filter "- Headers" --filter "- PrivateHeaders" --filter "- Modules" "/Users/runner/Library/Developer/Xcode/DerivedData/SparklingGo-gaxngdfqfnurlideafnykwrjqgdj/Build/Products/Debug-iphonesimulator/LynxBase/LynxBase.framework" "/Users/runner/Library/Developer/Xcode/DerivedData/SparklingGo-gaxngdfqfnurlideafnykwrjqgdj/Build/Products/Debug-iphonesimulator/SparklingGo.app/Frameworks"
Transfer starting: 5 files
LynxBase.framework/
LynxBase.framework/LynxBase
LynxBase.framework/_CodeSignature/CodeResources

sent 3449283 bytes  received 70 bytes  163476445 bytes/sec
total size is 3449096  speedup is 1.00
Code Signing /Users/runner/Library/Developer/Xcode/DerivedData/SparklingGo-gaxngdfqfnurlideafnykwrjqgdj/Build/Products/Debug-iphonesimulator/SparklingGo.app/Frameworks/LynxBase.framework with Identity Sign to Run Locally
/usr/bin/codesign --force --sign -  --preserve-metadata=identifier,entitlements '/Users/runner/Library/Developer/Xcode/DerivedData/SparklingGo-gaxngdfqfnurlideafnykwrjqgdj/Build/Products/Debug-iphonesimulator/SparklingGo.app/Frameworks/LynxBase.framework'
/Users/runner/Library/Developer/Xcode/DerivedData/SparklingGo-gaxngdfqfnurlideafnykwrjqgdj/Build/Products/Debug-iphonesimulator/SparklingGo.app/Frameworks/LynxBase.framework: replacing existing signature
rsync --delete -av --filter P .*.?????? --links --filter "- CVS/" --filter "- .svn/" --filter "- .git/" --filter "- .hg/" --filter "- Headers" --filter "- PrivateHeaders" --filter "- Modules" "/Users/runner/Library/Developer/Xcode/DerivedData/SparklingGo-gaxngdfqfnurlideafnykwrjqgdj/Build/Products/Debug-iphonesimulator/LynxDevtool/LynxDevtool.framework" "/Users/runner/Library/Developer/Xcode/DerivedData/SparklingGo-gaxngdfqfnurlideafnykwrjqgdj/Build/Products/Debug-iphonesimulator/SparklingGo.app/Frameworks"
Transfer starting: 13 files
LynxDevtool.framework/
LynxDevtool.framework/LynxDevtool
LynxDevtool.framework/_CodeSignature/CodeResources

sent 29039717 bytes  received 70 bytes  311920375 bytes/sec
total size is 30725940  speedup is 1.06
Code Signing /Users/runner/Library/Developer/Xcode/DerivedData/SparklingGo-gaxngdfqfnurlideafnykwrjqgdj/Build/Products/Debug-iphonesimulator/SparklingGo.app/Frameworks/LynxDevtool.framework with Identity Sign to Run Locally
/usr/bin/codesign --force --sign -  --preserve-metadata=identifier,entitlements '/Users/runner/Library/Developer/Xcode/DerivedData/SparklingGo-gaxngdfqfnurlideafnykwrjqgdj/Build/Products/Debug-iphonesimulator/SparklingGo.app/Frameworks/LynxDevtool.framework'
/Users/runner/Library/Developer/Xcode/DerivedData/SparklingGo-gaxngdfqfnurlideafnykwrjqgdj/Build/Products/Debug-iphonesimulator/SparklingGo.app/Frameworks/LynxDevtool.framework: replacing existing signature
rsync --delete -av --filter P .*.?????? --links --filter "- CVS/" --filter "- .svn/" --filter "- .git/" --filter "- .hg/" --filter "- Headers" --filter "- PrivateHeaders" --filter "- Modules" "/Users/runner/Library/Developer/Xcode/DerivedData/SparklingGo-gaxngdfqfnurlideafnykwrjqgdj/Build/Products/Debug-iphonesimulator/LynxService/LynxService.framework" "/Users/runner/Library/Developer/Xcode/DerivedData/SparklingGo-gaxngdfqfnurlideafnykwrjqgdj/Build/Products/Debug-iphonesimulator/SparklingGo.app/Frameworks"
Transfer starting: 5 files
LynxService.framework/
LynxService.framework/LynxService
LynxService.framework/_CodeSignature/CodeResources

sent 438239 bytes  received 70 bytes  141390000 bytes/sec
total size is 438404  speedup is 1.00
Code Signing /Users/runner/Library/Developer/Xcode/DerivedData/SparklingGo-gaxngdfqfnurlideafnykwrjqgdj/Build/Products/Debug-iphonesimulator/SparklingGo.app/Frameworks/LynxService.framework with Identity Sign to Run Locally
/usr/bin/codesign --force --sign -  --preserve-metadata=identifier,entitlements '/Users/runner/Library/Developer/Xcode/DerivedData/SparklingGo-gaxngdfqfnurlideafnykwrjqgdj/Build/Products/Debug-iphonesimulator/SparklingGo.app/Frameworks/LynxService.framework'
/Users/runner/Library/Developer/Xcode/DerivedData/SparklingGo-gaxngdfqfnurlideafnykwrjqgdj/Build/Products/Debug-iphonesimulator/SparklingGo.app/Frameworks/LynxService.framework: replacing existing signature
rsync --delete -av --filter P .*.?????? --links --filter "- CVS/" --filter "- .svn/" --filter "- .git/" --filter "- .hg/" --filter "- Headers" --filter "- PrivateHeaders" --filter "- Modules" "/Users/runner/Library/Developer/Xcode/DerivedData/SparklingGo-gaxngdfqfnurlideafnykwrjqgdj/Build/Products/Debug-iphonesimulator/LynxServiceAPI/LynxServiceAPI.framework" "/Users/runner/Library/Developer/Xcode/DerivedData/SparklingGo-gaxngdfqfnurlideafnykwrjqgdj/Build/Products/Debug-iphonesimulator/SparklingGo.app/Frameworks"
Transfer starting: 5 files
LynxServiceAPI.framework/
LynxServiceAPI.framework/LynxServiceAPI
LynxServiceAPI.framework/_CodeSignature/CodeResources

sent 329723 bytes  received 70 bytes  106384838 bytes/sec
total size is 329892  speedup is 1.00
Code Signing /Users/runner/Library/Developer/Xcode/DerivedData/SparklingGo-gaxngdfqfnurlideafnykwrjqgdj/Build/Products/Debug-iphonesimulator/SparklingGo.app/Frameworks/LynxServiceAPI.framework with Identity Sign to Run Locally
/usr/bin/codesign --force --sign -  --preserve-metadata=identifier,entitlements '/Users/runner/Library/Developer/Xcode/DerivedData/SparklingGo-gaxngdfqfnurlideafnykwrjqgdj/Build/Products/Debug-iphonesimulator/SparklingGo.app/Frameworks/LynxServiceAPI.framework'
/Users/runner/Library/Developer/Xcode/DerivedData/SparklingGo-gaxngdfqfnurlideafnykwrjqgdj/Build/Products/Debug-iphonesimulator/SparklingGo.app/Frameworks/LynxServiceAPI.framework: replacing existing signature
rsync --delete -av --filter P .*.?????? --links --filter "- CVS/" --filter "- .svn/" --filter "- .git/" --filter "- .hg/" --filter "- Headers" --filter "- PrivateHeaders" --filter "- Modules" "/Users/runner/Library/Developer/Xcode/DerivedData/SparklingGo-gaxngdfqfnurlideafnykwrjqgdj/Build/Products/Debug-iphonesimulator/Mantle/Mantle.framework" "/Users/runner/Library/Developer/Xcode/DerivedData/SparklingGo-gaxngdfqfnurlideafnykwrjqgdj/Build/Products/Debug-iphonesimulator/SparklingGo.app/Frameworks"
Transfer starting: 5 files
Mantle.framework/
Mantle.framework/Mantle
Mantle.framework/_CodeSignature/CodeResources

sent 720473 bytes  received 70 bytes  175742195 bytes/sec
total size is 720625  speedup is 1.00
Code Signing /Users/runner/Library/Developer/Xcode/DerivedData/SparklingGo-gaxngdfqfnurlideafnykwrjqgdj/Build/Products/Debug-iphonesimulator/SparklingGo.app/Frameworks/Mantle.framework with Identity Sign to Run Locally
/usr/bin/codesign --force --sign -  --preserve-metadata=identifier,entitlements '/Users/runner/Library/Developer/Xcode/DerivedData/SparklingGo-gaxngdfqfnurlideafnykwrjqgdj/Build/Products/Debug-iphonesimulator/SparklingGo.app/Frameworks/Mantle.framework'
/Users/runner/Library/Developer/Xcode/DerivedData/SparklingGo-gaxngdfqfnurlideafnykwrjqgdj/Build/Products/Debug-iphonesimulator/SparklingGo.app/Frameworks/Mantle.framework: replacing existing signature
rsync --delete -av --filter P .*.?????? --links --filter "- CVS/" --filter "- .svn/" --filter "- .git/" --filter "- .hg/" --filter "- Headers" --filter "- PrivateHeaders" --filter "- Modules" "/Users/runner/Library/Developer/Xcode/DerivedData/SparklingGo-gaxngdfqfnurlideafnykwrjqgdj/Build/Products/Debug-iphonesimulator/PrimJS/PrimJS.framework" "/Users/runner/Library/Developer/Xcode/DerivedData/SparklingGo-gaxngdfqfnurlideafnykwrjqgdj/Build/Products/Debug-iphonesimulator/SparklingGo.app/Frameworks"
Transfer starting: 5 files
PrimJS.framework/
PrimJS.framework/PrimJS
PrimJS.framework/_CodeSignature/CodeResources

sent 10252801 bytes  received 70 bytes  309754410 bytes/sec
total size is 10251789  speedup is 1.00
Code Signing /Users/runner/Library/Developer/Xcode/DerivedData/SparklingGo-gaxngdfqfnurlideafnykwrjqgdj/Build/Products/Debug-iphonesimulator/SparklingGo.app/Frameworks/PrimJS.framework with Identity Sign to Run Locally
/usr/bin/codesign --force --sign -  --preserve-metadata=identifier,entitlements '/Users/runner/Library/Developer/Xcode/DerivedData/SparklingGo-gaxngdfqfnurlideafnykwrjqgdj/Build/Products/Debug-iphonesimulator/SparklingGo.app/Frameworks/PrimJS.framework'
/Users/runner/Library/Developer/Xcode/DerivedData/SparklingGo-gaxngdfqfnurlideafnykwrjqgdj/Build/Products/Debug-iphonesimulator/SparklingGo.app/Frameworks/PrimJS.framework: replacing existing signature
rsync --delete -av --filter P .*.?????? --links --filter "- CVS/" --filter "- .svn/" --filter "- .git/" --filter "- .hg/" --filter "- Headers" --filter "- PrivateHeaders" --filter "- Modules" "/Users/runner/Library/Developer/Xcode/DerivedData/SparklingGo-gaxngdfqfnurlideafnykwrjqgdj/Build/Products/Debug-iphonesimulator/SDWebImage/SDWebImage.framework" "/Users/runner/Library/Developer/Xcode/DerivedData/SparklingGo-gaxngdfqfnurlideafnykwrjqgdj/Build/Products/Debug-iphonesimulator/SparklingGo.app/Frameworks"
Transfer starting: 5 files
SDWebImage.framework/
SDWebImage.framework/SDWebImage
SDWebImage.framework/_CodeSignature/CodeResources

sent 2751355 bytes  received 70 bytes  210032442 bytes/sec
total size is 2751244  speedup is 1.00
Code Signing /Users/runner/Library/Developer/Xcode/DerivedData/SparklingGo-gaxngdfqfnurlideafnykwrjqgdj/Build/Products/Debug-iphonesimulator/SparklingGo.app/Frameworks/SDWebImage.framework with Identity Sign to Run Locally
/usr/bin/codesign --force --sign -  --preserve-metadata=identifier,entitlements '/Users/runner/Library/Developer/Xcode/DerivedData/SparklingGo-gaxngdfqfnurlideafnykwrjqgdj/Build/Products/Debug-iphonesimulator/SparklingGo.app/Frameworks/SDWebImage.framework'
/Users/runner/Library/Developer/Xcode/DerivedData/SparklingGo-gaxngdfqfnurlideafnykwrjqgdj/Build/Products/Debug-iphonesimulator/SparklingGo.app/Frameworks/SDWebImage.framework: replacing existing signature
rsync --delete -av --filter P .*.?????? --links --filter "- CVS/" --filter "- .svn/" --filter "- .git/" --filter "- .hg/" --filter "- Headers" --filter "- PrivateHeaders" --filter "- Modules" "/Users/runner/Library/Developer/Xcode/DerivedData/SparklingGo-gaxngdfqfnurlideafnykwrjqgdj/Build/Products/Debug-iphonesimulator/SDWebImageWebPCoder/SDWebImageWebPCoder.framework" "/Users/runner/Library/Developer/Xcode/DerivedData/SparklingGo-gaxngdfqfnurlideafnykwrjqgdj/Build/Products/Debug-iphonesimulator/SparklingGo.app/Frameworks"
Transfer starting: 5 files
SDWebImageWebPCoder.framework/
SDWebImageWebPCoder.framework/SDWebImageWebPCoder
SDWebImageWebPCoder.framework/_CodeSignature/CodeResources

sent 400673 bytes  received 70 bytes  129271935 bytes/sec
total size is 400812  speedup is 1.00
Code Signing /Users/runner/Library/Developer/Xcode/DerivedData/SparklingGo-gaxngdfqfnurlideafnykwrjqgdj/Build/Products/Debug-iphonesimulator/SparklingGo.app/Frameworks/SDWebImageWebPCoder.framework with Identity Sign to Run Locally
/usr/bin/codesign --force --sign -  --preserve-metadata=identifier,entitlements '/Users/runner/Library/Developer/Xcode/DerivedData/SparklingGo-gaxngdfqfnurlideafnykwrjqgdj/Build/Products/Debug-iphonesimulator/SparklingGo.app/Frameworks/SDWebImageWebPCoder.framework'
/Users/runner/Library/Developer/Xcode/DerivedData/SparklingGo-gaxngdfqfnurlideafnykwrjqgdj/Build/Products/Debug-iphonesimulator/SparklingGo.app/Frameworks/SDWebImageWebPCoder.framework: replacing existing signature
rsync --delete -av --filter P .*.?????? --links --filter "- CVS/" --filter "- .svn/" --filter "- .git/" --filter "- .hg/" --filter "- Headers" --filter "- PrivateHeaders" --filter "- Modules" "/Users/runner/Library/Developer/Xcode/DerivedData/SparklingGo-gaxngdfqfnurlideafnykwrjqgdj/Build/Products/Debug-iphonesimulator/SnapKit/SnapKit.framework" "/Users/runner/Library/Developer/Xcode/DerivedData/SparklingGo-gaxngdfqfnurlideafnykwrjqgdj/Build/Products/Debug-iphonesimulator/SparklingGo.app/Frameworks"
Transfer starting: 8 files
SnapKit.framework/
SnapKit.framework/SnapKit
SnapKit.framework/_CodeSignature/CodeResources

sent 1404665 bytes  received 70 bytes  197850000 bytes/sec
total size is 1405630  speedup is 1.00
Code Signing /Users/runner/Library/Developer/Xcode/DerivedData/SparklingGo-gaxngdfqfnurlideafnykwrjqgdj/Build/Products/Debug-iphonesimulator/SparklingGo.app/Frameworks/SnapKit.framework with Identity Sign to Run Locally
/usr/bin/codesign --force --sign -  --preserve-metadata=identifier,entitlements '/Users/runner/Library/Developer/Xcode/DerivedData/SparklingGo-gaxngdfqfnurlideafnykwrjqgdj/Build/Products/Debug-iphonesimulator/SparklingGo.app/Frameworks/SnapKit.framework'
/Users/runner/Library/Developer/Xcode/DerivedData/SparklingGo-gaxngdfqfnurlideafnykwrjqgdj/Build/Products/Debug-iphonesimulator/SparklingGo.app/Frameworks/SnapKit.framework: replacing existing signature
rsync --delete -av --filter P .*.?????? --links --filter "- CVS/" --filter "- .svn/" --filter "- .git/" --filter "- .hg/" --filter "- Headers" --filter "- PrivateHeaders" --filter "- Modules" "/Users/runner/Library/Developer/Xcode/DerivedData/SparklingGo-gaxngdfqfnurlideafnykwrjqgdj/Build/Products/Debug-iphonesimulator/SocketRocket/SocketRocket.framework" "/Users/runner/Library/Developer/Xcode/DerivedData/SparklingGo-gaxngdfqfnurlideafnykwrjqgdj/Build/Products/Debug-iphonesimulator/SparklingGo.app/Frameworks"
Transfer starting: 5 files
SocketRocket.framework/
SocketRocket.framework/SocketRocket
SocketRocket.framework/_CodeSignature/CodeResources

sent 719105 bytes  received 70 bytes  141014705 bytes/sec
total size is 719234  speedup is 1.00
Code Signing /Users/runner/Library/Developer/Xcode/DerivedData/SparklingGo-gaxngdfqfnurlideafnykwrjqgdj/Build/Products/Debug-iphonesimulator/SparklingGo.app/Frameworks/SocketRocket.framework with Identity Sign to Run Locally
/usr/bin/codesign --force --sign -  --preserve-metadata=identifier,entitlements '/Users/runner/Library/Developer/Xcode/DerivedData/SparklingGo-gaxngdfqfnurlideafnykwrjqgdj/Build/Products/Debug-iphonesimulator/SparklingGo.app/Frameworks/SocketRocket.framework'
/Users/runner/Library/Developer/Xcode/DerivedData/SparklingGo-gaxngdfqfnurlideafnykwrjqgdj/Build/Products/Debug-iphonesimulator/SparklingGo.app/Frameworks/SocketRocket.framework: replacing existing signature
rsync --delete -av --filter P .*.?????? --links --filter "- CVS/" --filter "- .svn/" --filter "- .git/" --filter "- .hg/" --filter "- Headers" --filter "- PrivateHeaders" --filter "- Modules" "/Users/runner/Library/Developer/Xcode/DerivedData/SparklingGo-gaxngdfqfnurlideafnykwrjqgdj/Build/Products/Debug-iphonesimulator/libwebp/libwebp.framework" "/Users/runner/Library/Developer/Xcode/DerivedData/SparklingGo-gaxngdfqfnurlideafnykwrjqgdj/Build/Products/Debug-iphonesimulator/SparklingGo.app/Frameworks"
Transfer starting: 5 files
libwebp.framework/
libwebp.framework/libwebp
libwebp.framework/_CodeSignature/CodeResources

sent 4598811 bytes  received 70 bytes  285644782 bytes/sec
total size is 4598483  speedup is 1.00
Code Signing /Users/runner/Library/Developer/Xcode/DerivedData/SparklingGo-gaxngdfqfnurlideafnykwrjqgdj/Build/Products/Debug-iphonesimulator/SparklingGo.app/Frameworks/libwebp.framework with Identity Sign to Run Locally
/usr/bin/codesign --force --sign -  --preserve-metadata=identifier,entitlements '/Users/runner/Library/Developer/Xcode/DerivedData/SparklingGo-gaxngdfqfnurlideafnykwrjqgdj/Build/Products/Debug-iphonesimulator/SparklingGo.app/Frameworks/libwebp.framework'
/Users/runner/Library/Developer/Xcode/DerivedData/SparklingGo-gaxngdfqfnurlideafnykwrjqgdj/Build/Products/Debug-iphonesimulator/SparklingGo.app/Frameworks/libwebp.framework: replacing existing signature

PhaseScriptExecution [CP]\ Copy\ Pods\ Resources /Users/runner/Library/Developer/Xcode/DerivedData/SparklingGo-gaxngdfqfnurlideafnykwrjqgdj/Build/Intermediates.noindex/SparklingGo.build/Debug-iphonesimulator/SparklingGo.build/Script-315282037A282E86F2DC3142.sh (in target 'SparklingGo' from project 'SparklingGo')
    cd /Users/runner/token-economics/lynx-benchmark/ios
    /bin/sh -c /Users/runner/Library/Developer/Xcode/DerivedData/SparklingGo-gaxngdfqfnurlideafnykwrjqgdj/Build/Intermediates.noindex/SparklingGo.build/Debug-iphonesimulator/SparklingGo.build/Script-315282037A282E86F2DC3142.sh
/Users/runner/Library/Developer/Xcode/DerivedData/SparklingGo-gaxngdfqfnurlideafnykwrjqgdj/Build/Products/Debug-iphonesimulator/Sparkling/sparklingPageResource.bundle
Transfer starting: 3 files

sent 232 bytes  received 20 bytes  229090 bytes/sec
total size is 20791  speedup is 82.50

CopySwiftLibs /Users/runner/Library/Developer/Xcode/DerivedData/SparklingGo-gaxngdfqfnurlideafnykwrjqgdj/Build/Products/Debug-iphonesimulator/SparklingGo.app (in target 'SparklingGo' from project 'SparklingGo')
    cd /Users/runner/token-economics/lynx-benchmark/ios
    builtin-swiftStdLibTool --copy --verbose --sign - --scan-executable /Users/runner/Library/Developer/Xcode/DerivedData/SparklingGo-gaxngdfqfnurlideafnykwrjqgdj/Build/Products/Debug-iphonesimulator/SparklingGo.app/SparklingGo.debug.dylib --scan-folder /Users/runner/Library/Developer/Xcode/DerivedData/SparklingGo-gaxngdfqfnurlideafnykwrjqgdj/Build/Products/Debug-iphonesimulator/SparklingGo.app/Frameworks --scan-folder /Users/runner/Library/Developer/Xcode/DerivedData/SparklingGo-gaxngdfqfnurlideafnykwrjqgdj/Build/Products/Debug-iphonesimulator/SparklingGo.app/PlugIns --scan-folder /Users/runner/Library/Developer/Xcode/DerivedData/SparklingGo-gaxngdfqfnurlideafnykwrjqgdj/Build/Products/Debug-iphonesimulator/SparklingGo.app/SystemExtensions --scan-folder /Users/runner/Library/Developer/Xcode/DerivedData/SparklingGo-gaxngdfqfnurlideafnykwrjqgdj/Build/Products/Debug-iphonesimulator/SparklingGo.app/Extensions --scan-folder /Users/runner/Library/Developer/Xcode/DerivedData/SparklingGo-gaxngdfqfnurlideafnykwrjqgdj/Build/Products/Debug-iphonesimulator/Pods_SparklingGo.framework --platform iphonesimulator --toolchain /var/run/com.apple.security.cryptexd/mnt/com.apple.MobileAsset.MetalToolchain-v17.6.42.0.xRBJyY/Metal.xctoolchain --toolchain /Applications/Xcode.app/Contents/Developer/Toolchains/XcodeDefault.xctoolchain --destination /Users/runner/Library/Developer/Xcode/DerivedData/SparklingGo-gaxngdfqfnurlideafnykwrjqgdj/Build/Products/Debug-iphonesimulator/SparklingGo.app/Frameworks --strip-bitcode --strip-bitcode-tool /Applications/Xcode.app/Contents/Developer/Toolchains/XcodeDefault.xctoolchain/usr/bin/bitcode_strip --emit-dependency-info /Users/runner/Library/Developer/Xcode/DerivedData/SparklingGo-gaxngdfqfnurlideafnykwrjqgdj/Build/Intermediates.noindex/SparklingGo.build/Debug-iphonesimulator/SparklingGo.build/SwiftStdLibToolInputDependencies.dep --filter-for-swift-os --back-deploy-swift-span

ExtractAppIntentsMetadata (in target 'SparklingGo' from project 'SparklingGo')
    cd /Users/runner/token-economics/lynx-benchmark/ios
    /Applications/Xcode.app/Contents/Developer/Toolchains/XcodeDefault.xctoolchain/usr/bin/appintentsmetadataprocessor --toolchain-dir /var/run/com.apple.security.cryptexd/mnt/com.apple.MobileAsset.MetalToolchain-v17.6.42.0.xRBJyY/Metal.xctoolchain --module-name SparklingGo --sdk-root /Applications/Xcode.app/Contents/Developer/Platforms/iPhoneSimulator.platform/Developer/SDKs/iPhoneSimulator26.5.sdk --xcode-version 17F42 --platform-family iOS --deployment-target 15.6 --bundle-identifier io.nstudio.lynx --output /Users/runner/Library/Developer/Xcode/DerivedData/SparklingGo-gaxngdfqfnurlideafnykwrjqgdj/Build/Products/Debug-iphonesimulator/SparklingGo.app --target-triple arm64-apple-ios15.6-simulator --target-triple x86_64-apple-ios15.6-simulator --binary-file /Users/runner/Library/Developer/Xcode/DerivedData/SparklingGo-gaxngdfqfnurlideafnykwrjqgdj/Build/Products/Debug-iphonesimulator/SparklingGo.app/SparklingGo --dependency-file /Users/runner/Library/Developer/Xcode/DerivedData/SparklingGo-gaxngdfqfnurlideafnykwrjqgdj/Build/Intermediates.noindex/SparklingGo.build/Debug-iphonesimulator/SparklingGo.build/Objects-normal/arm64/SparklingGo_dependency_info.dat --dependency-file /Users/runner/Library/Developer/Xcode/DerivedData/SparklingGo-gaxngdfqfnurlideafnykwrjqgdj/Build/Intermediates.noindex/SparklingGo.build/Debug-iphonesimulator/SparklingGo.build/Objects-normal/x86_64/SparklingGo_dependency_info.dat --stringsdata-file /Users/runner/Library/Developer/Xcode/DerivedData/SparklingGo-gaxngdfqfnurlideafnykwrjqgdj/Build/Intermediates.noindex/SparklingGo.build/Debug-iphonesimulator/SparklingGo.build/Objects-normal/arm64/ExtractedAppShortcutsMetadata.stringsdata --stringsdata-file /Users/runner/Library/Developer/Xcode/DerivedData/SparklingGo-gaxngdfqfnurlideafnykwrjqgdj/Build/Intermediates.noindex/SparklingGo.build/Debug-iphonesimulator/SparklingGo.build/Objects-normal/x86_64/ExtractedAppShortcutsMetadata.stringsdata --source-file-list /Users/runner/Library/Developer/Xcode/DerivedData/SparklingGo-gaxngdfqfnurlideafnykwrjqgdj/Build/Intermediates.noindex/SparklingGo.build/Debug-iphonesimulator/SparklingGo.build/Objects-normal/arm64/SparklingGo.SwiftFileList --source-file-list /Users/runner/Library/Developer/Xcode/DerivedData/SparklingGo-gaxngdfqfnurlideafnykwrjqgdj/Build/Intermediates.noindex/SparklingGo.build/Debug-iphonesimulator/SparklingGo.build/Objects-normal/x86_64/SparklingGo.SwiftFileList --metadata-file-list /Users/runner/Library/Developer/Xcode/DerivedData/SparklingGo-gaxngdfqfnurlideafnykwrjqgdj/Build/Intermediates.noindex/SparklingGo.build/Debug-iphonesimulator/SparklingGo.build/SparklingGo.DependencyMetadataFileList --static-metadata-file-list /Users/runner/Library/Developer/Xcode/DerivedData/SparklingGo-gaxngdfqfnurlideafnykwrjqgdj/Build/Intermediates.noindex/SparklingGo.build/Debug-iphonesimulator/SparklingGo.build/SparklingGo.DependencyStaticMetadataFileList --swift-const-vals-list /Users/runner/Library/Developer/Xcode/DerivedData/SparklingGo-gaxngdfqfnurlideafnykwrjqgdj/Build/Intermediates.noindex/SparklingGo.build/Debug-iphonesimulator/SparklingGo.build/Objects-normal/arm64/SparklingGo.SwiftConstValuesFileList --swift-const-vals-list /Users/runner/Library/Developer/Xcode/DerivedData/SparklingGo-gaxngdfqfnurlideafnykwrjqgdj/Build/Intermediates.noindex/SparklingGo.build/Debug-iphonesimulator/SparklingGo.build/Objects-normal/x86_64/SparklingGo.SwiftConstValuesFileList --compile-time-extraction --deployment-aware-processing --validate-assistant-intents --no-app-shortcuts-localization
2026-07-25 16:08:17.144 appintentsmetadataprocessor[2357:16520244] Starting appintentsmetadataprocessor export
2026-07-25 16:08:17.146 appintentsmetadataprocessor[2357:16520244] warning: Metadata extraction skipped. No AppIntents.framework dependency found.

CodeSign /Users/runner/Library/Developer/Xcode/DerivedData/SparklingGo-gaxngdfqfnurlideafnykwrjqgdj/Build/Products/Debug-iphonesimulator/SparklingGo.app/SparklingGo.debug.dylib (in target 'SparklingGo' from project 'SparklingGo')
    cd /Users/runner/token-economics/lynx-benchmark/ios
    
    Signing Identity:     "Sign to Run Locally"
    
    /usr/bin/codesign --force --sign - --timestamp\=none --generate-entitlement-der /Users/runner/Library/Developer/Xcode/DerivedData/SparklingGo-gaxngdfqfnurlideafnykwrjqgdj/Build/Products/Debug-iphonesimulator/SparklingGo.app/SparklingGo.debug.dylib

CodeSign /Users/runner/Library/Developer/Xcode/DerivedData/SparklingGo-gaxngdfqfnurlideafnykwrjqgdj/Build/Products/Debug-iphonesimulator/SparklingGo.app/__preview.dylib (in target 'SparklingGo' from project 'SparklingGo')
    cd /Users/runner/token-economics/lynx-benchmark/ios
    
    Signing Identity:     "Sign to Run Locally"
    
    /usr/bin/codesign --force --sign - --timestamp\=none --generate-entitlement-der /Users/runner/Library/Developer/Xcode/DerivedData/SparklingGo-gaxngdfqfnurlideafnykwrjqgdj/Build/Products/Debug-iphonesimulator/SparklingGo.app/__preview.dylib

CodeSign /Users/runner/Library/Developer/Xcode/DerivedData/SparklingGo-gaxngdfqfnurlideafnykwrjqgdj/Build/Products/Debug-iphonesimulator/SparklingGo.app (in target 'SparklingGo' from project 'SparklingGo')
    cd /Users/runner/token-economics/lynx-benchmark/ios
    
    Signing Identity:     "Sign to Run Locally"
    
    /usr/bin/codesign --force --sign - --timestamp\=none --generate-entitlement-der /Users/runner/Library/Developer/Xcode/DerivedData/SparklingGo-gaxngdfqfnurlideafnykwrjqgdj/Build/Products/Debug-iphonesimulator/SparklingGo.app

Validate /Users/runner/Library/Developer/Xcode/DerivedData/SparklingGo-gaxngdfqfnurlideafnykwrjqgdj/Build/Products/Debug-iphonesimulator/SparklingGo.app (in target 'SparklingGo' from project 'SparklingGo')
    cd /Users/runner/token-economics/lynx-benchmark/ios
    builtin-validationUtility /Users/runner/Library/Developer/Xcode/DerivedData/SparklingGo-gaxngdfqfnurlideafnykwrjqgdj/Build/Products/Debug-iphonesimulator/SparklingGo.app -shallow-bundle -infoplist-subpath Info.plist

/Users/runner/token-economics/lynx-benchmark/ios/Pods/LynxServiceAPI.xcodeproj: warning: The iOS Simulator deployment target 'IPHONEOS_DEPLOYMENT_TARGET' is set to 10.0, but the range of supported deployment target versions is 12.0 to 26.5.99. (in target 'LynxServiceAPI' from project 'LynxServiceAPI')
/Users/runner/token-economics/lynx-benchmark/ios/Pods/SDWebImage.xcodeproj: warning: The iOS Simulator deployment target 'IPHONEOS_DEPLOYMENT_TARGET' is set to 9.0, but the range of supported deployment target versions is 12.0 to 26.5.99. (in target 'SDWebImage' from project 'SDWebImage')
/Users/runner/token-economics/lynx-benchmark/ios/Pods/PrimJS.xcodeproj: warning: The iOS Simulator deployment target 'IPHONEOS_DEPLOYMENT_TARGET' is set to 9.0, but the range of supported deployment target versions is 12.0 to 26.5.99. (in target 'PrimJS' from project 'PrimJS')
warning: Run script build phase 'Create Symlinks to Header Folders' will be run during every build because it does not specify any outputs. To address this issue, either add output dependencies to the script phase, or configure it to run in every build by unchecking "Based on dependency analysis" in the script phase. (in target 'PrimJS' from project 'PrimJS')
/Users/runner/token-economics/lynx-benchmark/ios/Pods/SocketRocket.xcodeproj: warning: The iOS Simulator deployment target 'IPHONEOS_DEPLOYMENT_TARGET' is set to 11.0, but the range of supported deployment target versions is 12.0 to 26.5.99. (in target 'SocketRocket' from project 'SocketRocket')
/Users/runner/token-economics/lynx-benchmark/ios/Pods/DebugRouter.xcodeproj: warning: The iOS Simulator deployment target 'IPHONEOS_DEPLOYMENT_TARGET' is set to 10.0, but the range of supported deployment target versions is 12.0 to 26.5.99. (in target 'DebugRouter' from project 'DebugRouter')
warning: Run script build phase 'Create Symlinks to Header Folders' will be run during every build because it does not specify any outputs. To address this issue, either add output dependencies to the script phase, or configure it to run in every build by unchecking "Based on dependency analysis" in the script phase. (in target 'DebugRouter' from project 'DebugRouter')
warning: no rule to process file '/Users/runner/token-economics/lynx-benchmark/ios/Pods/DebugRouter/debug_router/native/BUILD.gn' of type 'text' for architecture 'arm64' (in target 'DebugRouter' from project 'DebugRouter')
warning: no rule to process file '/Users/runner/token-economics/lynx-benchmark/ios/Pods/DebugRouter/debug_router/native/base/LICENSE' of type 'text' for architecture 'arm64' (in target 'DebugRouter' from project 'DebugRouter')
warning: no rule to process file '/Users/runner/token-economics/lynx-benchmark/ios/Pods/DebugRouter/debug_router/native/BUILD.gn' of type 'text' for architecture 'x86_64' (in target 'DebugRouter' from project 'DebugRouter')
warning: no rule to process file '/Users/runner/token-economics/lynx-benchmark/ios/Pods/DebugRouter/debug_router/native/base/LICENSE' of type 'text' for architecture 'x86_64' (in target 'DebugRouter' from project 'DebugRouter')
/Users/runner/token-economics/lynx-benchmark/ios/Pods/Mantle.xcodeproj: warning: The iOS Simulator deployment target 'IPHONEOS_DEPLOYMENT_TARGET' is set to 9.0, but the range of supported deployment target versions is 12.0 to 26.5.99. (in target 'Mantle' from project 'Mantle')
/Users/runner/token-economics/lynx-benchmark/ios/Pods/LynxBase.xcodeproj: warning: The iOS Simulator deployment target 'IPHONEOS_DEPLOYMENT_TARGET' is set to 10.0, but the range of supported deployment target versions is 12.0 to 26.5.99. (in target 'LynxBase' from project 'LynxBase')
/Users/runner/token-economics/lynx-benchmark/ios/Pods/SDWebImageWebPCoder.xcodeproj: warning: The iOS Simulator deployment target 'IPHONEOS_DEPLOYMENT_TARGET' is set to 9.0, but the range of supported deployment target versions is 12.0 to 26.5.99. (in target 'SDWebImageWebPCoder' from project 'SDWebImageWebPCoder')
/Users/runner/token-economics/lynx-benchmark/ios/Pods/Lynx.xcodeproj: warning: The iOS Simulator deployment target 'IPHONEOS_DEPLOYMENT_TARGET' is set to 10.0, but the range of supported deployment target versions is 12.0 to 26.5.99. (in target 'Lynx-LynxResources' from project 'Lynx')
/Users/runner/token-economics/lynx-benchmark/ios/Pods/Lynx.xcodeproj: warning: The iOS Simulator deployment target 'IPHONEOS_DEPLOYMENT_TARGET' is set to 10.0, but the range of supported deployment target versions is 12.0 to 26.5.99. (in target 'Lynx' from project 'Lynx')
/Users/runner/token-economics/lynx-benchmark/ios/Pods/BaseDevtool.xcodeproj: warning: The iOS Simulator deployment target 'IPHONEOS_DEPLOYMENT_TARGET' is set to 10.0, but the range of supported deployment target versions is 12.0 to 26.5.99. (in target 'BaseDevtool-LynxBaseDevToolResources' from project 'BaseDevtool')
** BUILD SUCCEEDED **

