Command line invocation:
    /Applications/Xcode.app/Contents/Developer/usr/bin/xcodebuild test -project UIDriver.xcodeproj -scheme UIDriver -destination id=7DFF2660-A10C-449E-867A-92863D91663B

--- xcodebuild: WARNING: Using the first of multiple matching destinations:
{ platform:iOS Simulator, arch:arm64, id:7DFF2660-A10C-449E-867A-92863D91663B, OS:26.5, name:iPhone 17 Pro }
{ platform:iOS Simulator, arch:x86_64, id:7DFF2660-A10C-449E-867A-92863D91663B, OS:26.5, name:iPhone 17 Pro }
ComputePackagePrebuildTargetDependencyGraph

Prepare packages

CreateBuildRequest

SendProjectDescription

CreateBuildOperation

ComputeTargetDependencyGraph
note: Building targets in dependency order
note: Target dependency graph (1 target)
    Target 'UIDriverUITests' in project 'UIDriver' (no dependencies)

GatherProvisioningInputs

CreateBuildDescription

ExecuteExternalTool /Applications/Xcode.app/Contents/Developer/Toolchains/XcodeDefault.xctoolchain/usr/bin/clang -v -E -dM -isysroot /Applications/Xcode.app/Contents/Developer/Platforms/iPhoneSimulator.platform/Developer/SDKs/iPhoneSimulator26.5.sdk -x c -c /dev/null

ExecuteExternalTool /Applications/Xcode.app/Contents/Developer/Toolchains/XcodeDefault.xctoolchain/usr/bin/swiftc --version

ExecuteExternalTool /Applications/Xcode.app/Contents/Developer/Toolchains/XcodeDefault.xctoolchain/usr/bin/ld -version_details

Build description signature: 40fa80858cdcd5a9b6910ffa86f9aebe
Build description path: /Users/nstudio/Library/Developer/Xcode/DerivedData/UIDriver-ekqcqbpucoqmcgbikewqdmafsmmj/Build/Intermediates.noindex/XCBuildData/40fa80858cdcd5a9b6910ffa86f9aebe.xcbuilddata
ClangStatCache /Applications/Xcode.app/Contents/Developer/Toolchains/XcodeDefault.xctoolchain/usr/bin/clang-stat-cache /Applications/Xcode.app/Contents/Developer/Platforms/iPhoneSimulator.platform/Developer/SDKs/iPhoneSimulator26.5.sdk /Users/nstudio/Library/Developer/Xcode/DerivedData/SDKStatCaches.noindex/iphonesimulator26.5-23F73-688ef53f1462e2c8f657fdc38a81448f6cfe768891a92b912361537c460fe42b.sdkstatcache
    cd /Users/nstudio/Documents/github/NathanWalker/token-economics/harness/perf/uidriver/UIDriver.xcodeproj
    /Applications/Xcode.app/Contents/Developer/Toolchains/XcodeDefault.xctoolchain/usr/bin/clang-stat-cache /Applications/Xcode.app/Contents/Developer/Platforms/iPhoneSimulator.platform/Developer/SDKs/iPhoneSimulator26.5.sdk -o /Users/nstudio/Library/Developer/Xcode/DerivedData/SDKStatCaches.noindex/iphonesimulator26.5-23F73-688ef53f1462e2c8f657fdc38a81448f6cfe768891a92b912361537c460fe42b.sdkstatcache

ProcessInfoPlistFile /Users/nstudio/Library/Developer/Xcode/DerivedData/UIDriver-ekqcqbpucoqmcgbikewqdmafsmmj/Build/Products/Debug-iphonesimulator/UIDriverUITests-Runner.app/PlugIns/UIDriverUITests.xctest/Info.plist /Users/nstudio/Library/Developer/Xcode/DerivedData/UIDriver-ekqcqbpucoqmcgbikewqdmafsmmj/Build/Intermediates.noindex/UIDriver.build/Debug-iphonesimulator/UIDriverUITests.build/empty-UIDriverUITests.plist (in target 'UIDriverUITests' from project 'UIDriver')
    cd /Users/nstudio/Documents/github/NathanWalker/token-economics/harness/perf/uidriver
    builtin-infoPlistUtility /Users/nstudio/Library/Developer/Xcode/DerivedData/UIDriver-ekqcqbpucoqmcgbikewqdmafsmmj/Build/Intermediates.noindex/UIDriver.build/Debug-iphonesimulator/UIDriverUITests.build/empty-UIDriverUITests.plist -producttype com.apple.product-type.bundle.ui-testing -expandbuildsettings -format binary -platform iphonesimulator -additionalcontentfile /Users/nstudio/Library/Developer/Xcode/DerivedData/UIDriver-ekqcqbpucoqmcgbikewqdmafsmmj/Build/Intermediates.noindex/UIDriver.build/Debug-iphonesimulator/UIDriverUITests.build/ProductTypeInfoPlistAdditions.plist -o /Users/nstudio/Library/Developer/Xcode/DerivedData/UIDriver-ekqcqbpucoqmcgbikewqdmafsmmj/Build/Products/Debug-iphonesimulator/UIDriverUITests-Runner.app/PlugIns/UIDriverUITests.xctest/Info.plist

CopySwiftLibs /Users/nstudio/Library/Developer/Xcode/DerivedData/UIDriver-ekqcqbpucoqmcgbikewqdmafsmmj/Build/Products/Debug-iphonesimulator/UIDriverUITests-Runner.app/PlugIns/UIDriverUITests.xctest (in target 'UIDriverUITests' from project 'UIDriver')
    cd /Users/nstudio/Documents/github/NathanWalker/token-economics/harness/perf/uidriver
    builtin-swiftStdLibTool --copy --verbose --scan-executable /Users/nstudio/Library/Developer/Xcode/DerivedData/UIDriver-ekqcqbpucoqmcgbikewqdmafsmmj/Build/Products/Debug-iphonesimulator/UIDriverUITests-Runner.app/PlugIns/UIDriverUITests.xctest/UIDriverUITests --scan-folder /Users/nstudio/Library/Developer/Xcode/DerivedData/UIDriver-ekqcqbpucoqmcgbikewqdmafsmmj/Build/Products/Debug-iphonesimulator/UIDriverUITests-Runner.app/PlugIns/UIDriverUITests.xctest/Frameworks --scan-folder /Users/nstudio/Library/Developer/Xcode/DerivedData/UIDriver-ekqcqbpucoqmcgbikewqdmafsmmj/Build/Products/Debug-iphonesimulator/UIDriverUITests-Runner.app/PlugIns/UIDriverUITests.xctest/PlugIns --scan-folder /Users/nstudio/Library/Developer/Xcode/DerivedData/UIDriver-ekqcqbpucoqmcgbikewqdmafsmmj/Build/Products/Debug-iphonesimulator/UIDriverUITests-Runner.app/PlugIns/UIDriverUITests.xctest/SystemExtensions --scan-folder /Users/nstudio/Library/Developer/Xcode/DerivedData/UIDriver-ekqcqbpucoqmcgbikewqdmafsmmj/Build/Products/Debug-iphonesimulator/UIDriverUITests-Runner.app/PlugIns/UIDriverUITests.xctest/Extensions --platform iphonesimulator --toolchain /var/run/com.apple.security.cryptexd/mnt/com.apple.MobileAsset.MetalToolchain-v17.6.42.0.xRBJyY/Metal.xctoolchain --toolchain /Applications/Xcode.app/Contents/Developer/Toolchains/XcodeDefault.xctoolchain --destination /Users/nstudio/Library/Developer/Xcode/DerivedData/UIDriver-ekqcqbpucoqmcgbikewqdmafsmmj/Build/Products/Debug-iphonesimulator/UIDriverUITests-Runner.app/PlugIns/UIDriverUITests.xctest/Frameworks --strip-bitcode --scan-executable /Applications/Xcode.app/Contents/Developer/Platforms/iPhoneSimulator.platform/Developer/usr/lib/libXCTestSwiftSupport.dylib --strip-bitcode-tool /Applications/Xcode.app/Contents/Developer/Toolchains/XcodeDefault.xctoolchain/usr/bin/bitcode_strip --emit-dependency-info /Users/nstudio/Library/Developer/Xcode/DerivedData/UIDriver-ekqcqbpucoqmcgbikewqdmafsmmj/Build/Intermediates.noindex/UIDriver.build/Debug-iphonesimulator/UIDriverUITests.build/SwiftStdLibToolInputDependencies.dep --filter-for-swift-os
Ignoring --strip-bitcode because --sign was not passed

2026-08-01 20:01:36.628484-0700 UIDriverUITests-Runner[44748:30637681] [Default] Running tests...
    t =      nans Interface orientation changed to Portrait
Test Suite 'All tests' started at 2026-08-01 20:01:37.223.
Test Suite 'UIDriverUITests.xctest' started at 2026-08-01 20:01:37.223.
Test Suite 'FeatureLatencyTests' started at 2026-08-01 20:01:37.223.
Test Case '-[UIDriverUITests.FeatureLatencyTests testFeatureLatencies]' started.
    t =     0.00s Start Test at 2026-08-01 20:01:37.224
    t =     0.02s Set Up
STEP[0s]: iter 0: launch com.nstudio.expobenchmark
    t =     0.02s Open com.nstudio.expobenchmark
    t =     0.02s     Launch com.nstudio.expobenchmark
    t =     0.11s         Setting up automation session
objc[44748]: Class UIAccessibilityLoaderWebShared is implemented in both /Library/Developer/CoreSimulator/Volumes/iOS_23F77/Library/Developer/CoreSimulator/Profiles/Runtimes/iOS 26.5.simruntime/Contents/Resources/RuntimeRoot/System/Library/AccessibilityBundles/WebCore.axbundle/WebCore (0x1068e4310) and /Library/Developer/CoreSimulator/Volumes/iOS_23F77/Library/Developer/CoreSimulator/Profiles/Runtimes/iOS 26.5.simruntime/Contents/Resources/RuntimeRoot/System/Library/AccessibilityBundles/WebKit.axbundle/WebKit (0x106848398). This may cause spurious casting failures and mysterious crashes. One of the duplicates must be removed or renamed.
    t =     0.68s         Wait for com.nstudio.expobenchmark to idle
    t =     1.82s Checking existence of `"Health" Button`
    t =     1.85s Waiting 20.0s for Any (First Match) to exist
    t =     2.92s     Checking `Expect predicate `existsNoRetry == 1` for object Any (First Match)`
    t =     2.92s         Checking existence of `Any (First Match)`
STEP[2s]: iter 0: nav Health
    t =     2.93s Checking existence of `"Health" Button`
    t =     2.94s Tap Any (First Match)
    t =     2.94s     Wait for com.nstudio.expobenchmark to idle
    t =     2.95s     Find the Any (First Match)
    t =     2.96s     Check for interrupting elements affecting "Health" Other
    t =     2.98s     Synthesize event
    t =     3.27s     Wait for com.nstudio.expobenchmark to idle
    t =     4.09s Waiting 10.0s for Any (First Match) to exist
    t =     5.16s     Checking `Expect predicate `existsNoRetry == 1` for object Any (First Match)`
    t =     5.16s         Checking existence of `Any (First Match)`
    t =     5.19s Checking existence of `Any (First Match)`
    t =     5.20s Find the Any (First Match)
STEP[5s]: iter 0: HK authorize
    t =     5.21s Checking existence of `"Request Access" Button`
    t =     5.23s Checking existence of `Any (First Match)`
    t =     5.24s Find the Any (First Match)
    t =     5.25s Tap "Request Access" Other
    t =     5.25s     Wait for com.nstudio.expobenchmark to idle
    t =     5.26s     Find the "Request Access" Other
    t =     5.27s     Check for interrupting elements affecting "Request Access" Other
    t =     5.29s     Synthesize event
    t =     5.58s     Wait for com.nstudio.expobenchmark to idle
    t =     5.59s Waiting 3.0s for Any (First Match) to exist
    t =     6.66s     Checking `Expect predicate `existsNoRetry == 1` for object Any (First Match)`
    t =     6.66s         Checking existence of `Any (First Match)`
    t =     6.72s Find the Any (First Match)
STEP[6s]: health sheet(app): tap 'Turn On All'
    t =     6.76s Tap "Turn On All" StaticText
    t =     6.76s     Wait for com.nstudio.expobenchmark to idle
    t =     6.76s     Find the "Turn On All" StaticText
    t =     6.79s     Check for interrupting elements affecting "Turn On All" StaticText
    t =     6.83s     Synthesize event
    t =     7.12s     Wait for com.nstudio.expobenchmark to idle
    t =     7.13s Waiting 2.0s for "Allow" Button to exist
    t =     8.20s     Checking `Expect predicate `existsNoRetry == 1` for object "Allow" Button`
    t =     8.21s         Checking existence of `"Allow" Button`
    t =     8.25s Find the "Allow" Button
STEP[8s]: health sheet(app): confirm 'Allow'
    t =     8.29s Tap "UIA.Health.Allow.Button" Button
    t =     8.29s     Wait for com.nstudio.expobenchmark to idle
    t =     8.29s     Find the "UIA.Health.Allow.Button" Button
    t =     8.32s     Check for interrupting elements affecting "UIA.Health.Allow.Button" Button
    t =     8.34s     Synthesize event
    t =     8.64s     Wait for com.nstudio.expobenchmark to idle
    t =     8.65s Waiting 15.0s for Any (First Match) to exist
    t =     9.70s     Checking `Expect predicate `existsNoRetry == 1` for object Any (First Match)`
    t =     9.71s         Checking existence of `Any (First Match)`
    t =     9.73s         Capturing element debug description
    t =    10.70s     Checking `Expect predicate `existsNoRetry == 1` for object Any (First Match)`
    t =    10.70s         Checking existence of `Any (First Match)`
    t =    10.72s         Capturing element debug description
    t =    11.69s     Checking `Expect predicate `existsNoRetry == 1` for object Any (First Match)`
    t =    11.69s         Checking existence of `Any (First Match)`
    t =    11.71s         Capturing element debug description
    t =    12.68s     Checking `Expect predicate `existsNoRetry == 1` for object Any (First Match)`
    t =    12.68s         Checking existence of `Any (First Match)`
    t =    12.70s         Capturing element debug description
    t =    13.67s     Checking `Expect predicate `existsNoRetry == 1` for object Any (First Match)`
    t =    13.67s         Checking existence of `Any (First Match)`
    t =    13.69s         Capturing element debug description
    t =    14.66s     Checking `Expect predicate `existsNoRetry == 1` for object Any (First Match)`
    t =    14.66s         Checking existence of `Any (First Match)`
    t =    14.69s         Capturing element debug description
    t =    15.65s     Checking `Expect predicate `existsNoRetry == 1` for object Any (First Match)`
    t =    15.66s         Checking existence of `Any (First Match)`
    t =    15.68s         Capturing element debug description
    t =    16.65s     Checking `Expect predicate `existsNoRetry == 1` for object Any (First Match)`
    t =    16.66s         Checking existence of `Any (First Match)`
    t =    16.68s         Capturing element debug description
    t =    17.65s     Checking `Expect predicate `existsNoRetry == 1` for object Any (First Match)`
    t =    17.66s         Checking existence of `Any (First Match)`
    t =    17.68s         Capturing element debug description
    t =    18.65s     Checking `Expect predicate `existsNoRetry == 1` for object Any (First Match)`
    t =    18.66s         Checking existence of `Any (First Match)`
    t =    18.68s         Capturing element debug description
    t =    19.65s     Checking `Expect predicate `existsNoRetry == 1` for object Any (First Match)`
    t =    19.66s         Checking existence of `Any (First Match)`
    t =    19.68s         Capturing element debug description
    t =    20.65s     Checking `Expect predicate `existsNoRetry == 1` for object Any (First Match)`
    t =    20.66s         Checking existence of `Any (First Match)`
    t =    20.68s         Capturing element debug description
    t =    21.65s     Checking `Expect predicate `existsNoRetry == 1` for object Any (First Match)`
    t =    21.66s         Checking existence of `Any (First Match)`
    t =    21.68s         Capturing element debug description
    t =    22.65s     Checking `Expect predicate `existsNoRetry == 1` for object Any (First Match)`
    t =    22.66s         Checking existence of `Any (First Match)`
    t =    22.68s         Capturing element debug description
    t =    23.65s     Checking `Expect predicate `existsNoRetry == 1` for object Any (First Match)`
    t =    23.66s         Checking existence of `Any (First Match)`
    t =    23.68s         Capturing element debug description
    t =    23.68s     Checking existence of `Any (First Match)`
    t =    23.70s Collecting debug information to assist test failure triage
    t =    23.70s     Requesting snapshot of accessibility hierarchy for app with pid 44752
    t =    23.72s Checking existence of `"Health access: not requested" StaticText`
    t =    23.73s Waiting 15.0s for Any (First Match) to exist
    t =    24.80s     Checking `Expect predicate `existsNoRetry == 1` for object Any (First Match)`
    t =    24.80s         Checking existence of `Any (First Match)`
    t =    24.83s         Capturing element debug description
    t =    25.79s     Checking `Expect predicate `existsNoRetry == 1` for object Any (First Match)`
    t =    25.79s         Checking existence of `Any (First Match)`
    t =    25.82s         Capturing element debug description
    t =    26.78s     Checking `Expect predicate `existsNoRetry == 1` for object Any (First Match)`
    t =    26.78s         Checking existence of `Any (First Match)`
    t =    26.80s         Capturing element debug description
    t =    27.77s     Checking `Expect predicate `existsNoRetry == 1` for object Any (First Match)`
    t =    27.77s         Checking existence of `Any (First Match)`
    t =    27.80s         Capturing element debug description
    t =    28.76s     Checking `Expect predicate `existsNoRetry == 1` for object Any (First Match)`
    t =    28.76s         Checking existence of `Any (First Match)`
    t =    28.79s         Capturing element debug description
    t =    29.75s     Checking `Expect predicate `existsNoRetry == 1` for object Any (First Match)`
    t =    29.75s         Checking existence of `Any (First Match)`
    t =    29.77s         Capturing element debug description
    t =    30.82s     Checking `Expect predicate `existsNoRetry == 1` for object Any (First Match)`
    t =    30.83s         Checking existence of `Any (First Match)`
    t =    30.85s         Capturing element debug description
    t =    31.81s     Checking `Expect predicate `existsNoRetry == 1` for object Any (First Match)`
    t =    31.81s         Checking existence of `Any (First Match)`
    t =    31.83s         Capturing element debug description
    t =    32.80s     Checking `Expect predicate `existsNoRetry == 1` for object Any (First Match)`
    t =    32.80s         Checking existence of `Any (First Match)`
    t =    32.82s         Capturing element debug description
    t =    33.76s     Checking `Expect predicate `existsNoRetry == 1` for object Any (First Match)`
    t =    33.76s         Checking existence of `Any (First Match)`
    t =    33.79s         Capturing element debug description
    t =    34.76s     Checking `Expect predicate `existsNoRetry == 1` for object Any (First Match)`
    t =    34.76s         Checking existence of `Any (First Match)`
    t =    34.78s         Capturing element debug description
    t =    35.73s     Checking `Expect predicate `existsNoRetry == 1` for object Any (First Match)`
    t =    35.73s         Checking existence of `Any (First Match)`
    t =    35.75s         Capturing element debug description
    t =    36.82s     Checking `Expect predicate `existsNoRetry == 1` for object Any (First Match)`
    t =    36.83s         Checking existence of `Any (First Match)`
    t =    36.85s         Capturing element debug description
    t =    37.79s     Checking `Expect predicate `existsNoRetry == 1` for object Any (First Match)`
    t =    37.79s         Checking existence of `Any (First Match)`
    t =    37.81s         Capturing element debug description
    t =    38.74s     Checking `Expect predicate `existsNoRetry == 1` for object Any (First Match)`
    t =    38.74s         Checking existence of `Any (First Match)`
    t =    38.76s         Capturing element debug description
    t =    38.76s     Checking existence of `Any (First Match)`
    t =    38.78s Collecting debug information to assist test failure triage
    t =    38.78s     Requesting snapshot of accessibility hierarchy for app with pid 44752
    t =    38.80s Checking existence of `Any (First Match)`
    t =    38.81s Checking existence of `"Log 500 Steps" Button`
    t =    38.82s Checking existence of `Any (First Match)`
    t =    38.83s Find the Any (First Match)
STEP[38s]: iter 0: log 500
    t =    38.85s Tap "Log 500 Steps" Other
    t =    38.85s     Wait for com.nstudio.expobenchmark to idle
    t =    38.85s     Find the "Log 500 Steps" Other
    t =    38.86s     Check for interrupting elements affecting "Log 500 Steps" Other
    t =    38.88s     Synthesize event
    t =    39.18s     Wait for com.nstudio.expobenchmark to idle
    t =    39.18s Checking existence of `Any (First Match)`
    t =    39.26s Checking existence of `Any (First Match)`
    t =    39.33s Checking existence of `Any (First Match)`
    t =    39.42s Checking existence of `Any (First Match)`
    t =    39.49s Checking existence of `Any (First Match)`
    t =    39.57s Checking existence of `Any (First Match)`
    t =    39.65s Checking existence of `Any (First Match)`
    t =    39.72s Checking existence of `Any (First Match)`
    t =    39.80s Checking existence of `Any (First Match)`
    t =    39.88s Checking existence of `Any (First Match)`
    t =    39.96s Checking existence of `Any (First Match)`
    t =    40.04s Checking existence of `Any (First Match)`
    t =    40.12s Checking existence of `Any (First Match)`
    t =    40.19s Checking existence of `Any (First Match)`
    t =    40.27s Checking existence of `Any (First Match)`
    t =    40.34s Checking existence of `Any (First Match)`
    t =    40.42s Checking existence of `Any (First Match)`
    t =    40.50s Checking existence of `Any (First Match)`
    t =    40.58s Checking existence of `Any (First Match)`
    t =    40.65s Checking existence of `Any (First Match)`
    t =    40.72s Checking existence of `Any (First Match)`
    t =    40.80s Checking existence of `Any (First Match)`
    t =    40.88s Checking existence of `Any (First Match)`
    t =    40.96s Checking existence of `Any (First Match)`
    t =    41.03s Checking existence of `Any (First Match)`
    t =    41.11s Checking existence of `Any (First Match)`
    t =    41.18s Checking existence of `Any (First Match)`
    t =    41.26s Checking existence of `Any (First Match)`
    t =    41.33s Checking existence of `Any (First Match)`
    t =    41.41s Checking existence of `Any (First Match)`
    t =    41.49s Checking existence of `Any (First Match)`
    t =    41.57s Checking existence of `Any (First Match)`
    t =    41.64s Checking existence of `Any (First Match)`
    t =    41.72s Checking existence of `Any (First Match)`
    t =    41.79s Checking existence of `Any (First Match)`
    t =    41.87s Checking existence of `Any (First Match)`
    t =    41.95s Checking existence of `Any (First Match)`
    t =    42.02s Checking existence of `Any (First Match)`
    t =    42.10s Checking existence of `Any (First Match)`
    t =    42.17s Checking existence of `Any (First Match)`
    t =    42.25s Checking existence of `Any (First Match)`
    t =    42.32s Checking existence of `Any (First Match)`
    t =    42.40s Checking existence of `Any (First Match)`
    t =    42.48s Checking existence of `Any (First Match)`
    t =    42.56s Checking existence of `Any (First Match)`
    t =    42.63s Checking existence of `Any (First Match)`
    t =    42.70s Checking existence of `Any (First Match)`
    t =    42.77s Checking existence of `Any (First Match)`
    t =    42.85s Checking existence of `Any (First Match)`
    t =    42.93s Checking existence of `Any (First Match)`
    t =    43.01s Checking existence of `Any (First Match)`
    t =    43.09s Checking existence of `Any (First Match)`
    t =    43.16s Checking existence of `Any (First Match)`
    t =    43.23s Checking existence of `Any (First Match)`
    t =    43.31s Checking existence of `Any (First Match)`
    t =    43.39s Checking existence of `Any (First Match)`
    t =    43.46s Checking existence of `Any (First Match)`
    t =    43.53s Checking existence of `Any (First Match)`
    t =    43.59s Checking existence of `Any (First Match)`
    t =    43.66s Checking existence of `Any (First Match)`
    t =    43.73s Checking existence of `Any (First Match)`
    t =    43.81s Checking existence of `Any (First Match)`
    t =    43.88s Checking existence of `Any (First Match)`
    t =    43.96s Checking existence of `Any (First Match)`
    t =    44.03s Checking existence of `Any (First Match)`
    t =    44.11s Checking existence of `Any (First Match)`
    t =    44.19s Checking existence of `Any (First Match)`
    t =    44.26s Checking existence of `Any (First Match)`
    t =    44.34s Checking existence of `Any (First Match)`
    t =    44.42s Checking existence of `Any (First Match)`
    t =    44.50s Checking existence of `Any (First Match)`
    t =    44.57s Checking existence of `Any (First Match)`
    t =    44.65s Checking existence of `Any (First Match)`
    t =    44.72s Checking existence of `Any (First Match)`
    t =    44.80s Checking existence of `Any (First Match)`
    t =    44.88s Checking existence of `Any (First Match)`
    t =    44.95s Checking existence of `Any (First Match)`
    t =    45.03s Checking existence of `Any (First Match)`
    t =    45.11s Checking existence of `Any (First Match)`
    t =    45.19s Checking existence of `Any (First Match)`
    t =    45.26s Checking existence of `Any (First Match)`
    t =    45.34s Checking existence of `Any (First Match)`
    t =    45.42s Checking existence of `Any (First Match)`
    t =    45.50s Checking existence of `Any (First Match)`
    t =    45.57s Checking existence of `Any (First Match)`
    t =    45.65s Checking existence of `Any (First Match)`
    t =    45.73s Checking existence of `Any (First Match)`
    t =    45.81s Checking existence of `Any (First Match)`
    t =    45.89s Checking existence of `Any (First Match)`
    t =    45.97s Checking existence of `Any (First Match)`
    t =    46.05s Checking existence of `Any (First Match)`
    t =    46.13s Checking existence of `Any (First Match)`
    t =    46.21s Checking existence of `Any (First Match)`
    t =    46.29s Checking existence of `Any (First Match)`
    t =    46.36s Checking existence of `Any (First Match)`
    t =    46.44s Checking existence of `Any (First Match)`
    t =    46.52s Checking existence of `Any (First Match)`
    t =    46.60s Checking existence of `Any (First Match)`
    t =    46.68s Checking existence of `Any (First Match)`
    t =    46.76s Checking existence of `Any (First Match)`
    t =    46.83s Checking existence of `Any (First Match)`
    t =    46.91s Checking existence of `Any (First Match)`
    t =    46.99s Checking existence of `Any (First Match)`
    t =    47.06s Checking existence of `Any (First Match)`
    t =    47.13s Checking existence of `Any (First Match)`
    t =    47.20s Checking existence of `Any (First Match)`
    t =    47.29s Checking existence of `Any (First Match)`
    t =    47.37s Checking existence of `Any (First Match)`
    t =    47.45s Checking existence of `Any (First Match)`
    t =    47.52s Checking existence of `Any (First Match)`
    t =    47.60s Checking existence of `Any (First Match)`
    t =    47.68s Checking existence of `Any (First Match)`
    t =    47.75s Checking existence of `Any (First Match)`
    t =    47.83s Checking existence of `Any (First Match)`
    t =    47.91s Checking existence of `Any (First Match)`
    t =    47.99s Checking existence of `Any (First Match)`
    t =    48.06s Checking existence of `Any (First Match)`
    t =    48.14s Checking existence of `Any (First Match)`
    t =    48.21s Checking existence of `Any (First Match)`
    t =    48.29s Checking existence of `Any (First Match)`
    t =    48.37s Checking existence of `Any (First Match)`
    t =    48.45s Checking existence of `Any (First Match)`
    t =    48.53s Checking existence of `Any (First Match)`
    t =    48.60s Checking existence of `Any (First Match)`
    t =    48.68s Checking existence of `Any (First Match)`
    t =    48.76s Checking existence of `Any (First Match)`
    t =    48.84s Checking existence of `Any (First Match)`
    t =    48.92s Checking existence of `Any (First Match)`
    t =    48.99s Checking existence of `Any (First Match)`
    t =    49.07s Checking existence of `Any (First Match)`
    t =    49.14s Checking existence of `Any (First Match)`
    t =    49.21s Checking existence of `Any (First Match)`
    t =    49.29s Checking existence of `Any (First Match)`
    t =    49.37s Checking existence of `Any (First Match)`
    t =    49.45s Checking existence of `Any (First Match)`
    t =    49.53s Checking existence of `Any (First Match)`
    t =    49.61s Checking existence of `Any (First Match)`
    t =    49.69s Checking existence of `Any (First Match)`
    t =    49.76s Checking existence of `Any (First Match)`
    t =    49.84s Checking existence of `Any (First Match)`
    t =    49.92s Checking existence of `Any (First Match)`
    t =    50.00s Checking existence of `Any (First Match)`
    t =    50.08s Checking existence of `Any (First Match)`
    t =    50.16s Checking existence of `Any (First Match)`
    t =    50.23s Checking existence of `Any (First Match)`
    t =    50.31s Checking existence of `Any (First Match)`
    t =    50.39s Checking existence of `Any (First Match)`
    t =    50.47s Checking existence of `Any (First Match)`
    t =    50.55s Checking existence of `Any (First Match)`
    t =    50.63s Checking existence of `Any (First Match)`
    t =    50.71s Checking existence of `Any (First Match)`
    t =    50.78s Checking existence of `Any (First Match)`
    t =    50.86s Checking existence of `Any (First Match)`
    t =    50.94s Checking existence of `Any (First Match)`
    t =    51.02s Checking existence of `Any (First Match)`
    t =    51.09s Checking existence of `Any (First Match)`
    t =    51.17s Checking existence of `Any (First Match)`
    t =    51.24s Checking existence of `Any (First Match)`
    t =    51.31s Checking existence of `Any (First Match)`
    t =    51.39s Checking existence of `Any (First Match)`
    t =    51.46s Checking existence of `Any (First Match)`
    t =    51.54s Checking existence of `Any (First Match)`
    t =    51.62s Checking existence of `Any (First Match)`
    t =    51.70s Checking existence of `Any (First Match)`
    t =    51.77s Checking existence of `Any (First Match)`
    t =    51.85s Checking existence of `Any (First Match)`
    t =    51.93s Checking existence of `Any (First Match)`
    t =    52.01s Checking existence of `Any (First Match)`
    t =    52.09s Checking existence of `Any (First Match)`
    t =    52.16s Checking existence of `Any (First Match)`
    t =    52.24s Checking existence of `Any (First Match)`
    t =    52.32s Checking existence of `Any (First Match)`
    t =    52.40s Checking existence of `Any (First Match)`
    t =    52.48s Checking existence of `Any (First Match)`
    t =    52.56s Checking existence of `Any (First Match)`
    t =    52.64s Checking existence of `Any (First Match)`
    t =    52.72s Checking existence of `Any (First Match)`
    t =    52.80s Checking existence of `Any (First Match)`
    t =    52.88s Checking existence of `Any (First Match)`
    t =    52.96s Checking existence of `Any (First Match)`
    t =    53.03s Checking existence of `Any (First Match)`
    t =    53.11s Checking existence of `Any (First Match)`
    t =    53.19s Checking existence of `Any (First Match)`
    t =    53.26s Checking existence of `Any (First Match)`
    t =    53.34s Checking existence of `Any (First Match)`
    t =    53.41s Checking existence of `Any (First Match)`
    t =    53.49s Checking existence of `Any (First Match)`
    t =    53.56s Checking existence of `Any (First Match)`
    t =    53.64s Checking existence of `Any (First Match)`
    t =    53.71s Checking existence of `Any (First Match)`
    t =    53.78s Checking existence of `Any (First Match)`
    t =    53.85s Checking existence of `Any (First Match)`
    t =    53.92s Checking existence of `Any (First Match)`
    t =    54.00s Checking existence of `Any (First Match)`
    t =    54.07s Checking existence of `Any (First Match)`
    t =    54.15s Checking existence of `Any (First Match)`
STEP[54s]: iter 0: go home
    t =    54.23s Checking existence of `"Transcribe" Button`
    t =    54.24s Checking existence of `"Health" Button`
    t =    54.25s Checking existence of `Any (First Match)`
    t =    54.26s Checking existence of `Button (Element at index 0)`
    t =    54.27s Find the Button (Element at index 0)
STEP[54s]: goHome: tapping candidate 0
    t =    54.29s Tap "BackButton" Button
    t =    54.29s     Wait for com.nstudio.expobenchmark to idle
    t =    54.30s     Find the "BackButton" Button
    t =    54.31s     Check for interrupting elements affecting "BackButton" Button
    t =    54.32s     Synthesize event
    t =    54.62s     Wait for com.nstudio.expobenchmark to idle
    t =    54.93s Checking existence of `"Transcribe" Button`
    t =    54.94s Waiting 3.0s for Any (First Match) to exist
    t =    56.01s     Checking `Expect predicate `existsNoRetry == 1` for object Any (First Match)`
    t =    56.01s         Checking existence of `Any (First Match)`
STEP[56s]: iter 0: nav Transcribe
    t =    56.03s Checking existence of `"Transcribe" Button`
    t =    56.04s Tap Any (First Match)
    t =    56.04s     Wait for com.nstudio.expobenchmark to idle
    t =    56.04s     Find the Any (First Match)
    t =    56.05s     Check for interrupting elements affecting "Transcribe" Other
    t =    56.08s     Synthesize event
    t =    56.37s     Wait for com.nstudio.expobenchmark to idle
    t =    57.17s Waiting 10.0s for Any (First Match) to exist
    t =    58.25s     Checking `Expect predicate `existsNoRetry == 1` for object Any (First Match)`
    t =    58.25s         Checking existence of `Any (First Match)`
    t =    58.27s Checking existence of `Any (First Match)`
    t =    58.28s Find the Any (First Match)
STEP[58s]: iter 0: speech authorize
    t =    58.29s Checking existence of `"Request Access" Button`
    t =    58.30s Checking existence of `Any (First Match)`
    t =    58.31s Find the Any (First Match)
    t =    58.33s Tap "Request Access" Other
    t =    58.33s     Wait for com.nstudio.expobenchmark to idle
    t =    58.33s     Find the "Request Access" Other
    t =    58.34s     Check for interrupting elements affecting "Request Access" Other
    t =    58.37s     Synthesize event
    t =    58.66s     Wait for com.nstudio.expobenchmark to idle
    t =    58.66s Waiting 3.0s for "Allow" Button to exist
    t =    59.73s     Checking `Expect predicate `existsNoRetry == 1` for object "Allow" Button`
    t =    59.73s         Checking existence of `"Allow" Button`
STEP[59s]: system alert: 'Allow'
    t =    59.77s Tap "Allow" Button
    t =    59.77s     Wait for com.apple.springboard to idle
    t =    59.77s     Find the "Allow" Button
    t =    59.79s     Check for interrupting elements affecting "Allow" Button
    t =    59.82s     Synthesize event
    t =    60.12s     Wait for com.apple.springboard to idle
    t =    60.35s Waiting 15.0s for Any (First Match) to exist
    t =    61.40s     Checking `Expect predicate `existsNoRetry == 1` for object Any (First Match)`
    t =    61.41s         Checking existence of `Any (First Match)`
    t =    61.43s Checking existence of `"Speech access: not requested" StaticText`
    t =    61.44s Find the "Speech access: not requested" StaticText
    t =    61.46s Checking existence of `"Transcribe Sample" Button`
    t =    61.47s Checking existence of `Any (First Match)`
    t =    61.48s Find the Any (First Match)
STEP[61s]: iter 0: transcribe
    t =    61.49s Tap "Transcribe Sample" Other
    t =    61.49s     Wait for com.nstudio.expobenchmark to idle
    t =    61.49s     Find the "Transcribe Sample" Other
    t =    61.51s     Check for interrupting elements affecting "Transcribe Sample" Other
    t =    61.53s     Synthesize event
    t =    61.82s     Wait for com.nstudio.expobenchmark to idle
    t =    61.82s Waiting 45.0s for Any (First Match) to exist
    t =    62.88s     Checking `Expect predicate `existsNoRetry == 1` for object Any (First Match)`
    t =    62.88s         Checking existence of `Any (First Match)`
    t =    62.90s         Capturing element debug description
    t =    63.85s     Checking `Expect predicate `existsNoRetry == 1` for object Any (First Match)`
    t =    63.85s         Checking existence of `Any (First Match)`
    t =    63.86s         Capturing element debug description
    t =    64.83s     Checking `Expect predicate `existsNoRetry == 1` for object Any (First Match)`
    t =    64.83s         Checking existence of `Any (First Match)`
    t =    64.85s         Capturing element debug description
    t =    65.90s     Checking `Expect predicate `existsNoRetry == 1` for object Any (First Match)`
    t =    65.90s         Checking existence of `Any (First Match)`
    t =    65.92s         Capturing element debug description
    t =    66.88s     Checking `Expect predicate `existsNoRetry == 1` for object Any (First Match)`
    t =    66.88s         Checking existence of `Any (First Match)`
    t =    66.90s         Capturing element debug description
    t =    67.85s     Checking `Expect predicate `existsNoRetry == 1` for object Any (First Match)`
    t =    67.85s         Checking existence of `Any (First Match)`
    t =    67.87s         Capturing element debug description
    t =    68.82s     Checking `Expect predicate `existsNoRetry == 1` for object Any (First Match)`
    t =    68.82s         Checking existence of `Any (First Match)`
    t =    68.84s         Capturing element debug description
    t =    69.86s     Checking `Expect predicate `existsNoRetry == 1` for object Any (First Match)`
    t =    69.86s         Checking existence of `Any (First Match)`
    t =    69.88s         Capturing element debug description
    t =    70.89s     Checking `Expect predicate `existsNoRetry == 1` for object Any (First Match)`
    t =    70.89s         Checking existence of `Any (First Match)`
    t =    70.91s         Capturing element debug description
    t =    71.92s     Checking `Expect predicate `existsNoRetry == 1` for object Any (First Match)`
    t =    71.92s         Checking existence of `Any (First Match)`
    t =    71.94s         Capturing element debug description
    t =    72.84s     Checking `Expect predicate `existsNoRetry == 1` for object Any (First Match)`
    t =    72.84s         Checking existence of `Any (First Match)`
    t =    72.87s         Capturing element debug description
    t =    73.87s     Checking `Expect predicate `existsNoRetry == 1` for object Any (First Match)`
    t =    73.87s         Checking existence of `Any (First Match)`
    t =    73.90s         Capturing element debug description
    t =    74.90s     Checking `Expect predicate `existsNoRetry == 1` for object Any (First Match)`
    t =    74.90s         Checking existence of `Any (First Match)`
    t =    74.92s         Capturing element debug description
    t =    75.83s     Checking `Expect predicate `existsNoRetry == 1` for object Any (First Match)`
    t =    75.83s         Checking existence of `Any (First Match)`
    t =    75.84s         Capturing element debug description
    t =    76.85s     Checking `Expect predicate `existsNoRetry == 1` for object Any (First Match)`
    t =    76.85s         Checking existence of `Any (First Match)`
    t =    76.87s         Capturing element debug description
    t =    77.87s     Checking `Expect predicate `existsNoRetry == 1` for object Any (First Match)`
    t =    77.87s         Checking existence of `Any (First Match)`
    t =    77.88s         Capturing element debug description
    t =    78.89s     Checking `Expect predicate `existsNoRetry == 1` for object Any (First Match)`
    t =    78.89s         Checking existence of `Any (First Match)`
    t =    78.91s         Capturing element debug description
    t =    79.92s     Checking `Expect predicate `existsNoRetry == 1` for object Any (First Match)`
    t =    79.92s         Checking existence of `Any (First Match)`
    t =    79.94s         Capturing element debug description
    t =    80.85s     Checking `Expect predicate `existsNoRetry == 1` for object Any (First Match)`
    t =    80.85s         Checking existence of `Any (First Match)`
    t =    80.87s         Capturing element debug description
    t =    81.87s     Checking `Expect predicate `existsNoRetry == 1` for object Any (First Match)`
    t =    81.87s         Checking existence of `Any (First Match)`
    t =    81.90s         Capturing element debug description
    t =    82.90s     Checking `Expect predicate `existsNoRetry == 1` for object Any (First Match)`
    t =    82.90s         Checking existence of `Any (First Match)`
    t =    82.93s         Capturing element debug description
    t =    83.83s     Checking `Expect predicate `existsNoRetry == 1` for object Any (First Match)`
    t =    83.84s         Checking existence of `Any (First Match)`
    t =    83.86s         Capturing element debug description
    t =    84.87s     Checking `Expect predicate `existsNoRetry == 1` for object Any (First Match)`
    t =    84.87s         Checking existence of `Any (First Match)`
    t =    84.90s         Capturing element debug description
    t =    85.86s     Checking `Expect predicate `existsNoRetry == 1` for object Any (First Match)`
    t =    85.86s         Checking existence of `Any (First Match)`
    t =    85.88s         Capturing element debug description
    t =    86.84s     Checking `Expect predicate `existsNoRetry == 1` for object Any (First Match)`
    t =    86.84s         Checking existence of `Any (First Match)`
    t =    86.86s         Capturing element debug description
    t =    87.83s     Checking `Expect predicate `existsNoRetry == 1` for object Any (First Match)`
    t =    87.83s         Checking existence of `Any (First Match)`
    t =    87.86s         Capturing element debug description
    t =    88.91s     Checking `Expect predicate `existsNoRetry == 1` for object Any (First Match)`
    t =    88.91s         Checking existence of `Any (First Match)`
    t =    88.94s         Capturing element debug description
    t =    89.89s     Checking `Expect predicate `existsNoRetry == 1` for object Any (First Match)`
    t =    89.90s         Checking existence of `Any (First Match)`
    t =    89.92s         Capturing element debug description
    t =    90.85s     Checking `Expect predicate `existsNoRetry == 1` for object Any (First Match)`
    t =    90.86s         Checking existence of `Any (First Match)`
    t =    90.88s         Capturing element debug description
    t =    91.83s     Checking `Expect predicate `existsNoRetry == 1` for object Any (First Match)`
    t =    91.83s         Checking existence of `Any (First Match)`
    t =    91.86s         Capturing element debug description
    t =    92.83s     Checking `Expect predicate `existsNoRetry == 1` for object Any (First Match)`
    t =    92.83s         Checking existence of `Any (First Match)`
    t =    92.85s         Capturing element debug description
    t =    93.82s     Checking `Expect predicate `existsNoRetry == 1` for object Any (First Match)`
    t =    93.82s         Checking existence of `Any (First Match)`
    t =    93.84s         Capturing element debug description
    t =    94.91s     Checking `Expect predicate `existsNoRetry == 1` for object Any (First Match)`
    t =    94.91s         Checking existence of `Any (First Match)`
    t =    94.93s         Capturing element debug description
    t =    95.90s     Checking `Expect predicate `existsNoRetry == 1` for object Any (First Match)`
    t =    95.90s         Checking existence of `Any (First Match)`
    t =    95.92s         Capturing element debug description
    t =    96.88s     Checking `Expect predicate `existsNoRetry == 1` for object Any (First Match)`
    t =    96.88s         Checking existence of `Any (First Match)`
    t =    96.90s         Capturing element debug description
    t =    97.87s     Checking `Expect predicate `existsNoRetry == 1` for object Any (First Match)`
    t =    97.87s         Checking existence of `Any (First Match)`
    t =    97.89s         Capturing element debug description
    t =    98.86s     Checking `Expect predicate `existsNoRetry == 1` for object Any (First Match)`
    t =    98.86s         Checking existence of `Any (First Match)`
    t =    98.89s         Capturing element debug description
    t =    99.83s     Checking `Expect predicate `existsNoRetry == 1` for object Any (First Match)`
    t =    99.83s         Checking existence of `Any (First Match)`
    t =    99.85s         Capturing element debug description
    t =   100.82s     Checking `Expect predicate `existsNoRetry == 1` for object Any (First Match)`
    t =   100.82s         Checking existence of `Any (First Match)`
    t =   100.84s         Capturing element debug description
    t =   101.91s     Checking `Expect predicate `existsNoRetry == 1` for object Any (First Match)`
    t =   101.91s         Checking existence of `Any (First Match)`
    t =   101.93s         Capturing element debug description
    t =   102.89s     Checking `Expect predicate `existsNoRetry == 1` for object Any (First Match)`
    t =   102.89s         Checking existence of `Any (First Match)`
    t =   102.92s         Capturing element debug description
    t =   103.87s     Checking `Expect predicate `existsNoRetry == 1` for object Any (First Match)`
    t =   103.88s         Checking existence of `Any (First Match)`
    t =   103.90s         Capturing element debug description
    t =   104.85s     Checking `Expect predicate `existsNoRetry == 1` for object Any (First Match)`
    t =   104.85s         Checking existence of `Any (First Match)`
    t =   104.86s         Capturing element debug description
    t =   105.83s     Checking `Expect predicate `existsNoRetry == 1` for object Any (First Match)`
    t =   105.83s         Checking existence of `Any (First Match)`
    t =   105.85s         Capturing element debug description
    t =   106.82s     Checking `Expect predicate `existsNoRetry == 1` for object Any (First Match)`
    t =   106.82s         Checking existence of `Any (First Match)`
    t =   106.84s         Capturing element debug description
    t =   106.85s     Checking existence of `Any (First Match)`
    t =   106.86s Collecting debug information to assist test failure triage
    t =   106.86s     Requesting snapshot of accessibility hierarchy for app with pid 44752
    t =   106.88s Checking existence of `Any (First Match)`
    t =   106.89s Checking existence of `Any (First Match)`
    t =   106.90s Checking existence of `Any (First Match)`
    t =   106.91s Find the Any (First Match)
STEP[106s]: iter 0: done
    t =   106.92s Terminate com.nstudio.expobenchmark:44752
STEP[107s]: iter 1: launch com.nstudio.expobenchmark
    t =   108.02s Open com.nstudio.expobenchmark
    t =   108.02s     Launch com.nstudio.expobenchmark
    t =   108.13s         Setting up automation session
    t =   108.65s         Wait for com.nstudio.expobenchmark to idle
    t =   109.78s Checking existence of `"Health" Button`
    t =   109.82s Waiting 20.0s for Any (First Match) to exist
    t =   110.89s     Checking `Expect predicate `existsNoRetry == 1` for object Any (First Match)`
    t =   110.89s         Checking existence of `Any (First Match)`
STEP[110s]: iter 1: nav Health
    t =   110.91s Checking existence of `"Health" Button`
    t =   110.92s Tap Any (First Match)
    t =   110.92s     Wait for com.nstudio.expobenchmark to idle
    t =   110.92s     Find the Any (First Match)
    t =   110.93s     Check for interrupting elements affecting "Health" Other
    t =   110.96s     Synthesize event
    t =   111.25s     Wait for com.nstudio.expobenchmark to idle
    t =   112.06s Waiting 10.0s for Any (First Match) to exist
    t =   113.12s     Checking `Expect predicate `existsNoRetry == 1` for object Any (First Match)`
    t =   113.13s         Checking existence of `Any (First Match)`
    t =   113.15s         Capturing element debug description
    t =   114.11s     Checking `Expect predicate `existsNoRetry == 1` for object Any (First Match)`
    t =   114.11s         Checking existence of `Any (First Match)`
    t =   114.13s         Capturing element debug description
    t =   115.09s     Checking `Expect predicate `existsNoRetry == 1` for object Any (First Match)`
    t =   115.09s         Checking existence of `Any (First Match)`
    t =   115.10s         Capturing element debug description
    t =   116.07s     Checking `Expect predicate `existsNoRetry == 1` for object Any (First Match)`
    t =   116.07s         Checking existence of `Any (First Match)`
    t =   116.09s         Capturing element debug description
    t =   117.14s     Checking `Expect predicate `existsNoRetry == 1` for object Any (First Match)`
    t =   117.14s         Checking existence of `Any (First Match)`
    t =   117.16s         Capturing element debug description
    t =   118.13s     Checking `Expect predicate `existsNoRetry == 1` for object Any (First Match)`
    t =   118.13s         Checking existence of `Any (First Match)`
    t =   118.16s         Capturing element debug description
    t =   119.11s     Checking `Expect predicate `existsNoRetry == 1` for object Any (First Match)`
    t =   119.11s         Checking existence of `Any (First Match)`
    t =   119.13s         Capturing element debug description
    t =   120.07s     Checking `Expect predicate `existsNoRetry == 1` for object Any (First Match)`
    t =   120.07s         Checking existence of `Any (First Match)`
    t =   120.09s         Capturing element debug description
    t =   121.15s     Checking `Expect predicate `existsNoRetry == 1` for object Any (First Match)`
    t =   121.16s         Checking existence of `Any (First Match)`
    t =   121.18s         Capturing element debug description
    t =   122.07s     Checking `Expect predicate `existsNoRetry == 1` for object Any (First Match)`
    t =   122.07s         Checking existence of `Any (First Match)`
    t =   122.09s         Capturing element debug description
    t =   122.09s     Checking existence of `Any (First Match)`
    t =   122.10s Collecting debug information to assist test failure triage
    t =   122.10s     Requesting snapshot of accessibility hierarchy for app with pid 44826
    t =   122.13s Requesting snapshot of accessibility hierarchy for app with pid 44826
    t =   122.17s Requesting snapshot of accessibility hierarchy for app with pid 44826
TREE(no Health status line):
Attributes: Application, 0x106665400, pid: 44826, label: 'ExpoBenchmark'
Element subtree:
 →Application, 0x106665400, pid: 44826, label: 'ExpoBenchmark'
    Window (Main), 0x106666300, {{0.0, 0.0}, {402.0, 874.0}}
      Other, 0x106665680, {{0.0, 0.0}, {402.0, 874.0}}
        Other, 0x1066657c0, {{0.0, 0.0}, {402.0, 874.0}}
          Other, 0x106665900, {{0.0, 0.0}, {402.0, 874.0}}
            Other, 0x106665a40, {{0.0, 0.0}, {402.0, 874.0}}
              Other, 0x1067743c0, {{0.0, 0.0}, {402.0, 874.0}}
                Other, 0x106774640, {{0.0, 0.0}, {402.0, 874.0}}
                  Other, 0x106776bc0, {{0.0, 0.0}, {402.0, 874.0}}
                    Other, 0x106776d00, {{0.0, 0.0}, {402.0, 874.0}}
                      NavigationBar, 0x106776e40, {{0.0, 62.0}, {402.0, 54.0}}, identifier: 'Health'
                        Button, 0x106776f80, {{16.0, 62.0}, {154.7, 44.0}}, identifier: 'BackButton', label: 'Native Bench'
                        StaticText, 0x1067770c0, {{182.7, 73.7}, {52.3, 20.7}}, label: 'Health'
                      Other, 0x106777200, {{0.0, 0.0}, {402.0, 874.0}}
                        Other, 0x106777340, {{0.0, 0.0}, {402.0, 874.0}}
                          Other, 0x106777480, {{0.0, 116.0}, {402.0, 758.0}}
                            Other, 0x1067775c0, {{0.0, 116.0}, {402.0, 758.0}}
                              Other, 0x106777700, {{0.0, 116.0}, {402.0, 758.0}}
                                Other, 0x106777840, {{0.0, 116.0}, {402.0, 758.0}}
                                StaticText, 0x106777980, {{24.0, 140.0}, {354.0, 57.3}}, label: 'UnexpectedException: No data available for the specified predicate. (at ExpoModulesCore/ConcurrentFunctionDefinition.swift:90)'
                                  StaticText, 0x106777ac0, {{24.0, 140.0}, {354.0, 57.3}}, label: 'UnexpectedException: No data available for the specified predicate. (at ExpoModulesCore/ConcurrentFunctionDefinition.swift:90)'
                                Other, 0x106774280, {{24.0, 217.3}, {354.0, 48.3}}, label: 'Request Access'
                                Other, 0x106774500, {{24.0, 277.7}, {354.0, 48.3}}, label: 'Log 500 Steps'
                                StaticText, 0x106776580, {{24.0, 358.0}, {354.0, 24.0}}, label: 'Last 7 Days'
                                  StaticText, 0x1067766c0, {{24.0, 358.0}, {354.0, 24.0}}, label: 'Last 7 Days'
                                StaticText, 0x106776300, {{161.3, 418.0}, {79.0, 18.0}}, label: 'No data yet'
                                  StaticText, 0x106776440, {{161.3, 418.0}, {79.0, 18.0}}, label: 'No data yet'
                      Other, 0x1067761c0, {{0.0, 0.0}, {402.0, 874.0}}
                        Other, 0x106776080, {{0.0, 0.0}, {402.0, 874.0}}
Path to element:
 →Application, 0x106665400, pid: 44826, label: 'ExpoBenchmark'
Query chain:
 →Find: Application 'com.nstudio.expobenchmark'
  Output: {
    Application, 0x106775e00, pid: 44826, label: 'ExpoBenchmark'
  }

    t =   122.19s Checking existence of `Any (First Match)`
    t =   122.20s Checking existence of `Any (First Match)`
    t =   122.21s Waiting 15.0s for Any (First Match) to exist
    t =   123.27s     Checking `Expect predicate `existsNoRetry == 1` for object Any (First Match)`
    t =   123.28s         Checking existence of `Any (First Match)`
    t =   123.30s         Capturing element debug description
    t =   124.24s     Checking `Expect predicate `existsNoRetry == 1` for object Any (First Match)`
    t =   124.24s         Checking existence of `Any (First Match)`
    t =   124.26s         Capturing element debug description
    t =   125.22s     Checking `Expect predicate `existsNoRetry == 1` for object Any (First Match)`
    t =   125.22s         Checking existence of `Any (First Match)`
    t =   125.24s         Capturing element debug description
    t =   126.30s     Checking `Expect predicate `existsNoRetry == 1` for object Any (First Match)`
    t =   126.30s         Checking existence of `Any (First Match)`
    t =   126.33s         Capturing element debug description
    t =   127.27s     Checking `Expect predicate `existsNoRetry == 1` for object Any (First Match)`
    t =   127.28s         Checking existence of `Any (First Match)`
    t =   127.30s         Capturing element debug description
    t =   128.26s     Checking `Expect predicate `existsNoRetry == 1` for object Any (First Match)`
    t =   128.26s         Checking existence of `Any (First Match)`
    t =   128.28s         Capturing element debug description
    t =   129.24s     Checking `Expect predicate `existsNoRetry == 1` for object Any (First Match)`
    t =   129.24s         Checking existence of `Any (First Match)`
    t =   129.26s         Capturing element debug description
    t =   130.22s     Checking `Expect predicate `existsNoRetry == 1` for object Any (First Match)`
    t =   130.22s         Checking existence of `Any (First Match)`
    t =   130.25s         Capturing element debug description
    t =   131.22s     Checking `Expect predicate `existsNoRetry == 1` for object Any (First Match)`
    t =   131.22s         Checking existence of `Any (First Match)`
    t =   131.24s         Capturing element debug description
    t =   132.30s     Checking `Expect predicate `existsNoRetry == 1` for object Any (First Match)`
    t =   132.30s         Checking existence of `Any (First Match)`
    t =   132.33s         Capturing element debug description
    t =   133.29s     Checking `Expect predicate `existsNoRetry == 1` for object Any (First Match)`
    t =   133.29s         Checking existence of `Any (First Match)`
    t =   133.31s         Capturing element debug description
    t =   134.27s     Checking `Expect predicate `existsNoRetry == 1` for object Any (First Match)`
    t =   134.27s         Checking existence of `Any (First Match)`
    t =   134.29s         Capturing element debug description
    t =   135.25s     Checking `Expect predicate `existsNoRetry == 1` for object Any (First Match)`
    t =   135.25s         Checking existence of `Any (First Match)`
    t =   135.26s         Capturing element debug description
    t =   136.22s     Checking `Expect predicate `existsNoRetry == 1` for object Any (First Match)`
    t =   136.22s         Checking existence of `Any (First Match)`
    t =   136.25s         Capturing element debug description
    t =   137.22s     Checking `Expect predicate `existsNoRetry == 1` for object Any (First Match)`
    t =   137.22s         Checking existence of `Any (First Match)`
    t =   137.24s         Capturing element debug description
    t =   137.24s     Checking existence of `Any (First Match)`
    t =   137.26s Collecting debug information to assist test failure triage
    t =   137.26s     Requesting snapshot of accessibility hierarchy for app with pid 44826
    t =   137.28s Checking existence of `Any (First Match)`
    t =   137.29s Checking existence of `"Log 500 Steps" Button`
    t =   137.30s Checking existence of `Any (First Match)`
    t =   137.31s Find the Any (First Match)
STEP[137s]: iter 1: log 500
    t =   137.33s Tap "Log 500 Steps" Other
    t =   137.33s     Wait for com.nstudio.expobenchmark to idle
    t =   137.33s     Find the "Log 500 Steps" Other
    t =   137.34s     Check for interrupting elements affecting "Log 500 Steps" Other
    t =   137.37s     Synthesize event
    t =   137.66s     Wait for com.nstudio.expobenchmark to idle
    t =   137.66s Checking existence of `Any (First Match)`
    t =   137.74s Checking existence of `Any (First Match)`
    t =   137.82s Checking existence of `Any (First Match)`
    t =   137.90s Checking existence of `Any (First Match)`
    t =   137.98s Checking existence of `Any (First Match)`
    t =   138.06s Checking existence of `Any (First Match)`
    t =   138.13s Checking existence of `Any (First Match)`
    t =   138.21s Checking existence of `Any (First Match)`
    t =   138.29s Checking existence of `Any (First Match)`
    t =   138.37s Checking existence of `Any (First Match)`
    t =   138.44s Checking existence of `Any (First Match)`
    t =   138.52s Checking existence of `Any (First Match)`
    t =   138.60s Checking existence of `Any (First Match)`
    t =   138.68s Checking existence of `Any (First Match)`
    t =   138.76s Checking existence of `Any (First Match)`
    t =   138.83s Checking existence of `Any (First Match)`
    t =   138.91s Checking existence of `Any (First Match)`
    t =   138.99s Checking existence of `Any (First Match)`
    t =   139.05s Checking existence of `Any (First Match)`
    t =   139.13s Checking existence of `Any (First Match)`
    t =   139.21s Checking existence of `Any (First Match)`
    t =   139.29s Checking existence of `Any (First Match)`
    t =   139.37s Checking existence of `Any (First Match)`
    t =   139.45s Checking existence of `Any (First Match)`
    t =   139.53s Checking existence of `Any (First Match)`
    t =   139.60s Checking existence of `Any (First Match)`
    t =   139.68s Checking existence of `Any (First Match)`
    t =   139.76s Checking existence of `Any (First Match)`
    t =   139.83s Checking existence of `Any (First Match)`
    t =   139.91s Checking existence of `Any (First Match)`
    t =   139.99s Checking existence of `Any (First Match)`
    t =   140.06s Checking existence of `Any (First Match)`
    t =   140.14s Checking existence of `Any (First Match)`
    t =   140.22s Checking existence of `Any (First Match)`
    t =   140.30s Checking existence of `Any (First Match)`
    t =   140.37s Checking existence of `Any (First Match)`
    t =   140.44s Checking existence of `Any (First Match)`
    t =   140.52s Checking existence of `Any (First Match)`
    t =   140.59s Checking existence of `Any (First Match)`
    t =   140.67s Checking existence of `Any (First Match)`
    t =   140.75s Checking existence of `Any (First Match)`
    t =   140.83s Checking existence of `Any (First Match)`
    t =   140.91s Checking existence of `Any (First Match)`
    t =   140.99s Checking existence of `Any (First Match)`
    t =   141.07s Checking existence of `Any (First Match)`
    t =   141.15s Checking existence of `Any (First Match)`
    t =   141.23s Checking existence of `Any (First Match)`
    t =   141.31s Checking existence of `Any (First Match)`
    t =   141.39s Checking existence of `Any (First Match)`
    t =   141.46s Checking existence of `Any (First Match)`
    t =   141.54s Checking existence of `Any (First Match)`
    t =   141.62s Checking existence of `Any (First Match)`
    t =   141.69s Checking existence of `Any (First Match)`
    t =   141.77s Checking existence of `Any (First Match)`
    t =   141.85s Checking existence of `Any (First Match)`
    t =   141.93s Checking existence of `Any (First Match)`
    t =   142.01s Checking existence of `Any (First Match)`
    t =   142.09s Checking existence of `Any (First Match)`
    t =   142.16s Checking existence of `Any (First Match)`
    t =   142.24s Checking existence of `Any (First Match)`
    t =   142.31s Checking existence of `Any (First Match)`
    t =   142.39s Checking existence of `Any (First Match)`
    t =   142.46s Checking existence of `Any (First Match)`
    t =   142.55s Checking existence of `Any (First Match)`
    t =   142.62s Checking existence of `Any (First Match)`
    t =   142.70s Checking existence of `Any (First Match)`
    t =   142.78s Checking existence of `Any (First Match)`
    t =   142.86s Checking existence of `Any (First Match)`
    t =   142.93s Checking existence of `Any (First Match)`
    t =   143.00s Checking existence of `Any (First Match)`
    t =   143.08s Checking existence of `Any (First Match)`
    t =   143.15s Checking existence of `Any (First Match)`
    t =   143.23s Checking existence of `Any (First Match)`
    t =   143.31s Checking existence of `Any (First Match)`
    t =   143.39s Checking existence of `Any (First Match)`
    t =   143.46s Checking existence of `Any (First Match)`
    t =   143.54s Checking existence of `Any (First Match)`
    t =   143.62s Checking existence of `Any (First Match)`
    t =   143.69s Checking existence of `Any (First Match)`
    t =   143.77s Checking existence of `Any (First Match)`
    t =   143.84s Checking existence of `Any (First Match)`
    t =   143.91s Checking existence of `Any (First Match)`
    t =   143.99s Checking existence of `Any (First Match)`
    t =   144.07s Checking existence of `Any (First Match)`
    t =   144.15s Checking existence of `Any (First Match)`
    t =   144.23s Checking existence of `Any (First Match)`
    t =   144.31s Checking existence of `Any (First Match)`
    t =   144.38s Checking existence of `Any (First Match)`
    t =   144.46s Checking existence of `Any (First Match)`
    t =   144.53s Checking existence of `Any (First Match)`
    t =   144.61s Checking existence of `Any (First Match)`
    t =   144.69s Checking existence of `Any (First Match)`
    t =   144.76s Checking existence of `Any (First Match)`
    t =   144.84s Checking existence of `Any (First Match)`
    t =   144.92s Checking existence of `Any (First Match)`
    t =   145.00s Checking existence of `Any (First Match)`
    t =   145.08s Checking existence of `Any (First Match)`
    t =   145.15s Checking existence of `Any (First Match)`
    t =   145.23s Checking existence of `Any (First Match)`
    t =   145.31s Checking existence of `Any (First Match)`
    t =   145.39s Checking existence of `Any (First Match)`
    t =   145.46s Checking existence of `Any (First Match)`
    t =   145.53s Checking existence of `Any (First Match)`
    t =   145.60s Checking existence of `Any (First Match)`
    t =   145.67s Checking existence of `Any (First Match)`
    t =   145.74s Checking existence of `Any (First Match)`
    t =   145.82s Checking existence of `Any (First Match)`
    t =   145.89s Checking existence of `Any (First Match)`
    t =   145.97s Checking existence of `Any (First Match)`
    t =   146.05s Checking existence of `Any (First Match)`
    t =   146.13s Checking existence of `Any (First Match)`
    t =   146.20s Checking existence of `Any (First Match)`
    t =   146.28s Checking existence of `Any (First Match)`
    t =   146.35s Checking existence of `Any (First Match)`
    t =   146.43s Checking existence of `Any (First Match)`
    t =   146.51s Checking existence of `Any (First Match)`
    t =   146.59s Checking existence of `Any (First Match)`
    t =   146.66s Checking existence of `Any (First Match)`
    t =   146.74s Checking existence of `Any (First Match)`
    t =   146.82s Checking existence of `Any (First Match)`
    t =   146.90s Checking existence of `Any (First Match)`
    t =   146.98s Checking existence of `Any (First Match)`
    t =   147.06s Checking existence of `Any (First Match)`
    t =   147.14s Checking existence of `Any (First Match)`
    t =   147.22s Checking existence of `Any (First Match)`
    t =   147.29s Checking existence of `Any (First Match)`
    t =   147.37s Checking existence of `Any (First Match)`
    t =   147.45s Checking existence of `Any (First Match)`
    t =   147.53s Checking existence of `Any (First Match)`
    t =   147.61s Checking existence of `Any (First Match)`
    t =   147.68s Checking existence of `Any (First Match)`
    t =   147.76s Checking existence of `Any (First Match)`
    t =   147.83s Checking existence of `Any (First Match)`
    t =   147.90s Checking existence of `Any (First Match)`
    t =   147.98s Checking existence of `Any (First Match)`
    t =   148.05s Checking existence of `Any (First Match)`
    t =   148.13s Checking existence of `Any (First Match)`
    t =   148.20s Checking existence of `Any (First Match)`
    t =   148.27s Checking existence of `Any (First Match)`
    t =   148.35s Checking existence of `Any (First Match)`
    t =   148.42s Checking existence of `Any (First Match)`
    t =   148.49s Checking existence of `Any (First Match)`
    t =   148.57s Checking existence of `Any (First Match)`
    t =   148.65s Checking existence of `Any (First Match)`
    t =   148.73s Checking existence of `Any (First Match)`
    t =   148.81s Checking existence of `Any (First Match)`
    t =   148.89s Checking existence of `Any (First Match)`
    t =   148.97s Checking existence of `Any (First Match)`
    t =   149.04s Checking existence of `Any (First Match)`
    t =   149.11s Checking existence of `Any (First Match)`
    t =   149.19s Checking existence of `Any (First Match)`
    t =   149.26s Checking existence of `Any (First Match)`
    t =   149.34s Checking existence of `Any (First Match)`
    t =   149.42s Checking existence of `Any (First Match)`
    t =   149.50s Checking existence of `Any (First Match)`
    t =   149.58s Checking existence of `Any (First Match)`
    t =   149.66s Checking existence of `Any (First Match)`
    t =   149.74s Checking existence of `Any (First Match)`
    t =   149.82s Checking existence of `Any (First Match)`
    t =   149.89s Checking existence of `Any (First Match)`
    t =   149.97s Checking existence of `Any (First Match)`
    t =   150.05s Checking existence of `Any (First Match)`
    t =   150.13s Checking existence of `Any (First Match)`
    t =   150.20s Checking existence of `Any (First Match)`
    t =   150.28s Checking existence of `Any (First Match)`
    t =   150.36s Checking existence of `Any (First Match)`
    t =   150.44s Checking existence of `Any (First Match)`
    t =   150.52s Checking existence of `Any (First Match)`
    t =   150.59s Checking existence of `Any (First Match)`
    t =   150.67s Checking existence of `Any (First Match)`
    t =   150.75s Checking existence of `Any (First Match)`
    t =   150.83s Checking existence of `Any (First Match)`
    t =   150.91s Checking existence of `Any (First Match)`
    t =   150.99s Checking existence of `Any (First Match)`
    t =   151.06s Checking existence of `Any (First Match)`
    t =   151.14s Checking existence of `Any (First Match)`
    t =   151.22s Checking existence of `Any (First Match)`
    t =   151.30s Checking existence of `Any (First Match)`
    t =   151.38s Checking existence of `Any (First Match)`
    t =   151.46s Checking existence of `Any (First Match)`
    t =   151.53s Checking existence of `Any (First Match)`
    t =   151.61s Checking existence of `Any (First Match)`
    t =   151.69s Checking existence of `Any (First Match)`
    t =   151.77s Checking existence of `Any (First Match)`
    t =   151.85s Checking existence of `Any (First Match)`
    t =   151.93s Checking existence of `Any (First Match)`
    t =   152.01s Checking existence of `Any (First Match)`
    t =   152.09s Checking existence of `Any (First Match)`
    t =   152.16s Checking existence of `Any (First Match)`
    t =   152.24s Checking existence of `Any (First Match)`
    t =   152.32s Checking existence of `Any (First Match)`
    t =   152.39s Checking existence of `Any (First Match)`
    t =   152.47s Checking existence of `Any (First Match)`
    t =   152.55s Checking existence of `Any (First Match)`
    t =   152.63s Checking existence of `Any (First Match)`
STEP[152s]: iter 1: go home
    t =   152.71s Checking existence of `"Transcribe" Button`
    t =   152.73s Checking existence of `"Health" Button`
    t =   152.74s Checking existence of `Any (First Match)`
    t =   152.75s Checking existence of `Button (Element at index 0)`
    t =   152.76s Find the Button (Element at index 0)
STEP[152s]: goHome: tapping candidate 0
    t =   152.78s Tap "BackButton" Button
    t =   152.78s     Wait for com.nstudio.expobenchmark to idle
    t =   152.78s     Find the "BackButton" Button
    t =   152.80s     Check for interrupting elements affecting "BackButton" Button
    t =   152.81s     Synthesize event
    t =   153.11s     Wait for com.nstudio.expobenchmark to idle
    t =   153.42s Checking existence of `"Transcribe" Button`
    t =   153.43s Waiting 3.0s for Any (First Match) to exist
    t =   154.50s     Checking `Expect predicate `existsNoRetry == 1` for object Any (First Match)`
    t =   154.51s         Checking existence of `Any (First Match)`
STEP[154s]: iter 1: nav Transcribe
    t =   154.52s Checking existence of `"Transcribe" Button`
    t =   154.53s Tap Any (First Match)
    t =   154.53s     Wait for com.nstudio.expobenchmark to idle
    t =   154.53s     Find the Any (First Match)
    t =   154.55s     Check for interrupting elements affecting "Transcribe" Other
    t =   154.57s     Synthesize event
    t =   154.87s     Wait for com.nstudio.expobenchmark to idle
    t =   155.65s Waiting 10.0s for Any (First Match) to exist
    t =   156.72s     Checking `Expect predicate `existsNoRetry == 1` for object Any (First Match)`
    t =   156.72s         Checking existence of `Any (First Match)`
    t =   156.74s Checking existence of `Any (First Match)`
    t =   156.76s Find the Any (First Match)
    t =   156.77s Checking existence of `"Speech access: granted" StaticText`
    t =   156.78s Find the "Speech access: granted" StaticText
    t =   156.79s Checking existence of `"Transcribe Sample" Button`
    t =   156.80s Checking existence of `Any (First Match)`
    t =   156.81s Find the Any (First Match)
STEP[156s]: iter 1: transcribe
    t =   156.83s Tap "Transcribe Sample" Other
    t =   156.83s     Wait for com.nstudio.expobenchmark to idle
    t =   156.83s     Find the "Transcribe Sample" Other
    t =   156.84s     Check for interrupting elements affecting "Transcribe Sample" Other
    t =   156.86s     Synthesize event
    t =   157.15s     Wait for com.nstudio.expobenchmark to idle
    t =   157.16s Waiting 45.0s for Any (First Match) to exist
    t =   158.22s     Checking `Expect predicate `existsNoRetry == 1` for object Any (First Match)`
    t =   158.22s         Checking existence of `Any (First Match)`
    t =   158.25s         Capturing element debug description
    t =   159.21s     Checking `Expect predicate `existsNoRetry == 1` for object Any (First Match)`
    t =   159.21s         Checking existence of `Any (First Match)`
    t =   159.23s         Capturing element debug description
    t =   160.19s     Checking `Expect predicate `existsNoRetry == 1` for object Any (First Match)`
    t =   160.20s         Checking existence of `Any (First Match)`
    t =   160.22s         Capturing element debug description
    t =   161.18s     Checking `Expect predicate `existsNoRetry == 1` for object Any (First Match)`
    t =   161.18s         Checking existence of `Any (First Match)`
    t =   161.20s         Capturing element debug description
    t =   162.16s     Checking `Expect predicate `existsNoRetry == 1` for object Any (First Match)`
    t =   162.17s         Checking existence of `Any (First Match)`
    t =   162.19s         Capturing element debug description
    t =   163.16s     Checking `Expect predicate `existsNoRetry == 1` for object Any (First Match)`
    t =   163.16s         Checking existence of `Any (First Match)`
    t =   163.18s         Capturing element debug description
    t =   164.25s     Checking `Expect predicate `existsNoRetry == 1` for object Any (First Match)`
    t =   164.25s         Checking existence of `Any (First Match)`
    t =   164.27s         Capturing element debug description
    t =   165.23s     Checking `Expect predicate `existsNoRetry == 1` for object Any (First Match)`
    t =   165.23s         Checking existence of `Any (First Match)`
    t =   165.25s         Capturing element debug description
    t =   166.20s     Checking `Expect predicate `existsNoRetry == 1` for object Any (First Match)`
    t =   166.20s         Checking existence of `Any (First Match)`
    t =   166.23s         Capturing element debug description
    t =   167.19s     Checking `Expect predicate `existsNoRetry == 1` for object Any (First Match)`
    t =   167.19s         Checking existence of `Any (First Match)`
    t =   167.21s         Capturing element debug description
    t =   168.24s     Checking `Expect predicate `existsNoRetry == 1` for object Any (First Match)`
    t =   168.24s         Checking existence of `Any (First Match)`
    t =   168.26s         Capturing element debug description
    t =   169.17s     Checking `Expect predicate `existsNoRetry == 1` for object Any (First Match)`
    t =   169.17s         Checking existence of `Any (First Match)`
    t =   169.19s         Capturing element debug description
    t =   170.20s     Checking `Expect predicate `existsNoRetry == 1` for object Any (First Match)`
    t =   170.20s         Checking existence of `Any (First Match)`
    t =   170.22s         Capturing element debug description
    t =   171.23s     Checking `Expect predicate `existsNoRetry == 1` for object Any (First Match)`
    t =   171.23s         Checking existence of `Any (First Match)`
    t =   171.25s         Capturing element debug description
    t =   172.16s     Checking `Expect predicate `existsNoRetry == 1` for object Any (First Match)`
    t =   172.16s         Checking existence of `Any (First Match)`
    t =   172.18s         Capturing element debug description
    t =   173.19s     Checking `Expect predicate `existsNoRetry == 1` for object Any (First Match)`
    t =   173.19s         Checking existence of `Any (First Match)`
    t =   173.21s         Capturing element debug description
    t =   174.21s     Checking `Expect predicate `existsNoRetry == 1` for object Any (First Match)`
    t =   174.22s         Checking existence of `Any (First Match)`
    t =   174.23s         Capturing element debug description
    t =   175.24s     Checking `Expect predicate `existsNoRetry == 1` for object Any (First Match)`
    t =   175.24s         Checking existence of `Any (First Match)`
    t =   175.26s         Capturing element debug description
    t =   176.16s     Checking `Expect predicate `existsNoRetry == 1` for object Any (First Match)`
    t =   176.16s         Checking existence of `Any (First Match)`
    t =   176.17s         Capturing element debug description
    t =   177.18s     Checking `Expect predicate `existsNoRetry == 1` for object Any (First Match)`
    t =   177.18s         Checking existence of `Any (First Match)`
    t =   177.20s         Capturing element debug description
    t =   178.21s     Checking `Expect predicate `existsNoRetry == 1` for object Any (First Match)`
    t =   178.21s         Checking existence of `Any (First Match)`
    t =   178.23s         Capturing element debug description
    t =   179.24s     Checking `Expect predicate `existsNoRetry == 1` for object Any (First Match)`
    t =   179.24s         Checking existence of `Any (First Match)`
    t =   179.26s         Capturing element debug description
    t =   180.16s     Checking `Expect predicate `existsNoRetry == 1` for object Any (First Match)`
    t =   180.17s         Checking existence of `Any (First Match)`
    t =   180.18s         Capturing element debug description
    t =   181.19s     Checking `Expect predicate `existsNoRetry == 1` for object Any (First Match)`
    t =   181.19s         Checking existence of `Any (First Match)`
    t =   181.22s         Capturing element debug description
    t =   182.22s     Checking `Expect predicate `existsNoRetry == 1` for object Any (First Match)`
    t =   182.22s         Checking existence of `Any (First Match)`
    t =   182.24s         Capturing element debug description
    t =   183.25s     Checking `Expect predicate `existsNoRetry == 1` for object Any (First Match)`
    t =   183.25s         Checking existence of `Any (First Match)`
    t =   183.27s         Capturing element debug description
    t =   184.22s     Checking `Expect predicate `existsNoRetry == 1` for object Any (First Match)`
    t =   184.22s         Checking existence of `Any (First Match)`
    t =   184.25s         Capturing element debug description
    t =   185.20s     Checking `Expect predicate `existsNoRetry == 1` for object Any (First Match)`
    t =   185.20s         Checking existence of `Any (First Match)`
    t =   185.22s         Capturing element debug description
    t =   186.19s     Checking `Expect predicate `existsNoRetry == 1` for object Any (First Match)`
    t =   186.19s         Checking existence of `Any (First Match)`
    t =   186.20s         Capturing element debug description
    t =   187.16s     Checking `Expect predicate `existsNoRetry == 1` for object Any (First Match)`
    t =   187.16s         Checking existence of `Any (First Match)`
    t =   187.18s         Capturing element debug description
    t =   188.24s     Checking `Expect predicate `existsNoRetry == 1` for object Any (First Match)`
    t =   188.25s         Checking existence of `Any (First Match)`
    t =   188.27s         Capturing element debug description
    t =   189.23s     Checking `Expect predicate `existsNoRetry == 1` for object Any (First Match)`
    t =   189.23s         Checking existence of `Any (First Match)`
    t =   189.26s         Capturing element debug description
    t =   190.22s     Checking `Expect predicate `existsNoRetry == 1` for object Any (First Match)`
    t =   190.22s         Checking existence of `Any (First Match)`
    t =   190.25s         Capturing element debug description
    t =   191.21s     Checking `Expect predicate `existsNoRetry == 1` for object Any (First Match)`
    t =   191.21s         Checking existence of `Any (First Match)`
    t =   191.23s         Capturing element debug description
    t =   192.19s     Checking `Expect predicate `existsNoRetry == 1` for object Any (First Match)`
    t =   192.19s         Checking existence of `Any (First Match)`
    t =   192.21s         Capturing element debug description
    t =   193.18s     Checking `Expect predicate `existsNoRetry == 1` for object Any (First Match)`
    t =   193.18s         Checking existence of `Any (First Match)`
    t =   193.20s         Capturing element debug description
    t =   194.16s     Checking `Expect predicate `existsNoRetry == 1` for object Any (First Match)`
    t =   194.17s         Checking existence of `Any (First Match)`
    t =   194.19s         Capturing element debug description
    t =   195.16s     Checking `Expect predicate `existsNoRetry == 1` for object Any (First Match)`
    t =   195.16s         Checking existence of `Any (First Match)`
    t =   195.19s         Capturing element debug description
    t =   196.25s     Checking `Expect predicate `existsNoRetry == 1` for object Any (First Match)`
    t =   196.25s         Checking existence of `Any (First Match)`
    t =   196.28s         Capturing element debug description
    t =   197.24s     Checking `Expect predicate `existsNoRetry == 1` for object Any (First Match)`
    t =   197.24s         Checking existence of `Any (First Match)`
    t =   197.26s         Capturing element debug description
    t =   198.20s     Checking `Expect predicate `existsNoRetry == 1` for object Any (First Match)`
    t =   198.20s         Checking existence of `Any (First Match)`
    t =   198.23s         Capturing element debug description
    t =   199.19s     Checking `Expect predicate `existsNoRetry == 1` for object Any (First Match)`
    t =   199.19s         Checking existence of `Any (First Match)`
    t =   199.21s         Capturing element debug description
    t =   200.18s     Checking `Expect predicate `existsNoRetry == 1` for object Any (First Match)`
    t =   200.18s         Checking existence of `Any (First Match)`
    t =   200.20s         Capturing element debug description
    t =   201.16s     Checking `Expect predicate `existsNoRetry == 1` for object Any (First Match)`
    t =   201.17s         Checking existence of `Any (First Match)`
    t =   201.19s         Capturing element debug description
    t =   202.16s     Checking `Expect predicate `existsNoRetry == 1` for object Any (First Match)`
    t =   202.16s         Checking existence of `Any (First Match)`
    t =   202.18s         Capturing element debug description
    t =   202.18s     Checking existence of `Any (First Match)`
    t =   202.19s Collecting debug information to assist test failure triage
    t =   202.19s     Requesting snapshot of accessibility hierarchy for app with pid 44826
    t =   202.22s Checking existence of `Any (First Match)`
    t =   202.23s Checking existence of `Any (First Match)`
    t =   202.23s Checking existence of `Any (First Match)`
    t =   202.24s Find the Any (First Match)
STEP[202s]: iter 1: done
    t =   202.25s Terminate com.nstudio.expobenchmark:44826
STEP[203s]: iter 2: launch com.nstudio.expobenchmark
    t =   203.34s Open com.nstudio.expobenchmark
    t =   203.34s     Launch com.nstudio.expobenchmark
    t =   203.45s         Setting up automation session
    t =   203.98s         Wait for com.nstudio.expobenchmark to idle
    t =   205.10s Checking existence of `"Health" Button`
    t =   205.13s Waiting 20.0s for Any (First Match) to exist
    t =   206.20s     Checking `Expect predicate `existsNoRetry == 1` for object Any (First Match)`
    t =   206.20s         Checking existence of `Any (First Match)`
STEP[206s]: iter 2: nav Health
    t =   206.23s Checking existence of `"Health" Button`
    t =   206.24s Tap Any (First Match)
    t =   206.24s     Wait for com.nstudio.expobenchmark to idle
    t =   206.24s     Find the Any (First Match)
    t =   206.25s     Check for interrupting elements affecting "Health" Other
    t =   206.27s     Synthesize event
    t =   206.57s     Wait for com.nstudio.expobenchmark to idle
    t =   207.37s Waiting 10.0s for Any (First Match) to exist
    t =   208.44s     Checking `Expect predicate `existsNoRetry == 1` for object Any (First Match)`
    t =   208.44s         Checking existence of `Any (First Match)`
    t =   208.46s         Capturing element debug description
    t =   209.43s     Checking `Expect predicate `existsNoRetry == 1` for object Any (First Match)`
    t =   209.43s         Checking existence of `Any (First Match)`
    t =   209.46s         Capturing element debug description
    t =   210.42s     Checking `Expect predicate `existsNoRetry == 1` for object Any (First Match)`
    t =   210.42s         Checking existence of `Any (First Match)`
    t =   210.44s         Capturing element debug description
    t =   211.41s     Checking `Expect predicate `existsNoRetry == 1` for object Any (First Match)`
    t =   211.41s         Checking existence of `Any (First Match)`
    t =   211.43s         Capturing element debug description
    t =   212.39s     Checking `Expect predicate `existsNoRetry == 1` for object Any (First Match)`
    t =   212.39s         Checking existence of `Any (First Match)`
    t =   212.41s         Capturing element debug description
    t =   213.47s     Checking `Expect predicate `existsNoRetry == 1` for object Any (First Match)`
    t =   213.47s         Checking existence of `Any (First Match)`
    t =   213.49s         Capturing element debug description
    t =   214.45s     Checking `Expect predicate `existsNoRetry == 1` for object Any (First Match)`
    t =   214.45s         Checking existence of `Any (First Match)`
    t =   214.48s         Capturing element debug description
    t =   215.42s     Checking `Expect predicate `existsNoRetry == 1` for object Any (First Match)`
    t =   215.42s         Checking existence of `Any (First Match)`
    t =   215.45s         Capturing element debug description
    t =   216.41s     Checking `Expect predicate `existsNoRetry == 1` for object Any (First Match)`
    t =   216.41s         Checking existence of `Any (First Match)`
    t =   216.43s         Capturing element debug description
    t =   217.38s     Checking `Expect predicate `existsNoRetry == 1` for object Any (First Match)`
    t =   217.38s         Checking existence of `Any (First Match)`
    t =   217.40s         Capturing element debug description
    t =   217.40s     Checking existence of `Any (First Match)`
    t =   217.42s Collecting debug information to assist test failure triage
    t =   217.42s     Requesting snapshot of accessibility hierarchy for app with pid 44882
    t =   217.44s Checking existence of `Any (First Match)`
    t =   217.45s Checking existence of `Any (First Match)`
    t =   217.46s Waiting 15.0s for Any (First Match) to exist
    t =   218.52s     Checking `Expect predicate `existsNoRetry == 1` for object Any (First Match)`
    t =   218.52s         Checking existence of `Any (First Match)`
    t =   218.55s         Capturing element debug description
    t =   219.51s     Checking `Expect predicate `existsNoRetry == 1` for object Any (First Match)`
    t =   219.52s         Checking existence of `Any (First Match)`
    t =   219.54s         Capturing element debug description
    t =   220.50s     Checking `Expect predicate `existsNoRetry == 1` for object Any (First Match)`
    t =   220.50s         Checking existence of `Any (First Match)`
    t =   220.52s         Capturing element debug description
    t =   221.49s     Checking `Expect predicate `existsNoRetry == 1` for object Any (First Match)`
    t =   221.49s         Checking existence of `Any (First Match)`
    t =   221.51s         Capturing element debug description
    t =   222.48s     Checking `Expect predicate `existsNoRetry == 1` for object Any (First Match)`
    t =   222.48s         Checking existence of `Any (First Match)`
    t =   222.50s         Capturing element debug description
    t =   223.47s     Checking `Expect predicate `existsNoRetry == 1` for object Any (First Match)`
    t =   223.47s         Checking existence of `Any (First Match)`
    t =   223.49s         Capturing element debug description
    t =   224.56s     Checking `Expect predicate `existsNoRetry == 1` for object Any (First Match)`
    t =   224.56s         Checking existence of `Any (First Match)`
    t =   224.58s         Capturing element debug description
    t =   225.54s     Checking `Expect predicate `existsNoRetry == 1` for object Any (First Match)`
    t =   225.54s         Checking existence of `Any (First Match)`
    t =   225.56s         Capturing element debug description
    t =   226.53s     Checking `Expect predicate `existsNoRetry == 1` for object Any (First Match)`
    t =   226.53s         Checking existence of `Any (First Match)`
    t =   226.55s         Capturing element debug description
    t =   227.52s     Checking `Expect predicate `existsNoRetry == 1` for object Any (First Match)`
    t =   227.52s         Checking existence of `Any (First Match)`
    t =   227.55s         Capturing element debug description
    t =   228.52s     Checking `Expect predicate `existsNoRetry == 1` for object Any (First Match)`
    t =   228.52s         Checking existence of `Any (First Match)`
    t =   228.54s         Capturing element debug description
    t =   229.51s     Checking `Expect predicate `existsNoRetry == 1` for object Any (First Match)`
    t =   229.51s         Checking existence of `Any (First Match)`
    t =   229.53s         Capturing element debug description
    t =   230.50s     Checking `Expect predicate `existsNoRetry == 1` for object Any (First Match)`
    t =   230.50s         Checking existence of `Any (First Match)`
    t =   230.53s         Capturing element debug description
    t =   231.50s     Checking `Expect predicate `existsNoRetry == 1` for object Any (First Match)`
    t =   231.50s         Checking existence of `Any (First Match)`
    t =   231.52s         Capturing element debug description
    t =   232.47s     Checking `Expect predicate `existsNoRetry == 1` for object Any (First Match)`
    t =   232.47s         Checking existence of `Any (First Match)`
    t =   232.50s         Capturing element debug description
    t =   232.50s     Checking existence of `Any (First Match)`
    t =   232.51s Collecting debug information to assist test failure triage
    t =   232.51s     Requesting snapshot of accessibility hierarchy for app with pid 44882
    t =   232.53s Checking existence of `Any (First Match)`
    t =   232.54s Checking existence of `"Log 500 Steps" Button`
    t =   232.56s Checking existence of `Any (First Match)`
    t =   232.56s Find the Any (First Match)
STEP[232s]: iter 2: log 500
    t =   232.58s Tap "Log 500 Steps" Other
    t =   232.58s     Wait for com.nstudio.expobenchmark to idle
    t =   232.58s     Find the "Log 500 Steps" Other
    t =   232.60s     Check for interrupting elements affecting "Log 500 Steps" Other
    t =   232.62s     Synthesize event
    t =   232.92s     Wait for com.nstudio.expobenchmark to idle
    t =   232.92s Checking existence of `Any (First Match)`
    t =   233.00s Checking existence of `Any (First Match)`
    t =   233.07s Checking existence of `Any (First Match)`
    t =   233.15s Checking existence of `Any (First Match)`
    t =   233.23s Checking existence of `Any (First Match)`
    t =   233.31s Checking existence of `Any (First Match)`
    t =   233.38s Checking existence of `Any (First Match)`
    t =   233.45s Checking existence of `Any (First Match)`
    t =   233.53s Checking existence of `Any (First Match)`
    t =   233.60s Checking existence of `Any (First Match)`
    t =   233.67s Checking existence of `Any (First Match)`
    t =   233.75s Checking existence of `Any (First Match)`
    t =   233.83s Checking existence of `Any (First Match)`
    t =   233.91s Checking existence of `Any (First Match)`
    t =   233.99s Checking existence of `Any (First Match)`
    t =   234.07s Checking existence of `Any (First Match)`
    t =   234.14s Checking existence of `Any (First Match)`
    t =   234.22s Checking existence of `Any (First Match)`
    t =   234.30s Checking existence of `Any (First Match)`
    t =   234.38s Checking existence of `Any (First Match)`
    t =   234.45s Checking existence of `Any (First Match)`
    t =   234.53s Checking existence of `Any (First Match)`
    t =   234.61s Checking existence of `Any (First Match)`
    t =   234.68s Checking existence of `Any (First Match)`
    t =   234.76s Checking existence of `Any (First Match)`
    t =   234.84s Checking existence of `Any (First Match)`
    t =   234.92s Checking existence of `Any (First Match)`
    t =   234.99s Checking existence of `Any (First Match)`
    t =   235.07s Checking existence of `Any (First Match)`
    t =   235.15s Checking existence of `Any (First Match)`
    t =   235.23s Checking existence of `Any (First Match)`
    t =   235.31s Checking existence of `Any (First Match)`
    t =   235.39s Checking existence of `Any (First Match)`
    t =   235.47s Checking existence of `Any (First Match)`
    t =   235.55s Checking existence of `Any (First Match)`
    t =   235.62s Checking existence of `Any (First Match)`
    t =   235.70s Checking existence of `Any (First Match)`
    t =   235.78s Checking existence of `Any (First Match)`
    t =   235.86s Checking existence of `Any (First Match)`
    t =   235.93s Checking existence of `Any (First Match)`
    t =   236.01s Checking existence of `Any (First Match)`
    t =   236.09s Checking existence of `Any (First Match)`
    t =   236.17s Checking existence of `Any (First Match)`
    t =   236.24s Checking existence of `Any (First Match)`
    t =   236.32s Checking existence of `Any (First Match)`
    t =   236.39s Checking existence of `Any (First Match)`
    t =   236.47s Checking existence of `Any (First Match)`
    t =   236.55s Checking existence of `Any (First Match)`
    t =   236.62s Checking existence of `Any (First Match)`
    t =   236.69s Checking existence of `Any (First Match)`
    t =   236.77s Checking existence of `Any (First Match)`
    t =   236.84s Checking existence of `Any (First Match)`
    t =   236.92s Checking existence of `Any (First Match)`
    t =   237.00s Checking existence of `Any (First Match)`
    t =   237.08s Checking existence of `Any (First Match)`
    t =   237.15s Checking existence of `Any (First Match)`
    t =   237.22s Checking existence of `Any (First Match)`
    t =   237.29s Checking existence of `Any (First Match)`
    t =   237.36s Checking existence of `Any (First Match)`
    t =   237.44s Checking existence of `Any (First Match)`
    t =   237.51s Checking existence of `Any (First Match)`
    t =   237.58s Checking existence of `Any (First Match)`
    t =   237.65s Checking existence of `Any (First Match)`
    t =   237.73s Checking existence of `Any (First Match)`
    t =   237.80s Checking existence of `Any (First Match)`
    t =   237.88s Checking existence of `Any (First Match)`
    t =   237.96s Checking existence of `Any (First Match)`
    t =   238.03s Checking existence of `Any (First Match)`
    t =   238.11s Checking existence of `Any (First Match)`
    t =   238.19s Checking existence of `Any (First Match)`
    t =   238.26s Checking existence of `Any (First Match)`
    t =   238.33s Checking existence of `Any (First Match)`
    t =   238.41s Checking existence of `Any (First Match)`
    t =   238.49s Checking existence of `Any (First Match)`
    t =   238.56s Checking existence of `Any (First Match)`
    t =   238.64s Checking existence of `Any (First Match)`
    t =   238.72s Checking existence of `Any (First Match)`
    t =   238.80s Checking existence of `Any (First Match)`
    t =   238.88s Checking existence of `Any (First Match)`
    t =   238.96s Checking existence of `Any (First Match)`
    t =   239.03s Checking existence of `Any (First Match)`
    t =   239.11s Checking existence of `Any (First Match)`
    t =   239.19s Checking existence of `Any (First Match)`
    t =   239.26s Checking existence of `Any (First Match)`
    t =   239.35s Checking existence of `Any (First Match)`
    t =   239.42s Checking existence of `Any (First Match)`
    t =   239.50s Checking existence of `Any (First Match)`
    t =   239.58s Checking existence of `Any (First Match)`
    t =   239.66s Checking existence of `Any (First Match)`
    t =   239.73s Checking existence of `Any (First Match)`
    t =   239.80s Checking existence of `Any (First Match)`
    t =   239.88s Checking existence of `Any (First Match)`
    t =   239.96s Checking existence of `Any (First Match)`
    t =   240.03s Checking existence of `Any (First Match)`
    t =   240.11s Checking existence of `Any (First Match)`
    t =   240.19s Checking existence of `Any (First Match)`
    t =   240.26s Checking existence of `Any (First Match)`
    t =   240.34s Checking existence of `Any (First Match)`
    t =   240.42s Checking existence of `Any (First Match)`
    t =   240.49s Checking existence of `Any (First Match)`
    t =   240.57s Checking existence of `Any (First Match)`
    t =   240.64s Checking existence of `Any (First Match)`
    t =   240.72s Checking existence of `Any (First Match)`
    t =   240.80s Checking existence of `Any (First Match)`
    t =   240.88s Checking existence of `Any (First Match)`
    t =   240.96s Checking existence of `Any (First Match)`
    t =   241.03s Checking existence of `Any (First Match)`
    t =   241.11s Checking existence of `Any (First Match)`
    t =   241.19s Checking existence of `Any (First Match)`
    t =   241.26s Checking existence of `Any (First Match)`
    t =   241.34s Checking existence of `Any (First Match)`
    t =   241.42s Checking existence of `Any (First Match)`
    t =   241.50s Checking existence of `Any (First Match)`
    t =   241.58s Checking existence of `Any (First Match)`
    t =   241.65s Checking existence of `Any (First Match)`
    t =   241.73s Checking existence of `Any (First Match)`
    t =   241.81s Checking existence of `Any (First Match)`
    t =   241.89s Checking existence of `Any (First Match)`
    t =   241.96s Checking existence of `Any (First Match)`
    t =   242.04s Checking existence of `Any (First Match)`
    t =   242.12s Checking existence of `Any (First Match)`
    t =   242.20s Checking existence of `Any (First Match)`
    t =   242.27s Checking existence of `Any (First Match)`
    t =   242.35s Checking existence of `Any (First Match)`
    t =   242.43s Checking existence of `Any (First Match)`
    t =   242.50s Checking existence of `Any (First Match)`
    t =   242.58s Checking existence of `Any (First Match)`
    t =   242.66s Checking existence of `Any (First Match)`
    t =   242.74s Checking existence of `Any (First Match)`
    t =   242.82s Checking existence of `Any (First Match)`
    t =   242.90s Checking existence of `Any (First Match)`
    t =   242.98s Checking existence of `Any (First Match)`
    t =   243.06s Checking existence of `Any (First Match)`
    t =   243.13s Checking existence of `Any (First Match)`
    t =   243.22s Checking existence of `Any (First Match)`
    t =   243.29s Checking existence of `Any (First Match)`
    t =   243.37s Checking existence of `Any (First Match)`
    t =   243.45s Checking existence of `Any (First Match)`
    t =   243.53s Checking existence of `Any (First Match)`
    t =   243.60s Checking existence of `Any (First Match)`
    t =   243.67s Checking existence of `Any (First Match)`
    t =   243.74s Checking existence of `Any (First Match)`
    t =   243.82s Checking existence of `Any (First Match)`
    t =   243.90s Checking existence of `Any (First Match)`
    t =   243.98s Checking existence of `Any (First Match)`
    t =   244.06s Checking existence of `Any (First Match)`
    t =   244.13s Checking existence of `Any (First Match)`
    t =   244.21s Checking existence of `Any (First Match)`
    t =   244.28s Checking existence of `Any (First Match)`
    t =   244.36s Checking existence of `Any (First Match)`
    t =   244.44s Checking existence of `Any (First Match)`
    t =   244.52s Checking existence of `Any (First Match)`
    t =   244.59s Checking existence of `Any (First Match)`
    t =   244.67s Checking existence of `Any (First Match)`
    t =   244.75s Checking existence of `Any (First Match)`
    t =   244.83s Checking existence of `Any (First Match)`
    t =   244.90s Checking existence of `Any (First Match)`
    t =   244.98s Checking existence of `Any (First Match)`
    t =   245.06s Checking existence of `Any (First Match)`
    t =   245.13s Checking existence of `Any (First Match)`
    t =   245.21s Checking existence of `Any (First Match)`
    t =   245.29s Checking existence of `Any (First Match)`
    t =   245.36s Checking existence of `Any (First Match)`
    t =   245.44s Checking existence of `Any (First Match)`
    t =   245.52s Checking existence of `Any (First Match)`
    t =   245.60s Checking existence of `Any (First Match)`
    t =   245.68s Checking existence of `Any (First Match)`
    t =   245.76s Checking existence of `Any (First Match)`
    t =   245.84s Checking existence of `Any (First Match)`
    t =   245.91s Checking existence of `Any (First Match)`
    t =   245.99s Checking existence of `Any (First Match)`
    t =   246.07s Checking existence of `Any (First Match)`
    t =   246.15s Checking existence of `Any (First Match)`
    t =   246.23s Checking existence of `Any (First Match)`
    t =   246.31s Checking existence of `Any (First Match)`
    t =   246.39s Checking existence of `Any (First Match)`
    t =   246.46s Checking existence of `Any (First Match)`
    t =   246.54s Checking existence of `Any (First Match)`
    t =   246.62s Checking existence of `Any (First Match)`
    t =   246.70s Checking existence of `Any (First Match)`
    t =   246.78s Checking existence of `Any (First Match)`
    t =   246.86s Checking existence of `Any (First Match)`
    t =   246.94s Checking existence of `Any (First Match)`
    t =   247.02s Checking existence of `Any (First Match)`
    t =   247.09s Checking existence of `Any (First Match)`
    t =   247.17s Checking existence of `Any (First Match)`
    t =   247.25s Checking existence of `Any (First Match)`
    t =   247.33s Checking existence of `Any (First Match)`
    t =   247.40s Checking existence of `Any (First Match)`
    t =   247.47s Checking existence of `Any (First Match)`
    t =   247.54s Checking existence of `Any (First Match)`
    t =   247.61s Checking existence of `Any (First Match)`
    t =   247.69s Checking existence of `Any (First Match)`
    t =   247.75s Checking existence of `Any (First Match)`
    t =   247.82s Checking existence of `Any (First Match)`
    t =   247.90s Checking existence of `Any (First Match)`
STEP[247s]: iter 2: go home
    t =   247.98s Checking existence of `"Transcribe" Button`
    t =   248.00s Checking existence of `"Health" Button`
    t =   248.01s Checking existence of `Any (First Match)`
    t =   248.02s Checking existence of `Button (Element at index 0)`
    t =   248.03s Find the Button (Element at index 0)
STEP[248s]: goHome: tapping candidate 0
    t =   248.05s Tap "BackButton" Button
    t =   248.05s     Wait for com.nstudio.expobenchmark to idle
    t =   248.05s     Find the "BackButton" Button
    t =   248.07s     Check for interrupting elements affecting "BackButton" Button
    t =   248.08s     Synthesize event
    t =   248.37s     Wait for com.nstudio.expobenchmark to idle
    t =   248.68s Checking existence of `"Transcribe" Button`
    t =   248.70s Waiting 3.0s for Any (First Match) to exist
    t =   249.76s     Checking `Expect predicate `existsNoRetry == 1` for object Any (First Match)`
    t =   249.76s         Checking existence of `Any (First Match)`
STEP[249s]: iter 2: nav Transcribe
    t =   249.78s Checking existence of `"Transcribe" Button`
    t =   249.79s Tap Any (First Match)
    t =   249.79s     Wait for com.nstudio.expobenchmark to idle
    t =   249.80s     Find the Any (First Match)
    t =   249.81s     Check for interrupting elements affecting "Transcribe" Other
    t =   249.83s     Synthesize event
    t =   250.13s     Wait for com.nstudio.expobenchmark to idle
    t =   250.91s Waiting 10.0s for Any (First Match) to exist
    t =   251.98s     Checking `Expect predicate `existsNoRetry == 1` for object Any (First Match)`
    t =   251.98s         Checking existence of `Any (First Match)`
    t =   252.00s Checking existence of `Any (First Match)`
    t =   252.01s Find the Any (First Match)
    t =   252.03s Checking existence of `"Speech access: granted" StaticText`
    t =   252.04s Find the "Speech access: granted" StaticText
    t =   252.05s Checking existence of `"Transcribe Sample" Button`
    t =   252.06s Checking existence of `Any (First Match)`
    t =   252.07s Find the Any (First Match)
STEP[252s]: iter 2: transcribe
    t =   252.08s Tap "Transcribe Sample" Other
    t =   252.08s     Wait for com.nstudio.expobenchmark to idle
    t =   252.09s     Find the "Transcribe Sample" Other
    t =   252.10s     Check for interrupting elements affecting "Transcribe Sample" Other
    t =   252.12s     Synthesize event
    t =   252.41s     Wait for com.nstudio.expobenchmark to idle
    t =   252.42s Waiting 45.0s for Any (First Match) to exist
    t =   253.49s     Checking `Expect predicate `existsNoRetry == 1` for object Any (First Match)`
    t =   253.49s         Checking existence of `Any (First Match)`
    t =   253.51s         Capturing element debug description
    t =   254.48s     Checking `Expect predicate `existsNoRetry == 1` for object Any (First Match)`
    t =   254.48s         Checking existence of `Any (First Match)`
    t =   254.50s         Capturing element debug description
    t =   255.46s     Checking `Expect predicate `existsNoRetry == 1` for object Any (First Match)`
    t =   255.47s         Checking existence of `Any (First Match)`
    t =   255.49s         Capturing element debug description
    t =   256.45s     Checking `Expect predicate `existsNoRetry == 1` for object Any (First Match)`
    t =   256.45s         Checking existence of `Any (First Match)`
    t =   256.47s         Capturing element debug description
    t =   257.43s     Checking `Expect predicate `existsNoRetry == 1` for object Any (First Match)`
    t =   257.43s         Checking existence of `Any (First Match)`
    t =   257.45s         Capturing element debug description
    t =   258.43s     Checking `Expect predicate `existsNoRetry == 1` for object Any (First Match)`
    t =   258.43s         Checking existence of `Any (First Match)`
    t =   258.45s         Capturing element debug description
    t =   259.43s     Checking `Expect predicate `existsNoRetry == 1` for object Any (First Match)`
    t =   259.43s         Checking existence of `Any (First Match)`
    t =   259.45s         Capturing element debug description
    t =   260.42s     Checking `Expect predicate `existsNoRetry == 1` for object Any (First Match)`
    t =   260.42s         Checking existence of `Any (First Match)`
    t =   260.45s         Capturing element debug description
    t =   261.51s     Checking `Expect predicate `existsNoRetry == 1` for object Any (First Match)`
    t =   261.51s         Checking existence of `Any (First Match)`
    t =   261.53s         Capturing element debug description
    t =   262.49s     Checking `Expect predicate `existsNoRetry == 1` for object Any (First Match)`
    t =   262.49s         Checking existence of `Any (First Match)`
    t =   262.51s         Capturing element debug description
    t =   263.44s     Checking `Expect predicate `existsNoRetry == 1` for object Any (First Match)`
    t =   263.44s         Checking existence of `Any (First Match)`
    t =   263.46s         Capturing element debug description
    t =   264.47s     Checking `Expect predicate `existsNoRetry == 1` for object Any (First Match)`
    t =   264.47s         Checking existence of `Any (First Match)`
    t =   264.49s         Capturing element debug description
    t =   265.50s     Checking `Expect predicate `existsNoRetry == 1` for object Any (First Match)`
    t =   265.50s         Checking existence of `Any (First Match)`
    t =   265.52s         Capturing element debug description
    t =   266.43s     Checking `Expect predicate `existsNoRetry == 1` for object Any (First Match)`
    t =   266.43s         Checking existence of `Any (First Match)`
    t =   266.45s         Capturing element debug description
    t =   267.46s     Checking `Expect predicate `existsNoRetry == 1` for object Any (First Match)`
    t =   267.46s         Checking existence of `Any (First Match)`
    t =   267.48s         Capturing element debug description
    t =   268.48s     Checking `Expect predicate `existsNoRetry == 1` for object Any (First Match)`
    t =   268.49s         Checking existence of `Any (First Match)`
    t =   268.51s         Capturing element debug description
    t =   269.51s     Checking `Expect predicate `existsNoRetry == 1` for object Any (First Match)`
    t =   269.52s         Checking existence of `Any (First Match)`
    t =   269.54s         Capturing element debug description
    t =   270.44s     Checking `Expect predicate `existsNoRetry == 1` for object Any (First Match)`
    t =   270.44s         Checking existence of `Any (First Match)`
    t =   270.46s         Capturing element debug description
    t =   271.47s     Checking `Expect predicate `existsNoRetry == 1` for object Any (First Match)`
    t =   271.47s         Checking existence of `Any (First Match)`
    t =   271.49s         Capturing element debug description
    t =   272.50s     Checking `Expect predicate `existsNoRetry == 1` for object Any (First Match)`
    t =   272.50s         Checking existence of `Any (First Match)`
    t =   272.52s         Capturing element debug description
    t =   273.43s     Checking `Expect predicate `existsNoRetry == 1` for object Any (First Match)`
    t =   273.43s         Checking existence of `Any (First Match)`
    t =   273.45s         Capturing element debug description
    t =   274.46s     Checking `Expect predicate `existsNoRetry == 1` for object Any (First Match)`
    t =   274.46s         Checking existence of `Any (First Match)`
    t =   274.48s         Capturing element debug description
    t =   275.48s     Checking `Expect predicate `existsNoRetry == 1` for object Any (First Match)`
    t =   275.49s         Checking existence of `Any (First Match)`
    t =   275.51s         Capturing element debug description
    t =   276.51s     Checking `Expect predicate `existsNoRetry == 1` for object Any (First Match)`
    t =   276.51s         Checking existence of `Any (First Match)`
    t =   276.53s         Capturing element debug description
    t =   277.44s     Checking `Expect predicate `existsNoRetry == 1` for object Any (First Match)`
    t =   277.44s         Checking existence of `Any (First Match)`
    t =   277.46s         Capturing element debug description
    t =   278.47s     Checking `Expect predicate `existsNoRetry == 1` for object Any (First Match)`
    t =   278.47s         Checking existence of `Any (First Match)`
    t =   278.49s         Capturing element debug description
    t =   279.44s     Checking `Expect predicate `existsNoRetry == 1` for object Any (First Match)`
    t =   279.44s         Checking existence of `Any (First Match)`
    t =   279.46s         Capturing element debug description
    t =   280.51s     Checking `Expect predicate `existsNoRetry == 1` for object Any (First Match)`
    t =   280.51s         Checking existence of `Any (First Match)`
    t =   280.53s         Capturing element debug description
    t =   281.49s     Checking `Expect predicate `existsNoRetry == 1` for object Any (First Match)`
    t =   281.49s         Checking existence of `Any (First Match)`
    t =   281.52s         Capturing element debug description
    t =   282.47s     Checking `Expect predicate `existsNoRetry == 1` for object Any (First Match)`
    t =   282.47s         Checking existence of `Any (First Match)`
    t =   282.49s         Capturing element debug description
    t =   283.45s     Checking `Expect predicate `existsNoRetry == 1` for object Any (First Match)`
    t =   283.45s         Checking existence of `Any (First Match)`
    t =   283.48s         Capturing element debug description
    t =   284.43s     Checking `Expect predicate `existsNoRetry == 1` for object Any (First Match)`
    t =   284.44s         Checking existence of `Any (First Match)`
    t =   284.46s         Capturing element debug description
    t =   285.43s     Checking `Expect predicate `existsNoRetry == 1` for object Any (First Match)`
    t =   285.43s         Checking existence of `Any (First Match)`
    t =   285.45s         Capturing element debug description
    t =   286.42s     Checking `Expect predicate `existsNoRetry == 1` for object Any (First Match)`
    t =   286.42s         Checking existence of `Any (First Match)`
    t =   286.44s         Capturing element debug description
    t =   287.51s     Checking `Expect predicate `existsNoRetry == 1` for object Any (First Match)`
    t =   287.51s         Checking existence of `Any (First Match)`
    t =   287.53s         Capturing element debug description
    t =   288.49s     Checking `Expect predicate `existsNoRetry == 1` for object Any (First Match)`
    t =   288.49s         Checking existence of `Any (First Match)`
    t =   288.51s         Capturing element debug description
    t =   289.48s     Checking `Expect predicate `existsNoRetry == 1` for object Any (First Match)`
    t =   289.48s         Checking existence of `Any (First Match)`
    t =   289.50s         Capturing element debug description
    t =   290.46s     Checking `Expect predicate `existsNoRetry == 1` for object Any (First Match)`
    t =   290.46s         Checking existence of `Any (First Match)`
    t =   290.49s         Capturing element debug description
    t =   291.49s     Checking `Expect predicate `existsNoRetry == 1` for object Any (First Match)`
    t =   291.49s         Checking existence of `Any (First Match)`
    t =   291.51s         Capturing element debug description
    t =   292.47s     Checking `Expect predicate `existsNoRetry == 1` for object Any (First Match)`
    t =   292.47s         Checking existence of `Any (First Match)`
    t =   292.50s         Capturing element debug description
    t =   293.44s     Checking `Expect predicate `existsNoRetry == 1` for object Any (First Match)`
    t =   293.44s         Checking existence of `Any (First Match)`
    t =   293.46s         Capturing element debug description
    t =   294.43s     Checking `Expect predicate `existsNoRetry == 1` for object Any (First Match)`
    t =   294.43s         Checking existence of `Any (First Match)`
    t =   294.45s         Capturing element debug description
    t =   295.42s     Checking `Expect predicate `existsNoRetry == 1` for object Any (First Match)`
    t =   295.42s         Checking existence of `Any (First Match)`
    t =   295.44s         Capturing element debug description
    t =   296.51s     Checking `Expect predicate `existsNoRetry == 1` for object Any (First Match)`
    t =   296.51s         Checking existence of `Any (First Match)`
    t =   296.53s         Capturing element debug description
    t =   297.43s     Checking `Expect predicate `existsNoRetry == 1` for object Any (First Match)`
    t =   297.44s         Checking existence of `Any (First Match)`
    t =   297.46s         Capturing element debug description
    t =   297.46s     Checking existence of `Any (First Match)`
    t =   297.47s Collecting debug information to assist test failure triage
    t =   297.47s     Requesting snapshot of accessibility hierarchy for app with pid 44882
    t =   297.49s Checking existence of `Any (First Match)`
    t =   297.50s Checking existence of `Any (First Match)`
    t =   297.51s Checking existence of `Any (First Match)`
    t =   297.52s Find the Any (First Match)
STEP[297s]: iter 2: done
    t =   297.53s Terminate com.nstudio.expobenchmark:44882
PERFJSON:{"runs":[{"error_hk_log":true,"iter":0,"nav_health_ms":2255,"nav_transcribe_ms":2236,"health_granted":false,"speech_granted":true,"speech_state":"init_or_task_failed: UnexpectedException: Failed to initialize recognizer (at ExpoModulesCore\/ConcurrentFunctionDefinition.swift:90)"},{"nav_transcribe_ms":2217,"iter":1,"error_nav_health":true,"error_hk_log":true,"speech_granted":true,"health_granted":false,"speech_state":"init_or_task_failed: UnexpectedException: Failed to initialize recognizer (at ExpoModulesCore\/ConcurrentFunctionDefinition.swift:90)"},{"health_granted":false,"iter":2,"nav_transcribe_ms":2215,"error_hk_log":true,"speech_state":"init_or_task_failed: UnexpectedException: Failed to initialize recognizer (at ExpoModulesCore\/ConcurrentFunctionDefinition.swift:90)","speech_granted":true,"error_nav_health":true}],"bundle_id":"com.nstudio.expobenchmark"}
    t =   298.62s Tear Down
Test Case '-[UIDriverUITests.FeatureLatencyTests testFeatureLatencies]' passed (298.709 seconds).
Test Suite 'FeatureLatencyTests' passed at 2026-08-01 20:06:35.934.
	 Executed 1 test, with 0 failures (0 unexpected) in 298.709 (298.710) seconds
Test Suite 'InteropCaptureTests' started at 2026-08-01 20:06:35.934.
Test Case '-[UIDriverUITests.InteropCaptureTests testCaptureInteropResults]' started.
    t =     0.00s Start Test at 2026-08-01 20:06:35.936
    t =     0.01s Set Up
    t =     0.01s Open com.nstudio.expobenchmark
    t =     0.02s     Launch com.nstudio.expobenchmark
    t =     0.12s         Setting up automation session
    t =     0.64s         Wait for com.nstudio.expobenchmark to idle
    t =     1.77s Waiting 240.0s for Any (First Match) to exist
    t =     2.85s     Checking `Expect predicate `existsNoRetry == 1` for object Any (First Match)`
    t =     2.85s         Checking existence of `Any (First Match)`
    t =     2.88s         Capturing element debug description
    t =     3.83s     Checking `Expect predicate `existsNoRetry == 1` for object Any (First Match)`
    t =     3.84s         Checking existence of `Any (First Match)`
    t =     3.85s         Capturing element debug description
    t =     4.81s     Checking `Expect predicate `existsNoRetry == 1` for object Any (First Match)`
    t =     4.81s         Checking existence of `Any (First Match)`
    t =     4.83s         Capturing element debug description
    t =     5.79s     Checking `Expect predicate `existsNoRetry == 1` for object Any (First Match)`
    t =     5.79s         Checking existence of `Any (First Match)`
    t =     5.81s         Capturing element debug description
    t =     6.78s     Checking `Expect predicate `existsNoRetry == 1` for object Any (First Match)`
    t =     6.78s         Checking existence of `Any (First Match)`
    t =     6.80s         Capturing element debug description
    t =     7.86s     Checking `Expect predicate `existsNoRetry == 1` for object Any (First Match)`
    t =     7.87s         Checking existence of `Any (First Match)`
    t =     7.88s         Capturing element debug description
    t =     8.84s     Checking `Expect predicate `existsNoRetry == 1` for object Any (First Match)`
    t =     8.84s         Checking existence of `Any (First Match)`
    t =     8.86s         Capturing element debug description
    t =     9.80s     Checking `Expect predicate `existsNoRetry == 1` for object Any (First Match)`
    t =     9.80s         Checking existence of `Any (First Match)`
    t =     9.81s         Capturing element debug description
    t =    10.78s     Checking `Expect predicate `existsNoRetry == 1` for object Any (First Match)`
    t =    10.78s         Checking existence of `Any (First Match)`
    t =    10.79s         Capturing element debug description
    t =    11.84s     Checking `Expect predicate `existsNoRetry == 1` for object Any (First Match)`
    t =    11.84s         Checking existence of `Any (First Match)`
    t =    11.86s         Capturing element debug description
    t =    12.82s     Checking `Expect predicate `existsNoRetry == 1` for object Any (First Match)`
    t =    12.82s         Checking existence of `Any (First Match)`
    t =    12.84s         Capturing element debug description
    t =    13.79s     Checking `Expect predicate `existsNoRetry == 1` for object Any (First Match)`
    t =    13.79s         Checking existence of `Any (First Match)`
    t =    13.81s         Capturing element debug description
    t =    14.78s     Checking `Expect predicate `existsNoRetry == 1` for object Any (First Match)`
    t =    14.78s         Checking existence of `Any (First Match)`
    t =    14.80s         Capturing element debug description
    t =    15.86s     Checking `Expect predicate `existsNoRetry == 1` for object Any (First Match)`
    t =    15.87s         Checking existence of `Any (First Match)`
    t =    15.88s         Capturing element debug description
    t =    16.83s     Checking `Expect predicate `existsNoRetry == 1` for object Any (First Match)`
    t =    16.84s         Checking existence of `Any (First Match)`
    t =    16.85s         Capturing element debug description
    t =    17.81s     Checking `Expect predicate `existsNoRetry == 1` for object Any (First Match)`
    t =    17.81s         Checking existence of `Any (First Match)`
    t =    17.83s         Capturing element debug description
    t =    18.78s     Checking `Expect predicate `existsNoRetry == 1` for object Any (First Match)`
    t =    18.78s         Checking existence of `Any (First Match)`
    t =    18.80s         Capturing element debug description
    t =    19.87s     Checking `Expect predicate `existsNoRetry == 1` for object Any (First Match)`
    t =    19.87s         Checking existence of `Any (First Match)`
    t =    19.89s         Capturing element debug description
    t =    20.85s     Checking `Expect predicate `existsNoRetry == 1` for object Any (First Match)`
    t =    20.85s         Checking existence of `Any (First Match)`
    t =    20.87s         Capturing element debug description
    t =    21.83s     Checking `Expect predicate `existsNoRetry == 1` for object Any (First Match)`
    t =    21.83s         Checking existence of `Any (First Match)`
    t =    21.85s         Capturing element debug description
    t =    22.81s     Checking `Expect predicate `existsNoRetry == 1` for object Any (First Match)`
    t =    22.81s         Checking existence of `Any (First Match)`
    t =    22.82s         Capturing element debug description
    t =    23.79s     Checking `Expect predicate `existsNoRetry == 1` for object Any (First Match)`
    t =    23.79s         Checking existence of `Any (First Match)`
    t =    23.81s         Capturing element debug description
    t =    24.78s     Checking `Expect predicate `existsNoRetry == 1` for object Any (First Match)`
    t =    24.78s         Checking existence of `Any (First Match)`
    t =    24.80s         Capturing element debug description
    t =    25.87s     Checking `Expect predicate `existsNoRetry == 1` for object Any (First Match)`
    t =    25.87s         Checking existence of `Any (First Match)`
    t =    25.88s         Capturing element debug description
    t =    26.84s     Checking `Expect predicate `existsNoRetry == 1` for object Any (First Match)`
    t =    26.84s         Checking existence of `Any (First Match)`
    t =    26.86s         Capturing element debug description
    t =    27.83s     Checking `Expect predicate `existsNoRetry == 1` for object Any (First Match)`
    t =    27.83s         Checking existence of `Any (First Match)`
    t =    27.85s         Capturing element debug description
    t =    28.81s     Checking `Expect predicate `existsNoRetry == 1` for object Any (First Match)`
    t =    28.81s         Checking existence of `Any (First Match)`
    t =    28.83s         Capturing element debug description
    t =    29.78s     Checking `Expect predicate `existsNoRetry == 1` for object Any (First Match)`
    t =    29.78s         Checking existence of `Any (First Match)`
    t =    29.80s         Capturing element debug description
    t =    30.86s     Checking `Expect predicate `existsNoRetry == 1` for object Any (First Match)`
    t =    30.86s         Checking existence of `Any (First Match)`
    t =    30.88s         Capturing element debug description
    t =    31.84s     Checking `Expect predicate `existsNoRetry == 1` for object Any (First Match)`
    t =    31.84s         Checking existence of `Any (First Match)`
    t =    31.86s         Capturing element debug description
    t =    32.83s     Checking `Expect predicate `existsNoRetry == 1` for object Any (First Match)`
    t =    32.83s         Checking existence of `Any (First Match)`
    t =    32.85s         Capturing element debug description
    t =    33.81s     Checking `Expect predicate `existsNoRetry == 1` for object Any (First Match)`
    t =    33.81s         Checking existence of `Any (First Match)`
    t =    33.83s         Capturing element debug description
    t =    34.79s     Checking `Expect predicate `existsNoRetry == 1` for object Any (First Match)`
    t =    34.79s         Checking existence of `Any (First Match)`
    t =    34.81s         Capturing element debug description
    t =    35.78s     Checking `Expect predicate `existsNoRetry == 1` for object Any (First Match)`
    t =    35.78s         Checking existence of `Any (First Match)`
    t =    35.80s         Capturing element debug description
    t =    36.87s     Checking `Expect predicate `existsNoRetry == 1` for object Any (First Match)`
    t =    36.87s         Checking existence of `Any (First Match)`
    t =    36.89s         Capturing element debug description
    t =    37.84s     Checking `Expect predicate `existsNoRetry == 1` for object Any (First Match)`
    t =    37.84s         Checking existence of `Any (First Match)`
    t =    37.86s         Capturing element debug description
    t =    38.82s     Checking `Expect predicate `existsNoRetry == 1` for object Any (First Match)`
    t =    38.82s         Checking existence of `Any (First Match)`
    t =    38.84s         Capturing element debug description
    t =    39.80s     Checking `Expect predicate `existsNoRetry == 1` for object Any (First Match)`
    t =    39.80s         Checking existence of `Any (First Match)`
    t =    39.82s         Capturing element debug description
    t =    40.78s     Checking `Expect predicate `existsNoRetry == 1` for object Any (First Match)`
    t =    40.78s         Checking existence of `Any (First Match)`
    t =    40.80s         Capturing element debug description
    t =    41.87s     Checking `Expect predicate `existsNoRetry == 1` for object Any (First Match)`
    t =    41.87s         Checking existence of `Any (First Match)`
    t =    41.88s         Capturing element debug description
    t =    42.85s     Checking `Expect predicate `existsNoRetry == 1` for object Any (First Match)`
    t =    42.85s         Checking existence of `Any (First Match)`
    t =    42.87s         Capturing element debug description
    t =    43.83s     Checking `Expect predicate `existsNoRetry == 1` for object Any (First Match)`
    t =    43.84s         Checking existence of `Any (First Match)`
    t =    43.85s         Capturing element debug description
    t =    44.81s     Checking `Expect predicate `existsNoRetry == 1` for object Any (First Match)`
    t =    44.81s         Checking existence of `Any (First Match)`
    t =    44.83s         Capturing element debug description
    t =    45.79s     Checking `Expect predicate `existsNoRetry == 1` for object Any (First Match)`
    t =    45.79s         Checking existence of `Any (First Match)`
    t =    45.81s         Capturing element debug description
    t =    46.78s     Checking `Expect predicate `existsNoRetry == 1` for object Any (First Match)`
    t =    46.78s         Checking existence of `Any (First Match)`
    t =    46.80s         Capturing element debug description
    t =    47.87s     Checking `Expect predicate `existsNoRetry == 1` for object Any (First Match)`
    t =    47.87s         Checking existence of `Any (First Match)`
    t =    47.88s         Capturing element debug description
    t =    48.84s     Checking `Expect predicate `existsNoRetry == 1` for object Any (First Match)`
    t =    48.84s         Checking existence of `Any (First Match)`
    t =    48.86s         Capturing element debug description
    t =    49.82s     Checking `Expect predicate `existsNoRetry == 1` for object Any (First Match)`
    t =    49.82s         Checking existence of `Any (First Match)`
    t =    49.84s         Capturing element debug description
    t =    50.80s     Checking `Expect predicate `existsNoRetry == 1` for object Any (First Match)`
    t =    50.80s         Checking existence of `Any (First Match)`
    t =    50.81s         Capturing element debug description
    t =    51.77s     Checking `Expect predicate `existsNoRetry == 1` for object Any (First Match)`
    t =    51.77s         Checking existence of `Any (First Match)`
    t =    51.79s         Capturing element debug description
    t =    52.86s     Checking `Expect predicate `existsNoRetry == 1` for object Any (First Match)`
    t =    52.86s         Checking existence of `Any (First Match)`
    t =    52.88s         Capturing element debug description
    t =    53.84s     Checking `Expect predicate `existsNoRetry == 1` for object Any (First Match)`
    t =    53.84s         Checking existence of `Any (First Match)`
    t =    53.86s         Capturing element debug description
    t =    54.82s     Checking `Expect predicate `existsNoRetry == 1` for object Any (First Match)`
    t =    54.82s         Checking existence of `Any (First Match)`
    t =    54.84s         Capturing element debug description
    t =    55.80s     Checking `Expect predicate `existsNoRetry == 1` for object Any (First Match)`
    t =    55.80s         Checking existence of `Any (First Match)`
    t =    55.81s         Capturing element debug description
    t =    56.78s     Checking `Expect predicate `existsNoRetry == 1` for object Any (First Match)`
    t =    56.78s         Checking existence of `Any (First Match)`
    t =    56.80s         Capturing element debug description
    t =    57.87s     Checking `Expect predicate `existsNoRetry == 1` for object Any (First Match)`
    t =    57.87s         Checking existence of `Any (First Match)`
    t =    57.89s         Capturing element debug description
    t =    58.85s     Checking `Expect predicate `existsNoRetry == 1` for object Any (First Match)`
    t =    58.85s         Checking existence of `Any (First Match)`
    t =    58.87s         Capturing element debug description
    t =    59.83s     Checking `Expect predicate `existsNoRetry == 1` for object Any (First Match)`
    t =    59.83s         Checking existence of `Any (First Match)`
    t =    59.84s         Capturing element debug description
    t =    60.80s     Checking `Expect predicate `existsNoRetry == 1` for object Any (First Match)`
    t =    60.80s         Checking existence of `Any (First Match)`
    t =    60.81s         Capturing element debug description
    t =    61.78s     Checking `Expect predicate `existsNoRetry == 1` for object Any (First Match)`
    t =    61.78s         Checking existence of `Any (First Match)`
    t =    61.79s         Capturing element debug description
    t =    62.86s     Checking `Expect predicate `existsNoRetry == 1` for object Any (First Match)`
    t =    62.86s         Checking existence of `Any (First Match)`
    t =    62.88s         Capturing element debug description
    t =    63.84s     Checking `Expect predicate `existsNoRetry == 1` for object Any (First Match)`
    t =    63.84s         Checking existence of `Any (First Match)`
    t =    63.86s         Capturing element debug description
    t =    64.82s     Checking `Expect predicate `existsNoRetry == 1` for object Any (First Match)`
    t =    64.82s         Checking existence of `Any (First Match)`
    t =    64.84s         Capturing element debug description
    t =    65.81s     Checking `Expect predicate `existsNoRetry == 1` for object Any (First Match)`
    t =    65.81s         Checking existence of `Any (First Match)`
    t =    65.82s         Capturing element debug description
    t =    66.79s     Checking `Expect predicate `existsNoRetry == 1` for object Any (First Match)`
    t =    66.79s         Checking existence of `Any (First Match)`
    t =    66.81s         Capturing element debug description
    t =    67.78s     Checking `Expect predicate `existsNoRetry == 1` for object Any (First Match)`
    t =    67.78s         Checking existence of `Any (First Match)`
    t =    67.80s         Capturing element debug description
    t =    68.87s     Checking `Expect predicate `existsNoRetry == 1` for object Any (First Match)`
    t =    68.87s         Checking existence of `Any (First Match)`
    t =    68.89s         Capturing element debug description
    t =    69.85s     Checking `Expect predicate `existsNoRetry == 1` for object Any (First Match)`
    t =    69.85s         Checking existence of `Any (First Match)`
    t =    69.86s         Capturing element debug description
    t =    70.83s     Checking `Expect predicate `existsNoRetry == 1` for object Any (First Match)`
    t =    70.83s         Checking existence of `Any (First Match)`
    t =    70.84s         Capturing element debug description
    t =    71.81s     Checking `Expect predicate `existsNoRetry == 1` for object Any (First Match)`
    t =    71.81s         Checking existence of `Any (First Match)`
    t =    71.83s         Capturing element debug description
    t =    72.78s     Checking `Expect predicate `existsNoRetry == 1` for object Any (First Match)`
    t =    72.78s         Checking existence of `Any (First Match)`
    t =    72.80s         Capturing element debug description
    t =    73.87s     Checking `Expect predicate `existsNoRetry == 1` for object Any (First Match)`
    t =    73.87s         Checking existence of `Any (First Match)`
    t =    73.89s         Capturing element debug description
    t =    74.85s     Checking `Expect predicate `existsNoRetry == 1` for object Any (First Match)`
    t =    74.85s         Checking existence of `Any (First Match)`
    t =    74.86s         Capturing element debug description
    t =    75.83s     Checking `Expect predicate `existsNoRetry == 1` for object Any (First Match)`
    t =    75.83s         Checking existence of `Any (First Match)`
    t =    75.84s         Capturing element debug description
    t =    76.81s     Checking `Expect predicate `existsNoRetry == 1` for object Any (First Match)`
    t =    76.81s         Checking existence of `Any (First Match)`
    t =    76.82s         Capturing element debug description
    t =    77.79s     Checking `Expect predicate `existsNoRetry == 1` for object Any (First Match)`
    t =    77.79s         Checking existence of `Any (First Match)`
    t =    77.81s         Capturing element debug description
    t =    78.78s     Checking `Expect predicate `existsNoRetry == 1` for object Any (First Match)`
    t =    78.78s         Checking existence of `Any (First Match)`
    t =    78.80s         Capturing element debug description
    t =    79.87s     Checking `Expect predicate `existsNoRetry == 1` for object Any (First Match)`
    t =    79.87s         Checking existence of `Any (First Match)`
    t =    79.88s         Capturing element debug description
    t =    80.84s     Checking `Expect predicate `existsNoRetry == 1` for object Any (First Match)`
    t =    80.84s         Checking existence of `Any (First Match)`
    t =    80.86s         Capturing element debug description
    t =    81.82s     Checking `Expect predicate `existsNoRetry == 1` for object Any (First Match)`
    t =    81.82s         Checking existence of `Any (First Match)`
    t =    81.84s         Capturing element debug description
    t =    82.80s     Checking `Expect predicate `existsNoRetry == 1` for object Any (First Match)`
    t =    82.80s         Checking existence of `Any (First Match)`
    t =    82.82s         Capturing element debug description
    t =    83.78s     Checking `Expect predicate `existsNoRetry == 1` for object Any (First Match)`
    t =    83.78s         Checking existence of `Any (First Match)`
    t =    83.80s         Capturing element debug description
    t =    84.87s     Checking `Expect predicate `existsNoRetry == 1` for object Any (First Match)`
    t =    84.87s         Checking existence of `Any (First Match)`
    t =    84.88s         Capturing element debug description
    t =    85.84s     Checking `Expect predicate `existsNoRetry == 1` for object Any (First Match)`
    t =    85.84s         Checking existence of `Any (First Match)`
    t =    85.86s         Capturing element debug description
    t =    86.82s     Checking `Expect predicate `existsNoRetry == 1` for object Any (First Match)`
    t =    86.82s         Checking existence of `Any (First Match)`
    t =    86.84s         Capturing element debug description
    t =    87.80s     Checking `Expect predicate `existsNoRetry == 1` for object Any (First Match)`
    t =    87.80s         Checking existence of `Any (First Match)`
    t =    87.82s         Capturing element debug description
    t =    88.78s     Checking `Expect predicate `existsNoRetry == 1` for object Any (First Match)`
    t =    88.78s         Checking existence of `Any (First Match)`
    t =    88.80s         Capturing element debug description
    t =    89.87s     Checking `Expect predicate `existsNoRetry == 1` for object Any (First Match)`
    t =    89.87s         Checking existence of `Any (First Match)`
    t =    89.88s         Capturing element debug description
    t =    90.84s     Checking `Expect predicate `existsNoRetry == 1` for object Any (First Match)`
    t =    90.84s         Checking existence of `Any (First Match)`
    t =    90.86s         Capturing element debug description
    t =    91.82s     Checking `Expect predicate `existsNoRetry == 1` for object Any (First Match)`
    t =    91.82s         Checking existence of `Any (First Match)`
    t =    91.84s         Capturing element debug description
    t =    92.80s     Checking `Expect predicate `existsNoRetry == 1` for object Any (First Match)`
    t =    92.80s         Checking existence of `Any (First Match)`
    t =    92.82s         Capturing element debug description
    t =    93.79s     Checking `Expect predicate `existsNoRetry == 1` for object Any (First Match)`
    t =    93.79s         Checking existence of `Any (First Match)`
    t =    93.80s         Capturing element debug description
    t =    94.77s     Checking `Expect predicate `existsNoRetry == 1` for object Any (First Match)`
    t =    94.77s         Checking existence of `Any (First Match)`
    t =    94.79s         Capturing element debug description
    t =    95.86s     Checking `Expect predicate `existsNoRetry == 1` for object Any (First Match)`
    t =    95.86s         Checking existence of `Any (First Match)`
    t =    95.88s         Capturing element debug description
    t =    96.84s     Checking `Expect predicate `existsNoRetry == 1` for object Any (First Match)`
    t =    96.84s         Checking existence of `Any (First Match)`
    t =    96.86s         Capturing element debug description
    t =    97.82s     Checking `Expect predicate `existsNoRetry == 1` for object Any (First Match)`
    t =    97.82s         Checking existence of `Any (First Match)`
    t =    97.84s         Capturing element debug description
    t =    98.80s     Checking `Expect predicate `existsNoRetry == 1` for object Any (First Match)`
    t =    98.80s         Checking existence of `Any (First Match)`
    t =    98.82s         Capturing element debug description
    t =    99.78s     Checking `Expect predicate `existsNoRetry == 1` for object Any (First Match)`
    t =    99.78s         Checking existence of `Any (First Match)`
    t =    99.80s         Capturing element debug description
    t =   100.87s     Checking `Expect predicate `existsNoRetry == 1` for object Any (First Match)`
    t =   100.87s         Checking existence of `Any (First Match)`
    t =   100.88s         Capturing element debug description
    t =   101.84s     Checking `Expect predicate `existsNoRetry == 1` for object Any (First Match)`
    t =   101.84s         Checking existence of `Any (First Match)`
    t =   101.85s         Capturing element debug description
    t =   102.82s     Checking `Expect predicate `existsNoRetry == 1` for object Any (First Match)`
    t =   102.82s         Checking existence of `Any (First Match)`
    t =   102.84s         Capturing element debug description
    t =   103.80s     Checking `Expect predicate `existsNoRetry == 1` for object Any (First Match)`
    t =   103.80s         Checking existence of `Any (First Match)`
    t =   103.81s         Capturing element debug description
    t =   104.78s     Checking `Expect predicate `existsNoRetry == 1` for object Any (First Match)`
    t =   104.78s         Checking existence of `Any (First Match)`
    t =   104.80s         Capturing element debug description
    t =   105.87s     Checking `Expect predicate `existsNoRetry == 1` for object Any (First Match)`
    t =   105.87s         Checking existence of `Any (First Match)`
    t =   105.88s         Capturing element debug description
    t =   106.84s     Checking `Expect predicate `existsNoRetry == 1` for object Any (First Match)`
    t =   106.84s         Checking existence of `Any (First Match)`
    t =   106.86s         Capturing element debug description
    t =   107.82s     Checking `Expect predicate `existsNoRetry == 1` for object Any (First Match)`
    t =   107.82s         Checking existence of `Any (First Match)`
    t =   107.84s         Capturing element debug description
    t =   108.80s     Checking `Expect predicate `existsNoRetry == 1` for object Any (First Match)`
    t =   108.81s         Checking existence of `Any (First Match)`
    t =   108.81s         Capturing element debug description
    t =   109.78s     Checking `Expect predicate `existsNoRetry == 1` for object Any (First Match)`
    t =   109.78s         Checking existence of `Any (First Match)`
    t =   109.80s         Capturing element debug description
    t =   110.77s     Checking `Expect predicate `existsNoRetry == 1` for object Any (First Match)`
    t =   110.77s         Checking existence of `Any (First Match)`
    t =   110.79s         Capturing element debug description
    t =   111.86s     Checking `Expect predicate `existsNoRetry == 1` for object Any (First Match)`
    t =   111.86s         Checking existence of `Any (First Match)`
    t =   111.87s         Capturing element debug description
    t =   112.83s     Checking `Expect predicate `existsNoRetry == 1` for object Any (First Match)`
    t =   112.83s         Checking existence of `Any (First Match)`
    t =   112.85s         Capturing element debug description
    t =   113.81s     Checking `Expect predicate `existsNoRetry == 1` for object Any (First Match)`
    t =   113.81s         Checking existence of `Any (First Match)`
    t =   113.83s         Capturing element debug description
    t =   114.79s     Checking `Expect predicate `existsNoRetry == 1` for object Any (First Match)`
    t =   114.79s         Checking existence of `Any (First Match)`
    t =   114.81s         Capturing element debug description
    t =   115.78s     Checking `Expect predicate `existsNoRetry == 1` for object Any (First Match)`
    t =   115.78s         Checking existence of `Any (First Match)`
    t =   115.80s         Capturing element debug description
    t =   116.87s     Checking `Expect predicate `existsNoRetry == 1` for object Any (First Match)`
    t =   116.87s         Checking existence of `Any (First Match)`
    t =   116.89s         Capturing element debug description
    t =   117.85s     Checking `Expect predicate `existsNoRetry == 1` for object Any (First Match)`
    t =   117.85s         Checking existence of `Any (First Match)`
    t =   117.87s         Capturing element debug description
    t =   118.82s     Checking `Expect predicate `existsNoRetry == 1` for object Any (First Match)`
    t =   118.83s         Checking existence of `Any (First Match)`
    t =   118.84s         Capturing element debug description
    t =   119.80s     Checking `Expect predicate `existsNoRetry == 1` for object Any (First Match)`
    t =   119.81s         Checking existence of `Any (First Match)`
    t =   119.82s         Capturing element debug description
    t =   120.78s     Checking `Expect predicate `existsNoRetry == 1` for object Any (First Match)`
    t =   120.78s         Checking existence of `Any (First Match)`
    t =   120.80s         Capturing element debug description
    t =   121.77s     Checking `Expect predicate `existsNoRetry == 1` for object Any (First Match)`
    t =   121.77s         Checking existence of `Any (First Match)`
    t =   121.79s         Capturing element debug description
    t =   122.86s     Checking `Expect predicate `existsNoRetry == 1` for object Any (First Match)`
    t =   122.86s         Checking existence of `Any (First Match)`
    t =   122.88s         Capturing element debug description
    t =   123.84s     Checking `Expect predicate `existsNoRetry == 1` for object Any (First Match)`
    t =   123.84s         Checking existence of `Any (First Match)`
    t =   123.86s         Capturing element debug description
    t =   124.82s     Checking `Expect predicate `existsNoRetry == 1` for object Any (First Match)`
    t =   124.82s         Checking existence of `Any (First Match)`
    t =   124.84s         Capturing element debug description
    t =   125.80s     Checking `Expect predicate `existsNoRetry == 1` for object Any (First Match)`
    t =   125.80s         Checking existence of `Any (First Match)`
    t =   125.81s         Capturing element debug description
    t =   126.78s     Checking `Expect predicate `existsNoRetry == 1` for object Any (First Match)`
    t =   126.78s         Checking existence of `Any (First Match)`
    t =   126.80s         Capturing element debug description
    t =   127.87s     Checking `Expect predicate `existsNoRetry == 1` for object Any (First Match)`
    t =   127.87s         Checking existence of `Any (First Match)`
    t =   127.89s         Capturing element debug description
    t =   128.85s     Checking `Expect predicate `existsNoRetry == 1` for object Any (First Match)`
    t =   128.85s         Checking existence of `Any (First Match)`
    t =   128.87s         Capturing element debug description
    t =   129.82s     Checking `Expect predicate `existsNoRetry == 1` for object Any (First Match)`
    t =   129.83s         Checking existence of `Any (First Match)`
    t =   129.84s         Capturing element debug description
    t =   130.80s     Checking `Expect predicate `existsNoRetry == 1` for object Any (First Match)`
    t =   130.81s         Checking existence of `Any (First Match)`
    t =   130.82s         Capturing element debug description
    t =   131.78s     Checking `Expect predicate `existsNoRetry == 1` for object Any (First Match)`
    t =   131.78s         Checking existence of `Any (First Match)`
    t =   131.80s         Capturing element debug description
    t =   132.87s     Checking `Expect predicate `existsNoRetry == 1` for object Any (First Match)`
    t =   132.87s         Checking existence of `Any (First Match)`
    t =   132.88s         Capturing element debug description
    t =   133.84s     Checking `Expect predicate `existsNoRetry == 1` for object Any (First Match)`
    t =   133.84s         Checking existence of `Any (First Match)`
    t =   133.86s         Capturing element debug description
    t =   134.82s     Checking `Expect predicate `existsNoRetry == 1` for object Any (First Match)`
    t =   134.82s         Checking existence of `Any (First Match)`
    t =   134.84s         Capturing element debug description
    t =   135.80s     Checking `Expect predicate `existsNoRetry == 1` for object Any (First Match)`
    t =   135.80s         Checking existence of `Any (First Match)`
    t =   135.82s         Capturing element debug description
    t =   136.78s     Checking `Expect predicate `existsNoRetry == 1` for object Any (First Match)`
    t =   136.78s         Checking existence of `Any (First Match)`
    t =   136.80s         Capturing element debug description
    t =   137.87s     Checking `Expect predicate `existsNoRetry == 1` for object Any (First Match)`
    t =   137.87s         Checking existence of `Any (First Match)`
    t =   137.88s         Capturing element debug description
    t =   138.84s     Checking `Expect predicate `existsNoRetry == 1` for object Any (First Match)`
    t =   138.84s         Checking existence of `Any (First Match)`
    t =   138.86s         Capturing element debug description
    t =   139.82s     Checking `Expect predicate `existsNoRetry == 1` for object Any (First Match)`
    t =   139.82s         Checking existence of `Any (First Match)`
    t =   139.84s         Capturing element debug description
    t =   140.80s     Checking `Expect predicate `existsNoRetry == 1` for object Any (First Match)`
    t =   140.80s         Checking existence of `Any (First Match)`
    t =   140.82s         Capturing element debug description
    t =   141.78s     Checking `Expect predicate `existsNoRetry == 1` for object Any (First Match)`
    t =   141.78s         Checking existence of `Any (First Match)`
    t =   141.80s         Capturing element debug description
    t =   142.77s     Checking `Expect predicate `existsNoRetry == 1` for object Any (First Match)`
    t =   142.78s         Checking existence of `Any (First Match)`
    t =   142.80s         Capturing element debug description
    t =   143.86s     Checking `Expect predicate `existsNoRetry == 1` for object Any (First Match)`
    t =   143.86s         Checking existence of `Any (First Match)`
    t =   143.88s         Capturing element debug description
    t =   144.84s     Checking `Expect predicate `existsNoRetry == 1` for object Any (First Match)`
    t =   144.84s         Checking existence of `Any (First Match)`
    t =   144.86s         Capturing element debug description
    t =   145.82s     Checking `Expect predicate `existsNoRetry == 1` for object Any (First Match)`
    t =   145.82s         Checking existence of `Any (First Match)`
    t =   145.84s         Capturing element debug description
    t =   146.80s     Checking `Expect predicate `existsNoRetry == 1` for object Any (First Match)`
    t =   146.81s         Checking existence of `Any (First Match)`
    t =   146.82s         Capturing element debug description
    t =   147.78s     Checking `Expect predicate `existsNoRetry == 1` for object Any (First Match)`
    t =   147.78s         Checking existence of `Any (First Match)`
    t =   147.80s         Capturing element debug description
    t =   148.77s     Checking `Expect predicate `existsNoRetry == 1` for object Any (First Match)`
    t =   148.77s         Checking existence of `Any (First Match)`
    t =   148.79s         Capturing element debug description
    t =   149.86s     Checking `Expect predicate `existsNoRetry == 1` for object Any (First Match)`
    t =   149.86s         Checking existence of `Any (First Match)`
    t =   149.88s         Capturing element debug description
    t =   150.84s     Checking `Expect predicate `existsNoRetry == 1` for object Any (First Match)`
    t =   150.84s         Checking existence of `Any (First Match)`
    t =   150.86s         Capturing element debug description
    t =   151.82s     Checking `Expect predicate `existsNoRetry == 1` for object Any (First Match)`
    t =   151.82s         Checking existence of `Any (First Match)`
    t =   151.84s         Capturing element debug description
    t =   152.80s     Checking `Expect predicate `existsNoRetry == 1` for object Any (First Match)`
    t =   152.80s         Checking existence of `Any (First Match)`
    t =   152.81s         Capturing element debug description
    t =   153.77s     Checking `Expect predicate `existsNoRetry == 1` for object Any (First Match)`
    t =   153.78s         Checking existence of `Any (First Match)`
    t =   153.79s         Capturing element debug description
    t =   154.86s     Checking `Expect predicate `existsNoRetry == 1` for object Any (First Match)`
    t =   154.86s         Checking existence of `Any (First Match)`
    t =   154.88s         Capturing element debug description
    t =   155.84s     Checking `Expect predicate `existsNoRetry == 1` for object Any (First Match)`
    t =   155.84s         Checking existence of `Any (First Match)`
    t =   155.86s         Capturing element debug description
    t =   156.82s     Checking `Expect predicate `existsNoRetry == 1` for object Any (First Match)`
    t =   156.82s         Checking existence of `Any (First Match)`
    t =   156.84s         Capturing element debug description
    t =   157.80s     Checking `Expect predicate `existsNoRetry == 1` for object Any (First Match)`
    t =   157.80s         Checking existence of `Any (First Match)`
    t =   157.81s         Capturing element debug description
    t =   158.78s     Checking `Expect predicate `existsNoRetry == 1` for object Any (First Match)`
    t =   158.78s         Checking existence of `Any (First Match)`
    t =   158.80s         Capturing element debug description
    t =   159.87s     Checking `Expect predicate `existsNoRetry == 1` for object Any (First Match)`
    t =   159.87s         Checking existence of `Any (First Match)`
    t =   159.88s         Capturing element debug description
    t =   160.84s     Checking `Expect predicate `existsNoRetry == 1` for object Any (First Match)`
    t =   160.84s         Checking existence of `Any (First Match)`
    t =   160.86s         Capturing element debug description
    t =   161.82s     Checking `Expect predicate `existsNoRetry == 1` for object Any (First Match)`
    t =   161.82s         Checking existence of `Any (First Match)`
    t =   161.84s         Capturing element debug description
    t =   162.80s     Checking `Expect predicate `existsNoRetry == 1` for object Any (First Match)`
    t =   162.80s         Checking existence of `Any (First Match)`
    t =   162.81s         Capturing element debug description
    t =   163.78s     Checking `Expect predicate `existsNoRetry == 1` for object Any (First Match)`
    t =   163.78s         Checking existence of `Any (First Match)`
    t =   163.80s         Capturing element debug description
    t =   164.87s     Checking `Expect predicate `existsNoRetry == 1` for object Any (First Match)`
    t =   164.87s         Checking existence of `Any (First Match)`
    t =   164.88s         Capturing element debug description
    t =   165.84s     Checking `Expect predicate `existsNoRetry == 1` for object Any (First Match)`
    t =   165.84s         Checking existence of `Any (First Match)`
    t =   165.86s         Capturing element debug description
    t =   166.82s     Checking `Expect predicate `existsNoRetry == 1` for object Any (First Match)`
    t =   166.82s         Checking existence of `Any (First Match)`
    t =   166.84s         Capturing element debug description
    t =   167.80s     Checking `Expect predicate `existsNoRetry == 1` for object Any (First Match)`
    t =   167.80s         Checking existence of `Any (First Match)`
    t =   167.82s         Capturing element debug description
    t =   168.78s     Checking `Expect predicate `existsNoRetry == 1` for object Any (First Match)`
    t =   168.78s         Checking existence of `Any (First Match)`
    t =   168.80s         Capturing element debug description
    t =   169.87s     Checking `Expect predicate `existsNoRetry == 1` for object Any (First Match)`
    t =   169.87s         Checking existence of `Any (First Match)`
    t =   169.88s         Capturing element debug description
    t =   170.84s     Checking `Expect predicate `existsNoRetry == 1` for object Any (First Match)`
    t =   170.84s         Checking existence of `Any (First Match)`
    t =   170.86s         Capturing element debug description
    t =   171.82s     Checking `Expect predicate `existsNoRetry == 1` for object Any (First Match)`
    t =   171.82s         Checking existence of `Any (First Match)`
    t =   171.84s         Capturing element debug description
    t =   172.80s     Checking `Expect predicate `existsNoRetry == 1` for object Any (First Match)`
    t =   172.81s         Checking existence of `Any (First Match)`
    t =   172.82s         Capturing element debug description
    t =   173.79s     Checking `Expect predicate `existsNoRetry == 1` for object Any (First Match)`
    t =   173.79s         Checking existence of `Any (First Match)`
    t =   173.81s         Capturing element debug description
    t =   174.77s     Checking `Expect predicate `existsNoRetry == 1` for object Any (First Match)`
    t =   174.78s         Checking existence of `Any (First Match)`
    t =   174.79s         Capturing element debug description
    t =   175.86s     Checking `Expect predicate `existsNoRetry == 1` for object Any (First Match)`
    t =   175.86s         Checking existence of `Any (First Match)`
    t =   175.88s         Capturing element debug description
    t =   176.84s     Checking `Expect predicate `existsNoRetry == 1` for object Any (First Match)`
    t =   176.84s         Checking existence of `Any (First Match)`
    t =   176.86s         Capturing element debug description
    t =   177.82s     Checking `Expect predicate `existsNoRetry == 1` for object Any (First Match)`
    t =   177.82s         Checking existence of `Any (First Match)`
    t =   177.84s         Capturing element debug description
    t =   178.80s     Checking `Expect predicate `existsNoRetry == 1` for object Any (First Match)`
    t =   178.80s         Checking existence of `Any (First Match)`
    t =   178.81s         Capturing element debug description
    t =   179.77s     Checking `Expect predicate `existsNoRetry == 1` for object Any (First Match)`
    t =   179.77s         Checking existence of `Any (First Match)`
    t =   179.79s         Capturing element debug description
    t =   180.77s     Checking `Expect predicate `existsNoRetry == 1` for object Any (First Match)`
    t =   180.77s         Checking existence of `Any (First Match)`
    t =   180.79s         Capturing element debug description
    t =   181.86s     Checking `Expect predicate `existsNoRetry == 1` for object Any (First Match)`
    t =   181.86s         Checking existence of `Any (First Match)`
    t =   181.88s         Capturing element debug description
    t =   182.84s     Checking `Expect predicate `existsNoRetry == 1` for object Any (First Match)`
    t =   182.84s         Checking existence of `Any (First Match)`
    t =   182.86s         Capturing element debug description
    t =   183.82s     Checking `Expect predicate `existsNoRetry == 1` for object Any (First Match)`
    t =   183.82s         Checking existence of `Any (First Match)`
    t =   183.84s         Capturing element debug description
    t =   184.80s     Checking `Expect predicate `existsNoRetry == 1` for object Any (First Match)`
    t =   184.80s         Checking existence of `Any (First Match)`
    t =   184.82s         Capturing element debug description
    t =   185.78s     Checking `Expect predicate `existsNoRetry == 1` for object Any (First Match)`
    t =   185.78s         Checking existence of `Any (First Match)`
    t =   185.80s         Capturing element debug description
    t =   186.77s     Checking `Expect predicate `existsNoRetry == 1` for object Any (First Match)`
    t =   186.77s         Checking existence of `Any (First Match)`
    t =   186.79s         Capturing element debug description
    t =   187.86s     Checking `Expect predicate `existsNoRetry == 1` for object Any (First Match)`
    t =   187.86s         Checking existence of `Any (First Match)`
    t =   187.88s         Capturing element debug description
    t =   188.84s     Checking `Expect predicate `existsNoRetry == 1` for object Any (First Match)`
    t =   188.84s         Checking existence of `Any (First Match)`
    t =   188.86s         Capturing element debug description
    t =   189.82s     Checking `Expect predicate `existsNoRetry == 1` for object Any (First Match)`
    t =   189.82s         Checking existence of `Any (First Match)`
    t =   189.83s         Capturing element debug description
    t =   190.80s     Checking `Expect predicate `existsNoRetry == 1` for object Any (First Match)`
    t =   190.80s         Checking existence of `Any (First Match)`
    t =   190.81s         Capturing element debug description
    t =   191.78s     Checking `Expect predicate `existsNoRetry == 1` for object Any (First Match)`
    t =   191.78s         Checking existence of `Any (First Match)`
    t =   191.80s         Capturing element debug description
    t =   192.87s     Checking `Expect predicate `existsNoRetry == 1` for object Any (First Match)`
    t =   192.87s         Checking existence of `Any (First Match)`
    t =   192.88s         Capturing element debug description
    t =   193.84s     Checking `Expect predicate `existsNoRetry == 1` for object Any (First Match)`
    t =   193.84s         Checking existence of `Any (First Match)`
    t =   193.86s         Capturing element debug description
    t =   194.82s     Checking `Expect predicate `existsNoRetry == 1` for object Any (First Match)`
    t =   194.82s         Checking existence of `Any (First Match)`
    t =   194.84s         Capturing element debug description
    t =   195.80s     Checking `Expect predicate `existsNoRetry == 1` for object Any (First Match)`
    t =   195.80s         Checking existence of `Any (First Match)`
    t =   195.82s         Capturing element debug description
    t =   196.78s     Checking `Expect predicate `existsNoRetry == 1` for object Any (First Match)`
    t =   196.78s         Checking existence of `Any (First Match)`
    t =   196.80s         Capturing element debug description
    t =   197.87s     Checking `Expect predicate `existsNoRetry == 1` for object Any (First Match)`
    t =   197.87s         Checking existence of `Any (First Match)`
    t =   197.88s         Capturing element debug description
    t =   198.84s     Checking `Expect predicate `existsNoRetry == 1` for object Any (First Match)`
    t =   198.85s         Checking existence of `Any (First Match)`
    t =   198.86s         Capturing element debug description
    t =   199.82s     Checking `Expect predicate `existsNoRetry == 1` for object Any (First Match)`
    t =   199.83s         Checking existence of `Any (First Match)`
    t =   199.84s         Capturing element debug description
    t =   200.80s     Checking `Expect predicate `existsNoRetry == 1` for object Any (First Match)`
    t =   200.81s         Checking existence of `Any (First Match)`
    t =   200.83s         Capturing element debug description
    t =   201.79s     Checking `Expect predicate `existsNoRetry == 1` for object Any (First Match)`
    t =   201.79s         Checking existence of `Any (First Match)`
    t =   201.81s         Capturing element debug description
    t =   202.78s     Checking `Expect predicate `existsNoRetry == 1` for object Any (First Match)`
    t =   202.78s         Checking existence of `Any (First Match)`
    t =   202.80s         Capturing element debug description
    t =   203.87s     Checking `Expect predicate `existsNoRetry == 1` for object Any (First Match)`
    t =   203.87s         Checking existence of `Any (First Match)`
    t =   203.88s         Capturing element debug description
    t =   204.84s     Checking `Expect predicate `existsNoRetry == 1` for object Any (First Match)`
    t =   204.84s         Checking existence of `Any (First Match)`
    t =   204.86s         Capturing element debug description
    t =   205.82s     Checking `Expect predicate `existsNoRetry == 1` for object Any (First Match)`
    t =   205.82s         Checking existence of `Any (First Match)`
    t =   205.84s         Capturing element debug description
    t =   206.80s     Checking `Expect predicate `existsNoRetry == 1` for object Any (First Match)`
    t =   206.81s         Checking existence of `Any (First Match)`
    t =   206.82s         Capturing element debug description
    t =   207.78s     Checking `Expect predicate `existsNoRetry == 1` for object Any (First Match)`
    t =   207.78s         Checking existence of `Any (First Match)`
    t =   207.80s         Capturing element debug description
    t =   208.77s     Checking `Expect predicate `existsNoRetry == 1` for object Any (First Match)`
    t =   208.77s         Checking existence of `Any (First Match)`
    t =   208.79s         Capturing element debug description
    t =   209.86s     Checking `Expect predicate `existsNoRetry == 1` for object Any (First Match)`
    t =   209.86s         Checking existence of `Any (First Match)`
    t =   209.88s         Capturing element debug description
    t =   210.84s     Checking `Expect predicate `existsNoRetry == 1` for object Any (First Match)`
    t =   210.84s         Checking existence of `Any (First Match)`
    t =   210.86s         Capturing element debug description
    t =   211.82s     Checking `Expect predicate `existsNoRetry == 1` for object Any (First Match)`
    t =   211.82s         Checking existence of `Any (First Match)`
    t =   211.84s         Capturing element debug description
    t =   212.80s     Checking `Expect predicate `existsNoRetry == 1` for object Any (First Match)`
    t =   212.80s         Checking existence of `Any (First Match)`
    t =   212.82s         Capturing element debug description
    t =   213.78s     Checking `Expect predicate `existsNoRetry == 1` for object Any (First Match)`
    t =   213.78s         Checking existence of `Any (First Match)`
    t =   213.79s         Capturing element debug description
    t =   214.86s     Checking `Expect predicate `existsNoRetry == 1` for object Any (First Match)`
    t =   214.86s         Checking existence of `Any (First Match)`
    t =   214.88s         Capturing element debug description
    t =   215.84s     Checking `Expect predicate `existsNoRetry == 1` for object Any (First Match)`
    t =   215.84s         Checking existence of `Any (First Match)`
    t =   215.86s         Capturing element debug description
    t =   216.82s     Checking `Expect predicate `existsNoRetry == 1` for object Any (First Match)`
    t =   216.82s         Checking existence of `Any (First Match)`
    t =   216.84s         Capturing element debug description
    t =   217.80s     Checking `Expect predicate `existsNoRetry == 1` for object Any (First Match)`
    t =   217.80s         Checking existence of `Any (First Match)`
    t =   217.82s         Capturing element debug description
    t =   218.78s     Checking `Expect predicate `existsNoRetry == 1` for object Any (First Match)`
    t =   218.78s         Checking existence of `Any (First Match)`
    t =   218.80s         Capturing element debug description
    t =   219.87s     Checking `Expect predicate `existsNoRetry == 1` for object Any (First Match)`
    t =   219.87s         Checking existence of `Any (First Match)`
    t =   219.88s         Capturing element debug description
    t =   220.84s     Checking `Expect predicate `existsNoRetry == 1` for object Any (First Match)`
    t =   220.85s         Checking existence of `Any (First Match)`
    t =   220.86s         Capturing element debug description
    t =   221.82s     Checking `Expect predicate `existsNoRetry == 1` for object Any (First Match)`
    t =   221.82s         Checking existence of `Any (First Match)`
    t =   221.84s         Capturing element debug description
    t =   222.80s     Checking `Expect predicate `existsNoRetry == 1` for object Any (First Match)`
    t =   222.81s         Checking existence of `Any (First Match)`
    t =   222.82s         Capturing element debug description
    t =   223.78s     Checking `Expect predicate `existsNoRetry == 1` for object Any (First Match)`
    t =   223.78s         Checking existence of `Any (First Match)`
    t =   223.80s         Capturing element debug description
    t =   224.87s     Checking `Expect predicate `existsNoRetry == 1` for object Any (First Match)`
    t =   224.87s         Checking existence of `Any (First Match)`
    t =   224.88s         Capturing element debug description
    t =   225.85s     Checking `Expect predicate `existsNoRetry == 1` for object Any (First Match)`
    t =   225.85s         Checking existence of `Any (First Match)`
    t =   225.87s         Capturing element debug description
    t =   226.83s     Checking `Expect predicate `existsNoRetry == 1` for object Any (First Match)`
    t =   226.83s         Checking existence of `Any (First Match)`
    t =   226.85s         Capturing element debug description
    t =   227.81s     Checking `Expect predicate `existsNoRetry == 1` for object Any (First Match)`
    t =   227.81s         Checking existence of `Any (First Match)`
    t =   227.83s         Capturing element debug description
    t =   228.79s     Checking `Expect predicate `existsNoRetry == 1` for object Any (First Match)`
    t =   228.79s         Checking existence of `Any (First Match)`
    t =   228.81s         Capturing element debug description
    t =   229.78s     Checking `Expect predicate `existsNoRetry == 1` for object Any (First Match)`
    t =   229.78s         Checking existence of `Any (First Match)`
    t =   229.80s         Capturing element debug description
    t =   230.87s     Checking `Expect predicate `existsNoRetry == 1` for object Any (First Match)`
    t =   230.87s         Checking existence of `Any (First Match)`
    t =   230.88s         Capturing element debug description
    t =   231.84s     Checking `Expect predicate `existsNoRetry == 1` for object Any (First Match)`
    t =   231.84s         Checking existence of `Any (First Match)`
    t =   231.86s         Capturing element debug description
    t =   232.82s     Checking `Expect predicate `existsNoRetry == 1` for object Any (First Match)`
    t =   232.82s         Checking existence of `Any (First Match)`
    t =   232.84s         Capturing element debug description
    t =   233.80s     Checking `Expect predicate `existsNoRetry == 1` for object Any (First Match)`
    t =   233.81s         Checking existence of `Any (First Match)`
    t =   233.82s         Capturing element debug description
    t =   234.79s     Checking `Expect predicate `existsNoRetry == 1` for object Any (First Match)`
    t =   234.79s         Checking existence of `Any (First Match)`
    t =   234.81s         Capturing element debug description
    t =   235.78s     Checking `Expect predicate `existsNoRetry == 1` for object Any (First Match)`
    t =   235.78s         Checking existence of `Any (First Match)`
    t =   235.80s         Capturing element debug description
    t =   236.86s     Checking `Expect predicate `existsNoRetry == 1` for object Any (First Match)`
    t =   236.87s         Checking existence of `Any (First Match)`
    t =   236.88s         Capturing element debug description
    t =   237.84s     Checking `Expect predicate `existsNoRetry == 1` for object Any (First Match)`
    t =   237.84s         Checking existence of `Any (First Match)`
    t =   237.86s         Capturing element debug description
    t =   238.81s     Checking `Expect predicate `existsNoRetry == 1` for object Any (First Match)`
    t =   238.82s         Checking existence of `Any (First Match)`
    t =   238.83s         Capturing element debug description
    t =   239.79s     Checking `Expect predicate `existsNoRetry == 1` for object Any (First Match)`
    t =   239.80s         Checking existence of `Any (First Match)`
    t =   239.81s         Capturing element debug description
    t =   240.78s     Checking `Expect predicate `existsNoRetry == 1` for object Any (First Match)`
    t =   240.78s         Checking existence of `Any (First Match)`
    t =   240.80s         Capturing element debug description
    t =   241.86s     Checking `Expect predicate `existsNoRetry == 1` for object Any (First Match)`
    t =   241.86s         Checking existence of `Any (First Match)`
    t =   241.88s         Capturing element debug description
    t =   241.88s     Checking existence of `Any (First Match)`
    t =   241.89s Collecting debug information to assist test failure triage
    t =   241.89s     Requesting snapshot of accessibility hierarchy for app with pid 44943
    t =   241.93s Checking existence of `Any (First Match)`
/Users/nstudio/Documents/github/NathanWalker/token-economics/harness/perf/uidriver/InteropCaptureTests.swift:24: error: -[UIDriverUITests.InteropCaptureTests testCaptureInteropResults] : failed - no INTEROPJSON element within 240s; last status: unknown
    t =   241.97s Tear Down
Test Case '-[UIDriverUITests.InteropCaptureTests testCaptureInteropResults]' failed (242.233 seconds).
Test Suite 'InteropCaptureTests' failed at 2026-08-01 20:10:38.169.
	 Executed 1 test, with 1 failure (0 unexpected) in 242.233 (242.235) seconds
Test Suite 'UIDriverUITests.xctest' failed at 2026-08-01 20:10:38.170.
	 Executed 2 tests, with 1 failure (0 unexpected) in 540.942 (540.947) seconds
Test Suite 'All tests' failed at 2026-08-01 20:10:38.171.
	 Executed 2 tests, with 1 failure (0 unexpected) in 540.942 (540.948) seconds
2026-08-01 20:10:47.772 xcodebuild[44739:30637493] [MT] IDETestOperationsObserverDebug: 552.174 elapsed -- Testing started completed.
2026-08-01 20:10:47.772 xcodebuild[44739:30637493] [MT] IDETestOperationsObserverDebug: 0.000 sec, +0.000 sec -- start
2026-08-01 20:10:47.772 xcodebuild[44739:30637493] [MT] IDETestOperationsObserverDebug: 552.174 sec, +552.174 sec -- end

Test session results, code coverage, and logs:
	/Users/nstudio/Library/Developer/Xcode/DerivedData/UIDriver-ekqcqbpucoqmcgbikewqdmafsmmj/Logs/Test/Test-UIDriver-2026.08.01_20-01-34--0700.xcresult

Failing tests:
	InteropCaptureTests.testCaptureInteropResults()

** TEST FAILED **

Testing started
