Command line invocation:
    /Applications/Xcode.app/Contents/Developer/usr/bin/xcodebuild test -project UIDriver.xcodeproj -scheme UIDriver -destination id=7DFF2660-A10C-449E-867A-92863D91663B

--- xcodebuild: WARNING: Using the first of multiple matching destinations:
{ platform:iOS Simulator, arch:arm64, id:7DFF2660-A10C-449E-867A-92863D91663B, OS:26.5, name:iPhone 17 Pro }
{ platform:iOS Simulator, arch:x86_64, id:7DFF2660-A10C-449E-867A-92863D91663B, OS:26.5, name:iPhone 17 Pro }
ComputePackagePrebuildTargetDependencyGraph

Prepare packages

CreateBuildRequest

SendProjectDescription

CreateBuildOperation

ComputeTargetDependencyGraph
note: Building targets in dependency order
note: Target dependency graph (1 target)
    Target 'UIDriverUITests' in project 'UIDriver' (no dependencies)

GatherProvisioningInputs

CreateBuildDescription

ClangStatCache /Applications/Xcode.app/Contents/Developer/Toolchains/XcodeDefault.xctoolchain/usr/bin/clang-stat-cache /Applications/Xcode.app/Contents/Developer/Platforms/iPhoneSimulator.platform/Developer/SDKs/iPhoneSimulator26.5.sdk /Users/nstudio/Library/Developer/Xcode/DerivedData/SDKStatCaches.noindex/iphonesimulator26.5-23F73-688ef53f1462e2c8f657fdc38a81448f6cfe768891a92b912361537c460fe42b.sdkstatcache
    cd /Users/nstudio/Documents/github/NathanWalker/token-economics/harness/perf/uidriver/UIDriver.xcodeproj
    /Applications/Xcode.app/Contents/Developer/Toolchains/XcodeDefault.xctoolchain/usr/bin/clang-stat-cache /Applications/Xcode.app/Contents/Developer/Platforms/iPhoneSimulator.platform/Developer/SDKs/iPhoneSimulator26.5.sdk -o /Users/nstudio/Library/Developer/Xcode/DerivedData/SDKStatCaches.noindex/iphonesimulator26.5-23F73-688ef53f1462e2c8f657fdc38a81448f6cfe768891a92b912361537c460fe42b.sdkstatcache

ProcessInfoPlistFile /Users/nstudio/Library/Developer/Xcode/DerivedData/UIDriver-ekqcqbpucoqmcgbikewqdmafsmmj/Build/Products/Debug-iphonesimulator/UIDriverUITests-Runner.app/PlugIns/UIDriverUITests.xctest/Info.plist /Users/nstudio/Library/Developer/Xcode/DerivedData/UIDriver-ekqcqbpucoqmcgbikewqdmafsmmj/Build/Intermediates.noindex/UIDriver.build/Debug-iphonesimulator/UIDriverUITests.build/empty-UIDriverUITests.plist (in target 'UIDriverUITests' from project 'UIDriver')
    cd /Users/nstudio/Documents/github/NathanWalker/token-economics/harness/perf/uidriver
    builtin-infoPlistUtility /Users/nstudio/Library/Developer/Xcode/DerivedData/UIDriver-ekqcqbpucoqmcgbikewqdmafsmmj/Build/Intermediates.noindex/UIDriver.build/Debug-iphonesimulator/UIDriverUITests.build/empty-UIDriverUITests.plist -producttype com.apple.product-type.bundle.ui-testing -expandbuildsettings -format binary -platform iphonesimulator -additionalcontentfile /Users/nstudio/Library/Developer/Xcode/DerivedData/UIDriver-ekqcqbpucoqmcgbikewqdmafsmmj/Build/Intermediates.noindex/UIDriver.build/Debug-iphonesimulator/UIDriverUITests.build/ProductTypeInfoPlistAdditions.plist -o /Users/nstudio/Library/Developer/Xcode/DerivedData/UIDriver-ekqcqbpucoqmcgbikewqdmafsmmj/Build/Products/Debug-iphonesimulator/UIDriverUITests-Runner.app/PlugIns/UIDriverUITests.xctest/Info.plist

CopySwiftLibs /Users/nstudio/Library/Developer/Xcode/DerivedData/UIDriver-ekqcqbpucoqmcgbikewqdmafsmmj/Build/Products/Debug-iphonesimulator/UIDriverUITests-Runner.app/PlugIns/UIDriverUITests.xctest (in target 'UIDriverUITests' from project 'UIDriver')
    cd /Users/nstudio/Documents/github/NathanWalker/token-economics/harness/perf/uidriver
    builtin-swiftStdLibTool --copy --verbose --scan-executable /Users/nstudio/Library/Developer/Xcode/DerivedData/UIDriver-ekqcqbpucoqmcgbikewqdmafsmmj/Build/Products/Debug-iphonesimulator/UIDriverUITests-Runner.app/PlugIns/UIDriverUITests.xctest/UIDriverUITests --scan-folder /Users/nstudio/Library/Developer/Xcode/DerivedData/UIDriver-ekqcqbpucoqmcgbikewqdmafsmmj/Build/Products/Debug-iphonesimulator/UIDriverUITests-Runner.app/PlugIns/UIDriverUITests.xctest/Frameworks --scan-folder /Users/nstudio/Library/Developer/Xcode/DerivedData/UIDriver-ekqcqbpucoqmcgbikewqdmafsmmj/Build/Products/Debug-iphonesimulator/UIDriverUITests-Runner.app/PlugIns/UIDriverUITests.xctest/PlugIns --scan-folder /Users/nstudio/Library/Developer/Xcode/DerivedData/UIDriver-ekqcqbpucoqmcgbikewqdmafsmmj/Build/Products/Debug-iphonesimulator/UIDriverUITests-Runner.app/PlugIns/UIDriverUITests.xctest/SystemExtensions --scan-folder /Users/nstudio/Library/Developer/Xcode/DerivedData/UIDriver-ekqcqbpucoqmcgbikewqdmafsmmj/Build/Products/Debug-iphonesimulator/UIDriverUITests-Runner.app/PlugIns/UIDriverUITests.xctest/Extensions --platform iphonesimulator --toolchain /var/run/com.apple.security.cryptexd/mnt/com.apple.MobileAsset.MetalToolchain-v17.6.42.0.xRBJyY/Metal.xctoolchain --toolchain /Applications/Xcode.app/Contents/Developer/Toolchains/XcodeDefault.xctoolchain --destination /Users/nstudio/Library/Developer/Xcode/DerivedData/UIDriver-ekqcqbpucoqmcgbikewqdmafsmmj/Build/Products/Debug-iphonesimulator/UIDriverUITests-Runner.app/PlugIns/UIDriverUITests.xctest/Frameworks --strip-bitcode --scan-executable /Applications/Xcode.app/Contents/Developer/Platforms/iPhoneSimulator.platform/Developer/usr/lib/libXCTestSwiftSupport.dylib --strip-bitcode-tool /Applications/Xcode.app/Contents/Developer/Toolchains/XcodeDefault.xctoolchain/usr/bin/bitcode_strip --emit-dependency-info /Users/nstudio/Library/Developer/Xcode/DerivedData/UIDriver-ekqcqbpucoqmcgbikewqdmafsmmj/Build/Intermediates.noindex/UIDriver.build/Debug-iphonesimulator/UIDriverUITests.build/SwiftStdLibToolInputDependencies.dep --filter-for-swift-os
Ignoring --strip-bitcode because --sign was not passed

2026-08-01 20:26:09.637171-0700 UIDriverUITests-Runner[45869:30687324] [Default] Running tests...
    t =      nans Interface orientation changed to Portrait
Test Suite 'All tests' started at 2026-08-01 20:26:10.221.
Test Suite 'UIDriverUITests.xctest' started at 2026-08-01 20:26:10.221.
Test Suite 'FeatureLatencyTests' started at 2026-08-01 20:26:10.222.
Test Case '-[UIDriverUITests.FeatureLatencyTests testFeatureLatencies]' started.
    t =     0.00s Start Test at 2026-08-01 20:26:10.222
    t =     0.02s Set Up
STEP[0s]: iter 0: launch org.nativescript.nsbenchmark
    t =     0.02s Open org.nativescript.nsbenchmark
    t =     0.02s     Launch org.nativescript.nsbenchmark
    t =     0.11s         Setting up automation session
objc[45869]: Class UIAccessibilityLoaderWebShared is implemented in both /Library/Developer/CoreSimulator/Volumes/iOS_23F77/Library/Developer/CoreSimulator/Profiles/Runtimes/iOS 26.5.simruntime/Contents/Resources/RuntimeRoot/System/Library/AccessibilityBundles/WebCore.axbundle/WebCore (0x107e28310) and /Library/Developer/CoreSimulator/Volumes/iOS_23F77/Library/Developer/CoreSimulator/Profiles/Runtimes/iOS 26.5.simruntime/Contents/Resources/RuntimeRoot/System/Library/AccessibilityBundles/WebKit.axbundle/WebKit (0x107ed0398). This may cause spurious casting failures and mysterious crashes. One of the duplicates must be removed or renamed.
    t =     0.87s         Wait for org.nativescript.nsbenchmark to idle
    t =     2.04s Checking existence of `"Health" Button`
    t =     2.07s Waiting 20.0s for "Health" Button to exist
    t =     3.14s     Checking `Expect predicate `existsNoRetry == 1` for object "Health" Button`
    t =     3.14s         Checking existence of `"Health" Button`
STEP[3s]: iter 0: nav Health
    t =     3.15s Checking existence of `"Health" Button`
    t =     3.16s Tap "Health" Button
    t =     3.16s     Wait for org.nativescript.nsbenchmark to idle
    t =     3.16s     Find the "Health" Button
    t =     3.17s     Check for interrupting elements affecting "Health" Button
    t =     3.18s     Synthesize event
    t =     3.48s     Wait for org.nativescript.nsbenchmark to idle
    t =     3.85s Waiting 10.0s for Any (First Match) to exist
    t =     4.92s     Checking `Expect predicate `existsNoRetry == 1` for object Any (First Match)`
    t =     4.92s         Checking existence of `Any (First Match)`
    t =     4.95s Checking existence of `Any (First Match)`
    t =     4.96s Find the Any (First Match)
STEP[4s]: iter 0: HK authorize
    t =     4.97s Checking existence of `"Request Access" Button`
    t =     4.99s Checking existence of `"Request Access" Button`
    t =     5.00s Find the "Request Access" Button
    t =     5.01s Tap "Request Access" Button
    t =     5.01s     Wait for org.nativescript.nsbenchmark to idle
    t =     5.02s     Find the "Request Access" Button
    t =     5.02s     Check for interrupting elements affecting "Request Access" Button
    t =     5.04s     Synthesize event
    t =     5.33s     Wait for org.nativescript.nsbenchmark to idle
    t =     5.34s Waiting 3.0s for Any (First Match) to exist
    t =     6.41s     Checking `Expect predicate `existsNoRetry == 1` for object Any (First Match)`
    t =     6.42s         Checking existence of `Any (First Match)`
    t =     6.47s Find the Any (First Match)
STEP[6s]: health sheet(app): tap 'Turn On All'
    t =     6.51s Tap "Turn On All" StaticText
    t =     6.51s     Wait for org.nativescript.nsbenchmark to idle
    t =     6.51s     Find the "Turn On All" StaticText
    t =     6.55s     Check for interrupting elements affecting "Turn On All" StaticText
    t =     6.59s     Synthesize event
    t =     6.88s     Wait for org.nativescript.nsbenchmark to idle
    t =     6.88s Waiting 2.0s for "Allow" Button to exist
    t =     7.96s     Checking `Expect predicate `existsNoRetry == 1` for object "Allow" Button`
    t =     7.96s         Checking existence of `"Allow" Button`
    t =     8.01s Find the "Allow" Button
STEP[8s]: health sheet(app): confirm 'Allow'
    t =     8.05s Tap "UIA.Health.Allow.Button" Button
    t =     8.05s     Wait for org.nativescript.nsbenchmark to idle
    t =     8.05s     Find the "UIA.Health.Allow.Button" Button
    t =     8.08s     Check for interrupting elements affecting "UIA.Health.Allow.Button" Button
    t =     8.11s     Synthesize event
    t =     8.40s     Wait for org.nativescript.nsbenchmark to idle
    t =     8.40s Waiting 15.0s for Any (First Match) to exist
    t =     9.47s     Checking `Expect predicate `existsNoRetry == 1` for object Any (First Match)`
    t =     9.47s         Checking existence of `Any (First Match)`
    t =     9.49s Checking existence of `"Health access: not requested" StaticText`
    t =     9.51s Find the "Health access: not requested" StaticText
    t =     9.52s Waiting 15.0s for Any (First Match) to exist
    t =    10.59s     Checking `Expect predicate `existsNoRetry == 1` for object Any (First Match)`
    t =    10.59s         Checking existence of `Any (First Match)`
    t =    10.62s Checking existence of `Any (First Match)`
    t =    10.64s Find the Any (First Match)
    t =    10.65s Checking existence of `"Log 500 Steps" Button`
    t =    10.66s Checking existence of `"Log 500 Steps" Button`
    t =    10.67s Find the "Log 500 Steps" Button
STEP[10s]: iter 0: log 500
    t =    10.69s Tap "Log 500 Steps" Button
    t =    10.69s     Wait for org.nativescript.nsbenchmark to idle
    t =    10.69s     Find the "Log 500 Steps" Button
    t =    10.70s     Check for interrupting elements affecting "Log 500 Steps" Button
    t =    10.72s     Synthesize event
    t =    11.01s     Wait for org.nativescript.nsbenchmark to idle
    t =    11.02s Checking existence of `"Sat Aug 1 — 30500 steps (today)" StaticText`
    t =    11.04s Find the "Sat Aug 1 — 30500 steps (today)" StaticText
    t =    11.12s Checking existence of `"Sat Aug 1 — 30500 steps (today)" StaticText`
    t =    11.13s Find the "Sat Aug 1 — 30500 steps (today)" StaticText
    t =    11.21s Checking existence of `"Sat Aug 1 — 30500 steps (today)" StaticText`
    t =    11.22s Find the "Sat Aug 1 — 30500 steps (today)" StaticText
    t =    11.30s Checking existence of `"Sat Aug 1 — 30500 steps (today)" StaticText`
    t =    11.31s Find the "Sat Aug 1 — 30500 steps (today)" StaticText
    t =    11.38s Checking existence of `"Sat Aug 1 — 30500 steps (today)" StaticText`
    t =    11.40s Find the "Sat Aug 1 — 30500 steps (today)" StaticText
    t =    11.47s Checking existence of `"Sat Aug 1 — 30500 steps (today)" StaticText`
    t =    11.49s Find the "Sat Aug 1 — 30500 steps (today)" StaticText
    t =    11.56s Checking existence of `"Sat Aug 1 — 30500 steps (today)" StaticText`
    t =    11.58s Find the "Sat Aug 1 — 30500 steps (today)" StaticText
    t =    11.65s Checking existence of `"Sat Aug 1 — 30500 steps (today)" StaticText`
    t =    11.67s Find the "Sat Aug 1 — 30500 steps (today)" StaticText
    t =    11.74s Checking existence of `"Sat Aug 1 — 30500 steps (today)" StaticText`
    t =    11.76s Find the "Sat Aug 1 — 30500 steps (today)" StaticText
    t =    11.83s Checking existence of `"Sat Aug 1 — 30500 steps (today)" StaticText`
    t =    11.84s Find the "Sat Aug 1 — 30500 steps (today)" StaticText
    t =    11.92s Checking existence of `"Sat Aug 1 — 30500 steps (today)" StaticText`
    t =    11.94s Find the "Sat Aug 1 — 30500 steps (today)" StaticText
    t =    12.01s Checking existence of `"Sat Aug 1 — 30500 steps (today)" StaticText`
    t =    12.02s Find the "Sat Aug 1 — 30500 steps (today)" StaticText
    t =    12.10s Checking existence of `"Sat Aug 1 — 30500 steps (today)" StaticText`
    t =    12.11s Find the "Sat Aug 1 — 30500 steps (today)" StaticText
    t =    12.19s Checking existence of `"Sat Aug 1 — 30500 steps (today)" StaticText`
    t =    12.20s Find the "Sat Aug 1 — 30500 steps (today)" StaticText
    t =    12.28s Checking existence of `"Sat Aug 1 — 30500 steps (today)" StaticText`
    t =    12.29s Find the "Sat Aug 1 — 30500 steps (today)" StaticText
    t =    12.37s Checking existence of `"Sat Aug 1 — 30500 steps (today)" StaticText`
    t =    12.39s Find the "Sat Aug 1 — 30500 steps (today)" StaticText
    t =    12.46s Checking existence of `"Sat Aug 1 — 30500 steps (today)" StaticText`
    t =    12.48s Find the "Sat Aug 1 — 30500 steps (today)" StaticText
    t =    12.55s Checking existence of `"Sat Aug 1 — 30500 steps (today)" StaticText`
    t =    12.56s Find the "Sat Aug 1 — 30500 steps (today)" StaticText
    t =    12.64s Checking existence of `"Sat Aug 1 — 30500 steps (today)" StaticText`
    t =    12.65s Find the "Sat Aug 1 — 30500 steps (today)" StaticText
    t =    12.72s Checking existence of `"Sat Aug 1 — 30500 steps (today)" StaticText`
    t =    12.74s Find the "Sat Aug 1 — 30500 steps (today)" StaticText
    t =    12.81s Checking existence of `"Sat Aug 1 — 30500 steps (today)" StaticText`
    t =    12.83s Find the "Sat Aug 1 — 30500 steps (today)" StaticText
    t =    12.90s Checking existence of `"Sat Aug 1 — 30500 steps (today)" StaticText`
    t =    12.92s Find the "Sat Aug 1 — 30500 steps (today)" StaticText
    t =    12.99s Checking existence of `"Sat Aug 1 — 30500 steps (today)" StaticText`
    t =    13.01s Find the "Sat Aug 1 — 30500 steps (today)" StaticText
    t =    13.08s Checking existence of `"Sat Aug 1 — 30500 steps (today)" StaticText`
    t =    13.10s Find the "Sat Aug 1 — 30500 steps (today)" StaticText
    t =    13.17s Checking existence of `"Sat Aug 1 — 30500 steps (today)" StaticText`
    t =    13.19s Find the "Sat Aug 1 — 30500 steps (today)" StaticText
    t =    13.27s Checking existence of `"Sat Aug 1 — 30500 steps (today)" StaticText`
    t =    13.28s Find the "Sat Aug 1 — 30500 steps (today)" StaticText
    t =    13.36s Checking existence of `"Sat Aug 1 — 30500 steps (today)" StaticText`
    t =    13.37s Find the "Sat Aug 1 — 30500 steps (today)" StaticText
    t =    13.45s Checking existence of `"Sat Aug 1 — 30500 steps (today)" StaticText`
    t =    13.46s Find the "Sat Aug 1 — 30500 steps (today)" StaticText
    t =    13.54s Checking existence of `"Sat Aug 1 — 30500 steps (today)" StaticText`
    t =    13.55s Find the "Sat Aug 1 — 30500 steps (today)" StaticText
    t =    13.63s Checking existence of `"Sat Aug 1 — 30500 steps (today)" StaticText`
    t =    13.64s Find the "Sat Aug 1 — 30500 steps (today)" StaticText
    t =    13.71s Checking existence of `"Sat Aug 1 — 30500 steps (today)" StaticText`
    t =    13.73s Find the "Sat Aug 1 — 30500 steps (today)" StaticText
    t =    13.80s Checking existence of `"Sat Aug 1 — 30500 steps (today)" StaticText`
    t =    13.82s Find the "Sat Aug 1 — 30500 steps (today)" StaticText
    t =    13.89s Checking existence of `"Sat Aug 1 — 30500 steps (today)" StaticText`
    t =    13.91s Find the "Sat Aug 1 — 30500 steps (today)" StaticText
    t =    13.99s Checking existence of `"Sat Aug 1 — 30500 steps (today)" StaticText`
    t =    14.00s Find the "Sat Aug 1 — 30500 steps (today)" StaticText
    t =    14.08s Checking existence of `"Sat Aug 1 — 30500 steps (today)" StaticText`
    t =    14.09s Find the "Sat Aug 1 — 30500 steps (today)" StaticText
    t =    14.16s Checking existence of `"Sat Aug 1 — 30500 steps (today)" StaticText`
    t =    14.18s Find the "Sat Aug 1 — 30500 steps (today)" StaticText
    t =    14.25s Checking existence of `"Sat Aug 1 — 30500 steps (today)" StaticText`
    t =    14.27s Find the "Sat Aug 1 — 30500 steps (today)" StaticText
    t =    14.35s Checking existence of `"Sat Aug 1 — 30500 steps (today)" StaticText`
    t =    14.36s Find the "Sat Aug 1 — 30500 steps (today)" StaticText
    t =    14.44s Checking existence of `"Sat Aug 1 — 30500 steps (today)" StaticText`
    t =    14.45s Find the "Sat Aug 1 — 30500 steps (today)" StaticText
    t =    14.53s Checking existence of `"Sat Aug 1 — 30500 steps (today)" StaticText`
    t =    14.54s Find the "Sat Aug 1 — 30500 steps (today)" StaticText
    t =    14.62s Checking existence of `"Sat Aug 1 — 30500 steps (today)" StaticText`
    t =    14.63s Find the "Sat Aug 1 — 30500 steps (today)" StaticText
    t =    14.71s Checking existence of `"Sat Aug 1 — 30500 steps (today)" StaticText`
    t =    14.72s Find the "Sat Aug 1 — 30500 steps (today)" StaticText
    t =    14.80s Checking existence of `"Sat Aug 1 — 30500 steps (today)" StaticText`
    t =    14.81s Find the "Sat Aug 1 — 30500 steps (today)" StaticText
    t =    14.89s Checking existence of `"Sat Aug 1 — 30500 steps (today)" StaticText`
    t =    14.90s Find the "Sat Aug 1 — 30500 steps (today)" StaticText
    t =    14.98s Checking existence of `"Sat Aug 1 — 30500 steps (today)" StaticText`
    t =    15.00s Find the "Sat Aug 1 — 30500 steps (today)" StaticText
    t =    15.07s Checking existence of `"Sat Aug 1 — 30500 steps (today)" StaticText`
    t =    15.09s Find the "Sat Aug 1 — 30500 steps (today)" StaticText
    t =    15.16s Checking existence of `"Sat Aug 1 — 30500 steps (today)" StaticText`
    t =    15.18s Find the "Sat Aug 1 — 30500 steps (today)" StaticText
    t =    15.25s Checking existence of `"Sat Aug 1 — 30500 steps (today)" StaticText`
    t =    15.27s Find the "Sat Aug 1 — 30500 steps (today)" StaticText
    t =    15.34s Checking existence of `"Sat Aug 1 — 30500 steps (today)" StaticText`
    t =    15.36s Find the "Sat Aug 1 — 30500 steps (today)" StaticText
    t =    15.43s Checking existence of `"Sat Aug 1 — 30500 steps (today)" StaticText`
    t =    15.45s Find the "Sat Aug 1 — 30500 steps (today)" StaticText
    t =    15.53s Checking existence of `"Sat Aug 1 — 30500 steps (today)" StaticText`
    t =    15.54s Find the "Sat Aug 1 — 30500 steps (today)" StaticText
    t =    15.62s Checking existence of `"Sat Aug 1 — 30500 steps (today)" StaticText`
    t =    15.63s Find the "Sat Aug 1 — 30500 steps (today)" StaticText
    t =    15.71s Checking existence of `"Sat Aug 1 — 30500 steps (today)" StaticText`
    t =    15.72s Find the "Sat Aug 1 — 30500 steps (today)" StaticText
    t =    15.80s Checking existence of `"Sat Aug 1 — 30500 steps (today)" StaticText`
    t =    15.81s Find the "Sat Aug 1 — 30500 steps (today)" StaticText
    t =    15.89s Checking existence of `"Sat Aug 1 — 30500 steps (today)" StaticText`
    t =    15.90s Find the "Sat Aug 1 — 30500 steps (today)" StaticText
    t =    15.98s Checking existence of `"Sat Aug 1 — 30500 steps (today)" StaticText`
    t =    15.99s Find the "Sat Aug 1 — 30500 steps (today)" StaticText
    t =    16.07s Checking existence of `"Sat Aug 1 — 30500 steps (today)" StaticText`
    t =    16.08s Find the "Sat Aug 1 — 30500 steps (today)" StaticText
    t =    16.16s Checking existence of `"Sat Aug 1 — 30500 steps (today)" StaticText`
    t =    16.18s Find the "Sat Aug 1 — 30500 steps (today)" StaticText
    t =    16.25s Checking existence of `"Sat Aug 1 — 30500 steps (today)" StaticText`
    t =    16.26s Find the "Sat Aug 1 — 30500 steps (today)" StaticText
    t =    16.34s Checking existence of `"Sat Aug 1 — 30500 steps (today)" StaticText`
    t =    16.35s Find the "Sat Aug 1 — 30500 steps (today)" StaticText
    t =    16.43s Checking existence of `"Sat Aug 1 — 30500 steps (today)" StaticText`
    t =    16.44s Find the "Sat Aug 1 — 30500 steps (today)" StaticText
    t =    16.51s Checking existence of `"Sat Aug 1 — 30500 steps (today)" StaticText`
    t =    16.53s Find the "Sat Aug 1 — 30500 steps (today)" StaticText
    t =    16.60s Checking existence of `"Sat Aug 1 — 30500 steps (today)" StaticText`
    t =    16.61s Find the "Sat Aug 1 — 30500 steps (today)" StaticText
    t =    16.69s Checking existence of `"Sat Aug 1 — 30500 steps (today)" StaticText`
    t =    16.71s Find the "Sat Aug 1 — 30500 steps (today)" StaticText
    t =    16.78s Checking existence of `"Sat Aug 1 — 30500 steps (today)" StaticText`
    t =    16.80s Find the "Sat Aug 1 — 30500 steps (today)" StaticText
    t =    16.87s Checking existence of `"Sat Aug 1 — 30500 steps (today)" StaticText`
    t =    16.88s Find the "Sat Aug 1 — 30500 steps (today)" StaticText
    t =    16.96s Checking existence of `"Sat Aug 1 — 30500 steps (today)" StaticText`
    t =    16.97s Find the "Sat Aug 1 — 30500 steps (today)" StaticText
    t =    17.05s Checking existence of `"Sat Aug 1 — 30500 steps (today)" StaticText`
    t =    17.06s Find the "Sat Aug 1 — 30500 steps (today)" StaticText
    t =    17.14s Checking existence of `"Sat Aug 1 — 30500 steps (today)" StaticText`
    t =    17.15s Find the "Sat Aug 1 — 30500 steps (today)" StaticText
    t =    17.23s Checking existence of `"Sat Aug 1 — 30500 steps (today)" StaticText`
    t =    17.24s Find the "Sat Aug 1 — 30500 steps (today)" StaticText
    t =    17.32s Checking existence of `"Sat Aug 1 — 30500 steps (today)" StaticText`
    t =    17.33s Find the "Sat Aug 1 — 30500 steps (today)" StaticText
    t =    17.41s Checking existence of `"Sat Aug 1 — 30500 steps (today)" StaticText`
    t =    17.42s Find the "Sat Aug 1 — 30500 steps (today)" StaticText
    t =    17.50s Checking existence of `"Sat Aug 1 — 30500 steps (today)" StaticText`
    t =    17.51s Find the "Sat Aug 1 — 30500 steps (today)" StaticText
    t =    17.58s Checking existence of `"Sat Aug 1 — 30500 steps (today)" StaticText`
    t =    17.59s Find the "Sat Aug 1 — 30500 steps (today)" StaticText
    t =    17.67s Checking existence of `"Sat Aug 1 — 30500 steps (today)" StaticText`
    t =    17.68s Find the "Sat Aug 1 — 30500 steps (today)" StaticText
    t =    17.76s Checking existence of `"Sat Aug 1 — 30500 steps (today)" StaticText`
    t =    17.77s Find the "Sat Aug 1 — 30500 steps (today)" StaticText
    t =    17.85s Checking existence of `"Sat Aug 1 — 30500 steps (today)" StaticText`
    t =    17.86s Find the "Sat Aug 1 — 30500 steps (today)" StaticText
    t =    17.94s Checking existence of `"Sat Aug 1 — 30500 steps (today)" StaticText`
    t =    17.95s Find the "Sat Aug 1 — 30500 steps (today)" StaticText
    t =    18.03s Checking existence of `"Sat Aug 1 — 30500 steps (today)" StaticText`
    t =    18.04s Find the "Sat Aug 1 — 30500 steps (today)" StaticText
    t =    18.11s Checking existence of `"Sat Aug 1 — 30500 steps (today)" StaticText`
    t =    18.13s Find the "Sat Aug 1 — 30500 steps (today)" StaticText
    t =    18.21s Checking existence of `"Sat Aug 1 — 30500 steps (today)" StaticText`
    t =    18.22s Find the "Sat Aug 1 — 30500 steps (today)" StaticText
    t =    18.29s Checking existence of `"Sat Aug 1 — 30500 steps (today)" StaticText`
    t =    18.30s Find the "Sat Aug 1 — 30500 steps (today)" StaticText
    t =    18.37s Checking existence of `"Sat Aug 1 — 30500 steps (today)" StaticText`
    t =    18.39s Find the "Sat Aug 1 — 30500 steps (today)" StaticText
    t =    18.46s Checking existence of `"Sat Aug 1 — 30500 steps (today)" StaticText`
    t =    18.47s Find the "Sat Aug 1 — 30500 steps (today)" StaticText
    t =    18.54s Checking existence of `"Sat Aug 1 — 30500 steps (today)" StaticText`
    t =    18.56s Find the "Sat Aug 1 — 30500 steps (today)" StaticText
    t =    18.63s Checking existence of `"Sat Aug 1 — 30500 steps (today)" StaticText`
    t =    18.64s Find the "Sat Aug 1 — 30500 steps (today)" StaticText
    t =    18.72s Checking existence of `"Sat Aug 1 — 30500 steps (today)" StaticText`
    t =    18.73s Find the "Sat Aug 1 — 30500 steps (today)" StaticText
    t =    18.81s Checking existence of `"Sat Aug 1 — 30500 steps (today)" StaticText`
    t =    18.82s Find the "Sat Aug 1 — 30500 steps (today)" StaticText
    t =    18.90s Checking existence of `"Sat Aug 1 — 30500 steps (today)" StaticText`
    t =    18.91s Find the "Sat Aug 1 — 30500 steps (today)" StaticText
    t =    18.99s Checking existence of `"Sat Aug 1 — 30500 steps (today)" StaticText`
    t =    19.01s Find the "Sat Aug 1 — 30500 steps (today)" StaticText
    t =    19.08s Checking existence of `"Sat Aug 1 — 30500 steps (today)" StaticText`
    t =    19.10s Find the "Sat Aug 1 — 30500 steps (today)" StaticText
    t =    19.17s Checking existence of `"Sat Aug 1 — 30500 steps (today)" StaticText`
    t =    19.19s Find the "Sat Aug 1 — 30500 steps (today)" StaticText
    t =    19.25s Checking existence of `"Sat Aug 1 — 30500 steps (today)" StaticText`
    t =    19.27s Find the "Sat Aug 1 — 30500 steps (today)" StaticText
    t =    19.34s Checking existence of `"Sat Aug 1 — 30500 steps (today)" StaticText`
    t =    19.36s Find the "Sat Aug 1 — 30500 steps (today)" StaticText
    t =    19.43s Checking existence of `"Sat Aug 1 — 30500 steps (today)" StaticText`
    t =    19.44s Find the "Sat Aug 1 — 30500 steps (today)" StaticText
    t =    19.52s Checking existence of `"Sat Aug 1 — 30500 steps (today)" StaticText`
    t =    19.53s Find the "Sat Aug 1 — 30500 steps (today)" StaticText
    t =    19.61s Checking existence of `"Sat Aug 1 — 30500 steps (today)" StaticText`
    t =    19.62s Find the "Sat Aug 1 — 30500 steps (today)" StaticText
    t =    19.70s Checking existence of `"Sat Aug 1 — 30500 steps (today)" StaticText`
    t =    19.71s Find the "Sat Aug 1 — 30500 steps (today)" StaticText
    t =    19.79s Checking existence of `"Sat Aug 1 — 30500 steps (today)" StaticText`
    t =    19.80s Find the "Sat Aug 1 — 30500 steps (today)" StaticText
    t =    19.88s Checking existence of `"Sat Aug 1 — 30500 steps (today)" StaticText`
    t =    19.89s Find the "Sat Aug 1 — 30500 steps (today)" StaticText
    t =    19.97s Checking existence of `"Sat Aug 1 — 30500 steps (today)" StaticText`
    t =    19.98s Find the "Sat Aug 1 — 30500 steps (today)" StaticText
    t =    20.06s Checking existence of `"Sat Aug 1 — 30500 steps (today)" StaticText`
    t =    20.07s Find the "Sat Aug 1 — 30500 steps (today)" StaticText
    t =    20.15s Checking existence of `"Sat Aug 1 — 30500 steps (today)" StaticText`
    t =    20.17s Find the "Sat Aug 1 — 30500 steps (today)" StaticText
    t =    20.24s Checking existence of `"Sat Aug 1 — 30500 steps (today)" StaticText`
    t =    20.26s Find the "Sat Aug 1 — 30500 steps (today)" StaticText
    t =    20.33s Checking existence of `"Sat Aug 1 — 30500 steps (today)" StaticText`
    t =    20.35s Find the "Sat Aug 1 — 30500 steps (today)" StaticText
    t =    20.43s Checking existence of `"Sat Aug 1 — 30500 steps (today)" StaticText`
    t =    20.44s Find the "Sat Aug 1 — 30500 steps (today)" StaticText
    t =    20.51s Checking existence of `"Sat Aug 1 — 30500 steps (today)" StaticText`
    t =    20.53s Find the "Sat Aug 1 — 30500 steps (today)" StaticText
    t =    20.61s Checking existence of `"Sat Aug 1 — 30500 steps (today)" StaticText`
    t =    20.62s Find the "Sat Aug 1 — 30500 steps (today)" StaticText
    t =    20.69s Checking existence of `"Sat Aug 1 — 30500 steps (today)" StaticText`
    t =    20.71s Find the "Sat Aug 1 — 30500 steps (today)" StaticText
    t =    20.78s Checking existence of `"Sat Aug 1 — 30500 steps (today)" StaticText`
    t =    20.80s Find the "Sat Aug 1 — 30500 steps (today)" StaticText
    t =    20.87s Checking existence of `"Sat Aug 1 — 30500 steps (today)" StaticText`
    t =    20.89s Find the "Sat Aug 1 — 30500 steps (today)" StaticText
    t =    20.96s Checking existence of `"Sat Aug 1 — 30500 steps (today)" StaticText`
    t =    20.98s Find the "Sat Aug 1 — 30500 steps (today)" StaticText
    t =    21.05s Checking existence of `"Sat Aug 1 — 30500 steps (today)" StaticText`
    t =    21.07s Find the "Sat Aug 1 — 30500 steps (today)" StaticText
    t =    21.14s Checking existence of `"Sat Aug 1 — 30500 steps (today)" StaticText`
    t =    21.16s Find the "Sat Aug 1 — 30500 steps (today)" StaticText
    t =    21.23s Checking existence of `"Sat Aug 1 — 30500 steps (today)" StaticText`
    t =    21.25s Find the "Sat Aug 1 — 30500 steps (today)" StaticText
    t =    21.31s Checking existence of `"Sat Aug 1 — 30500 steps (today)" StaticText`
    t =    21.33s Find the "Sat Aug 1 — 30500 steps (today)" StaticText
    t =    21.40s Checking existence of `"Sat Aug 1 — 30500 steps (today)" StaticText`
    t =    21.41s Find the "Sat Aug 1 — 30500 steps (today)" StaticText
    t =    21.49s Checking existence of `"Sat Aug 1 — 30500 steps (today)" StaticText`
    t =    21.50s Find the "Sat Aug 1 — 30500 steps (today)" StaticText
    t =    21.58s Checking existence of `"Sat Aug 1 — 30500 steps (today)" StaticText`
    t =    21.59s Find the "Sat Aug 1 — 30500 steps (today)" StaticText
    t =    21.67s Checking existence of `"Sat Aug 1 — 30500 steps (today)" StaticText`
    t =    21.68s Find the "Sat Aug 1 — 30500 steps (today)" StaticText
    t =    21.76s Checking existence of `"Sat Aug 1 — 30500 steps (today)" StaticText`
    t =    21.77s Find the "Sat Aug 1 — 30500 steps (today)" StaticText
    t =    21.85s Checking existence of `"Sat Aug 1 — 30500 steps (today)" StaticText`
    t =    21.86s Find the "Sat Aug 1 — 30500 steps (today)" StaticText
    t =    21.94s Checking existence of `"Sat Aug 1 — 30500 steps (today)" StaticText`
    t =    21.95s Find the "Sat Aug 1 — 30500 steps (today)" StaticText
    t =    22.03s Checking existence of `"Sat Aug 1 — 30500 steps (today)" StaticText`
    t =    22.04s Find the "Sat Aug 1 — 30500 steps (today)" StaticText
    t =    22.11s Checking existence of `"Sat Aug 1 — 30500 steps (today)" StaticText`
    t =    22.13s Find the "Sat Aug 1 — 30500 steps (today)" StaticText
    t =    22.20s Checking existence of `"Sat Aug 1 — 30500 steps (today)" StaticText`
    t =    22.21s Find the "Sat Aug 1 — 30500 steps (today)" StaticText
    t =    22.28s Checking existence of `"Sat Aug 1 — 30500 steps (today)" StaticText`
    t =    22.30s Find the "Sat Aug 1 — 30500 steps (today)" StaticText
    t =    22.37s Checking existence of `"Sat Aug 1 — 30500 steps (today)" StaticText`
    t =    22.39s Find the "Sat Aug 1 — 30500 steps (today)" StaticText
    t =    22.46s Checking existence of `"Sat Aug 1 — 30500 steps (today)" StaticText`
    t =    22.48s Find the "Sat Aug 1 — 30500 steps (today)" StaticText
    t =    22.55s Checking existence of `"Sat Aug 1 — 30500 steps (today)" StaticText`
    t =    22.56s Find the "Sat Aug 1 — 30500 steps (today)" StaticText
    t =    22.63s Checking existence of `"Sat Aug 1 — 30500 steps (today)" StaticText`
    t =    22.65s Find the "Sat Aug 1 — 30500 steps (today)" StaticText
    t =    22.72s Checking existence of `"Sat Aug 1 — 30500 steps (today)" StaticText`
    t =    22.74s Find the "Sat Aug 1 — 30500 steps (today)" StaticText
    t =    22.81s Checking existence of `"Sat Aug 1 — 30500 steps (today)" StaticText`
    t =    22.83s Find the "Sat Aug 1 — 30500 steps (today)" StaticText
    t =    22.90s Checking existence of `"Sat Aug 1 — 30500 steps (today)" StaticText`
    t =    22.92s Find the "Sat Aug 1 — 30500 steps (today)" StaticText
    t =    23.00s Checking existence of `"Sat Aug 1 — 30500 steps (today)" StaticText`
    t =    23.01s Find the "Sat Aug 1 — 30500 steps (today)" StaticText
    t =    23.08s Checking existence of `"Sat Aug 1 — 30500 steps (today)" StaticText`
    t =    23.09s Find the "Sat Aug 1 — 30500 steps (today)" StaticText
    t =    23.17s Checking existence of `"Sat Aug 1 — 30500 steps (today)" StaticText`
    t =    23.18s Find the "Sat Aug 1 — 30500 steps (today)" StaticText
    t =    23.25s Checking existence of `"Sat Aug 1 — 30500 steps (today)" StaticText`
    t =    23.27s Find the "Sat Aug 1 — 30500 steps (today)" StaticText
    t =    23.34s Checking existence of `"Sat Aug 1 — 30500 steps (today)" StaticText`
    t =    23.36s Find the "Sat Aug 1 — 30500 steps (today)" StaticText
    t =    23.43s Checking existence of `"Sat Aug 1 — 30500 steps (today)" StaticText`
    t =    23.44s Find the "Sat Aug 1 — 30500 steps (today)" StaticText
    t =    23.51s Checking existence of `"Sat Aug 1 — 30500 steps (today)" StaticText`
    t =    23.53s Find the "Sat Aug 1 — 30500 steps (today)" StaticText
    t =    23.60s Checking existence of `"Sat Aug 1 — 30500 steps (today)" StaticText`
    t =    23.62s Find the "Sat Aug 1 — 30500 steps (today)" StaticText
    t =    23.69s Checking existence of `"Sat Aug 1 — 30500 steps (today)" StaticText`
    t =    23.71s Find the "Sat Aug 1 — 30500 steps (today)" StaticText
    t =    23.79s Checking existence of `"Sat Aug 1 — 30500 steps (today)" StaticText`
    t =    23.80s Find the "Sat Aug 1 — 30500 steps (today)" StaticText
    t =    23.87s Checking existence of `"Sat Aug 1 — 30500 steps (today)" StaticText`
    t =    23.88s Find the "Sat Aug 1 — 30500 steps (today)" StaticText
    t =    23.96s Checking existence of `"Sat Aug 1 — 30500 steps (today)" StaticText`
    t =    23.97s Find the "Sat Aug 1 — 30500 steps (today)" StaticText
    t =    24.05s Checking existence of `"Sat Aug 1 — 30500 steps (today)" StaticText`
    t =    24.06s Find the "Sat Aug 1 — 30500 steps (today)" StaticText
    t =    24.13s Checking existence of `"Sat Aug 1 — 30500 steps (today)" StaticText`
    t =    24.15s Find the "Sat Aug 1 — 30500 steps (today)" StaticText
    t =    24.22s Checking existence of `"Sat Aug 1 — 30500 steps (today)" StaticText`
    t =    24.24s Find the "Sat Aug 1 — 30500 steps (today)" StaticText
    t =    24.31s Checking existence of `"Sat Aug 1 — 30500 steps (today)" StaticText`
    t =    24.33s Find the "Sat Aug 1 — 30500 steps (today)" StaticText
    t =    24.40s Checking existence of `"Sat Aug 1 — 30500 steps (today)" StaticText`
    t =    24.42s Find the "Sat Aug 1 — 30500 steps (today)" StaticText
    t =    24.49s Checking existence of `"Sat Aug 1 — 30500 steps (today)" StaticText`
    t =    24.50s Find the "Sat Aug 1 — 30500 steps (today)" StaticText
    t =    24.58s Checking existence of `"Sat Aug 1 — 30500 steps (today)" StaticText`
    t =    24.59s Find the "Sat Aug 1 — 30500 steps (today)" StaticText
    t =    24.67s Checking existence of `"Sat Aug 1 — 30500 steps (today)" StaticText`
    t =    24.68s Find the "Sat Aug 1 — 30500 steps (today)" StaticText
    t =    24.76s Checking existence of `"Sat Aug 1 — 30500 steps (today)" StaticText`
    t =    24.77s Find the "Sat Aug 1 — 30500 steps (today)" StaticText
    t =    24.85s Checking existence of `"Sat Aug 1 — 30500 steps (today)" StaticText`
    t =    24.87s Find the "Sat Aug 1 — 30500 steps (today)" StaticText
    t =    24.94s Checking existence of `"Sat Aug 1 — 30500 steps (today)" StaticText`
    t =    24.96s Find the "Sat Aug 1 — 30500 steps (today)" StaticText
    t =    25.02s Checking existence of `"Sat Aug 1 — 30500 steps (today)" StaticText`
    t =    25.04s Find the "Sat Aug 1 — 30500 steps (today)" StaticText
    t =    25.12s Checking existence of `"Sat Aug 1 — 30500 steps (today)" StaticText`
    t =    25.13s Find the "Sat Aug 1 — 30500 steps (today)" StaticText
    t =    25.21s Checking existence of `"Sat Aug 1 — 30500 steps (today)" StaticText`
    t =    25.22s Find the "Sat Aug 1 — 30500 steps (today)" StaticText
    t =    25.30s Checking existence of `"Sat Aug 1 — 30500 steps (today)" StaticText`
    t =    25.31s Find the "Sat Aug 1 — 30500 steps (today)" StaticText
    t =    25.39s Checking existence of `"Sat Aug 1 — 30500 steps (today)" StaticText`
    t =    25.41s Find the "Sat Aug 1 — 30500 steps (today)" StaticText
    t =    25.48s Checking existence of `"Sat Aug 1 — 30500 steps (today)" StaticText`
    t =    25.49s Find the "Sat Aug 1 — 30500 steps (today)" StaticText
    t =    25.57s Checking existence of `"Sat Aug 1 — 30500 steps (today)" StaticText`
    t =    25.58s Find the "Sat Aug 1 — 30500 steps (today)" StaticText
    t =    25.66s Checking existence of `"Sat Aug 1 — 30500 steps (today)" StaticText`
    t =    25.67s Find the "Sat Aug 1 — 30500 steps (today)" StaticText
    t =    25.75s Checking existence of `"Sat Aug 1 — 30500 steps (today)" StaticText`
    t =    25.76s Find the "Sat Aug 1 — 30500 steps (today)" StaticText
    t =    25.83s Checking existence of `"Sat Aug 1 — 30500 steps (today)" StaticText`
    t =    25.85s Find the "Sat Aug 1 — 30500 steps (today)" StaticText
    t =    25.92s Checking existence of `"Sat Aug 1 — 30500 steps (today)" StaticText`
    t =    25.94s Find the "Sat Aug 1 — 30500 steps (today)" StaticText
    t =    26.01s Checking existence of `"Sat Aug 1 — 30500 steps (today)" StaticText`
    t =    26.02s Find the "Sat Aug 1 — 30500 steps (today)" StaticText
STEP[26s]: iter 0: go home
    t =    26.10s Checking existence of `"Transcribe" Button`
    t =    26.11s Checking existence of `"Health" Button`
    t =    26.13s Checking existence of `Any (First Match)`
    t =    26.14s Checking existence of `Button (Element at index 0)`
    t =    26.16s Find the Button (Element at index 0)
STEP[26s]: goHome: tapping candidate 0
    t =    26.18s Tap "BackButton" Button
    t =    26.18s     Wait for org.nativescript.nsbenchmark to idle
    t =    26.18s     Find the "BackButton" Button
    t =    26.19s     Check for interrupting elements affecting "BackButton" Button
    t =    26.21s     Synthesize event
    t =    26.50s     Wait for org.nativescript.nsbenchmark to idle
    t =    27.33s Checking existence of `"Transcribe" Button`
    t =    27.35s Waiting 3.0s for "Transcribe" Button to exist
    t =    28.42s     Checking `Expect predicate `existsNoRetry == 1` for object "Transcribe" Button`
    t =    28.42s         Checking existence of `"Transcribe" Button`
STEP[28s]: iter 0: nav Transcribe
    t =    28.43s Checking existence of `"Transcribe" Button`
    t =    28.44s Tap "Transcribe" Button
    t =    28.44s     Wait for org.nativescript.nsbenchmark to idle
    t =    28.44s     Find the "Transcribe" Button
    t =    28.45s     Check for interrupting elements affecting "Transcribe" Button
    t =    28.45s     Synthesize event
    t =    28.74s     Wait for org.nativescript.nsbenchmark to idle
    t =    29.06s Waiting 10.0s for Any (First Match) to exist
    t =    30.13s     Checking `Expect predicate `existsNoRetry == 1` for object Any (First Match)`
    t =    30.14s         Checking existence of `Any (First Match)`
    t =    30.16s Checking existence of `Any (First Match)`
    t =    30.17s Find the Any (First Match)
STEP[30s]: iter 0: speech authorize
    t =    30.19s Checking existence of `"Request Access" Button`
    t =    30.20s Checking existence of `"Request Access" Button`
    t =    30.21s Find the "Request Access" Button
    t =    30.22s Tap "Request Access" Button
    t =    30.22s     Wait for org.nativescript.nsbenchmark to idle
    t =    30.22s     Find the "Request Access" Button
    t =    30.23s     Check for interrupting elements affecting "Request Access" Button
    t =    30.25s     Synthesize event
    t =    30.54s     Wait for org.nativescript.nsbenchmark to idle
    t =    30.54s Waiting 3.0s for "Allow" Button to exist
    t =    31.61s     Checking `Expect predicate `existsNoRetry == 1` for object "Allow" Button`
    t =    31.61s         Checking existence of `"Allow" Button`
STEP[31s]: system alert: 'Allow'
    t =    31.64s Tap "Allow" Button
    t =    31.64s     Wait for com.apple.springboard to idle
    t =    31.64s     Find the "Allow" Button
    t =    31.66s     Check for interrupting elements affecting "Allow" Button
    t =    31.69s     Synthesize event
    t =    31.99s     Wait for com.apple.springboard to idle
    t =    32.22s Waiting 15.0s for Any (First Match) to exist
    t =    33.29s     Checking `Expect predicate `existsNoRetry == 1` for object Any (First Match)`
    t =    33.29s         Checking existence of `Any (First Match)`
    t =    33.31s Checking existence of `"Speech access: not requested" StaticText`
    t =    33.33s Find the "Speech access: not requested" StaticText
    t =    33.34s Checking existence of `"Transcribe Sample" Button`
    t =    33.35s Checking existence of `"Transcribe Sample" Button`
    t =    33.36s Find the "Transcribe Sample" Button
STEP[33s]: iter 0: transcribe
    t =    33.38s Tap "Transcribe Sample" Button
    t =    33.38s     Wait for org.nativescript.nsbenchmark to idle
    t =    33.38s     Find the "Transcribe Sample" Button
    t =    33.39s     Check for interrupting elements affecting "Transcribe Sample" Button
    t =    33.40s     Synthesize event
    t =    33.70s     Wait for org.nativescript.nsbenchmark to idle
    t =    33.70s Waiting 45.0s for Any (First Match) to exist
    t =    34.77s     Checking `Expect predicate `existsNoRetry == 1` for object Any (First Match)`
    t =    34.77s         Checking existence of `Any (First Match)`
    t =    34.80s         Capturing element debug description
    t =    35.73s     Checking `Expect predicate `existsNoRetry == 1` for object Any (First Match)`
    t =    35.73s         Checking existence of `Any (First Match)`
    t =    35.76s         Capturing element debug description
    t =    36.73s     Checking `Expect predicate `existsNoRetry == 1` for object Any (First Match)`
    t =    36.73s         Checking existence of `Any (First Match)`
    t =    36.76s         Capturing element debug description
    t =    37.71s     Checking `Expect predicate `existsNoRetry == 1` for object Any (First Match)`
    t =    37.71s         Checking existence of `Any (First Match)`
    t =    37.74s         Capturing element debug description
    t =    38.78s     Checking `Expect predicate `existsNoRetry == 1` for object Any (First Match)`
    t =    38.78s         Checking existence of `Any (First Match)`
    t =    38.80s         Capturing element debug description
    t =    39.76s     Checking `Expect predicate `existsNoRetry == 1` for object Any (First Match)`
    t =    39.76s         Checking existence of `Any (First Match)`
    t =    39.78s         Capturing element debug description
    t =    40.75s     Checking `Expect predicate `existsNoRetry == 1` for object Any (First Match)`
    t =    40.75s         Checking existence of `Any (First Match)`
    t =    40.78s         Capturing element debug description
    t =    41.79s     Checking `Expect predicate `existsNoRetry == 1` for object Any (First Match)`
    t =    41.79s         Checking existence of `Any (First Match)`
    t =    41.82s         Capturing element debug description
    t =    42.72s     Checking `Expect predicate `existsNoRetry == 1` for object Any (First Match)`
    t =    42.72s         Checking existence of `Any (First Match)`
    t =    42.75s         Capturing element debug description
    t =    43.75s     Checking `Expect predicate `existsNoRetry == 1` for object Any (First Match)`
    t =    43.75s         Checking existence of `Any (First Match)`
    t =    43.78s         Capturing element debug description
    t =    44.78s     Checking `Expect predicate `existsNoRetry == 1` for object Any (First Match)`
    t =    44.78s         Checking existence of `Any (First Match)`
    t =    44.81s         Capturing element debug description
    t =    45.71s     Checking `Expect predicate `existsNoRetry == 1` for object Any (First Match)`
    t =    45.72s         Checking existence of `Any (First Match)`
    t =    45.74s         Capturing element debug description
    t =    46.75s     Checking `Expect predicate `existsNoRetry == 1` for object Any (First Match)`
    t =    46.75s         Checking existence of `Any (First Match)`
    t =    46.78s         Capturing element debug description
    t =    47.78s     Checking `Expect predicate `existsNoRetry == 1` for object Any (First Match)`
    t =    47.78s         Checking existence of `Any (First Match)`
    t =    47.81s         Capturing element debug description
    t =    48.71s     Checking `Expect predicate `existsNoRetry == 1` for object Any (First Match)`
    t =    48.72s         Checking existence of `Any (First Match)`
    t =    48.74s         Capturing element debug description
    t =    49.75s     Checking `Expect predicate `existsNoRetry == 1` for object Any (First Match)`
    t =    49.75s         Checking existence of `Any (First Match)`
    t =    49.78s         Capturing element debug description
    t =    50.78s     Checking `Expect predicate `existsNoRetry == 1` for object Any (First Match)`
    t =    50.78s         Checking existence of `Any (First Match)`
    t =    50.81s         Capturing element debug description
    t =    51.71s     Checking `Expect predicate `existsNoRetry == 1` for object Any (First Match)`
    t =    51.71s         Checking existence of `Any (First Match)`
    t =    51.74s         Capturing element debug description
    t =    52.75s     Checking `Expect predicate `existsNoRetry == 1` for object Any (First Match)`
    t =    52.75s         Checking existence of `Any (First Match)`
    t =    52.78s         Capturing element debug description
    t =    53.78s     Checking `Expect predicate `existsNoRetry == 1` for object Any (First Match)`
    t =    53.78s         Checking existence of `Any (First Match)`
    t =    53.81s         Capturing element debug description
    t =    54.71s     Checking `Expect predicate `existsNoRetry == 1` for object Any (First Match)`
    t =    54.71s         Checking existence of `Any (First Match)`
    t =    54.74s         Capturing element debug description
    t =    55.75s     Checking `Expect predicate `existsNoRetry == 1` for object Any (First Match)`
    t =    55.75s         Checking existence of `Any (First Match)`
    t =    55.77s         Capturing element debug description
    t =    56.79s     Checking `Expect predicate `existsNoRetry == 1` for object Any (First Match)`
    t =    56.79s         Checking existence of `Any (First Match)`
    t =    56.82s         Capturing element debug description
    t =    57.78s     Checking `Expect predicate `existsNoRetry == 1` for object Any (First Match)`
    t =    57.78s         Checking existence of `Any (First Match)`
    t =    57.81s         Capturing element debug description
    t =    58.78s     Checking `Expect predicate `existsNoRetry == 1` for object Any (First Match)`
    t =    58.78s         Checking existence of `Any (First Match)`
    t =    58.80s         Capturing element debug description
    t =    59.77s     Checking `Expect predicate `existsNoRetry == 1` for object Any (First Match)`
    t =    59.77s         Checking existence of `Any (First Match)`
    t =    59.79s         Capturing element debug description
    t =    60.73s     Checking `Expect predicate `existsNoRetry == 1` for object Any (First Match)`
    t =    60.73s         Checking existence of `Any (First Match)`
    t =    60.75s         Capturing element debug description
    t =    61.71s     Checking `Expect predicate `existsNoRetry == 1` for object Any (First Match)`
    t =    61.71s         Checking existence of `Any (First Match)`
    t =    61.74s         Capturing element debug description
    t =    62.79s     Checking `Expect predicate `existsNoRetry == 1` for object Any (First Match)`
    t =    62.79s         Checking existence of `Any (First Match)`
    t =    62.82s         Capturing element debug description
    t =    63.76s     Checking `Expect predicate `existsNoRetry == 1` for object Any (First Match)`
    t =    63.76s         Checking existence of `Any (First Match)`
    t =    63.79s         Capturing element debug description
    t =    64.75s     Checking `Expect predicate `existsNoRetry == 1` for object Any (First Match)`
    t =    64.75s         Checking existence of `Any (First Match)`
    t =    64.78s         Capturing element debug description
    t =    65.71s     Checking `Expect predicate `existsNoRetry == 1` for object Any (First Match)`
    t =    65.72s         Checking existence of `Any (First Match)`
    t =    65.74s         Capturing element debug description
    t =    66.71s     Checking `Expect predicate `existsNoRetry == 1` for object Any (First Match)`
    t =    66.71s         Checking existence of `Any (First Match)`
    t =    66.74s         Capturing element debug description
    t =    67.79s     Checking `Expect predicate `existsNoRetry == 1` for object Any (First Match)`
    t =    67.79s         Checking existence of `Any (First Match)`
    t =    67.82s         Capturing element debug description
    t =    68.76s     Checking `Expect predicate `existsNoRetry == 1` for object Any (First Match)`
    t =    68.76s         Checking existence of `Any (First Match)`
    t =    68.78s         Capturing element debug description
    t =    69.74s     Checking `Expect predicate `existsNoRetry == 1` for object Any (First Match)`
    t =    69.74s         Checking existence of `Any (First Match)`
    t =    69.76s         Capturing element debug description
    t =    70.70s     Checking `Expect predicate `existsNoRetry == 1` for object Any (First Match)`
    t =    70.70s         Checking existence of `Any (First Match)`
    t =    70.73s         Capturing element debug description
    t =    71.80s     Checking `Expect predicate `existsNoRetry == 1` for object Any (First Match)`
    t =    71.80s         Checking existence of `Any (First Match)`
    t =    71.83s         Capturing element debug description
    t =    72.78s     Checking `Expect predicate `existsNoRetry == 1` for object Any (First Match)`
    t =    72.78s         Checking existence of `Any (First Match)`
    t =    72.80s         Capturing element debug description
    t =    73.75s     Checking `Expect predicate `existsNoRetry == 1` for object Any (First Match)`
    t =    73.75s         Checking existence of `Any (First Match)`
    t =    73.78s         Capturing element debug description
    t =    74.74s     Checking `Expect predicate `existsNoRetry == 1` for object Any (First Match)`
    t =    74.75s         Checking existence of `Any (First Match)`
    t =    74.77s         Capturing element debug description
    t =    75.73s     Checking `Expect predicate `existsNoRetry == 1` for object Any (First Match)`
    t =    75.74s         Checking existence of `Any (First Match)`
    t =    75.76s         Capturing element debug description
    t =    76.73s     Checking `Expect predicate `existsNoRetry == 1` for object Any (First Match)`
    t =    76.73s         Checking existence of `Any (First Match)`
    t =    76.75s         Capturing element debug description
    t =    77.71s     Checking `Expect predicate `existsNoRetry == 1` for object Any (First Match)`
    t =    77.71s         Checking existence of `Any (First Match)`
    t =    77.74s         Capturing element debug description
    t =    78.71s     Checking `Expect predicate `existsNoRetry == 1` for object Any (First Match)`
    t =    78.71s         Checking existence of `Any (First Match)`
    t =    78.74s         Capturing element debug description
    t =    78.74s     Checking existence of `Any (First Match)`
    t =    78.75s Collecting debug information to assist test failure triage
    t =    78.75s     Requesting snapshot of accessibility hierarchy for app with pid 45873
    t =    78.78s Checking existence of `Any (First Match)`
    t =    78.79s Checking existence of `Any (First Match)`
    t =    78.80s Checking existence of `Any (First Match)`
    t =    78.81s Find the Any (First Match)
STEP[78s]: iter 0: done
    t =    78.82s Terminate org.nativescript.nsbenchmark:45873
STEP[79s]: iter 1: launch org.nativescript.nsbenchmark
    t =    79.83s Open org.nativescript.nsbenchmark
    t =    79.83s     Launch org.nativescript.nsbenchmark
    t =    79.94s         Setting up automation session
    t =    80.55s         Wait for org.nativescript.nsbenchmark to idle
    t =    81.72s Checking existence of `"Health" Button`
    t =    81.75s Waiting 20.0s for "Health" Button to exist
    t =    82.81s     Checking `Expect predicate `existsNoRetry == 1` for object "Health" Button`
    t =    82.82s         Checking existence of `"Health" Button`
STEP[82s]: iter 1: nav Health
    t =    82.83s Checking existence of `"Health" Button`
    t =    82.84s Tap "Health" Button
    t =    82.84s     Wait for org.nativescript.nsbenchmark to idle
    t =    82.84s     Find the "Health" Button
    t =    82.84s     Check for interrupting elements affecting "Health" Button
    t =    82.86s     Synthesize event
    t =    83.15s     Wait for org.nativescript.nsbenchmark to idle
    t =    83.54s Waiting 10.0s for Any (First Match) to exist
    t =    84.61s     Checking `Expect predicate `existsNoRetry == 1` for object Any (First Match)`
    t =    84.61s         Checking existence of `Any (First Match)`
    t =    84.64s Checking existence of `Any (First Match)`
    t =    84.65s Find the Any (First Match)
    t =    84.67s Checking existence of `"Health access: granted" StaticText`
    t =    84.68s Find the "Health access: granted" StaticText
    t =    84.69s Waiting 15.0s for Any (First Match) to exist
    t =    85.75s     Checking `Expect predicate `existsNoRetry == 1` for object Any (First Match)`
    t =    85.75s         Checking existence of `Any (First Match)`
    t =    85.78s Checking existence of `Any (First Match)`
    t =    85.79s Find the Any (First Match)
    t =    85.81s Checking existence of `"Log 500 Steps" Button`
    t =    85.82s Checking existence of `"Log 500 Steps" Button`
    t =    85.83s Find the "Log 500 Steps" Button
STEP[85s]: iter 1: log 500
    t =    85.85s Tap "Log 500 Steps" Button
    t =    85.85s     Wait for org.nativescript.nsbenchmark to idle
    t =    85.85s     Find the "Log 500 Steps" Button
    t =    85.86s     Check for interrupting elements affecting "Log 500 Steps" Button
    t =    85.88s     Synthesize event
    t =    86.17s     Wait for org.nativescript.nsbenchmark to idle
    t =    86.18s Checking existence of `"Sat Aug 1 — 30500 steps (today)" StaticText`
    t =    86.20s Find the "Sat Aug 1 — 30500 steps (today)" StaticText
    t =    86.28s Checking existence of `"Sat Aug 1 — 30500 steps (today)" StaticText`
    t =    86.30s Find the "Sat Aug 1 — 30500 steps (today)" StaticText
    t =    86.37s Checking existence of `"Sat Aug 1 — 30500 steps (today)" StaticText`
    t =    86.39s Find the "Sat Aug 1 — 30500 steps (today)" StaticText
    t =    86.46s Checking existence of `"Sat Aug 1 — 30500 steps (today)" StaticText`
    t =    86.48s Find the "Sat Aug 1 — 30500 steps (today)" StaticText
    t =    86.55s Checking existence of `"Sat Aug 1 — 30500 steps (today)" StaticText`
    t =    86.57s Find the "Sat Aug 1 — 30500 steps (today)" StaticText
    t =    86.64s Checking existence of `"Sat Aug 1 — 30500 steps (today)" StaticText`
    t =    86.66s Find the "Sat Aug 1 — 30500 steps (today)" StaticText
    t =    86.73s Checking existence of `"Sat Aug 1 — 30500 steps (today)" StaticText`
    t =    86.75s Find the "Sat Aug 1 — 30500 steps (today)" StaticText
    t =    86.83s Checking existence of `"Sat Aug 1 — 30500 steps (today)" StaticText`
    t =    86.84s Find the "Sat Aug 1 — 30500 steps (today)" StaticText
    t =    86.92s Checking existence of `"Sat Aug 1 — 30500 steps (today)" StaticText`
    t =    86.93s Find the "Sat Aug 1 — 30500 steps (today)" StaticText
    t =    87.01s Checking existence of `"Sat Aug 1 — 30500 steps (today)" StaticText`
    t =    87.02s Find the "Sat Aug 1 — 30500 steps (today)" StaticText
    t =    87.10s Checking existence of `"Sat Aug 1 — 30500 steps (today)" StaticText`
    t =    87.11s Find the "Sat Aug 1 — 30500 steps (today)" StaticText
    t =    87.19s Checking existence of `"Sat Aug 1 — 30500 steps (today)" StaticText`
    t =    87.20s Find the "Sat Aug 1 — 30500 steps (today)" StaticText
    t =    87.28s Checking existence of `"Sat Aug 1 — 30500 steps (today)" StaticText`
    t =    87.29s Find the "Sat Aug 1 — 30500 steps (today)" StaticText
    t =    87.37s Checking existence of `"Sat Aug 1 — 30500 steps (today)" StaticText`
    t =    87.38s Find the "Sat Aug 1 — 30500 steps (today)" StaticText
    t =    87.46s Checking existence of `"Sat Aug 1 — 30500 steps (today)" StaticText`
    t =    87.47s Find the "Sat Aug 1 — 30500 steps (today)" StaticText
    t =    87.55s Checking existence of `"Sat Aug 1 — 30500 steps (today)" StaticText`
    t =    87.57s Find the "Sat Aug 1 — 30500 steps (today)" StaticText
    t =    87.64s Checking existence of `"Sat Aug 1 — 30500 steps (today)" StaticText`
    t =    87.66s Find the "Sat Aug 1 — 30500 steps (today)" StaticText
    t =    87.73s Checking existence of `"Sat Aug 1 — 30500 steps (today)" StaticText`
    t =    87.74s Find the "Sat Aug 1 — 30500 steps (today)" StaticText
    t =    87.81s Checking existence of `"Sat Aug 1 — 30500 steps (today)" StaticText`
    t =    87.83s Find the "Sat Aug 1 — 30500 steps (today)" StaticText
    t =    87.90s Checking existence of `"Sat Aug 1 — 30500 steps (today)" StaticText`
    t =    87.92s Find the "Sat Aug 1 — 30500 steps (today)" StaticText
    t =    87.99s Checking existence of `"Sat Aug 1 — 30500 steps (today)" StaticText`
    t =    88.01s Find the "Sat Aug 1 — 30500 steps (today)" StaticText
    t =    88.08s Checking existence of `"Sat Aug 1 — 30500 steps (today)" StaticText`
    t =    88.10s Find the "Sat Aug 1 — 30500 steps (today)" StaticText
    t =    88.17s Checking existence of `"Sat Aug 1 — 30500 steps (today)" StaticText`
    t =    88.18s Find the "Sat Aug 1 — 30500 steps (today)" StaticText
    t =    88.26s Checking existence of `"Sat Aug 1 — 30500 steps (today)" StaticText`
    t =    88.28s Find the "Sat Aug 1 — 30500 steps (today)" StaticText
    t =    88.35s Checking existence of `"Sat Aug 1 — 30500 steps (today)" StaticText`
    t =    88.37s Find the "Sat Aug 1 — 30500 steps (today)" StaticText
    t =    88.44s Checking existence of `"Sat Aug 1 — 30500 steps (today)" StaticText`
    t =    88.46s Find the "Sat Aug 1 — 30500 steps (today)" StaticText
    t =    88.53s Checking existence of `"Sat Aug 1 — 30500 steps (today)" StaticText`
    t =    88.55s Find the "Sat Aug 1 — 30500 steps (today)" StaticText
    t =    88.62s Checking existence of `"Sat Aug 1 — 30500 steps (today)" StaticText`
    t =    88.64s Find the "Sat Aug 1 — 30500 steps (today)" StaticText
    t =    88.71s Checking existence of `"Sat Aug 1 — 30500 steps (today)" StaticText`
    t =    88.72s Find the "Sat Aug 1 — 30500 steps (today)" StaticText
    t =    88.80s Checking existence of `"Sat Aug 1 — 30500 steps (today)" StaticText`
    t =    88.81s Find the "Sat Aug 1 — 30500 steps (today)" StaticText
    t =    88.89s Checking existence of `"Sat Aug 1 — 30500 steps (today)" StaticText`
    t =    88.90s Find the "Sat Aug 1 — 30500 steps (today)" StaticText
    t =    88.98s Checking existence of `"Sat Aug 1 — 30500 steps (today)" StaticText`
    t =    88.99s Find the "Sat Aug 1 — 30500 steps (today)" StaticText
    t =    89.07s Checking existence of `"Sat Aug 1 — 30500 steps (today)" StaticText`
    t =    89.09s Find the "Sat Aug 1 — 30500 steps (today)" StaticText
    t =    89.16s Checking existence of `"Sat Aug 1 — 30500 steps (today)" StaticText`
    t =    89.18s Find the "Sat Aug 1 — 30500 steps (today)" StaticText
    t =    89.25s Checking existence of `"Sat Aug 1 — 30500 steps (today)" StaticText`
    t =    89.26s Find the "Sat Aug 1 — 30500 steps (today)" StaticText
    t =    89.34s Checking existence of `"Sat Aug 1 — 30500 steps (today)" StaticText`
    t =    89.35s Find the "Sat Aug 1 — 30500 steps (today)" StaticText
    t =    89.43s Checking existence of `"Sat Aug 1 — 30500 steps (today)" StaticText`
    t =    89.45s Find the "Sat Aug 1 — 30500 steps (today)" StaticText
    t =    89.52s Checking existence of `"Sat Aug 1 — 30500 steps (today)" StaticText`
    t =    89.54s Find the "Sat Aug 1 — 30500 steps (today)" StaticText
    t =    89.61s Checking existence of `"Sat Aug 1 — 30500 steps (today)" StaticText`
    t =    89.62s Find the "Sat Aug 1 — 30500 steps (today)" StaticText
    t =    89.70s Checking existence of `"Sat Aug 1 — 30500 steps (today)" StaticText`
    t =    89.71s Find the "Sat Aug 1 — 30500 steps (today)" StaticText
    t =    89.78s Checking existence of `"Sat Aug 1 — 30500 steps (today)" StaticText`
    t =    89.80s Find the "Sat Aug 1 — 30500 steps (today)" StaticText
    t =    89.87s Checking existence of `"Sat Aug 1 — 30500 steps (today)" StaticText`
    t =    89.88s Find the "Sat Aug 1 — 30500 steps (today)" StaticText
    t =    89.96s Checking existence of `"Sat Aug 1 — 30500 steps (today)" StaticText`
    t =    89.97s Find the "Sat Aug 1 — 30500 steps (today)" StaticText
    t =    90.05s Checking existence of `"Sat Aug 1 — 30500 steps (today)" StaticText`
    t =    90.06s Find the "Sat Aug 1 — 30500 steps (today)" StaticText
    t =    90.13s Checking existence of `"Sat Aug 1 — 30500 steps (today)" StaticText`
    t =    90.15s Find the "Sat Aug 1 — 30500 steps (today)" StaticText
    t =    90.22s Checking existence of `"Sat Aug 1 — 30500 steps (today)" StaticText`
    t =    90.24s Find the "Sat Aug 1 — 30500 steps (today)" StaticText
    t =    90.31s Checking existence of `"Sat Aug 1 — 30500 steps (today)" StaticText`
    t =    90.33s Find the "Sat Aug 1 — 30500 steps (today)" StaticText
    t =    90.40s Checking existence of `"Sat Aug 1 — 30500 steps (today)" StaticText`
    t =    90.42s Find the "Sat Aug 1 — 30500 steps (today)" StaticText
    t =    90.49s Checking existence of `"Sat Aug 1 — 30500 steps (today)" StaticText`
    t =    90.51s Find the "Sat Aug 1 — 30500 steps (today)" StaticText
    t =    90.58s Checking existence of `"Sat Aug 1 — 30500 steps (today)" StaticText`
    t =    90.60s Find the "Sat Aug 1 — 30500 steps (today)" StaticText
    t =    90.67s Checking existence of `"Sat Aug 1 — 30500 steps (today)" StaticText`
    t =    90.68s Find the "Sat Aug 1 — 30500 steps (today)" StaticText
    t =    90.76s Checking existence of `"Sat Aug 1 — 30500 steps (today)" StaticText`
    t =    90.77s Find the "Sat Aug 1 — 30500 steps (today)" StaticText
    t =    90.85s Checking existence of `"Sat Aug 1 — 30500 steps (today)" StaticText`
    t =    90.86s Find the "Sat Aug 1 — 30500 steps (today)" StaticText
    t =    90.94s Checking existence of `"Sat Aug 1 — 30500 steps (today)" StaticText`
    t =    90.95s Find the "Sat Aug 1 — 30500 steps (today)" StaticText
    t =    91.03s Checking existence of `"Sat Aug 1 — 30500 steps (today)" StaticText`
    t =    91.04s Find the "Sat Aug 1 — 30500 steps (today)" StaticText
    t =    91.12s Checking existence of `"Sat Aug 1 — 30500 steps (today)" StaticText`
    t =    91.14s Find the "Sat Aug 1 — 30500 steps (today)" StaticText
    t =    91.21s Checking existence of `"Sat Aug 1 — 30500 steps (today)" StaticText`
    t =    91.23s Find the "Sat Aug 1 — 30500 steps (today)" StaticText
    t =    91.30s Checking existence of `"Sat Aug 1 — 30500 steps (today)" StaticText`
    t =    91.32s Find the "Sat Aug 1 — 30500 steps (today)" StaticText
    t =    91.39s Checking existence of `"Sat Aug 1 — 30500 steps (today)" StaticText`
    t =    91.41s Find the "Sat Aug 1 — 30500 steps (today)" StaticText
    t =    91.48s Checking existence of `"Sat Aug 1 — 30500 steps (today)" StaticText`
    t =    91.49s Find the "Sat Aug 1 — 30500 steps (today)" StaticText
    t =    91.56s Checking existence of `"Sat Aug 1 — 30500 steps (today)" StaticText`
    t =    91.58s Find the "Sat Aug 1 — 30500 steps (today)" StaticText
    t =    91.65s Checking existence of `"Sat Aug 1 — 30500 steps (today)" StaticText`
    t =    91.67s Find the "Sat Aug 1 — 30500 steps (today)" StaticText
    t =    91.74s Checking existence of `"Sat Aug 1 — 30500 steps (today)" StaticText`
    t =    91.75s Find the "Sat Aug 1 — 30500 steps (today)" StaticText
    t =    91.83s Checking existence of `"Sat Aug 1 — 30500 steps (today)" StaticText`
    t =    91.85s Find the "Sat Aug 1 — 30500 steps (today)" StaticText
    t =    91.92s Checking existence of `"Sat Aug 1 — 30500 steps (today)" StaticText`
    t =    91.94s Find the "Sat Aug 1 — 30500 steps (today)" StaticText
    t =    92.01s Checking existence of `"Sat Aug 1 — 30500 steps (today)" StaticText`
    t =    92.02s Find the "Sat Aug 1 — 30500 steps (today)" StaticText
    t =    92.10s Checking existence of `"Sat Aug 1 — 30500 steps (today)" StaticText`
    t =    92.11s Find the "Sat Aug 1 — 30500 steps (today)" StaticText
    t =    92.19s Checking existence of `"Sat Aug 1 — 30500 steps (today)" StaticText`
    t =    92.20s Find the "Sat Aug 1 — 30500 steps (today)" StaticText
    t =    92.28s Checking existence of `"Sat Aug 1 — 30500 steps (today)" StaticText`
    t =    92.29s Find the "Sat Aug 1 — 30500 steps (today)" StaticText
    t =    92.36s Checking existence of `"Sat Aug 1 — 30500 steps (today)" StaticText`
    t =    92.38s Find the "Sat Aug 1 — 30500 steps (today)" StaticText
    t =    92.45s Checking existence of `"Sat Aug 1 — 30500 steps (today)" StaticText`
    t =    92.47s Find the "Sat Aug 1 — 30500 steps (today)" StaticText
    t =    92.54s Checking existence of `"Sat Aug 1 — 30500 steps (today)" StaticText`
    t =    92.56s Find the "Sat Aug 1 — 30500 steps (today)" StaticText
    t =    92.63s Checking existence of `"Sat Aug 1 — 30500 steps (today)" StaticText`
    t =    92.65s Find the "Sat Aug 1 — 30500 steps (today)" StaticText
    t =    92.72s Checking existence of `"Sat Aug 1 — 30500 steps (today)" StaticText`
    t =    92.74s Find the "Sat Aug 1 — 30500 steps (today)" StaticText
    t =    92.82s Checking existence of `"Sat Aug 1 — 30500 steps (today)" StaticText`
    t =    92.83s Find the "Sat Aug 1 — 30500 steps (today)" StaticText
    t =    92.91s Checking existence of `"Sat Aug 1 — 30500 steps (today)" StaticText`
    t =    92.92s Find the "Sat Aug 1 — 30500 steps (today)" StaticText
    t =    92.99s Checking existence of `"Sat Aug 1 — 30500 steps (today)" StaticText`
    t =    93.01s Find the "Sat Aug 1 — 30500 steps (today)" StaticText
    t =    93.08s Checking existence of `"Sat Aug 1 — 30500 steps (today)" StaticText`
    t =    93.10s Find the "Sat Aug 1 — 30500 steps (today)" StaticText
    t =    93.17s Checking existence of `"Sat Aug 1 — 30500 steps (today)" StaticText`
    t =    93.19s Find the "Sat Aug 1 — 30500 steps (today)" StaticText
    t =    93.27s Checking existence of `"Sat Aug 1 — 30500 steps (today)" StaticText`
    t =    93.28s Find the "Sat Aug 1 — 30500 steps (today)" StaticText
    t =    93.36s Checking existence of `"Sat Aug 1 — 30500 steps (today)" StaticText`
    t =    93.37s Find the "Sat Aug 1 — 30500 steps (today)" StaticText
    t =    93.45s Checking existence of `"Sat Aug 1 — 30500 steps (today)" StaticText`
    t =    93.46s Find the "Sat Aug 1 — 30500 steps (today)" StaticText
    t =    93.54s Checking existence of `"Sat Aug 1 — 30500 steps (today)" StaticText`
    t =    93.55s Find the "Sat Aug 1 — 30500 steps (today)" StaticText
    t =    93.63s Checking existence of `"Sat Aug 1 — 30500 steps (today)" StaticText`
    t =    93.64s Find the "Sat Aug 1 — 30500 steps (today)" StaticText
    t =    93.72s Checking existence of `"Sat Aug 1 — 30500 steps (today)" StaticText`
    t =    93.73s Find the "Sat Aug 1 — 30500 steps (today)" StaticText
    t =    93.81s Checking existence of `"Sat Aug 1 — 30500 steps (today)" StaticText`
    t =    93.82s Find the "Sat Aug 1 — 30500 steps (today)" StaticText
    t =    93.90s Checking existence of `"Sat Aug 1 — 30500 steps (today)" StaticText`
    t =    93.91s Find the "Sat Aug 1 — 30500 steps (today)" StaticText
    t =    93.98s Checking existence of `"Sat Aug 1 — 30500 steps (today)" StaticText`
    t =    93.99s Find the "Sat Aug 1 — 30500 steps (today)" StaticText
    t =    94.07s Checking existence of `"Sat Aug 1 — 30500 steps (today)" StaticText`
    t =    94.08s Find the "Sat Aug 1 — 30500 steps (today)" StaticText
    t =    94.16s Checking existence of `"Sat Aug 1 — 30500 steps (today)" StaticText`
    t =    94.18s Find the "Sat Aug 1 — 30500 steps (today)" StaticText
    t =    94.25s Checking existence of `"Sat Aug 1 — 30500 steps (today)" StaticText`
    t =    94.27s Find the "Sat Aug 1 — 30500 steps (today)" StaticText
    t =    94.33s Checking existence of `"Sat Aug 1 — 30500 steps (today)" StaticText`
    t =    94.35s Find the "Sat Aug 1 — 30500 steps (today)" StaticText
    t =    94.42s Checking existence of `"Sat Aug 1 — 30500 steps (today)" StaticText`
    t =    94.44s Find the "Sat Aug 1 — 30500 steps (today)" StaticText
    t =    94.51s Checking existence of `"Sat Aug 1 — 30500 steps (today)" StaticText`
    t =    94.53s Find the "Sat Aug 1 — 30500 steps (today)" StaticText
    t =    94.60s Checking existence of `"Sat Aug 1 — 30500 steps (today)" StaticText`
    t =    94.62s Find the "Sat Aug 1 — 30500 steps (today)" StaticText
    t =    94.69s Checking existence of `"Sat Aug 1 — 30500 steps (today)" StaticText`
    t =    94.71s Find the "Sat Aug 1 — 30500 steps (today)" StaticText
    t =    94.78s Checking existence of `"Sat Aug 1 — 30500 steps (today)" StaticText`
    t =    94.80s Find the "Sat Aug 1 — 30500 steps (today)" StaticText
    t =    94.86s Checking existence of `"Sat Aug 1 — 30500 steps (today)" StaticText`
    t =    94.88s Find the "Sat Aug 1 — 30500 steps (today)" StaticText
    t =    94.95s Checking existence of `"Sat Aug 1 — 30500 steps (today)" StaticText`
    t =    94.97s Find the "Sat Aug 1 — 30500 steps (today)" StaticText
    t =    95.04s Checking existence of `"Sat Aug 1 — 30500 steps (today)" StaticText`
    t =    95.06s Find the "Sat Aug 1 — 30500 steps (today)" StaticText
    t =    95.13s Checking existence of `"Sat Aug 1 — 30500 steps (today)" StaticText`
    t =    95.15s Find the "Sat Aug 1 — 30500 steps (today)" StaticText
    t =    95.22s Checking existence of `"Sat Aug 1 — 30500 steps (today)" StaticText`
    t =    95.24s Find the "Sat Aug 1 — 30500 steps (today)" StaticText
    t =    95.31s Checking existence of `"Sat Aug 1 — 30500 steps (today)" StaticText`
    t =    95.33s Find the "Sat Aug 1 — 30500 steps (today)" StaticText
    t =    95.40s Checking existence of `"Sat Aug 1 — 30500 steps (today)" StaticText`
    t =    95.41s Find the "Sat Aug 1 — 30500 steps (today)" StaticText
    t =    95.49s Checking existence of `"Sat Aug 1 — 30500 steps (today)" StaticText`
    t =    95.50s Find the "Sat Aug 1 — 30500 steps (today)" StaticText
    t =    95.58s Checking existence of `"Sat Aug 1 — 30500 steps (today)" StaticText`
    t =    95.59s Find the "Sat Aug 1 — 30500 steps (today)" StaticText
    t =    95.67s Checking existence of `"Sat Aug 1 — 30500 steps (today)" StaticText`
    t =    95.68s Find the "Sat Aug 1 — 30500 steps (today)" StaticText
    t =    95.75s Checking existence of `"Sat Aug 1 — 30500 steps (today)" StaticText`
    t =    95.77s Find the "Sat Aug 1 — 30500 steps (today)" StaticText
    t =    95.84s Checking existence of `"Sat Aug 1 — 30500 steps (today)" StaticText`
    t =    95.86s Find the "Sat Aug 1 — 30500 steps (today)" StaticText
    t =    95.93s Checking existence of `"Sat Aug 1 — 30500 steps (today)" StaticText`
    t =    95.95s Find the "Sat Aug 1 — 30500 steps (today)" StaticText
    t =    96.02s Checking existence of `"Sat Aug 1 — 30500 steps (today)" StaticText`
    t =    96.04s Find the "Sat Aug 1 — 30500 steps (today)" StaticText
    t =    96.11s Checking existence of `"Sat Aug 1 — 30500 steps (today)" StaticText`
    t =    96.13s Find the "Sat Aug 1 — 30500 steps (today)" StaticText
    t =    96.21s Checking existence of `"Sat Aug 1 — 30500 steps (today)" StaticText`
    t =    96.22s Find the "Sat Aug 1 — 30500 steps (today)" StaticText
    t =    96.29s Checking existence of `"Sat Aug 1 — 30500 steps (today)" StaticText`
    t =    96.31s Find the "Sat Aug 1 — 30500 steps (today)" StaticText
    t =    96.37s Checking existence of `"Sat Aug 1 — 30500 steps (today)" StaticText`
    t =    96.39s Find the "Sat Aug 1 — 30500 steps (today)" StaticText
    t =    96.46s Checking existence of `"Sat Aug 1 — 30500 steps (today)" StaticText`
    t =    96.48s Find the "Sat Aug 1 — 30500 steps (today)" StaticText
    t =    96.55s Checking existence of `"Sat Aug 1 — 30500 steps (today)" StaticText`
    t =    96.57s Find the "Sat Aug 1 — 30500 steps (today)" StaticText
    t =    96.64s Checking existence of `"Sat Aug 1 — 30500 steps (today)" StaticText`
    t =    96.66s Find the "Sat Aug 1 — 30500 steps (today)" StaticText
    t =    96.73s Checking existence of `"Sat Aug 1 — 30500 steps (today)" StaticText`
    t =    96.75s Find the "Sat Aug 1 — 30500 steps (today)" StaticText
    t =    96.83s Checking existence of `"Sat Aug 1 — 30500 steps (today)" StaticText`
    t =    96.84s Find the "Sat Aug 1 — 30500 steps (today)" StaticText
    t =    96.92s Checking existence of `"Sat Aug 1 — 30500 steps (today)" StaticText`
    t =    96.93s Find the "Sat Aug 1 — 30500 steps (today)" StaticText
    t =    97.00s Checking existence of `"Sat Aug 1 — 30500 steps (today)" StaticText`
    t =    97.02s Find the "Sat Aug 1 — 30500 steps (today)" StaticText
    t =    97.09s Checking existence of `"Sat Aug 1 — 30500 steps (today)" StaticText`
    t =    97.11s Find the "Sat Aug 1 — 30500 steps (today)" StaticText
    t =    97.18s Checking existence of `"Sat Aug 1 — 30500 steps (today)" StaticText`
    t =    97.20s Find the "Sat Aug 1 — 30500 steps (today)" StaticText
    t =    97.27s Checking existence of `"Sat Aug 1 — 30500 steps (today)" StaticText`
    t =    97.29s Find the "Sat Aug 1 — 30500 steps (today)" StaticText
    t =    97.37s Checking existence of `"Sat Aug 1 — 30500 steps (today)" StaticText`
    t =    97.38s Find the "Sat Aug 1 — 30500 steps (today)" StaticText
    t =    97.46s Checking existence of `"Sat Aug 1 — 30500 steps (today)" StaticText`
    t =    97.47s Find the "Sat Aug 1 — 30500 steps (today)" StaticText
    t =    97.55s Checking existence of `"Sat Aug 1 — 30500 steps (today)" StaticText`
    t =    97.56s Find the "Sat Aug 1 — 30500 steps (today)" StaticText
    t =    97.64s Checking existence of `"Sat Aug 1 — 30500 steps (today)" StaticText`
    t =    97.65s Find the "Sat Aug 1 — 30500 steps (today)" StaticText
    t =    97.73s Checking existence of `"Sat Aug 1 — 30500 steps (today)" StaticText`
    t =    97.74s Find the "Sat Aug 1 — 30500 steps (today)" StaticText
    t =    97.82s Checking existence of `"Sat Aug 1 — 30500 steps (today)" StaticText`
    t =    97.83s Find the "Sat Aug 1 — 30500 steps (today)" StaticText
    t =    97.91s Checking existence of `"Sat Aug 1 — 30500 steps (today)" StaticText`
    t =    97.92s Find the "Sat Aug 1 — 30500 steps (today)" StaticText
    t =    98.00s Checking existence of `"Sat Aug 1 — 30500 steps (today)" StaticText`
    t =    98.01s Find the "Sat Aug 1 — 30500 steps (today)" StaticText
    t =    98.09s Checking existence of `"Sat Aug 1 — 30500 steps (today)" StaticText`
    t =    98.10s Find the "Sat Aug 1 — 30500 steps (today)" StaticText
    t =    98.18s Checking existence of `"Sat Aug 1 — 30500 steps (today)" StaticText`
    t =    98.20s Find the "Sat Aug 1 — 30500 steps (today)" StaticText
    t =    98.27s Checking existence of `"Sat Aug 1 — 30500 steps (today)" StaticText`
    t =    98.28s Find the "Sat Aug 1 — 30500 steps (today)" StaticText
    t =    98.36s Checking existence of `"Sat Aug 1 — 30500 steps (today)" StaticText`
    t =    98.38s Find the "Sat Aug 1 — 30500 steps (today)" StaticText
    t =    98.45s Checking existence of `"Sat Aug 1 — 30500 steps (today)" StaticText`
    t =    98.46s Find the "Sat Aug 1 — 30500 steps (today)" StaticText
    t =    98.53s Checking existence of `"Sat Aug 1 — 30500 steps (today)" StaticText`
    t =    98.55s Find the "Sat Aug 1 — 30500 steps (today)" StaticText
    t =    98.62s Checking existence of `"Sat Aug 1 — 30500 steps (today)" StaticText`
    t =    98.64s Find the "Sat Aug 1 — 30500 steps (today)" StaticText
    t =    98.71s Checking existence of `"Sat Aug 1 — 30500 steps (today)" StaticText`
    t =    98.73s Find the "Sat Aug 1 — 30500 steps (today)" StaticText
    t =    98.80s Checking existence of `"Sat Aug 1 — 30500 steps (today)" StaticText`
    t =    98.82s Find the "Sat Aug 1 — 30500 steps (today)" StaticText
    t =    98.89s Checking existence of `"Sat Aug 1 — 30500 steps (today)" StaticText`
    t =    98.90s Find the "Sat Aug 1 — 30500 steps (today)" StaticText
    t =    98.98s Checking existence of `"Sat Aug 1 — 30500 steps (today)" StaticText`
    t =    98.99s Find the "Sat Aug 1 — 30500 steps (today)" StaticText
    t =    99.07s Checking existence of `"Sat Aug 1 — 30500 steps (today)" StaticText`
    t =    99.08s Find the "Sat Aug 1 — 30500 steps (today)" StaticText
    t =    99.16s Checking existence of `"Sat Aug 1 — 30500 steps (today)" StaticText`
    t =    99.17s Find the "Sat Aug 1 — 30500 steps (today)" StaticText
    t =    99.25s Checking existence of `"Sat Aug 1 — 30500 steps (today)" StaticText`
    t =    99.26s Find the "Sat Aug 1 — 30500 steps (today)" StaticText
    t =    99.34s Checking existence of `"Sat Aug 1 — 30500 steps (today)" StaticText`
    t =    99.35s Find the "Sat Aug 1 — 30500 steps (today)" StaticText
    t =    99.43s Checking existence of `"Sat Aug 1 — 30500 steps (today)" StaticText`
    t =    99.44s Find the "Sat Aug 1 — 30500 steps (today)" StaticText
    t =    99.52s Checking existence of `"Sat Aug 1 — 30500 steps (today)" StaticText`
    t =    99.53s Find the "Sat Aug 1 — 30500 steps (today)" StaticText
    t =    99.61s Checking existence of `"Sat Aug 1 — 30500 steps (today)" StaticText`
    t =    99.62s Find the "Sat Aug 1 — 30500 steps (today)" StaticText
    t =    99.70s Checking existence of `"Sat Aug 1 — 30500 steps (today)" StaticText`
    t =    99.71s Find the "Sat Aug 1 — 30500 steps (today)" StaticText
    t =    99.79s Checking existence of `"Sat Aug 1 — 30500 steps (today)" StaticText`
    t =    99.80s Find the "Sat Aug 1 — 30500 steps (today)" StaticText
    t =    99.88s Checking existence of `"Sat Aug 1 — 30500 steps (today)" StaticText`
    t =    99.89s Find the "Sat Aug 1 — 30500 steps (today)" StaticText
    t =    99.96s Checking existence of `"Sat Aug 1 — 30500 steps (today)" StaticText`
    t =    99.97s Find the "Sat Aug 1 — 30500 steps (today)" StaticText
    t =   100.05s Checking existence of `"Sat Aug 1 — 30500 steps (today)" StaticText`
    t =   100.06s Find the "Sat Aug 1 — 30500 steps (today)" StaticText
    t =   100.13s Checking existence of `"Sat Aug 1 — 30500 steps (today)" StaticText`
    t =   100.15s Find the "Sat Aug 1 — 30500 steps (today)" StaticText
    t =   100.21s Checking existence of `"Sat Aug 1 — 30500 steps (today)" StaticText`
    t =   100.23s Find the "Sat Aug 1 — 30500 steps (today)" StaticText
    t =   100.30s Checking existence of `"Sat Aug 1 — 30500 steps (today)" StaticText`
    t =   100.32s Find the "Sat Aug 1 — 30500 steps (today)" StaticText
    t =   100.39s Checking existence of `"Sat Aug 1 — 30500 steps (today)" StaticText`
    t =   100.41s Find the "Sat Aug 1 — 30500 steps (today)" StaticText
    t =   100.48s Checking existence of `"Sat Aug 1 — 30500 steps (today)" StaticText`
    t =   100.50s Find the "Sat Aug 1 — 30500 steps (today)" StaticText
    t =   100.57s Checking existence of `"Sat Aug 1 — 30500 steps (today)" StaticText`
    t =   100.59s Find the "Sat Aug 1 — 30500 steps (today)" StaticText
    t =   100.66s Checking existence of `"Sat Aug 1 — 30500 steps (today)" StaticText`
    t =   100.68s Find the "Sat Aug 1 — 30500 steps (today)" StaticText
    t =   100.75s Checking existence of `"Sat Aug 1 — 30500 steps (today)" StaticText`
    t =   100.77s Find the "Sat Aug 1 — 30500 steps (today)" StaticText
    t =   100.84s Checking existence of `"Sat Aug 1 — 30500 steps (today)" StaticText`
    t =   100.86s Find the "Sat Aug 1 — 30500 steps (today)" StaticText
    t =   100.93s Checking existence of `"Sat Aug 1 — 30500 steps (today)" StaticText`
    t =   100.95s Find the "Sat Aug 1 — 30500 steps (today)" StaticText
    t =   101.02s Checking existence of `"Sat Aug 1 — 30500 steps (today)" StaticText`
    t =   101.04s Find the "Sat Aug 1 — 30500 steps (today)" StaticText
    t =   101.11s Checking existence of `"Sat Aug 1 — 30500 steps (today)" StaticText`
    t =   101.13s Find the "Sat Aug 1 — 30500 steps (today)" StaticText
STEP[101s]: iter 1: go home
    t =   101.20s Checking existence of `"Transcribe" Button`
    t =   101.22s Checking existence of `"Health" Button`
    t =   101.24s Checking existence of `Any (First Match)`
    t =   101.25s Checking existence of `Button (Element at index 0)`
    t =   101.26s Find the Button (Element at index 0)
STEP[101s]: goHome: tapping candidate 0
    t =   101.29s Tap "BackButton" Button
    t =   101.29s     Wait for org.nativescript.nsbenchmark to idle
    t =   101.29s     Find the "BackButton" Button
    t =   101.30s     Check for interrupting elements affecting "BackButton" Button
    t =   101.32s     Synthesize event
    t =   101.61s     Wait for org.nativescript.nsbenchmark to idle
    t =   102.45s Checking existence of `"Transcribe" Button`
    t =   102.47s Waiting 3.0s for "Transcribe" Button to exist
    t =   103.53s     Checking `Expect predicate `existsNoRetry == 1` for object "Transcribe" Button`
    t =   103.53s         Checking existence of `"Transcribe" Button`
STEP[103s]: iter 1: nav Transcribe
    t =   103.55s Checking existence of `"Transcribe" Button`
    t =   103.55s Tap "Transcribe" Button
    t =   103.55s     Wait for org.nativescript.nsbenchmark to idle
    t =   103.56s     Find the "Transcribe" Button
    t =   103.56s     Check for interrupting elements affecting "Transcribe" Button
    t =   103.57s     Synthesize event
    t =   103.87s     Wait for org.nativescript.nsbenchmark to idle
    t =   104.20s Waiting 10.0s for Any (First Match) to exist
    t =   105.27s     Checking `Expect predicate `existsNoRetry == 1` for object Any (First Match)`
    t =   105.27s         Checking existence of `Any (First Match)`
    t =   105.29s Checking existence of `Any (First Match)`
    t =   105.31s Find the Any (First Match)
    t =   105.32s Checking existence of `"Speech access: granted" StaticText`
    t =   105.33s Find the "Speech access: granted" StaticText
    t =   105.34s Checking existence of `"Transcribe Sample" Button`
    t =   105.35s Checking existence of `"Transcribe Sample" Button`
    t =   105.36s Find the "Transcribe Sample" Button
STEP[105s]: iter 1: transcribe
    t =   105.38s Tap "Transcribe Sample" Button
    t =   105.38s     Wait for org.nativescript.nsbenchmark to idle
    t =   105.38s     Find the "Transcribe Sample" Button
    t =   105.39s     Check for interrupting elements affecting "Transcribe Sample" Button
    t =   105.41s     Synthesize event
    t =   105.70s     Wait for org.nativescript.nsbenchmark to idle
    t =   105.70s Waiting 45.0s for Any (First Match) to exist
    t =   106.76s     Checking `Expect predicate `existsNoRetry == 1` for object Any (First Match)`
    t =   106.76s         Checking existence of `Any (First Match)`
    t =   106.79s         Capturing element debug description
    t =   107.75s     Checking `Expect predicate `existsNoRetry == 1` for object Any (First Match)`
    t =   107.75s         Checking existence of `Any (First Match)`
    t =   107.78s         Capturing element debug description
    t =   108.74s     Checking `Expect predicate `existsNoRetry == 1` for object Any (First Match)`
    t =   108.74s         Checking existence of `Any (First Match)`
    t =   108.77s         Capturing element debug description
    t =   109.72s     Checking `Expect predicate `existsNoRetry == 1` for object Any (First Match)`
    t =   109.72s         Checking existence of `Any (First Match)`
    t =   109.75s         Capturing element debug description
    t =   110.71s     Checking `Expect predicate `existsNoRetry == 1` for object Any (First Match)`
    t =   110.71s         Checking existence of `Any (First Match)`
    t =   110.74s         Capturing element debug description
    t =   111.71s     Checking `Expect predicate `existsNoRetry == 1` for object Any (First Match)`
    t =   111.71s         Checking existence of `Any (First Match)`
    t =   111.74s         Capturing element debug description
    t =   112.71s     Checking `Expect predicate `existsNoRetry == 1` for object Any (First Match)`
    t =   112.71s         Checking existence of `Any (First Match)`
    t =   112.74s         Capturing element debug description
    t =   113.80s     Checking `Expect predicate `existsNoRetry == 1` for object Any (First Match)`
    t =   113.80s         Checking existence of `Any (First Match)`
    t =   113.83s         Capturing element debug description
    t =   114.78s     Checking `Expect predicate `existsNoRetry == 1` for object Any (First Match)`
    t =   114.79s         Checking existence of `Any (First Match)`
    t =   114.81s         Capturing element debug description
    t =   115.77s     Checking `Expect predicate `existsNoRetry == 1` for object Any (First Match)`
    t =   115.77s         Checking existence of `Any (First Match)`
    t =   115.79s         Capturing element debug description
    t =   116.73s     Checking `Expect predicate `existsNoRetry == 1` for object Any (First Match)`
    t =   116.73s         Checking existence of `Any (First Match)`
    t =   116.75s         Capturing element debug description
    t =   117.76s     Checking `Expect predicate `existsNoRetry == 1` for object Any (First Match)`
    t =   117.76s         Checking existence of `Any (First Match)`
    t =   117.78s         Capturing element debug description
    t =   118.79s     Checking `Expect predicate `existsNoRetry == 1` for object Any (First Match)`
    t =   118.79s         Checking existence of `Any (First Match)`
    t =   118.81s         Capturing element debug description
    t =   119.72s     Checking `Expect predicate `existsNoRetry == 1` for object Any (First Match)`
    t =   119.72s         Checking existence of `Any (First Match)`
    t =   119.75s         Capturing element debug description
    t =   120.75s     Checking `Expect predicate `existsNoRetry == 1` for object Any (First Match)`
    t =   120.75s         Checking existence of `Any (First Match)`
    t =   120.78s         Capturing element debug description
    t =   121.78s     Checking `Expect predicate `existsNoRetry == 1` for object Any (First Match)`
    t =   121.79s         Checking existence of `Any (First Match)`
    t =   121.81s         Capturing element debug description
    t =   122.72s     Checking `Expect predicate `existsNoRetry == 1` for object Any (First Match)`
    t =   122.72s         Checking existence of `Any (First Match)`
    t =   122.75s         Capturing element debug description
    t =   123.75s     Checking `Expect predicate `existsNoRetry == 1` for object Any (First Match)`
    t =   123.75s         Checking existence of `Any (First Match)`
    t =   123.78s         Capturing element debug description
    t =   124.78s     Checking `Expect predicate `existsNoRetry == 1` for object Any (First Match)`
    t =   124.79s         Checking existence of `Any (First Match)`
    t =   124.81s         Capturing element debug description
    t =   125.72s     Checking `Expect predicate `existsNoRetry == 1` for object Any (First Match)`
    t =   125.72s         Checking existence of `Any (First Match)`
    t =   125.74s         Capturing element debug description
    t =   126.75s     Checking `Expect predicate `existsNoRetry == 1` for object Any (First Match)`
    t =   126.75s         Checking existence of `Any (First Match)`
    t =   126.78s         Capturing element debug description
    t =   127.78s     Checking `Expect predicate `existsNoRetry == 1` for object Any (First Match)`
    t =   127.78s         Checking existence of `Any (First Match)`
    t =   127.81s         Capturing element debug description
    t =   128.71s     Checking `Expect predicate `existsNoRetry == 1` for object Any (First Match)`
    t =   128.71s         Checking existence of `Any (First Match)`
    t =   128.74s         Capturing element debug description
    t =   129.75s     Checking `Expect predicate `existsNoRetry == 1` for object Any (First Match)`
    t =   129.75s         Checking existence of `Any (First Match)`
    t =   129.78s         Capturing element debug description
    t =   130.78s     Checking `Expect predicate `existsNoRetry == 1` for object Any (First Match)`
    t =   130.78s         Checking existence of `Any (First Match)`
    t =   130.81s         Capturing element debug description
    t =   131.71s     Checking `Expect predicate `existsNoRetry == 1` for object Any (First Match)`
    t =   131.71s         Checking existence of `Any (First Match)`
    t =   131.74s         Capturing element debug description
    t =   132.71s     Checking `Expect predicate `existsNoRetry == 1` for object Any (First Match)`
    t =   132.71s         Checking existence of `Any (First Match)`
    t =   132.74s         Capturing element debug description
    t =   133.71s     Checking `Expect predicate `existsNoRetry == 1` for object Any (First Match)`
    t =   133.71s         Checking existence of `Any (First Match)`
    t =   133.74s         Capturing element debug description
    t =   134.79s     Checking `Expect predicate `existsNoRetry == 1` for object Any (First Match)`
    t =   134.79s         Checking existence of `Any (First Match)`
    t =   134.82s         Capturing element debug description
    t =   135.77s     Checking `Expect predicate `existsNoRetry == 1` for object Any (First Match)`
    t =   135.77s         Checking existence of `Any (First Match)`
    t =   135.79s         Capturing element debug description
    t =   136.75s     Checking `Expect predicate `existsNoRetry == 1` for object Any (First Match)`
    t =   136.75s         Checking existence of `Any (First Match)`
    t =   136.78s         Capturing element debug description
    t =   137.74s     Checking `Expect predicate `existsNoRetry == 1` for object Any (First Match)`
    t =   137.74s         Checking existence of `Any (First Match)`
    t =   137.77s         Capturing element debug description
    t =   138.73s     Checking `Expect predicate `existsNoRetry == 1` for object Any (First Match)`
    t =   138.73s         Checking existence of `Any (First Match)`
    t =   138.75s         Capturing element debug description
    t =   139.72s     Checking `Expect predicate `existsNoRetry == 1` for object Any (First Match)`
    t =   139.72s         Checking existence of `Any (First Match)`
    t =   139.74s         Capturing element debug description
    t =   140.80s     Checking `Expect predicate `existsNoRetry == 1` for object Any (First Match)`
    t =   140.80s         Checking existence of `Any (First Match)`
    t =   140.81s         Capturing element debug description
    t =   141.78s     Checking `Expect predicate `existsNoRetry == 1` for object Any (First Match)`
    t =   141.78s         Checking existence of `Any (First Match)`
    t =   141.81s         Capturing element debug description
    t =   142.77s     Checking `Expect predicate `existsNoRetry == 1` for object Any (First Match)`
    t =   142.77s         Checking existence of `Any (First Match)`
    t =   142.79s         Capturing element debug description
    t =   143.73s     Checking `Expect predicate `existsNoRetry == 1` for object Any (First Match)`
    t =   143.73s         Checking existence of `Any (First Match)`
    t =   143.75s         Capturing element debug description
    t =   144.71s     Checking `Expect predicate `existsNoRetry == 1` for object Any (First Match)`
    t =   144.71s         Checking existence of `Any (First Match)`
    t =   144.74s         Capturing element debug description
    t =   145.71s     Checking `Expect predicate `existsNoRetry == 1` for object Any (First Match)`
    t =   145.71s         Checking existence of `Any (First Match)`
    t =   145.74s         Capturing element debug description
    t =   146.79s     Checking `Expect predicate `existsNoRetry == 1` for object Any (First Match)`
    t =   146.79s         Checking existence of `Any (First Match)`
    t =   146.82s         Capturing element debug description
    t =   147.78s     Checking `Expect predicate `existsNoRetry == 1` for object Any (First Match)`
    t =   147.78s         Checking existence of `Any (First Match)`
    t =   147.81s         Capturing element debug description
    t =   148.76s     Checking `Expect predicate `existsNoRetry == 1` for object Any (First Match)`
    t =   148.76s         Checking existence of `Any (First Match)`
    t =   148.78s         Capturing element debug description
    t =   149.74s     Checking `Expect predicate `existsNoRetry == 1` for object Any (First Match)`
    t =   149.74s         Checking existence of `Any (First Match)`
    t =   149.77s         Capturing element debug description
    t =   150.72s     Checking `Expect predicate `existsNoRetry == 1` for object Any (First Match)`
    t =   150.72s         Checking existence of `Any (First Match)`
    t =   150.74s         Capturing element debug description
    t =   150.74s     Checking existence of `Any (First Match)`
    t =   150.76s Collecting debug information to assist test failure triage
    t =   150.76s     Requesting snapshot of accessibility hierarchy for app with pid 45921
    t =   150.79s Checking existence of `Any (First Match)`
    t =   150.80s Checking existence of `Any (First Match)`
    t =   150.81s Checking existence of `Any (First Match)`
    t =   150.82s Find the Any (First Match)
STEP[150s]: iter 1: done
    t =   150.83s Terminate org.nativescript.nsbenchmark:45921
STEP[151s]: iter 2: launch org.nativescript.nsbenchmark
    t =   151.92s Open org.nativescript.nsbenchmark
    t =   151.92s     Launch org.nativescript.nsbenchmark
    t =   152.03s         Setting up automation session
    t =   152.65s         Wait for org.nativescript.nsbenchmark to idle
    t =   153.81s Checking existence of `"Health" Button`
    t =   153.84s Waiting 20.0s for "Health" Button to exist
    t =   154.91s     Checking `Expect predicate `existsNoRetry == 1` for object "Health" Button`
    t =   154.91s         Checking existence of `"Health" Button`
STEP[154s]: iter 2: nav Health
    t =   154.93s Checking existence of `"Health" Button`
    t =   154.94s Tap "Health" Button
    t =   154.94s     Wait for org.nativescript.nsbenchmark to idle
    t =   154.94s     Find the "Health" Button
    t =   154.94s     Check for interrupting elements affecting "Health" Button
    t =   154.95s     Synthesize event
    t =   155.25s     Wait for org.nativescript.nsbenchmark to idle
    t =   155.63s Waiting 10.0s for Any (First Match) to exist
    t =   156.70s     Checking `Expect predicate `existsNoRetry == 1` for object Any (First Match)`
    t =   156.70s         Checking existence of `Any (First Match)`
    t =   156.73s Checking existence of `Any (First Match)`
    t =   156.74s Find the Any (First Match)
    t =   156.76s Checking existence of `"Health access: granted" StaticText`
    t =   156.77s Find the "Health access: granted" StaticText
    t =   156.78s Waiting 15.0s for Any (First Match) to exist
    t =   157.84s     Checking `Expect predicate `existsNoRetry == 1` for object Any (First Match)`
    t =   157.84s         Checking existence of `Any (First Match)`
    t =   157.87s Checking existence of `Any (First Match)`
    t =   157.89s Find the Any (First Match)
    t =   157.90s Checking existence of `"Log 500 Steps" Button`
    t =   157.91s Checking existence of `"Log 500 Steps" Button`
    t =   157.92s Find the "Log 500 Steps" Button
STEP[157s]: iter 2: log 500
    t =   157.94s Tap "Log 500 Steps" Button
    t =   157.94s     Wait for org.nativescript.nsbenchmark to idle
    t =   157.94s     Find the "Log 500 Steps" Button
    t =   157.95s     Check for interrupting elements affecting "Log 500 Steps" Button
    t =   157.97s     Synthesize event
    t =   158.26s     Wait for org.nativescript.nsbenchmark to idle
    t =   158.28s Checking existence of `"Sat Aug 1 — 30500 steps (today)" StaticText`
    t =   158.30s Find the "Sat Aug 1 — 30500 steps (today)" StaticText
    t =   158.37s Checking existence of `"Sat Aug 1 — 30500 steps (today)" StaticText`
    t =   158.39s Find the "Sat Aug 1 — 30500 steps (today)" StaticText
    t =   158.47s Checking existence of `"Sat Aug 1 — 30500 steps (today)" StaticText`
    t =   158.48s Find the "Sat Aug 1 — 30500 steps (today)" StaticText
    t =   158.55s Checking existence of `"Sat Aug 1 — 30500 steps (today)" StaticText`
    t =   158.57s Find the "Sat Aug 1 — 30500 steps (today)" StaticText
    t =   158.64s Checking existence of `"Sat Aug 1 — 30500 steps (today)" StaticText`
    t =   158.66s Find the "Sat Aug 1 — 30500 steps (today)" StaticText
    t =   158.72s Checking existence of `"Sat Aug 1 — 30500 steps (today)" StaticText`
    t =   158.74s Find the "Sat Aug 1 — 30500 steps (today)" StaticText
    t =   158.82s Checking existence of `"Sat Aug 1 — 30500 steps (today)" StaticText`
    t =   158.83s Find the "Sat Aug 1 — 30500 steps (today)" StaticText
    t =   158.90s Checking existence of `"Sat Aug 1 — 30500 steps (today)" StaticText`
    t =   158.91s Find the "Sat Aug 1 — 30500 steps (today)" StaticText
    t =   158.99s Checking existence of `"Sat Aug 1 — 30500 steps (today)" StaticText`
    t =   159.00s Find the "Sat Aug 1 — 30500 steps (today)" StaticText
    t =   159.08s Checking existence of `"Sat Aug 1 — 30500 steps (today)" StaticText`
    t =   159.09s Find the "Sat Aug 1 — 30500 steps (today)" StaticText
    t =   159.16s Checking existence of `"Sat Aug 1 — 30500 steps (today)" StaticText`
    t =   159.18s Find the "Sat Aug 1 — 30500 steps (today)" StaticText
    t =   159.25s Checking existence of `"Sat Aug 1 — 30500 steps (today)" StaticText`
    t =   159.26s Find the "Sat Aug 1 — 30500 steps (today)" StaticText
    t =   159.34s Checking existence of `"Sat Aug 1 — 30500 steps (today)" StaticText`
    t =   159.35s Find the "Sat Aug 1 — 30500 steps (today)" StaticText
    t =   159.43s Checking existence of `"Sat Aug 1 — 30500 steps (today)" StaticText`
    t =   159.44s Find the "Sat Aug 1 — 30500 steps (today)" StaticText
    t =   159.51s Checking existence of `"Sat Aug 1 — 30500 steps (today)" StaticText`
    t =   159.52s Find the "Sat Aug 1 — 30500 steps (today)" StaticText
    t =   159.60s Checking existence of `"Sat Aug 1 — 30500 steps (today)" StaticText`
    t =   159.61s Find the "Sat Aug 1 — 30500 steps (today)" StaticText
    t =   159.69s Checking existence of `"Sat Aug 1 — 30500 steps (today)" StaticText`
    t =   159.70s Find the "Sat Aug 1 — 30500 steps (today)" StaticText
    t =   159.78s Checking existence of `"Sat Aug 1 — 30500 steps (today)" StaticText`
    t =   159.79s Find the "Sat Aug 1 — 30500 steps (today)" StaticText
    t =   159.87s Checking existence of `"Sat Aug 1 — 30500 steps (today)" StaticText`
    t =   159.89s Find the "Sat Aug 1 — 30500 steps (today)" StaticText
    t =   159.96s Checking existence of `"Sat Aug 1 — 30500 steps (today)" StaticText`
    t =   159.98s Find the "Sat Aug 1 — 30500 steps (today)" StaticText
    t =   160.05s Checking existence of `"Sat Aug 1 — 30500 steps (today)" StaticText`
    t =   160.06s Find the "Sat Aug 1 — 30500 steps (today)" StaticText
    t =   160.14s Checking existence of `"Sat Aug 1 — 30500 steps (today)" StaticText`
    t =   160.15s Find the "Sat Aug 1 — 30500 steps (today)" StaticText
    t =   160.23s Checking existence of `"Sat Aug 1 — 30500 steps (today)" StaticText`
    t =   160.24s Find the "Sat Aug 1 — 30500 steps (today)" StaticText
    t =   160.32s Checking existence of `"Sat Aug 1 — 30500 steps (today)" StaticText`
    t =   160.33s Find the "Sat Aug 1 — 30500 steps (today)" StaticText
    t =   160.41s Checking existence of `"Sat Aug 1 — 30500 steps (today)" StaticText`
    t =   160.42s Find the "Sat Aug 1 — 30500 steps (today)" StaticText
    t =   160.50s Checking existence of `"Sat Aug 1 — 30500 steps (today)" StaticText`
    t =   160.51s Find the "Sat Aug 1 — 30500 steps (today)" StaticText
    t =   160.59s Checking existence of `"Sat Aug 1 — 30500 steps (today)" StaticText`
    t =   160.60s Find the "Sat Aug 1 — 30500 steps (today)" StaticText
    t =   160.68s Checking existence of `"Sat Aug 1 — 30500 steps (today)" StaticText`
    t =   160.69s Find the "Sat Aug 1 — 30500 steps (today)" StaticText
    t =   160.77s Checking existence of `"Sat Aug 1 — 30500 steps (today)" StaticText`
    t =   160.78s Find the "Sat Aug 1 — 30500 steps (today)" StaticText
    t =   160.85s Checking existence of `"Sat Aug 1 — 30500 steps (today)" StaticText`
    t =   160.86s Find the "Sat Aug 1 — 30500 steps (today)" StaticText
    t =   160.93s Checking existence of `"Sat Aug 1 — 30500 steps (today)" StaticText`
    t =   160.95s Find the "Sat Aug 1 — 30500 steps (today)" StaticText
    t =   161.02s Checking existence of `"Sat Aug 1 — 30500 steps (today)" StaticText`
    t =   161.03s Find the "Sat Aug 1 — 30500 steps (today)" StaticText
    t =   161.11s Checking existence of `"Sat Aug 1 — 30500 steps (today)" StaticText`
    t =   161.12s Find the "Sat Aug 1 — 30500 steps (today)" StaticText
    t =   161.20s Checking existence of `"Sat Aug 1 — 30500 steps (today)" StaticText`
    t =   161.21s Find the "Sat Aug 1 — 30500 steps (today)" StaticText
    t =   161.28s Checking existence of `"Sat Aug 1 — 30500 steps (today)" StaticText`
    t =   161.30s Find the "Sat Aug 1 — 30500 steps (today)" StaticText
    t =   161.37s Checking existence of `"Sat Aug 1 — 30500 steps (today)" StaticText`
    t =   161.39s Find the "Sat Aug 1 — 30500 steps (today)" StaticText
    t =   161.46s Checking existence of `"Sat Aug 1 — 30500 steps (today)" StaticText`
    t =   161.48s Find the "Sat Aug 1 — 30500 steps (today)" StaticText
    t =   161.55s Checking existence of `"Sat Aug 1 — 30500 steps (today)" StaticText`
    t =   161.57s Find the "Sat Aug 1 — 30500 steps (today)" StaticText
    t =   161.65s Checking existence of `"Sat Aug 1 — 30500 steps (today)" StaticText`
    t =   161.66s Find the "Sat Aug 1 — 30500 steps (today)" StaticText
    t =   161.74s Checking existence of `"Sat Aug 1 — 30500 steps (today)" StaticText`
    t =   161.75s Find the "Sat Aug 1 — 30500 steps (today)" StaticText
    t =   161.82s Checking existence of `"Sat Aug 1 — 30500 steps (today)" StaticText`
    t =   161.84s Find the "Sat Aug 1 — 30500 steps (today)" StaticText
    t =   161.91s Checking existence of `"Sat Aug 1 — 30500 steps (today)" StaticText`
    t =   161.93s Find the "Sat Aug 1 — 30500 steps (today)" StaticText
    t =   162.00s Checking existence of `"Sat Aug 1 — 30500 steps (today)" StaticText`
    t =   162.01s Find the "Sat Aug 1 — 30500 steps (today)" StaticText
    t =   162.08s Checking existence of `"Sat Aug 1 — 30500 steps (today)" StaticText`
    t =   162.10s Find the "Sat Aug 1 — 30500 steps (today)" StaticText
    t =   162.17s Checking existence of `"Sat Aug 1 — 30500 steps (today)" StaticText`
    t =   162.19s Find the "Sat Aug 1 — 30500 steps (today)" StaticText
    t =   162.26s Checking existence of `"Sat Aug 1 — 30500 steps (today)" StaticText`
    t =   162.28s Find the "Sat Aug 1 — 30500 steps (today)" StaticText
    t =   162.35s Checking existence of `"Sat Aug 1 — 30500 steps (today)" StaticText`
    t =   162.36s Find the "Sat Aug 1 — 30500 steps (today)" StaticText
    t =   162.44s Checking existence of `"Sat Aug 1 — 30500 steps (today)" StaticText`
    t =   162.45s Find the "Sat Aug 1 — 30500 steps (today)" StaticText
    t =   162.53s Checking existence of `"Sat Aug 1 — 30500 steps (today)" StaticText`
    t =   162.54s Find the "Sat Aug 1 — 30500 steps (today)" StaticText
    t =   162.62s Checking existence of `"Sat Aug 1 — 30500 steps (today)" StaticText`
    t =   162.63s Find the "Sat Aug 1 — 30500 steps (today)" StaticText
    t =   162.71s Checking existence of `"Sat Aug 1 — 30500 steps (today)" StaticText`
    t =   162.72s Find the "Sat Aug 1 — 30500 steps (today)" StaticText
    t =   162.80s Checking existence of `"Sat Aug 1 — 30500 steps (today)" StaticText`
    t =   162.81s Find the "Sat Aug 1 — 30500 steps (today)" StaticText
    t =   162.89s Checking existence of `"Sat Aug 1 — 30500 steps (today)" StaticText`
    t =   162.90s Find the "Sat Aug 1 — 30500 steps (today)" StaticText
    t =   162.98s Checking existence of `"Sat Aug 1 — 30500 steps (today)" StaticText`
    t =   162.99s Find the "Sat Aug 1 — 30500 steps (today)" StaticText
    t =   163.06s Checking existence of `"Sat Aug 1 — 30500 steps (today)" StaticText`
    t =   163.08s Find the "Sat Aug 1 — 30500 steps (today)" StaticText
    t =   163.15s Checking existence of `"Sat Aug 1 — 30500 steps (today)" StaticText`
    t =   163.17s Find the "Sat Aug 1 — 30500 steps (today)" StaticText
    t =   163.24s Checking existence of `"Sat Aug 1 — 30500 steps (today)" StaticText`
    t =   163.25s Find the "Sat Aug 1 — 30500 steps (today)" StaticText
    t =   163.33s Checking existence of `"Sat Aug 1 — 30500 steps (today)" StaticText`
    t =   163.35s Find the "Sat Aug 1 — 30500 steps (today)" StaticText
    t =   163.42s Checking existence of `"Sat Aug 1 — 30500 steps (today)" StaticText`
    t =   163.44s Find the "Sat Aug 1 — 30500 steps (today)" StaticText
    t =   163.51s Checking existence of `"Sat Aug 1 — 30500 steps (today)" StaticText`
    t =   163.53s Find the "Sat Aug 1 — 30500 steps (today)" StaticText
    t =   163.60s Checking existence of `"Sat Aug 1 — 30500 steps (today)" StaticText`
    t =   163.62s Find the "Sat Aug 1 — 30500 steps (today)" StaticText
    t =   163.69s Checking existence of `"Sat Aug 1 — 30500 steps (today)" StaticText`
    t =   163.71s Find the "Sat Aug 1 — 30500 steps (today)" StaticText
    t =   163.78s Checking existence of `"Sat Aug 1 — 30500 steps (today)" StaticText`
    t =   163.80s Find the "Sat Aug 1 — 30500 steps (today)" StaticText
    t =   163.87s Checking existence of `"Sat Aug 1 — 30500 steps (today)" StaticText`
    t =   163.89s Find the "Sat Aug 1 — 30500 steps (today)" StaticText
    t =   163.96s Checking existence of `"Sat Aug 1 — 30500 steps (today)" StaticText`
    t =   163.97s Find the "Sat Aug 1 — 30500 steps (today)" StaticText
    t =   164.05s Checking existence of `"Sat Aug 1 — 30500 steps (today)" StaticText`
    t =   164.06s Find the "Sat Aug 1 — 30500 steps (today)" StaticText
    t =   164.13s Checking existence of `"Sat Aug 1 — 30500 steps (today)" StaticText`
    t =   164.14s Find the "Sat Aug 1 — 30500 steps (today)" StaticText
    t =   164.22s Checking existence of `"Sat Aug 1 — 30500 steps (today)" StaticText`
    t =   164.23s Find the "Sat Aug 1 — 30500 steps (today)" StaticText
    t =   164.30s Checking existence of `"Sat Aug 1 — 30500 steps (today)" StaticText`
    t =   164.32s Find the "Sat Aug 1 — 30500 steps (today)" StaticText
    t =   164.38s Checking existence of `"Sat Aug 1 — 30500 steps (today)" StaticText`
    t =   164.39s Find the "Sat Aug 1 — 30500 steps (today)" StaticText
    t =   164.47s Checking existence of `"Sat Aug 1 — 30500 steps (today)" StaticText`
    t =   164.49s Find the "Sat Aug 1 — 30500 steps (today)" StaticText
    t =   164.56s Checking existence of `"Sat Aug 1 — 30500 steps (today)" StaticText`
    t =   164.58s Find the "Sat Aug 1 — 30500 steps (today)" StaticText
    t =   164.65s Checking existence of `"Sat Aug 1 — 30500 steps (today)" StaticText`
    t =   164.67s Find the "Sat Aug 1 — 30500 steps (today)" StaticText
    t =   164.74s Checking existence of `"Sat Aug 1 — 30500 steps (today)" StaticText`
    t =   164.76s Find the "Sat Aug 1 — 30500 steps (today)" StaticText
    t =   164.84s Checking existence of `"Sat Aug 1 — 30500 steps (today)" StaticText`
    t =   164.85s Find the "Sat Aug 1 — 30500 steps (today)" StaticText
    t =   164.93s Checking existence of `"Sat Aug 1 — 30500 steps (today)" StaticText`
    t =   164.94s Find the "Sat Aug 1 — 30500 steps (today)" StaticText
    t =   165.02s Checking existence of `"Sat Aug 1 — 30500 steps (today)" StaticText`
    t =   165.03s Find the "Sat Aug 1 — 30500 steps (today)" StaticText
    t =   165.11s Checking existence of `"Sat Aug 1 — 30500 steps (today)" StaticText`
    t =   165.12s Find the "Sat Aug 1 — 30500 steps (today)" StaticText
    t =   165.20s Checking existence of `"Sat Aug 1 — 30500 steps (today)" StaticText`
    t =   165.21s Find the "Sat Aug 1 — 30500 steps (today)" StaticText
    t =   165.29s Checking existence of `"Sat Aug 1 — 30500 steps (today)" StaticText`
    t =   165.30s Find the "Sat Aug 1 — 30500 steps (today)" StaticText
    t =   165.38s Checking existence of `"Sat Aug 1 — 30500 steps (today)" StaticText`
    t =   165.39s Find the "Sat Aug 1 — 30500 steps (today)" StaticText
    t =   165.47s Checking existence of `"Sat Aug 1 — 30500 steps (today)" StaticText`
    t =   165.48s Find the "Sat Aug 1 — 30500 steps (today)" StaticText
    t =   165.56s Checking existence of `"Sat Aug 1 — 30500 steps (today)" StaticText`
    t =   165.57s Find the "Sat Aug 1 — 30500 steps (today)" StaticText
    t =   165.65s Checking existence of `"Sat Aug 1 — 30500 steps (today)" StaticText`
    t =   165.66s Find the "Sat Aug 1 — 30500 steps (today)" StaticText
    t =   165.74s Checking existence of `"Sat Aug 1 — 30500 steps (today)" StaticText`
    t =   165.75s Find the "Sat Aug 1 — 30500 steps (today)" StaticText
    t =   165.83s Checking existence of `"Sat Aug 1 — 30500 steps (today)" StaticText`
    t =   165.84s Find the "Sat Aug 1 — 30500 steps (today)" StaticText
    t =   165.92s Checking existence of `"Sat Aug 1 — 30500 steps (today)" StaticText`
    t =   165.93s Find the "Sat Aug 1 — 30500 steps (today)" StaticText
    t =   166.01s Checking existence of `"Sat Aug 1 — 30500 steps (today)" StaticText`
    t =   166.02s Find the "Sat Aug 1 — 30500 steps (today)" StaticText
    t =   166.10s Checking existence of `"Sat Aug 1 — 30500 steps (today)" StaticText`
    t =   166.11s Find the "Sat Aug 1 — 30500 steps (today)" StaticText
    t =   166.18s Checking existence of `"Sat Aug 1 — 30500 steps (today)" StaticText`
    t =   166.20s Find the "Sat Aug 1 — 30500 steps (today)" StaticText
    t =   166.27s Checking existence of `"Sat Aug 1 — 30500 steps (today)" StaticText`
    t =   166.29s Find the "Sat Aug 1 — 30500 steps (today)" StaticText
    t =   166.36s Checking existence of `"Sat Aug 1 — 30500 steps (today)" StaticText`
    t =   166.37s Find the "Sat Aug 1 — 30500 steps (today)" StaticText
    t =   166.45s Checking existence of `"Sat Aug 1 — 30500 steps (today)" StaticText`
    t =   166.46s Find the "Sat Aug 1 — 30500 steps (today)" StaticText
    t =   166.54s Checking existence of `"Sat Aug 1 — 30500 steps (today)" StaticText`
    t =   166.55s Find the "Sat Aug 1 — 30500 steps (today)" StaticText
    t =   166.63s Checking existence of `"Sat Aug 1 — 30500 steps (today)" StaticText`
    t =   166.64s Find the "Sat Aug 1 — 30500 steps (today)" StaticText
    t =   166.72s Checking existence of `"Sat Aug 1 — 30500 steps (today)" StaticText`
    t =   166.73s Find the "Sat Aug 1 — 30500 steps (today)" StaticText
    t =   166.81s Checking existence of `"Sat Aug 1 — 30500 steps (today)" StaticText`
    t =   166.82s Find the "Sat Aug 1 — 30500 steps (today)" StaticText
    t =   166.90s Checking existence of `"Sat Aug 1 — 30500 steps (today)" StaticText`
    t =   166.91s Find the "Sat Aug 1 — 30500 steps (today)" StaticText
    t =   166.99s Checking existence of `"Sat Aug 1 — 30500 steps (today)" StaticText`
    t =   167.00s Find the "Sat Aug 1 — 30500 steps (today)" StaticText
    t =   167.07s Checking existence of `"Sat Aug 1 — 30500 steps (today)" StaticText`
    t =   167.08s Find the "Sat Aug 1 — 30500 steps (today)" StaticText
    t =   167.16s Checking existence of `"Sat Aug 1 — 30500 steps (today)" StaticText`
    t =   167.17s Find the "Sat Aug 1 — 30500 steps (today)" StaticText
    t =   167.24s Checking existence of `"Sat Aug 1 — 30500 steps (today)" StaticText`
    t =   167.26s Find the "Sat Aug 1 — 30500 steps (today)" StaticText
    t =   167.33s Checking existence of `"Sat Aug 1 — 30500 steps (today)" StaticText`
    t =   167.34s Find the "Sat Aug 1 — 30500 steps (today)" StaticText
    t =   167.41s Checking existence of `"Sat Aug 1 — 30500 steps (today)" StaticText`
    t =   167.43s Find the "Sat Aug 1 — 30500 steps (today)" StaticText
    t =   167.50s Checking existence of `"Sat Aug 1 — 30500 steps (today)" StaticText`
    t =   167.51s Find the "Sat Aug 1 — 30500 steps (today)" StaticText
    t =   167.58s Checking existence of `"Sat Aug 1 — 30500 steps (today)" StaticText`
    t =   167.59s Find the "Sat Aug 1 — 30500 steps (today)" StaticText
    t =   167.66s Checking existence of `"Sat Aug 1 — 30500 steps (today)" StaticText`
    t =   167.67s Find the "Sat Aug 1 — 30500 steps (today)" StaticText
    t =   167.74s Checking existence of `"Sat Aug 1 — 30500 steps (today)" StaticText`
    t =   167.75s Find the "Sat Aug 1 — 30500 steps (today)" StaticText
    t =   167.83s Checking existence of `"Sat Aug 1 — 30500 steps (today)" StaticText`
    t =   167.84s Find the "Sat Aug 1 — 30500 steps (today)" StaticText
    t =   167.91s Checking existence of `"Sat Aug 1 — 30500 steps (today)" StaticText`
    t =   167.92s Find the "Sat Aug 1 — 30500 steps (today)" StaticText
    t =   167.99s Checking existence of `"Sat Aug 1 — 30500 steps (today)" StaticText`
    t =   168.01s Find the "Sat Aug 1 — 30500 steps (today)" StaticText
    t =   168.08s Checking existence of `"Sat Aug 1 — 30500 steps (today)" StaticText`
    t =   168.09s Find the "Sat Aug 1 — 30500 steps (today)" StaticText
    t =   168.16s Checking existence of `"Sat Aug 1 — 30500 steps (today)" StaticText`
    t =   168.17s Find the "Sat Aug 1 — 30500 steps (today)" StaticText
    t =   168.24s Checking existence of `"Sat Aug 1 — 30500 steps (today)" StaticText`
    t =   168.25s Find the "Sat Aug 1 — 30500 steps (today)" StaticText
    t =   168.32s Checking existence of `"Sat Aug 1 — 30500 steps (today)" StaticText`
    t =   168.33s Find the "Sat Aug 1 — 30500 steps (today)" StaticText
    t =   168.40s Checking existence of `"Sat Aug 1 — 30500 steps (today)" StaticText`
    t =   168.41s Find the "Sat Aug 1 — 30500 steps (today)" StaticText
    t =   168.48s Checking existence of `"Sat Aug 1 — 30500 steps (today)" StaticText`
    t =   168.50s Find the "Sat Aug 1 — 30500 steps (today)" StaticText
    t =   168.57s Checking existence of `"Sat Aug 1 — 30500 steps (today)" StaticText`
    t =   168.58s Find the "Sat Aug 1 — 30500 steps (today)" StaticText
    t =   168.65s Checking existence of `"Sat Aug 1 — 30500 steps (today)" StaticText`
    t =   168.66s Find the "Sat Aug 1 — 30500 steps (today)" StaticText
    t =   168.73s Checking existence of `"Sat Aug 1 — 30500 steps (today)" StaticText`
    t =   168.74s Find the "Sat Aug 1 — 30500 steps (today)" StaticText
    t =   168.81s Checking existence of `"Sat Aug 1 — 30500 steps (today)" StaticText`
    t =   168.83s Find the "Sat Aug 1 — 30500 steps (today)" StaticText
    t =   168.90s Checking existence of `"Sat Aug 1 — 30500 steps (today)" StaticText`
    t =   168.91s Find the "Sat Aug 1 — 30500 steps (today)" StaticText
    t =   168.98s Checking existence of `"Sat Aug 1 — 30500 steps (today)" StaticText`
    t =   169.00s Find the "Sat Aug 1 — 30500 steps (today)" StaticText
    t =   169.07s Checking existence of `"Sat Aug 1 — 30500 steps (today)" StaticText`
    t =   169.08s Find the "Sat Aug 1 — 30500 steps (today)" StaticText
    t =   169.15s Checking existence of `"Sat Aug 1 — 30500 steps (today)" StaticText`
    t =   169.17s Find the "Sat Aug 1 — 30500 steps (today)" StaticText
    t =   169.24s Checking existence of `"Sat Aug 1 — 30500 steps (today)" StaticText`
    t =   169.25s Find the "Sat Aug 1 — 30500 steps (today)" StaticText
    t =   169.32s Checking existence of `"Sat Aug 1 — 30500 steps (today)" StaticText`
    t =   169.34s Find the "Sat Aug 1 — 30500 steps (today)" StaticText
    t =   169.41s Checking existence of `"Sat Aug 1 — 30500 steps (today)" StaticText`
    t =   169.42s Find the "Sat Aug 1 — 30500 steps (today)" StaticText
    t =   169.50s Checking existence of `"Sat Aug 1 — 30500 steps (today)" StaticText`
    t =   169.51s Find the "Sat Aug 1 — 30500 steps (today)" StaticText
    t =   169.58s Checking existence of `"Sat Aug 1 — 30500 steps (today)" StaticText`
    t =   169.59s Find the "Sat Aug 1 — 30500 steps (today)" StaticText
    t =   169.66s Checking existence of `"Sat Aug 1 — 30500 steps (today)" StaticText`
    t =   169.68s Find the "Sat Aug 1 — 30500 steps (today)" StaticText
    t =   169.75s Checking existence of `"Sat Aug 1 — 30500 steps (today)" StaticText`
    t =   169.76s Find the "Sat Aug 1 — 30500 steps (today)" StaticText
    t =   169.84s Checking existence of `"Sat Aug 1 — 30500 steps (today)" StaticText`
    t =   169.85s Find the "Sat Aug 1 — 30500 steps (today)" StaticText
    t =   169.92s Checking existence of `"Sat Aug 1 — 30500 steps (today)" StaticText`
    t =   169.94s Find the "Sat Aug 1 — 30500 steps (today)" StaticText
    t =   170.01s Checking existence of `"Sat Aug 1 — 30500 steps (today)" StaticText`
    t =   170.02s Find the "Sat Aug 1 — 30500 steps (today)" StaticText
    t =   170.09s Checking existence of `"Sat Aug 1 — 30500 steps (today)" StaticText`
    t =   170.10s Find the "Sat Aug 1 — 30500 steps (today)" StaticText
    t =   170.17s Checking existence of `"Sat Aug 1 — 30500 steps (today)" StaticText`
    t =   170.19s Find the "Sat Aug 1 — 30500 steps (today)" StaticText
    t =   170.26s Checking existence of `"Sat Aug 1 — 30500 steps (today)" StaticText`
    t =   170.27s Find the "Sat Aug 1 — 30500 steps (today)" StaticText
    t =   170.34s Checking existence of `"Sat Aug 1 — 30500 steps (today)" StaticText`
    t =   170.35s Find the "Sat Aug 1 — 30500 steps (today)" StaticText
    t =   170.43s Checking existence of `"Sat Aug 1 — 30500 steps (today)" StaticText`
    t =   170.44s Find the "Sat Aug 1 — 30500 steps (today)" StaticText
    t =   170.51s Checking existence of `"Sat Aug 1 — 30500 steps (today)" StaticText`
    t =   170.53s Find the "Sat Aug 1 — 30500 steps (today)" StaticText
    t =   170.60s Checking existence of `"Sat Aug 1 — 30500 steps (today)" StaticText`
    t =   170.61s Find the "Sat Aug 1 — 30500 steps (today)" StaticText
    t =   170.68s Checking existence of `"Sat Aug 1 — 30500 steps (today)" StaticText`
    t =   170.70s Find the "Sat Aug 1 — 30500 steps (today)" StaticText
    t =   170.77s Checking existence of `"Sat Aug 1 — 30500 steps (today)" StaticText`
    t =   170.78s Find the "Sat Aug 1 — 30500 steps (today)" StaticText
    t =   170.85s Checking existence of `"Sat Aug 1 — 30500 steps (today)" StaticText`
    t =   170.87s Find the "Sat Aug 1 — 30500 steps (today)" StaticText
    t =   170.93s Checking existence of `"Sat Aug 1 — 30500 steps (today)" StaticText`
    t =   170.95s Find the "Sat Aug 1 — 30500 steps (today)" StaticText
    t =   171.02s Checking existence of `"Sat Aug 1 — 30500 steps (today)" StaticText`
    t =   171.03s Find the "Sat Aug 1 — 30500 steps (today)" StaticText
    t =   171.10s Checking existence of `"Sat Aug 1 — 30500 steps (today)" StaticText`
    t =   171.12s Find the "Sat Aug 1 — 30500 steps (today)" StaticText
    t =   171.19s Checking existence of `"Sat Aug 1 — 30500 steps (today)" StaticText`
    t =   171.20s Find the "Sat Aug 1 — 30500 steps (today)" StaticText
    t =   171.27s Checking existence of `"Sat Aug 1 — 30500 steps (today)" StaticText`
    t =   171.29s Find the "Sat Aug 1 — 30500 steps (today)" StaticText
    t =   171.36s Checking existence of `"Sat Aug 1 — 30500 steps (today)" StaticText`
    t =   171.37s Find the "Sat Aug 1 — 30500 steps (today)" StaticText
    t =   171.44s Checking existence of `"Sat Aug 1 — 30500 steps (today)" StaticText`
    t =   171.45s Find the "Sat Aug 1 — 30500 steps (today)" StaticText
    t =   171.52s Checking existence of `"Sat Aug 1 — 30500 steps (today)" StaticText`
    t =   171.54s Find the "Sat Aug 1 — 30500 steps (today)" StaticText
    t =   171.61s Checking existence of `"Sat Aug 1 — 30500 steps (today)" StaticText`
    t =   171.62s Find the "Sat Aug 1 — 30500 steps (today)" StaticText
    t =   171.69s Checking existence of `"Sat Aug 1 — 30500 steps (today)" StaticText`
    t =   171.71s Find the "Sat Aug 1 — 30500 steps (today)" StaticText
    t =   171.77s Checking existence of `"Sat Aug 1 — 30500 steps (today)" StaticText`
    t =   171.79s Find the "Sat Aug 1 — 30500 steps (today)" StaticText
    t =   171.86s Checking existence of `"Sat Aug 1 — 30500 steps (today)" StaticText`
    t =   171.87s Find the "Sat Aug 1 — 30500 steps (today)" StaticText
    t =   171.94s Checking existence of `"Sat Aug 1 — 30500 steps (today)" StaticText`
    t =   171.96s Find the "Sat Aug 1 — 30500 steps (today)" StaticText
    t =   172.03s Checking existence of `"Sat Aug 1 — 30500 steps (today)" StaticText`
    t =   172.04s Find the "Sat Aug 1 — 30500 steps (today)" StaticText
    t =   172.11s Checking existence of `"Sat Aug 1 — 30500 steps (today)" StaticText`
    t =   172.13s Find the "Sat Aug 1 — 30500 steps (today)" StaticText
    t =   172.19s Checking existence of `"Sat Aug 1 — 30500 steps (today)" StaticText`
    t =   172.21s Find the "Sat Aug 1 — 30500 steps (today)" StaticText
    t =   172.28s Checking existence of `"Sat Aug 1 — 30500 steps (today)" StaticText`
    t =   172.29s Find the "Sat Aug 1 — 30500 steps (today)" StaticText
    t =   172.36s Checking existence of `"Sat Aug 1 — 30500 steps (today)" StaticText`
    t =   172.38s Find the "Sat Aug 1 — 30500 steps (today)" StaticText
    t =   172.45s Checking existence of `"Sat Aug 1 — 30500 steps (today)" StaticText`
    t =   172.46s Find the "Sat Aug 1 — 30500 steps (today)" StaticText
    t =   172.53s Checking existence of `"Sat Aug 1 — 30500 steps (today)" StaticText`
    t =   172.54s Find the "Sat Aug 1 — 30500 steps (today)" StaticText
    t =   172.61s Checking existence of `"Sat Aug 1 — 30500 steps (today)" StaticText`
    t =   172.63s Find the "Sat Aug 1 — 30500 steps (today)" StaticText
    t =   172.70s Checking existence of `"Sat Aug 1 — 30500 steps (today)" StaticText`
    t =   172.71s Find the "Sat Aug 1 — 30500 steps (today)" StaticText
    t =   172.78s Checking existence of `"Sat Aug 1 — 30500 steps (today)" StaticText`
    t =   172.80s Find the "Sat Aug 1 — 30500 steps (today)" StaticText
    t =   172.87s Checking existence of `"Sat Aug 1 — 30500 steps (today)" StaticText`
    t =   172.88s Find the "Sat Aug 1 — 30500 steps (today)" StaticText
    t =   172.95s Checking existence of `"Sat Aug 1 — 30500 steps (today)" StaticText`
    t =   172.96s Find the "Sat Aug 1 — 30500 steps (today)" StaticText
    t =   173.03s Checking existence of `"Sat Aug 1 — 30500 steps (today)" StaticText`
    t =   173.05s Find the "Sat Aug 1 — 30500 steps (today)" StaticText
    t =   173.12s Checking existence of `"Sat Aug 1 — 30500 steps (today)" StaticText`
    t =   173.13s Find the "Sat Aug 1 — 30500 steps (today)" StaticText
    t =   173.20s Checking existence of `"Sat Aug 1 — 30500 steps (today)" StaticText`
    t =   173.21s Find the "Sat Aug 1 — 30500 steps (today)" StaticText
STEP[173s]: iter 2: go home
    t =   173.28s Checking existence of `"Transcribe" Button`
    t =   173.30s Checking existence of `"Health" Button`
    t =   173.31s Checking existence of `Any (First Match)`
    t =   173.33s Checking existence of `Button (Element at index 0)`
    t =   173.34s Find the Button (Element at index 0)
STEP[173s]: goHome: tapping candidate 0
    t =   173.36s Tap "BackButton" Button
    t =   173.36s     Wait for org.nativescript.nsbenchmark to idle
    t =   173.36s     Find the "BackButton" Button
    t =   173.38s     Check for interrupting elements affecting "BackButton" Button
    t =   173.39s     Synthesize event
    t =   173.68s     Wait for org.nativescript.nsbenchmark to idle
    t =   174.52s Checking existence of `"Transcribe" Button`
    t =   174.53s Waiting 3.0s for "Transcribe" Button to exist
    t =   175.56s     Checking `Expect predicate `existsNoRetry == 1` for object "Transcribe" Button`
    t =   175.56s         Checking existence of `"Transcribe" Button`
STEP[175s]: iter 2: nav Transcribe
    t =   175.58s Checking existence of `"Transcribe" Button`
    t =   175.59s Tap "Transcribe" Button
    t =   175.59s     Wait for org.nativescript.nsbenchmark to idle
    t =   175.59s     Find the "Transcribe" Button
    t =   175.60s     Check for interrupting elements affecting "Transcribe" Button
    t =   175.61s     Synthesize event
    t =   175.90s     Wait for org.nativescript.nsbenchmark to idle
    t =   176.22s Waiting 10.0s for Any (First Match) to exist
    t =   177.25s     Checking `Expect predicate `existsNoRetry == 1` for object Any (First Match)`
    t =   177.25s         Checking existence of `Any (First Match)`
    t =   177.28s Checking existence of `Any (First Match)`
    t =   177.29s Find the Any (First Match)
    t =   177.31s Checking existence of `"Speech access: granted" StaticText`
    t =   177.31s Find the "Speech access: granted" StaticText
    t =   177.32s Checking existence of `"Transcribe Sample" Button`
    t =   177.33s Checking existence of `"Transcribe Sample" Button`
    t =   177.34s Find the "Transcribe Sample" Button
STEP[177s]: iter 2: transcribe
    t =   177.36s Tap "Transcribe Sample" Button
    t =   177.36s     Wait for org.nativescript.nsbenchmark to idle
    t =   177.36s     Find the "Transcribe Sample" Button
    t =   177.37s     Check for interrupting elements affecting "Transcribe Sample" Button
    t =   177.39s     Synthesize event
    t =   177.67s     Wait for org.nativescript.nsbenchmark to idle
    t =   177.67s Waiting 45.0s for Any (First Match) to exist
    t =   178.70s     Checking `Expect predicate `existsNoRetry == 1` for object Any (First Match)`
    t =   178.70s         Checking existence of `Any (First Match)`
    t =   178.73s         Capturing element debug description
    t =   179.76s     Checking `Expect predicate `existsNoRetry == 1` for object Any (First Match)`
    t =   179.76s         Checking existence of `Any (First Match)`
    t =   179.79s         Capturing element debug description
    t =   180.72s     Checking `Expect predicate `existsNoRetry == 1` for object Any (First Match)`
    t =   180.72s         Checking existence of `Any (First Match)`
    t =   180.75s         Capturing element debug description
    t =   181.67s     Checking `Expect predicate `existsNoRetry == 1` for object Any (First Match)`
    t =   181.67s         Checking existence of `Any (First Match)`
    t =   181.70s         Capturing element debug description
    t =   182.72s     Checking `Expect predicate `existsNoRetry == 1` for object Any (First Match)`
    t =   182.72s         Checking existence of `Any (First Match)`
    t =   182.75s         Capturing element debug description
    t =   183.77s     Checking `Expect predicate `existsNoRetry == 1` for object Any (First Match)`
    t =   183.77s         Checking existence of `Any (First Match)`
    t =   183.80s         Capturing element debug description
    t =   184.72s     Checking `Expect predicate `existsNoRetry == 1` for object Any (First Match)`
    t =   184.72s         Checking existence of `Any (First Match)`
    t =   184.75s         Capturing element debug description
    t =   185.77s     Checking `Expect predicate `existsNoRetry == 1` for object Any (First Match)`
    t =   185.77s         Checking existence of `Any (First Match)`
    t =   185.80s         Capturing element debug description
    t =   186.73s     Checking `Expect predicate `existsNoRetry == 1` for object Any (First Match)`
    t =   186.73s         Checking existence of `Any (First Match)`
    t =   186.76s         Capturing element debug description
    t =   187.69s     Checking `Expect predicate `existsNoRetry == 1` for object Any (First Match)`
    t =   187.69s         Checking existence of `Any (First Match)`
    t =   187.72s         Capturing element debug description
    t =   188.73s     Checking `Expect predicate `existsNoRetry == 1` for object Any (First Match)`
    t =   188.73s         Checking existence of `Any (First Match)`
    t =   188.76s         Capturing element debug description
    t =   189.77s     Checking `Expect predicate `existsNoRetry == 1` for object Any (First Match)`
    t =   189.77s         Checking existence of `Any (First Match)`
    t =   189.80s         Capturing element debug description
    t =   190.70s     Checking `Expect predicate `existsNoRetry == 1` for object Any (First Match)`
    t =   190.70s         Checking existence of `Any (First Match)`
    t =   190.73s         Capturing element debug description
    t =   191.71s     Checking `Expect predicate `existsNoRetry == 1` for object Any (First Match)`
    t =   191.72s         Checking existence of `Any (First Match)`
    t =   191.73s         Capturing element debug description
    t =   192.73s     Checking `Expect predicate `existsNoRetry == 1` for object Any (First Match)`
    t =   192.73s         Checking existence of `Any (First Match)`
    t =   192.76s         Capturing element debug description
    t =   193.77s     Checking `Expect predicate `existsNoRetry == 1` for object Any (First Match)`
    t =   193.77s         Checking existence of `Any (First Match)`
    t =   193.80s         Capturing element debug description
    t =   194.71s     Checking `Expect predicate `existsNoRetry == 1` for object Any (First Match)`
    t =   194.71s         Checking existence of `Any (First Match)`
    t =   194.74s         Capturing element debug description
    t =   195.75s     Checking `Expect predicate `existsNoRetry == 1` for object Any (First Match)`
    t =   195.75s         Checking existence of `Any (First Match)`
    t =   195.78s         Capturing element debug description
    t =   196.69s     Checking `Expect predicate `existsNoRetry == 1` for object Any (First Match)`
    t =   196.69s         Checking existence of `Any (First Match)`
    t =   196.72s         Capturing element debug description
    t =   197.72s     Checking `Expect predicate `existsNoRetry == 1` for object Any (First Match)`
    t =   197.72s         Checking existence of `Any (First Match)`
    t =   197.75s         Capturing element debug description
    t =   198.76s     Checking `Expect predicate `existsNoRetry == 1` for object Any (First Match)`
    t =   198.76s         Checking existence of `Any (First Match)`
    t =   198.79s         Capturing element debug description
    t =   199.69s     Checking `Expect predicate `existsNoRetry == 1` for object Any (First Match)`
    t =   199.69s         Checking existence of `Any (First Match)`
    t =   199.72s         Capturing element debug description
    t =   200.73s     Checking `Expect predicate `existsNoRetry == 1` for object Any (First Match)`
    t =   200.74s         Checking existence of `Any (First Match)`
    t =   200.77s         Capturing element debug description
    t =   201.77s     Checking `Expect predicate `existsNoRetry == 1` for object Any (First Match)`
    t =   201.77s         Checking existence of `Any (First Match)`
    t =   201.78s         Capturing element debug description
    t =   202.69s     Checking `Expect predicate `existsNoRetry == 1` for object Any (First Match)`
    t =   202.69s         Checking existence of `Any (First Match)`
    t =   202.72s         Capturing element debug description
    t =   203.73s     Checking `Expect predicate `existsNoRetry == 1` for object Any (First Match)`
    t =   203.73s         Checking existence of `Any (First Match)`
    t =   203.76s         Capturing element debug description
    t =   204.69s     Checking `Expect predicate `existsNoRetry == 1` for object Any (First Match)`
    t =   204.69s         Checking existence of `Any (First Match)`
    t =   204.72s         Capturing element debug description
    t =   205.76s     Checking `Expect predicate `existsNoRetry == 1` for object Any (First Match)`
    t =   205.76s         Checking existence of `Any (First Match)`
    t =   205.79s         Capturing element debug description
    t =   206.71s     Checking `Expect predicate `existsNoRetry == 1` for object Any (First Match)`
    t =   206.71s         Checking existence of `Any (First Match)`
    t =   206.74s         Capturing element debug description
    t =   207.76s     Checking `Expect predicate `existsNoRetry == 1` for object Any (First Match)`
    t =   207.76s         Checking existence of `Any (First Match)`
    t =   207.79s         Capturing element debug description
    t =   208.71s     Checking `Expect predicate `existsNoRetry == 1` for object Any (First Match)`
    t =   208.71s         Checking existence of `Any (First Match)`
    t =   208.74s         Capturing element debug description
    t =   209.68s     Checking `Expect predicate `existsNoRetry == 1` for object Any (First Match)`
    t =   209.68s         Checking existence of `Any (First Match)`
    t =   209.71s         Capturing element debug description
    t =   210.73s     Checking `Expect predicate `existsNoRetry == 1` for object Any (First Match)`
    t =   210.73s         Checking existence of `Any (First Match)`
    t =   210.76s         Capturing element debug description
    t =   211.67s     Checking `Expect predicate `existsNoRetry == 1` for object Any (First Match)`
    t =   211.68s         Checking existence of `Any (First Match)`
    t =   211.71s         Capturing element debug description
    t =   212.73s     Checking `Expect predicate `existsNoRetry == 1` for object Any (First Match)`
    t =   212.73s         Checking existence of `Any (First Match)`
    t =   212.76s         Capturing element debug description
    t =   213.68s     Checking `Expect predicate `existsNoRetry == 1` for object Any (First Match)`
    t =   213.68s         Checking existence of `Any (First Match)`
    t =   213.71s         Capturing element debug description
    t =   214.73s     Checking `Expect predicate `existsNoRetry == 1` for object Any (First Match)`
    t =   214.73s         Checking existence of `Any (First Match)`
    t =   214.76s         Capturing element debug description
    t =   215.68s     Checking `Expect predicate `existsNoRetry == 1` for object Any (First Match)`
    t =   215.68s         Checking existence of `Any (First Match)`
    t =   215.71s         Capturing element debug description
    t =   216.73s     Checking `Expect predicate `existsNoRetry == 1` for object Any (First Match)`
    t =   216.73s         Checking existence of `Any (First Match)`
    t =   216.76s         Capturing element debug description
    t =   217.70s     Checking `Expect predicate `existsNoRetry == 1` for object Any (First Match)`
    t =   217.70s         Checking existence of `Any (First Match)`
    t =   217.73s         Capturing element debug description
    t =   218.75s     Checking `Expect predicate `existsNoRetry == 1` for object Any (First Match)`
    t =   218.75s         Checking existence of `Any (First Match)`
    t =   218.78s         Capturing element debug description
    t =   219.71s     Checking `Expect predicate `existsNoRetry == 1` for object Any (First Match)`
    t =   219.71s         Checking existence of `Any (First Match)`
    t =   219.74s         Capturing element debug description
    t =   220.76s     Checking `Expect predicate `existsNoRetry == 1` for object Any (First Match)`
    t =   220.76s         Checking existence of `Any (First Match)`
    t =   220.79s         Capturing element debug description
    t =   221.72s     Checking `Expect predicate `existsNoRetry == 1` for object Any (First Match)`
    t =   221.72s         Checking existence of `Any (First Match)`
    t =   221.75s         Capturing element debug description
    t =   222.67s     Checking `Expect predicate `existsNoRetry == 1` for object Any (First Match)`
    t =   222.68s         Checking existence of `Any (First Match)`
    t =   222.71s         Capturing element debug description
    t =   222.71s     Checking existence of `Any (First Match)`
    t =   222.72s Collecting debug information to assist test failure triage
    t =   222.72s     Requesting snapshot of accessibility hierarchy for app with pid 45964
    t =   222.75s Checking existence of `Any (First Match)`
    t =   222.76s Checking existence of `Any (First Match)`
    t =   222.77s Checking existence of `Any (First Match)`
    t =   222.78s Find the Any (First Match)
STEP[222s]: iter 2: done
    t =   222.79s Terminate org.nativescript.nsbenchmark:45964
PERFJSON:{"runs":[{"speech_granted":true,"error_hk_log":true,"speech_state":"init_or_task_failed: Failed to initialize recognizer","nav_transcribe_ms":1728,"nav_health_ms":1797,"health_granted":true,"iter":0,"hk_rows_ms":1101},{"speech_granted":true,"nav_transcribe_ms":1744,"speech_state":"init_or_task_failed: Failed to initialize recognizer","iter":1,"nav_health_ms":1810,"error_hk_log":true,"hk_rows_ms":1090,"health_granted":true},{"health_granted":true,"speech_state":"init_or_task_failed: Failed to initialize recognizer","nav_transcribe_ms":1698,"nav_health_ms":1804,"iter":2,"hk_rows_ms":1094,"speech_granted":true,"error_hk_log":true}],"bundle_id":"org.nativescript.nsbenchmark"}
    t =   223.86s Tear Down
Test Case '-[UIDriverUITests.FeatureLatencyTests testFeatureLatencies]' passed (223.941 seconds).
Test Suite 'FeatureLatencyTests' passed at 2026-08-01 20:29:54.164.
	 Executed 1 test, with 0 failures (0 unexpected) in 223.941 (223.942) seconds
Test Suite 'InteropCaptureTests' started at 2026-08-01 20:29:54.164.
Test Case '-[UIDriverUITests.InteropCaptureTests testCaptureInteropResults]' started.
    t =     0.00s Start Test at 2026-08-01 20:29:54.165
    t =     0.01s Set Up
    t =     0.02s Open org.nativescript.nsbenchmark
    t =     0.02s     Launch org.nativescript.nsbenchmark
    t =     0.11s         Setting up automation session
    t =     0.71s         Wait for org.nativescript.nsbenchmark to idle
    t =     1.86s Waiting 240.0s for Any (First Match) to exist
    t =     2.88s     Checking `Expect predicate `existsNoRetry == 1` for object Any (First Match)`
    t =     2.88s         Checking existence of `Any (First Match)`
    t =     2.91s         Capturing element debug description
    t =     3.93s     Checking `Expect predicate `existsNoRetry == 1` for object Any (First Match)`
    t =     3.93s         Checking existence of `Any (First Match)`
    t =     3.95s         Capturing element debug description
    t =     4.86s     Checking `Expect predicate `existsNoRetry == 1` for object Any (First Match)`
    t =     4.86s         Checking existence of `Any (First Match)`
    t =     4.88s         Capturing element debug description
    t =     5.91s     Checking `Expect predicate `existsNoRetry == 1` for object Any (First Match)`
    t =     5.91s         Checking existence of `Any (First Match)`
    t =     5.92s         Capturing element debug description
    t =     6.93s     Checking `Expect predicate `existsNoRetry == 1` for object Any (First Match)`
    t =     6.93s         Checking existence of `Any (First Match)`
    t =     6.95s         Capturing element debug description
    t =     7.86s     Checking `Expect predicate `existsNoRetry == 1` for object Any (First Match)`
    t =     7.86s         Checking existence of `Any (First Match)`
    t =     7.88s         Capturing element debug description
    t =     8.90s     Checking `Expect predicate `existsNoRetry == 1` for object Any (First Match)`
    t =     8.91s         Checking existence of `Any (First Match)`
    t =     8.92s         Capturing element debug description
    t =     9.94s     Checking `Expect predicate `existsNoRetry == 1` for object Any (First Match)`
    t =     9.94s         Checking existence of `Any (First Match)`
    t =     9.96s         Capturing element debug description
    t =    10.88s     Checking `Expect predicate `existsNoRetry == 1` for object Any (First Match)`
    t =    10.88s         Checking existence of `Any (First Match)`
    t =    10.90s         Capturing element debug description
    t =    11.90s     Checking `Expect predicate `existsNoRetry == 1` for object Any (First Match)`
    t =    11.91s         Checking existence of `Any (First Match)`
    t =    11.92s         Capturing element debug description
    t =    12.94s     Checking `Expect predicate `existsNoRetry == 1` for object Any (First Match)`
    t =    12.94s         Checking existence of `Any (First Match)`
    t =    12.95s         Capturing element debug description
    t =    13.87s     Checking `Expect predicate `existsNoRetry == 1` for object Any (First Match)`
    t =    13.87s         Checking existence of `Any (First Match)`
    t =    13.89s         Capturing element debug description
    t =    14.90s     Checking `Expect predicate `existsNoRetry == 1` for object Any (First Match)`
    t =    14.91s         Checking existence of `Any (First Match)`
    t =    14.92s         Capturing element debug description
    t =    15.95s     Checking `Expect predicate `existsNoRetry == 1` for object Any (First Match)`
    t =    15.95s         Checking existence of `Any (First Match)`
    t =    15.97s         Capturing element debug description
    t =    16.88s     Checking `Expect predicate `existsNoRetry == 1` for object Any (First Match)`
    t =    16.88s         Checking existence of `Any (First Match)`
    t =    16.90s         Capturing element debug description
    t =    17.91s     Checking `Expect predicate `existsNoRetry == 1` for object Any (First Match)`
    t =    17.91s         Checking existence of `Any (First Match)`
    t =    17.93s         Capturing element debug description
    t =    18.95s     Checking `Expect predicate `existsNoRetry == 1` for object Any (First Match)`
    t =    18.95s         Checking existence of `Any (First Match)`
    t =    18.96s         Capturing element debug description
    t =    19.88s     Checking `Expect predicate `existsNoRetry == 1` for object Any (First Match)`
    t =    19.88s         Checking existence of `Any (First Match)`
    t =    19.90s         Capturing element debug description
    t =    20.92s     Checking `Expect predicate `existsNoRetry == 1` for object Any (First Match)`
    t =    20.92s         Checking existence of `Any (First Match)`
    t =    20.94s         Capturing element debug description
    t =    21.86s     Checking `Expect predicate `existsNoRetry == 1` for object Any (First Match)`
    t =    21.86s         Checking existence of `Any (First Match)`
    t =    21.88s         Capturing element debug description
    t =    22.90s     Checking `Expect predicate `existsNoRetry == 1` for object Any (First Match)`
    t =    22.91s         Checking existence of `Any (First Match)`
    t =    22.92s         Capturing element debug description
    t =    23.95s     Checking `Expect predicate `existsNoRetry == 1` for object Any (First Match)`
    t =    23.95s         Checking existence of `Any (First Match)`
    t =    23.97s         Capturing element debug description
    t =    24.88s     Checking `Expect predicate `existsNoRetry == 1` for object Any (First Match)`
    t =    24.88s         Checking existence of `Any (First Match)`
    t =    24.90s         Capturing element debug description
    t =    25.91s     Checking `Expect predicate `existsNoRetry == 1` for object Any (First Match)`
    t =    25.91s         Checking existence of `Any (First Match)`
    t =    25.93s         Capturing element debug description
    t =    26.94s     Checking `Expect predicate `existsNoRetry == 1` for object Any (First Match)`
    t =    26.95s         Checking existence of `Any (First Match)`
    t =    26.96s         Capturing element debug description
    t =    27.88s     Checking `Expect predicate `existsNoRetry == 1` for object Any (First Match)`
    t =    27.88s         Checking existence of `Any (First Match)`
    t =    27.90s         Capturing element debug description
    t =    28.91s     Checking `Expect predicate `existsNoRetry == 1` for object Any (First Match)`
    t =    28.91s         Checking existence of `Any (First Match)`
    t =    28.92s         Capturing element debug description
    t =    29.92s     Checking `Expect predicate `existsNoRetry == 1` for object Any (First Match)`
    t =    29.92s         Checking existence of `Any (First Match)`
    t =    29.94s         Capturing element debug description
    t =    30.86s     Checking `Expect predicate `existsNoRetry == 1` for object Any (First Match)`
    t =    30.86s         Checking existence of `Any (First Match)`
    t =    30.88s         Capturing element debug description
    t =    31.90s     Checking `Expect predicate `existsNoRetry == 1` for object Any (First Match)`
    t =    31.91s         Checking existence of `Any (First Match)`
    t =    31.92s         Capturing element debug description
    t =    32.95s     Checking `Expect predicate `existsNoRetry == 1` for object Any (First Match)`
    t =    32.95s         Checking existence of `Any (First Match)`
    t =    32.96s         Capturing element debug description
    t =    33.88s     Checking `Expect predicate `existsNoRetry == 1` for object Any (First Match)`
    t =    33.88s         Checking existence of `Any (First Match)`
    t =    33.90s         Capturing element debug description
    t =    34.91s     Checking `Expect predicate `existsNoRetry == 1` for object Any (First Match)`
    t =    34.91s         Checking existence of `Any (First Match)`
    t =    34.93s         Capturing element debug description
    t =    35.95s     Checking `Expect predicate `existsNoRetry == 1` for object Any (First Match)`
    t =    35.95s         Checking existence of `Any (First Match)`
    t =    35.97s         Capturing element debug description
    t =    36.88s     Checking `Expect predicate `existsNoRetry == 1` for object Any (First Match)`
    t =    36.89s         Checking existence of `Any (First Match)`
    t =    36.90s         Capturing element debug description
    t =    37.91s     Checking `Expect predicate `existsNoRetry == 1` for object Any (First Match)`
    t =    37.91s         Checking existence of `Any (First Match)`
    t =    37.93s         Capturing element debug description
    t =    38.95s     Checking `Expect predicate `existsNoRetry == 1` for object Any (First Match)`
    t =    38.95s         Checking existence of `Any (First Match)`
    t =    38.95s         Capturing element debug description
    t =    39.86s     Checking `Expect predicate `existsNoRetry == 1` for object Any (First Match)`
    t =    39.86s         Checking existence of `Any (First Match)`
    t =    39.88s         Capturing element debug description
    t =    40.90s     Checking `Expect predicate `existsNoRetry == 1` for object Any (First Match)`
    t =    40.90s         Checking existence of `Any (First Match)`
    t =    40.92s         Capturing element debug description
    t =    41.95s     Checking `Expect predicate `existsNoRetry == 1` for object Any (First Match)`
    t =    41.95s         Checking existence of `Any (First Match)`
    t =    41.97s         Capturing element debug description
    t =    42.88s     Checking `Expect predicate `existsNoRetry == 1` for object Any (First Match)`
    t =    42.88s         Checking existence of `Any (First Match)`
    t =    42.90s         Capturing element debug description
    t =    43.90s     Checking `Expect predicate `existsNoRetry == 1` for object Any (First Match)`
    t =    43.91s         Checking existence of `Any (First Match)`
    t =    43.92s         Capturing element debug description
    t =    44.95s     Checking `Expect predicate `existsNoRetry == 1` for object Any (First Match)`
    t =    44.95s         Checking existence of `Any (First Match)`
    t =    44.96s         Capturing element debug description
    t =    45.88s     Checking `Expect predicate `existsNoRetry == 1` for object Any (First Match)`
    t =    45.88s         Checking existence of `Any (First Match)`
    t =    45.90s         Capturing element debug description
    t =    46.91s     Checking `Expect predicate `existsNoRetry == 1` for object Any (First Match)`
    t =    46.92s         Checking existence of `Any (First Match)`
    t =    46.93s         Capturing element debug description
    t =    47.95s     Checking `Expect predicate `existsNoRetry == 1` for object Any (First Match)`
    t =    47.95s         Checking existence of `Any (First Match)`
    t =    47.97s         Capturing element debug description
    t =    48.88s     Checking `Expect predicate `existsNoRetry == 1` for object Any (First Match)`
    t =    48.88s         Checking existence of `Any (First Match)`
    t =    48.90s         Capturing element debug description
    t =    49.91s     Checking `Expect predicate `existsNoRetry == 1` for object Any (First Match)`
    t =    49.91s         Checking existence of `Any (First Match)`
    t =    49.93s         Capturing element debug description
    t =    50.95s     Checking `Expect predicate `existsNoRetry == 1` for object Any (First Match)`
    t =    50.95s         Checking existence of `Any (First Match)`
    t =    50.97s         Capturing element debug description
    t =    51.89s     Checking `Expect predicate `existsNoRetry == 1` for object Any (First Match)`
    t =    51.89s         Checking existence of `Any (First Match)`
    t =    51.91s         Capturing element debug description
    t =    52.91s     Checking `Expect predicate `existsNoRetry == 1` for object Any (First Match)`
    t =    52.91s         Checking existence of `Any (First Match)`
    t =    52.93s         Capturing element debug description
    t =    53.95s     Checking `Expect predicate `existsNoRetry == 1` for object Any (First Match)`
    t =    53.95s         Checking existence of `Any (First Match)`
    t =    53.97s         Capturing element debug description
    t =    54.88s     Checking `Expect predicate `existsNoRetry == 1` for object Any (First Match)`
    t =    54.88s         Checking existence of `Any (First Match)`
    t =    54.90s         Capturing element debug description
    t =    55.93s     Checking `Expect predicate `existsNoRetry == 1` for object Any (First Match)`
    t =    55.93s         Checking existence of `Any (First Match)`
    t =    55.94s         Capturing element debug description
    t =    56.86s     Checking `Expect predicate `existsNoRetry == 1` for object Any (First Match)`
    t =    56.86s         Checking existence of `Any (First Match)`
    t =    56.88s         Capturing element debug description
    t =    57.90s     Checking `Expect predicate `existsNoRetry == 1` for object Any (First Match)`
    t =    57.91s         Checking existence of `Any (First Match)`
    t =    57.92s         Capturing element debug description
    t =    58.95s     Checking `Expect predicate `existsNoRetry == 1` for object Any (First Match)`
    t =    58.95s         Checking existence of `Any (First Match)`
    t =    58.97s         Capturing element debug description
    t =    59.88s     Checking `Expect predicate `existsNoRetry == 1` for object Any (First Match)`
    t =    59.88s         Checking existence of `Any (First Match)`
    t =    59.90s         Capturing element debug description
    t =    60.91s     Checking `Expect predicate `existsNoRetry == 1` for object Any (First Match)`
    t =    60.92s         Checking existence of `Any (First Match)`
    t =    60.93s         Capturing element debug description
    t =    61.95s     Checking `Expect predicate `existsNoRetry == 1` for object Any (First Match)`
    t =    61.95s         Checking existence of `Any (First Match)`
    t =    61.97s         Capturing element debug description
    t =    62.88s     Checking `Expect predicate `existsNoRetry == 1` for object Any (First Match)`
    t =    62.88s         Checking existence of `Any (First Match)`
    t =    62.90s         Capturing element debug description
    t =    63.92s     Checking `Expect predicate `existsNoRetry == 1` for object Any (First Match)`
    t =    63.92s         Checking existence of `Any (First Match)`
    t =    63.93s         Capturing element debug description
    t =    64.86s     Checking `Expect predicate `existsNoRetry == 1` for object Any (First Match)`
    t =    64.86s         Checking existence of `Any (First Match)`
    t =    64.88s         Capturing element debug description
    t =    65.91s     Checking `Expect predicate `existsNoRetry == 1` for object Any (First Match)`
    t =    65.91s         Checking existence of `Any (First Match)`
    t =    65.92s         Capturing element debug description
    t =    66.95s     Checking `Expect predicate `existsNoRetry == 1` for object Any (First Match)`
    t =    66.95s         Checking existence of `Any (First Match)`
    t =    66.97s         Capturing element debug description
    t =    67.88s     Checking `Expect predicate `existsNoRetry == 1` for object Any (First Match)`
    t =    67.88s         Checking existence of `Any (First Match)`
    t =    67.90s         Capturing element debug description
    t =    68.91s     Checking `Expect predicate `existsNoRetry == 1` for object Any (First Match)`
    t =    68.91s         Checking existence of `Any (First Match)`
    t =    68.93s         Capturing element debug description
    t =    69.95s     Checking `Expect predicate `existsNoRetry == 1` for object Any (First Match)`
    t =    69.95s         Checking existence of `Any (First Match)`
    t =    69.97s         Capturing element debug description
    t =    70.89s     Checking `Expect predicate `existsNoRetry == 1` for object Any (First Match)`
    t =    70.89s         Checking existence of `Any (First Match)`
    t =    70.91s         Capturing element debug description
    t =    71.93s     Checking `Expect predicate `existsNoRetry == 1` for object Any (First Match)`
    t =    71.93s         Checking existence of `Any (First Match)`
    t =    71.94s         Capturing element debug description
    t =    72.87s     Checking `Expect predicate `existsNoRetry == 1` for object Any (First Match)`
    t =    72.87s         Checking existence of `Any (First Match)`
    t =    72.89s         Capturing element debug description
    t =    73.91s     Checking `Expect predicate `existsNoRetry == 1` for object Any (First Match)`
    t =    73.91s         Checking existence of `Any (First Match)`
    t =    73.92s         Capturing element debug description
    t =    74.95s     Checking `Expect predicate `existsNoRetry == 1` for object Any (First Match)`
    t =    74.95s         Checking existence of `Any (First Match)`
    t =    74.97s         Capturing element debug description
    t =    75.88s     Checking `Expect predicate `existsNoRetry == 1` for object Any (First Match)`
    t =    75.88s         Checking existence of `Any (First Match)`
    t =    75.90s         Capturing element debug description
    t =    76.90s     Checking `Expect predicate `existsNoRetry == 1` for object Any (First Match)`
    t =    76.91s         Checking existence of `Any (First Match)`
    t =    76.92s         Capturing element debug description
    t =    77.95s     Checking `Expect predicate `existsNoRetry == 1` for object Any (First Match)`
    t =    77.95s         Checking existence of `Any (First Match)`
    t =    77.97s         Capturing element debug description
    t =    78.88s     Checking `Expect predicate `existsNoRetry == 1` for object Any (First Match)`
    t =    78.88s         Checking existence of `Any (First Match)`
    t =    78.90s         Capturing element debug description
    t =    79.92s     Checking `Expect predicate `existsNoRetry == 1` for object Any (First Match)`
    t =    79.92s         Checking existence of `Any (First Match)`
    t =    79.93s         Capturing element debug description
    t =    80.95s     Checking `Expect predicate `existsNoRetry == 1` for object Any (First Match)`
    t =    80.95s         Checking existence of `Any (First Match)`
    t =    80.96s         Capturing element debug description
    t =    81.88s     Checking `Expect predicate `existsNoRetry == 1` for object Any (First Match)`
    t =    81.88s         Checking existence of `Any (First Match)`
    t =    81.90s         Capturing element debug description
    t =    82.90s     Checking `Expect predicate `existsNoRetry == 1` for object Any (First Match)`
    t =    82.91s         Checking existence of `Any (First Match)`
    t =    82.92s         Capturing element debug description
    t =    83.93s     Checking `Expect predicate `existsNoRetry == 1` for object Any (First Match)`
    t =    83.93s         Checking existence of `Any (First Match)`
    t =    83.95s         Capturing element debug description
    t =    84.87s     Checking `Expect predicate `existsNoRetry == 1` for object Any (First Match)`
    t =    84.87s         Checking existence of `Any (First Match)`
    t =    84.88s         Capturing element debug description
    t =    85.91s     Checking `Expect predicate `existsNoRetry == 1` for object Any (First Match)`
    t =    85.91s         Checking existence of `Any (First Match)`
    t =    85.93s         Capturing element debug description
    t =    86.95s     Checking `Expect predicate `existsNoRetry == 1` for object Any (First Match)`
    t =    86.95s         Checking existence of `Any (First Match)`
    t =    86.97s         Capturing element debug description
    t =    87.88s     Checking `Expect predicate `existsNoRetry == 1` for object Any (First Match)`
    t =    87.88s         Checking existence of `Any (First Match)`
    t =    87.90s         Capturing element debug description
    t =    88.91s     Checking `Expect predicate `existsNoRetry == 1` for object Any (First Match)`
    t =    88.92s         Checking existence of `Any (First Match)`
    t =    88.93s         Capturing element debug description
    t =    89.95s     Checking `Expect predicate `existsNoRetry == 1` for object Any (First Match)`
    t =    89.95s         Checking existence of `Any (First Match)`
    t =    89.95s         Capturing element debug description
    t =    90.87s     Checking `Expect predicate `existsNoRetry == 1` for object Any (First Match)`
    t =    90.88s         Checking existence of `Any (First Match)`
    t =    90.89s         Capturing element debug description
    t =    91.91s     Checking `Expect predicate `existsNoRetry == 1` for object Any (First Match)`
    t =    91.92s         Checking existence of `Any (First Match)`
    t =    91.93s         Capturing element debug description
    t =    92.95s     Checking `Expect predicate `existsNoRetry == 1` for object Any (First Match)`
    t =    92.95s         Checking existence of `Any (First Match)`
    t =    92.97s         Capturing element debug description
    t =    93.88s     Checking `Expect predicate `existsNoRetry == 1` for object Any (First Match)`
    t =    93.88s         Checking existence of `Any (First Match)`
    t =    93.90s         Capturing element debug description
    t =    94.90s     Checking `Expect predicate `existsNoRetry == 1` for object Any (First Match)`
    t =    94.91s         Checking existence of `Any (First Match)`
    t =    94.92s         Capturing element debug description
    t =    95.91s     Checking `Expect predicate `existsNoRetry == 1` for object Any (First Match)`
    t =    95.92s         Checking existence of `Any (First Match)`
    t =    95.93s         Capturing element debug description
    t =    96.95s     Checking `Expect predicate `existsNoRetry == 1` for object Any (First Match)`
    t =    96.95s         Checking existence of `Any (First Match)`
    t =    96.97s         Capturing element debug description
    t =    97.88s     Checking `Expect predicate `existsNoRetry == 1` for object Any (First Match)`
    t =    97.88s         Checking existence of `Any (First Match)`
    t =    97.90s         Capturing element debug description
    t =    98.92s     Checking `Expect predicate `existsNoRetry == 1` for object Any (First Match)`
    t =    98.92s         Checking existence of `Any (First Match)`
    t =    98.94s         Capturing element debug description
    t =    99.95s     Checking `Expect predicate `existsNoRetry == 1` for object Any (First Match)`
    t =    99.95s         Checking existence of `Any (First Match)`
    t =    99.97s         Capturing element debug description
    t =   100.88s     Checking `Expect predicate `existsNoRetry == 1` for object Any (First Match)`
    t =   100.88s         Checking existence of `Any (First Match)`
    t =   100.90s         Capturing element debug description
    t =   101.90s     Checking `Expect predicate `existsNoRetry == 1` for object Any (First Match)`
    t =   101.91s         Checking existence of `Any (First Match)`
    t =   101.92s         Capturing element debug description
    t =   102.93s     Checking `Expect predicate `existsNoRetry == 1` for object Any (First Match)`
    t =   102.93s         Checking existence of `Any (First Match)`
    t =   102.94s         Capturing element debug description
    t =   103.86s     Checking `Expect predicate `existsNoRetry == 1` for object Any (First Match)`
    t =   103.87s         Checking existence of `Any (First Match)`
    t =   103.88s         Capturing element debug description
    t =   104.90s     Checking `Expect predicate `existsNoRetry == 1` for object Any (First Match)`
    t =   104.90s         Checking existence of `Any (First Match)`
    t =   104.92s         Capturing element debug description
    t =   105.91s     Checking `Expect predicate `existsNoRetry == 1` for object Any (First Match)`
    t =   105.91s         Checking existence of `Any (First Match)`
    t =   105.92s         Capturing element debug description
    t =   106.95s     Checking `Expect predicate `existsNoRetry == 1` for object Any (First Match)`
    t =   106.95s         Checking existence of `Any (First Match)`
    t =   106.97s         Capturing element debug description
    t =   107.88s     Checking `Expect predicate `existsNoRetry == 1` for object Any (First Match)`
    t =   107.88s         Checking existence of `Any (First Match)`
    t =   107.90s         Capturing element debug description
    t =   108.90s     Checking `Expect predicate `existsNoRetry == 1` for object Any (First Match)`
    t =   108.91s         Checking existence of `Any (First Match)`
    t =   108.92s         Capturing element debug description
    t =   109.95s     Checking `Expect predicate `existsNoRetry == 1` for object Any (First Match)`
    t =   109.95s         Checking existence of `Any (First Match)`
    t =   109.97s         Capturing element debug description
    t =   110.90s     Checking `Expect predicate `existsNoRetry == 1` for object Any (First Match)`
    t =   110.90s         Checking existence of `Any (First Match)`
    t =   110.92s         Capturing element debug description
    t =   111.95s     Checking `Expect predicate `existsNoRetry == 1` for object Any (First Match)`
    t =   111.95s         Checking existence of `Any (First Match)`
    t =   111.97s         Capturing element debug description
    t =   112.88s     Checking `Expect predicate `existsNoRetry == 1` for object Any (First Match)`
    t =   112.88s         Checking existence of `Any (First Match)`
    t =   112.90s         Capturing element debug description
    t =   113.90s     Checking `Expect predicate `existsNoRetry == 1` for object Any (First Match)`
    t =   113.91s         Checking existence of `Any (First Match)`
    t =   113.92s         Capturing element debug description
    t =   114.95s     Checking `Expect predicate `existsNoRetry == 1` for object Any (First Match)`
    t =   114.95s         Checking existence of `Any (First Match)`
    t =   114.97s         Capturing element debug description
    t =   115.88s     Checking `Expect predicate `existsNoRetry == 1` for object Any (First Match)`
    t =   115.88s         Checking existence of `Any (First Match)`
    t =   115.90s         Capturing element debug description
    t =   116.91s     Checking `Expect predicate `existsNoRetry == 1` for object Any (First Match)`
    t =   116.91s         Checking existence of `Any (First Match)`
    t =   116.93s         Capturing element debug description
    t =   117.95s     Checking `Expect predicate `existsNoRetry == 1` for object Any (First Match)`
    t =   117.95s         Checking existence of `Any (First Match)`
    t =   117.97s         Capturing element debug description
    t =   118.88s     Checking `Expect predicate `existsNoRetry == 1` for object Any (First Match)`
    t =   118.88s         Checking existence of `Any (First Match)`
    t =   118.90s         Capturing element debug description
    t =   119.92s     Checking `Expect predicate `existsNoRetry == 1` for object Any (First Match)`
    t =   119.92s         Checking existence of `Any (First Match)`
    t =   119.94s         Capturing element debug description
    t =   120.86s     Checking `Expect predicate `existsNoRetry == 1` for object Any (First Match)`
    t =   120.86s         Checking existence of `Any (First Match)`
    t =   120.88s         Capturing element debug description
    t =   121.88s     Checking `Expect predicate `existsNoRetry == 1` for object Any (First Match)`
    t =   121.88s         Checking existence of `Any (First Match)`
    t =   121.90s         Capturing element debug description
    t =   122.91s     Checking `Expect predicate `existsNoRetry == 1` for object Any (First Match)`
    t =   122.91s         Checking existence of `Any (First Match)`
    t =   122.93s         Capturing element debug description
    t =   123.93s     Checking `Expect predicate `existsNoRetry == 1` for object Any (First Match)`
    t =   123.93s         Checking existence of `Any (First Match)`
    t =   123.95s         Capturing element debug description
    t =   124.86s     Checking `Expect predicate `existsNoRetry == 1` for object Any (First Match)`
    t =   124.86s         Checking existence of `Any (First Match)`
    t =   124.88s         Capturing element debug description
    t =   125.90s     Checking `Expect predicate `existsNoRetry == 1` for object Any (First Match)`
    t =   125.90s         Checking existence of `Any (First Match)`
    t =   125.91s         Capturing element debug description
    t =   126.90s     Checking `Expect predicate `existsNoRetry == 1` for object Any (First Match)`
    t =   126.91s         Checking existence of `Any (First Match)`
    t =   126.92s         Capturing element debug description
    t =   127.95s     Checking `Expect predicate `existsNoRetry == 1` for object Any (First Match)`
    t =   127.95s         Checking existence of `Any (First Match)`
    t =   127.97s         Capturing element debug description
    t =   128.88s     Checking `Expect predicate `existsNoRetry == 1` for object Any (First Match)`
    t =   128.88s         Checking existence of `Any (First Match)`
    t =   128.90s         Capturing element debug description
    t =   129.90s     Checking `Expect predicate `existsNoRetry == 1` for object Any (First Match)`
    t =   129.91s         Checking existence of `Any (First Match)`
    t =   129.92s         Capturing element debug description
    t =   130.95s     Checking `Expect predicate `existsNoRetry == 1` for object Any (First Match)`
    t =   130.95s         Checking existence of `Any (First Match)`
    t =   130.96s         Capturing element debug description
    t =   131.88s     Checking `Expect predicate `existsNoRetry == 1` for object Any (First Match)`
    t =   131.88s         Checking existence of `Any (First Match)`
    t =   131.90s         Capturing element debug description
    t =   132.92s     Checking `Expect predicate `existsNoRetry == 1` for object Any (First Match)`
    t =   132.92s         Checking existence of `Any (First Match)`
    t =   132.94s         Capturing element debug description
    t =   133.87s     Checking `Expect predicate `existsNoRetry == 1` for object Any (First Match)`
    t =   133.87s         Checking existence of `Any (First Match)`
    t =   133.89s         Capturing element debug description
    t =   134.90s     Checking `Expect predicate `existsNoRetry == 1` for object Any (First Match)`
    t =   134.91s         Checking existence of `Any (First Match)`
    t =   134.92s         Capturing element debug description
    t =   135.95s     Checking `Expect predicate `existsNoRetry == 1` for object Any (First Match)`
    t =   135.95s         Checking existence of `Any (First Match)`
    t =   135.97s         Capturing element debug description
    t =   136.88s     Checking `Expect predicate `existsNoRetry == 1` for object Any (First Match)`
    t =   136.88s         Checking existence of `Any (First Match)`
    t =   136.90s         Capturing element debug description
    t =   137.90s     Checking `Expect predicate `existsNoRetry == 1` for object Any (First Match)`
    t =   137.91s         Checking existence of `Any (First Match)`
    t =   137.92s         Capturing element debug description
    t =   138.95s     Checking `Expect predicate `existsNoRetry == 1` for object Any (First Match)`
    t =   138.95s         Checking existence of `Any (First Match)`
    t =   138.96s         Capturing element debug description
    t =   139.88s     Checking `Expect predicate `existsNoRetry == 1` for object Any (First Match)`
    t =   139.88s         Checking existence of `Any (First Match)`
    t =   139.90s         Capturing element debug description
    t =   140.90s     Checking `Expect predicate `existsNoRetry == 1` for object Any (First Match)`
    t =   140.90s         Checking existence of `Any (First Match)`
    t =   140.91s         Capturing element debug description
    t =   141.92s     Checking `Expect predicate `existsNoRetry == 1` for object Any (First Match)`
    t =   141.93s         Checking existence of `Any (First Match)`
    t =   141.94s         Capturing element debug description
    t =   142.87s     Checking `Expect predicate `existsNoRetry == 1` for object Any (First Match)`
    t =   142.87s         Checking existence of `Any (First Match)`
    t =   142.88s         Capturing element debug description
    t =   143.88s     Checking `Expect predicate `existsNoRetry == 1` for object Any (First Match)`
    t =   143.88s         Checking existence of `Any (First Match)`
    t =   143.90s         Capturing element debug description
    t =   144.91s     Checking `Expect predicate `existsNoRetry == 1` for object Any (First Match)`
    t =   144.91s         Checking existence of `Any (First Match)`
    t =   144.93s         Capturing element debug description
    t =   145.95s     Checking `Expect predicate `existsNoRetry == 1` for object Any (First Match)`
    t =   145.95s         Checking existence of `Any (First Match)`
    t =   145.97s         Capturing element debug description
    t =   146.88s     Checking `Expect predicate `existsNoRetry == 1` for object Any (First Match)`
    t =   146.88s         Checking existence of `Any (First Match)`
    t =   146.90s         Capturing element debug description
    t =   147.92s     Checking `Expect predicate `existsNoRetry == 1` for object Any (First Match)`
    t =   147.92s         Checking existence of `Any (First Match)`
    t =   147.93s         Capturing element debug description
    t =   148.86s     Checking `Expect predicate `existsNoRetry == 1` for object Any (First Match)`
    t =   148.86s         Checking existence of `Any (First Match)`
    t =   148.88s         Capturing element debug description
    t =   149.90s     Checking `Expect predicate `existsNoRetry == 1` for object Any (First Match)`
    t =   149.91s         Checking existence of `Any (First Match)`
    t =   149.92s         Capturing element debug description
    t =   150.91s     Checking `Expect predicate `existsNoRetry == 1` for object Any (First Match)`
    t =   150.91s         Checking existence of `Any (First Match)`
    t =   150.93s         Capturing element debug description
    t =   151.95s     Checking `Expect predicate `existsNoRetry == 1` for object Any (First Match)`
    t =   151.95s         Checking existence of `Any (First Match)`
    t =   151.97s         Capturing element debug description
    t =   152.88s     Checking `Expect predicate `existsNoRetry == 1` for object Any (First Match)`
    t =   152.88s         Checking existence of `Any (First Match)`
    t =   152.90s         Capturing element debug description
    t =   153.90s     Checking `Expect predicate `existsNoRetry == 1` for object Any (First Match)`
    t =   153.91s         Checking existence of `Any (First Match)`
    t =   153.92s         Capturing element debug description
    t =   154.92s     Checking `Expect predicate `existsNoRetry == 1` for object Any (First Match)`
    t =   154.92s         Checking existence of `Any (First Match)`
    t =   154.94s         Capturing element debug description
    t =   155.95s     Checking `Expect predicate `existsNoRetry == 1` for object Any (First Match)`
    t =   155.95s         Checking existence of `Any (First Match)`
    t =   155.97s         Capturing element debug description
    t =   156.88s     Checking `Expect predicate `existsNoRetry == 1` for object Any (First Match)`
    t =   156.88s         Checking existence of `Any (First Match)`
    t =   156.90s         Capturing element debug description
    t =   157.91s     Checking `Expect predicate `existsNoRetry == 1` for object Any (First Match)`
    t =   157.91s         Checking existence of `Any (First Match)`
    t =   157.93s         Capturing element debug description
    t =   158.95s     Checking `Expect predicate `existsNoRetry == 1` for object Any (First Match)`
    t =   158.95s         Checking existence of `Any (First Match)`
    t =   158.97s         Capturing element debug description
    t =   159.88s     Checking `Expect predicate `existsNoRetry == 1` for object Any (First Match)`
    t =   159.88s         Checking existence of `Any (First Match)`
    t =   159.90s         Capturing element debug description
    t =   160.91s     Checking `Expect predicate `existsNoRetry == 1` for object Any (First Match)`
    t =   160.92s         Checking existence of `Any (First Match)`
    t =   160.93s         Capturing element debug description
    t =   161.95s     Checking `Expect predicate `existsNoRetry == 1` for object Any (First Match)`
    t =   161.96s         Checking existence of `Any (First Match)`
    t =   161.97s         Capturing element debug description
    t =   162.88s     Checking `Expect predicate `existsNoRetry == 1` for object Any (First Match)`
    t =   162.88s         Checking existence of `Any (First Match)`
    t =   162.90s         Capturing element debug description
    t =   163.91s     Checking `Expect predicate `existsNoRetry == 1` for object Any (First Match)`
    t =   163.92s         Checking existence of `Any (First Match)`
    t =   163.93s         Capturing element debug description
    t =   164.95s     Checking `Expect predicate `existsNoRetry == 1` for object Any (First Match)`
    t =   164.96s         Checking existence of `Any (First Match)`
    t =   164.97s         Capturing element debug description
    t =   165.88s     Checking `Expect predicate `existsNoRetry == 1` for object Any (First Match)`
    t =   165.88s         Checking existence of `Any (First Match)`
    t =   165.90s         Capturing element debug description
    t =   166.92s     Checking `Expect predicate `existsNoRetry == 1` for object Any (First Match)`
    t =   166.92s         Checking existence of `Any (First Match)`
    t =   166.93s         Capturing element debug description
    t =   167.86s     Checking `Expect predicate `existsNoRetry == 1` for object Any (First Match)`
    t =   167.86s         Checking existence of `Any (First Match)`
    t =   167.88s         Capturing element debug description
    t =   168.90s     Checking `Expect predicate `existsNoRetry == 1` for object Any (First Match)`
    t =   168.91s         Checking existence of `Any (First Match)`
    t =   168.92s         Capturing element debug description
    t =   169.95s     Checking `Expect predicate `existsNoRetry == 1` for object Any (First Match)`
    t =   169.95s         Checking existence of `Any (First Match)`
    t =   169.97s         Capturing element debug description
    t =   170.89s     Checking `Expect predicate `existsNoRetry == 1` for object Any (First Match)`
    t =   170.89s         Checking existence of `Any (First Match)`
    t =   170.90s         Capturing element debug description
    t =   171.92s     Checking `Expect predicate `existsNoRetry == 1` for object Any (First Match)`
    t =   171.92s         Checking existence of `Any (First Match)`
    t =   171.94s         Capturing element debug description
    t =   172.87s     Checking `Expect predicate `existsNoRetry == 1` for object Any (First Match)`
    t =   172.87s         Checking existence of `Any (First Match)`
    t =   172.88s         Capturing element debug description
    t =   173.90s     Checking `Expect predicate `existsNoRetry == 1` for object Any (First Match)`
    t =   173.91s         Checking existence of `Any (First Match)`
    t =   173.92s         Capturing element debug description
    t =   174.95s     Checking `Expect predicate `existsNoRetry == 1` for object Any (First Match)`
    t =   174.95s         Checking existence of `Any (First Match)`
    t =   174.97s         Capturing element debug description
    t =   175.88s     Checking `Expect predicate `existsNoRetry == 1` for object Any (First Match)`
    t =   175.88s         Checking existence of `Any (First Match)`
    t =   175.90s         Capturing element debug description
    t =   176.90s     Checking `Expect predicate `existsNoRetry == 1` for object Any (First Match)`
    t =   176.91s         Checking existence of `Any (First Match)`
    t =   176.92s         Capturing element debug description
    t =   177.94s     Checking `Expect predicate `existsNoRetry == 1` for object Any (First Match)`
    t =   177.94s         Checking existence of `Any (First Match)`
    t =   177.96s         Capturing element debug description
    t =   178.88s     Checking `Expect predicate `existsNoRetry == 1` for object Any (First Match)`
    t =   178.88s         Checking existence of `Any (First Match)`
    t =   178.90s         Capturing element debug description
    t =   179.91s     Checking `Expect predicate `existsNoRetry == 1` for object Any (First Match)`
    t =   179.91s         Checking existence of `Any (First Match)`
    t =   179.93s         Capturing element debug description
    t =   180.86s     Checking `Expect predicate `existsNoRetry == 1` for object Any (First Match)`
    t =   180.86s         Checking existence of `Any (First Match)`
    t =   180.88s         Capturing element debug description
    t =   181.90s     Checking `Expect predicate `existsNoRetry == 1` for object Any (First Match)`
    t =   181.91s         Checking existence of `Any (First Match)`
    t =   181.92s         Capturing element debug description
    t =   182.94s     Checking `Expect predicate `existsNoRetry == 1` for object Any (First Match)`
    t =   182.94s         Checking existence of `Any (First Match)`
    t =   182.96s         Capturing element debug description
    t =   183.87s     Checking `Expect predicate `existsNoRetry == 1` for object Any (First Match)`
    t =   183.87s         Checking existence of `Any (First Match)`
    t =   183.89s         Capturing element debug description
    t =   184.90s     Checking `Expect predicate `existsNoRetry == 1` for object Any (First Match)`
    t =   184.91s         Checking existence of `Any (First Match)`
    t =   184.92s         Capturing element debug description
    t =   185.95s     Checking `Expect predicate `existsNoRetry == 1` for object Any (First Match)`
    t =   185.95s         Checking existence of `Any (First Match)`
    t =   185.96s         Capturing element debug description
    t =   186.87s     Checking `Expect predicate `existsNoRetry == 1` for object Any (First Match)`
    t =   186.87s         Checking existence of `Any (First Match)`
    t =   186.88s         Capturing element debug description
    t =   187.90s     Checking `Expect predicate `existsNoRetry == 1` for object Any (First Match)`
    t =   187.91s         Checking existence of `Any (First Match)`
    t =   187.92s         Capturing element debug description
    t =   188.92s     Checking `Expect predicate `existsNoRetry == 1` for object Any (First Match)`
    t =   188.92s         Checking existence of `Any (First Match)`
    t =   188.94s         Capturing element debug description
    t =   189.86s     Checking `Expect predicate `existsNoRetry == 1` for object Any (First Match)`
    t =   189.86s         Checking existence of `Any (First Match)`
    t =   189.88s         Capturing element debug description
    t =   190.88s     Checking `Expect predicate `existsNoRetry == 1` for object Any (First Match)`
    t =   190.88s         Checking existence of `Any (First Match)`
    t =   190.90s         Capturing element debug description
    t =   191.92s     Checking `Expect predicate `existsNoRetry == 1` for object Any (First Match)`
    t =   191.92s         Checking existence of `Any (First Match)`
    t =   191.92s         Capturing element debug description
    t =   192.92s     Checking `Expect predicate `existsNoRetry == 1` for object Any (First Match)`
    t =   192.92s         Checking existence of `Any (First Match)`
    t =   192.94s         Capturing element debug description
    t =   193.86s     Checking `Expect predicate `existsNoRetry == 1` for object Any (First Match)`
    t =   193.86s         Checking existence of `Any (First Match)`
    t =   193.88s         Capturing element debug description
    t =   194.88s     Checking `Expect predicate `existsNoRetry == 1` for object Any (First Match)`
    t =   194.88s         Checking existence of `Any (First Match)`
    t =   194.90s         Capturing element debug description
    t =   195.93s     Checking `Expect predicate `existsNoRetry == 1` for object Any (First Match)`
    t =   195.93s         Checking existence of `Any (First Match)`
    t =   195.95s         Capturing element debug description
    t =   196.86s     Checking `Expect predicate `existsNoRetry == 1` for object Any (First Match)`
    t =   196.86s         Checking existence of `Any (First Match)`
    t =   196.88s         Capturing element debug description
    t =   197.88s     Checking `Expect predicate `existsNoRetry == 1` for object Any (First Match)`
    t =   197.88s         Checking existence of `Any (First Match)`
    t =   197.90s         Capturing element debug description
    t =   198.92s     Checking `Expect predicate `existsNoRetry == 1` for object Any (First Match)`
    t =   198.92s         Checking existence of `Any (First Match)`
    t =   198.94s         Capturing element debug description
    t =   199.95s     Checking `Expect predicate `existsNoRetry == 1` for object Any (First Match)`
    t =   199.95s         Checking existence of `Any (First Match)`
    t =   199.97s         Capturing element debug description
    t =   200.89s     Checking `Expect predicate `existsNoRetry == 1` for object Any (First Match)`
    t =   200.89s         Checking existence of `Any (First Match)`
    t =   200.91s         Capturing element debug description
    t =   201.92s     Checking `Expect predicate `existsNoRetry == 1` for object Any (First Match)`
    t =   201.92s         Checking existence of `Any (First Match)`
    t =   201.94s         Capturing element debug description
    t =   202.86s     Checking `Expect predicate `existsNoRetry == 1` for object Any (First Match)`
    t =   202.86s         Checking existence of `Any (First Match)`
    t =   202.88s         Capturing element debug description
    t =   203.90s     Checking `Expect predicate `existsNoRetry == 1` for object Any (First Match)`
    t =   203.91s         Checking existence of `Any (First Match)`
    t =   203.92s         Capturing element debug description
    t =   204.92s     Checking `Expect predicate `existsNoRetry == 1` for object Any (First Match)`
    t =   204.92s         Checking existence of `Any (First Match)`
    t =   204.94s         Capturing element debug description
    t =   205.87s     Checking `Expect predicate `existsNoRetry == 1` for object Any (First Match)`
    t =   205.87s         Checking existence of `Any (First Match)`
    t =   205.88s         Capturing element debug description
    t =   206.90s     Checking `Expect predicate `existsNoRetry == 1` for object Any (First Match)`
    t =   206.91s         Checking existence of `Any (First Match)`
    t =   206.92s         Capturing element debug description
    t =   207.94s     Checking `Expect predicate `existsNoRetry == 1` for object Any (First Match)`
    t =   207.94s         Checking existence of `Any (First Match)`
    t =   207.96s         Capturing element debug description
    t =   208.88s     Checking `Expect predicate `existsNoRetry == 1` for object Any (First Match)`
    t =   208.88s         Checking existence of `Any (First Match)`
    t =   208.90s         Capturing element debug description
    t =   209.92s     Checking `Expect predicate `existsNoRetry == 1` for object Any (First Match)`
    t =   209.92s         Checking existence of `Any (First Match)`
    t =   209.94s         Capturing element debug description
    t =   210.95s     Checking `Expect predicate `existsNoRetry == 1` for object Any (First Match)`
    t =   210.95s         Checking existence of `Any (First Match)`
    t =   210.97s         Capturing element debug description
    t =   211.89s     Checking `Expect predicate `existsNoRetry == 1` for object Any (First Match)`
    t =   211.89s         Checking existence of `Any (First Match)`
    t =   211.91s         Capturing element debug description
    t =   212.91s     Checking `Expect predicate `existsNoRetry == 1` for object Any (First Match)`
    t =   212.91s         Checking existence of `Any (First Match)`
    t =   212.93s         Capturing element debug description
    t =   213.94s     Checking `Expect predicate `existsNoRetry == 1` for object Any (First Match)`
    t =   213.94s         Checking existence of `Any (First Match)`
    t =   213.96s         Capturing element debug description
    t =   214.86s     Checking `Expect predicate `existsNoRetry == 1` for object Any (First Match)`
    t =   214.87s         Checking existence of `Any (First Match)`
    t =   214.88s         Capturing element debug description
    t =   215.90s     Checking `Expect predicate `existsNoRetry == 1` for object Any (First Match)`
    t =   215.91s         Checking existence of `Any (First Match)`
    t =   215.92s         Capturing element debug description
    t =   216.95s     Checking `Expect predicate `existsNoRetry == 1` for object Any (First Match)`
    t =   216.95s         Checking existence of `Any (First Match)`
    t =   216.97s         Capturing element debug description
    t =   217.88s     Checking `Expect predicate `existsNoRetry == 1` for object Any (First Match)`
    t =   217.88s         Checking existence of `Any (First Match)`
    t =   217.90s         Capturing element debug description
    t =   218.92s     Checking `Expect predicate `existsNoRetry == 1` for object Any (First Match)`
    t =   218.92s         Checking existence of `Any (First Match)`
    t =   218.93s         Capturing element debug description
    t =   219.95s     Checking `Expect predicate `existsNoRetry == 1` for object Any (First Match)`
    t =   219.95s         Checking existence of `Any (First Match)`
    t =   219.97s         Capturing element debug description
    t =   220.88s     Checking `Expect predicate `existsNoRetry == 1` for object Any (First Match)`
    t =   220.88s         Checking existence of `Any (First Match)`
    t =   220.90s         Capturing element debug description
    t =   221.92s     Checking `Expect predicate `existsNoRetry == 1` for object Any (First Match)`
    t =   221.92s         Checking existence of `Any (First Match)`
    t =   221.94s         Capturing element debug description
    t =   222.87s     Checking `Expect predicate `existsNoRetry == 1` for object Any (First Match)`
    t =   222.87s         Checking existence of `Any (First Match)`
    t =   222.89s         Capturing element debug description
    t =   223.91s     Checking `Expect predicate `existsNoRetry == 1` for object Any (First Match)`
    t =   223.91s         Checking existence of `Any (First Match)`
    t =   223.93s         Capturing element debug description
    t =   224.95s     Checking `Expect predicate `existsNoRetry == 1` for object Any (First Match)`
    t =   224.95s         Checking existence of `Any (First Match)`
    t =   224.97s         Capturing element debug description
    t =   225.88s     Checking `Expect predicate `existsNoRetry == 1` for object Any (First Match)`
    t =   225.88s         Checking existence of `Any (First Match)`
    t =   225.90s         Capturing element debug description
    t =   226.90s     Checking `Expect predicate `existsNoRetry == 1` for object Any (First Match)`
    t =   226.91s         Checking existence of `Any (First Match)`
    t =   226.92s         Capturing element debug description
    t =   227.91s     Checking `Expect predicate `existsNoRetry == 1` for object Any (First Match)`
    t =   227.91s         Checking existence of `Any (First Match)`
    t =   227.93s         Capturing element debug description
    t =   228.95s     Checking `Expect predicate `existsNoRetry == 1` for object Any (First Match)`
    t =   228.95s         Checking existence of `Any (First Match)`
    t =   228.97s         Capturing element debug description
    t =   229.88s     Checking `Expect predicate `existsNoRetry == 1` for object Any (First Match)`
    t =   229.88s         Checking existence of `Any (First Match)`
    t =   229.90s         Capturing element debug description
    t =   230.92s     Checking `Expect predicate `existsNoRetry == 1` for object Any (First Match)`
    t =   230.92s         Checking existence of `Any (First Match)`
    t =   230.93s         Capturing element debug description
    t =   231.86s     Checking `Expect predicate `existsNoRetry == 1` for object Any (First Match)`
    t =   231.86s         Checking existence of `Any (First Match)`
    t =   231.88s         Capturing element debug description
    t =   232.88s     Checking `Expect predicate `existsNoRetry == 1` for object Any (First Match)`
    t =   232.88s         Checking existence of `Any (First Match)`
    t =   232.90s         Capturing element debug description
    t =   233.90s     Checking `Expect predicate `existsNoRetry == 1` for object Any (First Match)`
    t =   233.91s         Checking existence of `Any (First Match)`
    t =   233.92s         Capturing element debug description
    t =   234.95s     Checking `Expect predicate `existsNoRetry == 1` for object Any (First Match)`
    t =   234.95s         Checking existence of `Any (First Match)`
    t =   234.97s         Capturing element debug description
    t =   235.87s     Checking `Expect predicate `existsNoRetry == 1` for object Any (First Match)`
    t =   235.87s         Checking existence of `Any (First Match)`
    t =   235.89s         Capturing element debug description
    t =   236.90s     Checking `Expect predicate `existsNoRetry == 1` for object Any (First Match)`
    t =   236.91s         Checking existence of `Any (First Match)`
    t =   236.92s         Capturing element debug description
    t =   237.94s     Checking `Expect predicate `existsNoRetry == 1` for object Any (First Match)`
    t =   237.94s         Checking existence of `Any (First Match)`
    t =   237.96s         Capturing element debug description
    t =   238.88s     Checking `Expect predicate `existsNoRetry == 1` for object Any (First Match)`
    t =   238.88s         Checking existence of `Any (First Match)`
    t =   238.90s         Capturing element debug description
    t =   239.90s     Checking `Expect predicate `existsNoRetry == 1` for object Any (First Match)`
    t =   239.91s         Checking existence of `Any (First Match)`
    t =   239.92s         Capturing element debug description
    t =   240.95s     Checking `Expect predicate `existsNoRetry == 1` for object Any (First Match)`
    t =   240.95s         Checking existence of `Any (First Match)`
    t =   240.97s         Capturing element debug description
    t =   241.88s     Checking `Expect predicate `existsNoRetry == 1` for object Any (First Match)`
    t =   241.88s         Checking existence of `Any (First Match)`
    t =   241.90s         Capturing element debug description
    t =   241.94s     Checking existence of `Any (First Match)`
    t =   241.95s Collecting debug information to assist test failure triage
    t =   241.95s     Requesting snapshot of accessibility hierarchy for app with pid 46023
    t =   241.98s Checking existence of `Any (First Match)`
/Users/nstudio/Documents/github/NathanWalker/token-economics/harness/perf/uidriver/InteropCaptureTests.swift:24: error: -[UIDriverUITests.InteropCaptureTests testCaptureInteropResults] : failed - no INTEROPJSON element within 240s; last status: unknown
    t =   242.02s Tear Down
Test Case '-[UIDriverUITests.InteropCaptureTests testCaptureInteropResults]' failed (242.267 seconds).
Test Suite 'InteropCaptureTests' failed at 2026-08-01 20:33:56.433.
	 Executed 1 test, with 1 failure (0 unexpected) in 242.267 (242.269) seconds
Test Suite 'UIDriverUITests.xctest' failed at 2026-08-01 20:33:56.434.
	 Executed 2 tests, with 1 failure (0 unexpected) in 466.209 (466.213) seconds
Test Suite 'All tests' failed at 2026-08-01 20:33:56.435.
	 Executed 2 tests, with 1 failure (0 unexpected) in 466.209 (466.214) seconds
2026-08-01 20:34:05.483 xcodebuild[45859:30687138] [MT] IDETestOperationsObserverDebug: 476.843 elapsed -- Testing started completed.
2026-08-01 20:34:05.483 xcodebuild[45859:30687138] [MT] IDETestOperationsObserverDebug: 0.000 sec, +0.000 sec -- start
2026-08-01 20:34:05.483 xcodebuild[45859:30687138] [MT] IDETestOperationsObserverDebug: 476.843 sec, +476.843 sec -- end

Test session results, code coverage, and logs:
	/Users/nstudio/Library/Developer/Xcode/DerivedData/UIDriver-ekqcqbpucoqmcgbikewqdmafsmmj/Logs/Test/Test-UIDriver-2026.08.01_20-26-07--0700.xcresult

Failing tests:
	InteropCaptureTests.testCaptureInteropResults()

** TEST FAILED **

Testing started
