Command line invocation:
    /Applications/Xcode.app/Contents/Developer/usr/bin/xcodebuild test -project UIDriver.xcodeproj -scheme UIDriver -destination id=7DFF2660-A10C-449E-867A-92863D91663B

--- xcodebuild: WARNING: Using the first of multiple matching destinations:
{ platform:iOS Simulator, arch:arm64, id:7DFF2660-A10C-449E-867A-92863D91663B, OS:26.5, name:iPhone 17 Pro }
{ platform:iOS Simulator, arch:x86_64, id:7DFF2660-A10C-449E-867A-92863D91663B, OS:26.5, name:iPhone 17 Pro }
ComputePackagePrebuildTargetDependencyGraph

Prepare packages

CreateBuildRequest

SendProjectDescription

CreateBuildOperation

ComputeTargetDependencyGraph
note: Building targets in dependency order
note: Target dependency graph (1 target)
    Target 'UIDriverUITests' in project 'UIDriver' (no dependencies)

GatherProvisioningInputs

CreateBuildDescription

ClangStatCache /Applications/Xcode.app/Contents/Developer/Toolchains/XcodeDefault.xctoolchain/usr/bin/clang-stat-cache /Applications/Xcode.app/Contents/Developer/Platforms/iPhoneSimulator.platform/Developer/SDKs/iPhoneSimulator26.5.sdk /Users/nstudio/Library/Developer/Xcode/DerivedData/SDKStatCaches.noindex/iphonesimulator26.5-23F73-688ef53f1462e2c8f657fdc38a81448f6cfe768891a92b912361537c460fe42b.sdkstatcache
    cd /Users/nstudio/Documents/github/NathanWalker/token-economics/harness/perf/uidriver/UIDriver.xcodeproj
    /Applications/Xcode.app/Contents/Developer/Toolchains/XcodeDefault.xctoolchain/usr/bin/clang-stat-cache /Applications/Xcode.app/Contents/Developer/Platforms/iPhoneSimulator.platform/Developer/SDKs/iPhoneSimulator26.5.sdk -o /Users/nstudio/Library/Developer/Xcode/DerivedData/SDKStatCaches.noindex/iphonesimulator26.5-23F73-688ef53f1462e2c8f657fdc38a81448f6cfe768891a92b912361537c460fe42b.sdkstatcache

ProcessInfoPlistFile /Users/nstudio/Library/Developer/Xcode/DerivedData/UIDriver-ekqcqbpucoqmcgbikewqdmafsmmj/Build/Products/Debug-iphonesimulator/UIDriverUITests-Runner.app/PlugIns/UIDriverUITests.xctest/Info.plist /Users/nstudio/Library/Developer/Xcode/DerivedData/UIDriver-ekqcqbpucoqmcgbikewqdmafsmmj/Build/Intermediates.noindex/UIDriver.build/Debug-iphonesimulator/UIDriverUITests.build/empty-UIDriverUITests.plist (in target 'UIDriverUITests' from project 'UIDriver')
    cd /Users/nstudio/Documents/github/NathanWalker/token-economics/harness/perf/uidriver
    builtin-infoPlistUtility /Users/nstudio/Library/Developer/Xcode/DerivedData/UIDriver-ekqcqbpucoqmcgbikewqdmafsmmj/Build/Intermediates.noindex/UIDriver.build/Debug-iphonesimulator/UIDriverUITests.build/empty-UIDriverUITests.plist -producttype com.apple.product-type.bundle.ui-testing -expandbuildsettings -format binary -platform iphonesimulator -additionalcontentfile /Users/nstudio/Library/Developer/Xcode/DerivedData/UIDriver-ekqcqbpucoqmcgbikewqdmafsmmj/Build/Intermediates.noindex/UIDriver.build/Debug-iphonesimulator/UIDriverUITests.build/ProductTypeInfoPlistAdditions.plist -o /Users/nstudio/Library/Developer/Xcode/DerivedData/UIDriver-ekqcqbpucoqmcgbikewqdmafsmmj/Build/Products/Debug-iphonesimulator/UIDriverUITests-Runner.app/PlugIns/UIDriverUITests.xctest/Info.plist

CopySwiftLibs /Users/nstudio/Library/Developer/Xcode/DerivedData/UIDriver-ekqcqbpucoqmcgbikewqdmafsmmj/Build/Products/Debug-iphonesimulator/UIDriverUITests-Runner.app/PlugIns/UIDriverUITests.xctest (in target 'UIDriverUITests' from project 'UIDriver')
    cd /Users/nstudio/Documents/github/NathanWalker/token-economics/harness/perf/uidriver
    builtin-swiftStdLibTool --copy --verbose --scan-executable /Users/nstudio/Library/Developer/Xcode/DerivedData/UIDriver-ekqcqbpucoqmcgbikewqdmafsmmj/Build/Products/Debug-iphonesimulator/UIDriverUITests-Runner.app/PlugIns/UIDriverUITests.xctest/UIDriverUITests --scan-folder /Users/nstudio/Library/Developer/Xcode/DerivedData/UIDriver-ekqcqbpucoqmcgbikewqdmafsmmj/Build/Products/Debug-iphonesimulator/UIDriverUITests-Runner.app/PlugIns/UIDriverUITests.xctest/Frameworks --scan-folder /Users/nstudio/Library/Developer/Xcode/DerivedData/UIDriver-ekqcqbpucoqmcgbikewqdmafsmmj/Build/Products/Debug-iphonesimulator/UIDriverUITests-Runner.app/PlugIns/UIDriverUITests.xctest/PlugIns --scan-folder /Users/nstudio/Library/Developer/Xcode/DerivedData/UIDriver-ekqcqbpucoqmcgbikewqdmafsmmj/Build/Products/Debug-iphonesimulator/UIDriverUITests-Runner.app/PlugIns/UIDriverUITests.xctest/SystemExtensions --scan-folder /Users/nstudio/Library/Developer/Xcode/DerivedData/UIDriver-ekqcqbpucoqmcgbikewqdmafsmmj/Build/Products/Debug-iphonesimulator/UIDriverUITests-Runner.app/PlugIns/UIDriverUITests.xctest/Extensions --platform iphonesimulator --toolchain /var/run/com.apple.security.cryptexd/mnt/com.apple.MobileAsset.MetalToolchain-v17.6.42.0.xRBJyY/Metal.xctoolchain --toolchain /Applications/Xcode.app/Contents/Developer/Toolchains/XcodeDefault.xctoolchain --destination /Users/nstudio/Library/Developer/Xcode/DerivedData/UIDriver-ekqcqbpucoqmcgbikewqdmafsmmj/Build/Products/Debug-iphonesimulator/UIDriverUITests-Runner.app/PlugIns/UIDriverUITests.xctest/Frameworks --strip-bitcode --scan-executable /Applications/Xcode.app/Contents/Developer/Platforms/iPhoneSimulator.platform/Developer/usr/lib/libXCTestSwiftSupport.dylib --strip-bitcode-tool /Applications/Xcode.app/Contents/Developer/Toolchains/XcodeDefault.xctoolchain/usr/bin/bitcode_strip --emit-dependency-info /Users/nstudio/Library/Developer/Xcode/DerivedData/UIDriver-ekqcqbpucoqmcgbikewqdmafsmmj/Build/Intermediates.noindex/UIDriver.build/Debug-iphonesimulator/UIDriverUITests.build/SwiftStdLibToolInputDependencies.dep --filter-for-swift-os
Ignoring --strip-bitcode because --sign was not passed

2026-08-01 20:41:25.361970-0700 UIDriverUITests-Runner[46585:30720568] [Default] Running tests...
    t =      nans Interface orientation changed to Portrait
Test Suite 'All tests' started at 2026-08-01 20:41:25.931.
Test Suite 'UIDriverUITests.xctest' started at 2026-08-01 20:41:25.932.
Test Suite 'FeatureLatencyTests' started at 2026-08-01 20:41:25.932.
Test Case '-[UIDriverUITests.FeatureLatencyTests testFeatureLatencies]' started.
    t =     0.00s Start Test at 2026-08-01 20:41:25.933
    t =     0.02s Set Up
STEP[0s]: iter 0: launch org.nativescript.nsbenchmark
    t =     0.02s Open org.nativescript.nsbenchmark
    t =     0.02s     Launch org.nativescript.nsbenchmark
    t =     0.11s         Setting up automation session
objc[46585]: Class UIAccessibilityLoaderWebShared is implemented in both /Library/Developer/CoreSimulator/Volumes/iOS_23F77/Library/Developer/CoreSimulator/Profiles/Runtimes/iOS 26.5.simruntime/Contents/Resources/RuntimeRoot/System/Library/AccessibilityBundles/WebCore.axbundle/WebCore (0x1064a8310) and /Library/Developer/CoreSimulator/Volumes/iOS_23F77/Library/Developer/CoreSimulator/Profiles/Runtimes/iOS 26.5.simruntime/Contents/Resources/RuntimeRoot/System/Library/AccessibilityBundles/WebKit.axbundle/WebKit (0x106650398). This may cause spurious casting failures and mysterious crashes. One of the duplicates must be removed or renamed.
    t =     0.85s         Wait for org.nativescript.nsbenchmark to idle
    t =     2.00s Checking existence of `"Health" Button`
    t =     2.03s Waiting 20.0s for "Health" Button to exist
    t =     3.07s     Checking `Expect predicate `existsNoRetry == 1` for object "Health" Button`
    t =     3.07s         Checking existence of `"Health" Button`
STEP[3s]: iter 0: nav Health
    t =     3.09s Checking existence of `"Health" Button`
    t =     3.10s Tap "Health" Button
    t =     3.10s     Wait for org.nativescript.nsbenchmark to idle
    t =     3.10s     Find the "Health" Button
    t =     3.10s     Check for interrupting elements affecting "Health" Button
    t =     3.12s     Synthesize event
    t =     3.40s     Wait for org.nativescript.nsbenchmark to idle
    t =     3.77s Waiting 10.0s for Any (First Match) to exist
    t =     4.81s     Checking `Expect predicate `existsNoRetry == 1` for object Any (First Match)`
    t =     4.81s         Checking existence of `Any (First Match)`
    t =     4.84s Checking existence of `Any (First Match)`
    t =     4.86s Find the Any (First Match)
STEP[4s]: iter 0: HK authorize
    t =     4.87s Checking existence of `"Request Access" Button`
    t =     4.88s Checking existence of `"Request Access" Button`
    t =     4.89s Find the "Request Access" Button
    t =     4.91s Tap "Request Access" Button
    t =     4.91s     Wait for org.nativescript.nsbenchmark to idle
    t =     4.91s     Find the "Request Access" Button
    t =     4.92s     Check for interrupting elements affecting "Request Access" Button
    t =     4.93s     Synthesize event
    t =     5.23s     Wait for org.nativescript.nsbenchmark to idle
    t =     5.71s Waiting 3.0s for Any (First Match) to exist
    t =     6.78s     Checking `Expect predicate `existsNoRetry == 1` for object Any (First Match)`
    t =     6.78s         Checking existence of `Any (First Match)`
    t =     6.84s Find the Any (First Match)
STEP[6s]: health sheet(app): tap 'Turn On All'
    t =     6.87s Tap "Turn On All" StaticText
    t =     6.87s     Wait for org.nativescript.nsbenchmark to idle
    t =     6.88s     Find the "Turn On All" StaticText
    t =     6.91s     Check for interrupting elements affecting "Turn On All" StaticText
    t =     6.94s     Synthesize event
    t =     7.24s     Wait for org.nativescript.nsbenchmark to idle
    t =     7.24s Waiting 2.0s for "Allow" Button to exist
    t =     8.28s     Checking `Expect predicate `existsNoRetry == 1` for object "Allow" Button`
    t =     8.29s         Checking existence of `"Allow" Button`
    t =     8.34s Find the "Allow" Button
STEP[8s]: health sheet(app): confirm 'Allow'
    t =     8.37s Tap "UIA.Health.Allow.Button" Button
    t =     8.37s     Wait for org.nativescript.nsbenchmark to idle
    t =     8.38s     Find the "UIA.Health.Allow.Button" Button
    t =     8.40s     Check for interrupting elements affecting "UIA.Health.Allow.Button" Button
    t =     8.43s     Synthesize event
    t =     8.72s     Wait for org.nativescript.nsbenchmark to idle
    t =     8.72s Waiting 15.0s for Any (First Match) to exist
    t =     9.76s     Checking `Expect predicate `existsNoRetry == 1` for object Any (First Match)`
    t =     9.76s         Checking existence of `Any (First Match)`
    t =     9.77s Checking existence of `"Health access: not requested" StaticText`
    t =     9.78s Find the "Health access: not requested" StaticText
    t =     9.79s Waiting 15.0s for Any (First Match) to exist
    t =    10.82s     Checking `Expect predicate `existsNoRetry == 1` for object Any (First Match)`
    t =    10.82s         Checking existence of `Any (First Match)`
    t =    10.85s Checking existence of `Any (First Match)`
    t =    10.87s Find the Any (First Match)
    t =    10.88s Checking existence of `"Log 500 Steps" Button`
    t =    10.89s Checking existence of `"Log 500 Steps" Button`
    t =    10.90s Find the "Log 500 Steps" Button
STEP[10s]: iter 0: log 500
    t =    10.92s Tap "Log 500 Steps" Button
    t =    10.92s     Wait for org.nativescript.nsbenchmark to idle
    t =    10.92s     Find the "Log 500 Steps" Button
    t =    10.93s     Check for interrupting elements affecting "Log 500 Steps" Button
    t =    10.94s     Synthesize event
    t =    11.23s     Wait for org.nativescript.nsbenchmark to idle
    t =    11.25s Checking existence of `"Sat Aug 1 — 32000 steps (today)" StaticText`
    t =    11.26s Find the "Sat Aug 1 — 32000 steps (today)" StaticText
    t =    11.34s Checking existence of `"Sat Aug 1 — 32000 steps (today)" StaticText`
    t =    11.36s Find the "Sat Aug 1 — 32000 steps (today)" StaticText
    t =    11.43s Checking existence of `"Sat Aug 1 — 32000 steps (today)" StaticText`
    t =    11.45s Find the "Sat Aug 1 — 32000 steps (today)" StaticText
    t =    11.52s Checking existence of `"Sat Aug 1 — 32000 steps (today)" StaticText`
    t =    11.54s Find the "Sat Aug 1 — 32000 steps (today)" StaticText
    t =    11.61s Checking existence of `"Sat Aug 1 — 32000 steps (today)" StaticText`
    t =    11.63s Find the "Sat Aug 1 — 32000 steps (today)" StaticText
    t =    11.70s Checking existence of `"Sat Aug 1 — 32000 steps (today)" StaticText`
    t =    11.72s Find the "Sat Aug 1 — 32000 steps (today)" StaticText
    t =    11.79s Checking existence of `"Sat Aug 1 — 32000 steps (today)" StaticText`
    t =    11.80s Find the "Sat Aug 1 — 32000 steps (today)" StaticText
    t =    11.88s Checking existence of `"Sat Aug 1 — 32000 steps (today)" StaticText`
    t =    11.89s Find the "Sat Aug 1 — 32000 steps (today)" StaticText
    t =    11.97s Checking existence of `"Sat Aug 1 — 32000 steps (today)" StaticText`
    t =    11.98s Find the "Sat Aug 1 — 32000 steps (today)" StaticText
    t =    12.06s Checking existence of `"Sat Aug 1 — 32000 steps (today)" StaticText`
    t =    12.07s Find the "Sat Aug 1 — 32000 steps (today)" StaticText
    t =    12.15s Checking existence of `"Sat Aug 1 — 32000 steps (today)" StaticText`
    t =    12.16s Find the "Sat Aug 1 — 32000 steps (today)" StaticText
    t =    12.24s Checking existence of `"Sat Aug 1 — 32000 steps (today)" StaticText`
    t =    12.25s Find the "Sat Aug 1 — 32000 steps (today)" StaticText
    t =    12.32s Checking existence of `"Sat Aug 1 — 32000 steps (today)" StaticText`
    t =    12.33s Find the "Sat Aug 1 — 32000 steps (today)" StaticText
    t =    12.41s Checking existence of `"Sat Aug 1 — 32000 steps (today)" StaticText`
    t =    12.42s Find the "Sat Aug 1 — 32000 steps (today)" StaticText
    t =    12.49s Checking existence of `"Sat Aug 1 — 32000 steps (today)" StaticText`
    t =    12.51s Find the "Sat Aug 1 — 32000 steps (today)" StaticText
    t =    12.58s Checking existence of `"Sat Aug 1 — 32000 steps (today)" StaticText`
    t =    12.60s Find the "Sat Aug 1 — 32000 steps (today)" StaticText
    t =    12.67s Checking existence of `"Sat Aug 1 — 32000 steps (today)" StaticText`
    t =    12.69s Find the "Sat Aug 1 — 32000 steps (today)" StaticText
    t =    12.76s Checking existence of `"Sat Aug 1 — 32000 steps (today)" StaticText`
    t =    12.78s Find the "Sat Aug 1 — 32000 steps (today)" StaticText
    t =    12.85s Checking existence of `"Sat Aug 1 — 32000 steps (today)" StaticText`
    t =    12.87s Find the "Sat Aug 1 — 32000 steps (today)" StaticText
    t =    12.94s Checking existence of `"Sat Aug 1 — 32000 steps (today)" StaticText`
    t =    12.96s Find the "Sat Aug 1 — 32000 steps (today)" StaticText
    t =    13.03s Checking existence of `"Sat Aug 1 — 32000 steps (today)" StaticText`
    t =    13.04s Find the "Sat Aug 1 — 32000 steps (today)" StaticText
    t =    13.12s Checking existence of `"Sat Aug 1 — 32000 steps (today)" StaticText`
    t =    13.13s Find the "Sat Aug 1 — 32000 steps (today)" StaticText
    t =    13.21s Checking existence of `"Sat Aug 1 — 32000 steps (today)" StaticText`
    t =    13.22s Find the "Sat Aug 1 — 32000 steps (today)" StaticText
    t =    13.30s Checking existence of `"Sat Aug 1 — 32000 steps (today)" StaticText`
    t =    13.31s Find the "Sat Aug 1 — 32000 steps (today)" StaticText
    t =    13.39s Checking existence of `"Sat Aug 1 — 32000 steps (today)" StaticText`
    t =    13.40s Find the "Sat Aug 1 — 32000 steps (today)" StaticText
    t =    13.48s Checking existence of `"Sat Aug 1 — 32000 steps (today)" StaticText`
    t =    13.49s Find the "Sat Aug 1 — 32000 steps (today)" StaticText
    t =    13.57s Checking existence of `"Sat Aug 1 — 32000 steps (today)" StaticText`
    t =    13.58s Find the "Sat Aug 1 — 32000 steps (today)" StaticText
    t =    13.66s Checking existence of `"Sat Aug 1 — 32000 steps (today)" StaticText`
    t =    13.67s Find the "Sat Aug 1 — 32000 steps (today)" StaticText
    t =    13.75s Checking existence of `"Sat Aug 1 — 32000 steps (today)" StaticText`
    t =    13.76s Find the "Sat Aug 1 — 32000 steps (today)" StaticText
    t =    13.84s Checking existence of `"Sat Aug 1 — 32000 steps (today)" StaticText`
    t =    13.85s Find the "Sat Aug 1 — 32000 steps (today)" StaticText
    t =    13.92s Checking existence of `"Sat Aug 1 — 32000 steps (today)" StaticText`
    t =    13.94s Find the "Sat Aug 1 — 32000 steps (today)" StaticText
    t =    14.01s Checking existence of `"Sat Aug 1 — 32000 steps (today)" StaticText`
    t =    14.03s Find the "Sat Aug 1 — 32000 steps (today)" StaticText
    t =    14.10s Checking existence of `"Sat Aug 1 — 32000 steps (today)" StaticText`
    t =    14.12s Find the "Sat Aug 1 — 32000 steps (today)" StaticText
    t =    14.19s Checking existence of `"Sat Aug 1 — 32000 steps (today)" StaticText`
    t =    14.21s Find the "Sat Aug 1 — 32000 steps (today)" StaticText
    t =    14.28s Checking existence of `"Sat Aug 1 — 32000 steps (today)" StaticText`
    t =    14.30s Find the "Sat Aug 1 — 32000 steps (today)" StaticText
    t =    14.37s Checking existence of `"Sat Aug 1 — 32000 steps (today)" StaticText`
    t =    14.39s Find the "Sat Aug 1 — 32000 steps (today)" StaticText
    t =    14.46s Checking existence of `"Sat Aug 1 — 32000 steps (today)" StaticText`
    t =    14.48s Find the "Sat Aug 1 — 32000 steps (today)" StaticText
    t =    14.55s Checking existence of `"Sat Aug 1 — 32000 steps (today)" StaticText`
    t =    14.57s Find the "Sat Aug 1 — 32000 steps (today)" StaticText
    t =    14.64s Checking existence of `"Sat Aug 1 — 32000 steps (today)" StaticText`
    t =    14.66s Find the "Sat Aug 1 — 32000 steps (today)" StaticText
    t =    14.73s Checking existence of `"Sat Aug 1 — 32000 steps (today)" StaticText`
    t =    14.75s Find the "Sat Aug 1 — 32000 steps (today)" StaticText
    t =    14.82s Checking existence of `"Sat Aug 1 — 32000 steps (today)" StaticText`
    t =    14.84s Find the "Sat Aug 1 — 32000 steps (today)" StaticText
    t =    14.91s Checking existence of `"Sat Aug 1 — 32000 steps (today)" StaticText`
    t =    14.92s Find the "Sat Aug 1 — 32000 steps (today)" StaticText
    t =    15.00s Checking existence of `"Sat Aug 1 — 32000 steps (today)" StaticText`
    t =    15.01s Find the "Sat Aug 1 — 32000 steps (today)" StaticText
    t =    15.09s Checking existence of `"Sat Aug 1 — 32000 steps (today)" StaticText`
    t =    15.10s Find the "Sat Aug 1 — 32000 steps (today)" StaticText
    t =    15.18s Checking existence of `"Sat Aug 1 — 32000 steps (today)" StaticText`
    t =    15.19s Find the "Sat Aug 1 — 32000 steps (today)" StaticText
    t =    15.27s Checking existence of `"Sat Aug 1 — 32000 steps (today)" StaticText`
    t =    15.28s Find the "Sat Aug 1 — 32000 steps (today)" StaticText
    t =    15.36s Checking existence of `"Sat Aug 1 — 32000 steps (today)" StaticText`
    t =    15.37s Find the "Sat Aug 1 — 32000 steps (today)" StaticText
    t =    15.45s Checking existence of `"Sat Aug 1 — 32000 steps (today)" StaticText`
    t =    15.46s Find the "Sat Aug 1 — 32000 steps (today)" StaticText
    t =    15.54s Checking existence of `"Sat Aug 1 — 32000 steps (today)" StaticText`
    t =    15.55s Find the "Sat Aug 1 — 32000 steps (today)" StaticText
    t =    15.63s Checking existence of `"Sat Aug 1 — 32000 steps (today)" StaticText`
    t =    15.64s Find the "Sat Aug 1 — 32000 steps (today)" StaticText
    t =    15.72s Checking existence of `"Sat Aug 1 — 32000 steps (today)" StaticText`
    t =    15.73s Find the "Sat Aug 1 — 32000 steps (today)" StaticText
    t =    15.81s Checking existence of `"Sat Aug 1 — 32000 steps (today)" StaticText`
    t =    15.82s Find the "Sat Aug 1 — 32000 steps (today)" StaticText
    t =    15.90s Checking existence of `"Sat Aug 1 — 32000 steps (today)" StaticText`
    t =    15.91s Find the "Sat Aug 1 — 32000 steps (today)" StaticText
    t =    15.99s Checking existence of `"Sat Aug 1 — 32000 steps (today)" StaticText`
    t =    16.00s Find the "Sat Aug 1 — 32000 steps (today)" StaticText
    t =    16.08s Checking existence of `"Sat Aug 1 — 32000 steps (today)" StaticText`
    t =    16.09s Find the "Sat Aug 1 — 32000 steps (today)" StaticText
    t =    16.17s Checking existence of `"Sat Aug 1 — 32000 steps (today)" StaticText`
    t =    16.18s Find the "Sat Aug 1 — 32000 steps (today)" StaticText
    t =    16.25s Checking existence of `"Sat Aug 1 — 32000 steps (today)" StaticText`
    t =    16.27s Find the "Sat Aug 1 — 32000 steps (today)" StaticText
    t =    16.34s Checking existence of `"Sat Aug 1 — 32000 steps (today)" StaticText`
    t =    16.36s Find the "Sat Aug 1 — 32000 steps (today)" StaticText
    t =    16.43s Checking existence of `"Sat Aug 1 — 32000 steps (today)" StaticText`
    t =    16.45s Find the "Sat Aug 1 — 32000 steps (today)" StaticText
    t =    16.52s Checking existence of `"Sat Aug 1 — 32000 steps (today)" StaticText`
    t =    16.54s Find the "Sat Aug 1 — 32000 steps (today)" StaticText
    t =    16.61s Checking existence of `"Sat Aug 1 — 32000 steps (today)" StaticText`
    t =    16.63s Find the "Sat Aug 1 — 32000 steps (today)" StaticText
    t =    16.70s Checking existence of `"Sat Aug 1 — 32000 steps (today)" StaticText`
    t =    16.72s Find the "Sat Aug 1 — 32000 steps (today)" StaticText
    t =    16.79s Checking existence of `"Sat Aug 1 — 32000 steps (today)" StaticText`
    t =    16.81s Find the "Sat Aug 1 — 32000 steps (today)" StaticText
    t =    16.88s Checking existence of `"Sat Aug 1 — 32000 steps (today)" StaticText`
    t =    16.90s Find the "Sat Aug 1 — 32000 steps (today)" StaticText
    t =    16.97s Checking existence of `"Sat Aug 1 — 32000 steps (today)" StaticText`
    t =    16.99s Find the "Sat Aug 1 — 32000 steps (today)" StaticText
    t =    17.06s Checking existence of `"Sat Aug 1 — 32000 steps (today)" StaticText`
    t =    17.08s Find the "Sat Aug 1 — 32000 steps (today)" StaticText
    t =    17.15s Checking existence of `"Sat Aug 1 — 32000 steps (today)" StaticText`
    t =    17.17s Find the "Sat Aug 1 — 32000 steps (today)" StaticText
    t =    17.24s Checking existence of `"Sat Aug 1 — 32000 steps (today)" StaticText`
    t =    17.26s Find the "Sat Aug 1 — 32000 steps (today)" StaticText
    t =    17.33s Checking existence of `"Sat Aug 1 — 32000 steps (today)" StaticText`
    t =    17.34s Find the "Sat Aug 1 — 32000 steps (today)" StaticText
    t =    17.42s Checking existence of `"Sat Aug 1 — 32000 steps (today)" StaticText`
    t =    17.43s Find the "Sat Aug 1 — 32000 steps (today)" StaticText
    t =    17.51s Checking existence of `"Sat Aug 1 — 32000 steps (today)" StaticText`
    t =    17.52s Find the "Sat Aug 1 — 32000 steps (today)" StaticText
    t =    17.60s Checking existence of `"Sat Aug 1 — 32000 steps (today)" StaticText`
    t =    17.61s Find the "Sat Aug 1 — 32000 steps (today)" StaticText
    t =    17.69s Checking existence of `"Sat Aug 1 — 32000 steps (today)" StaticText`
    t =    17.70s Find the "Sat Aug 1 — 32000 steps (today)" StaticText
    t =    17.78s Checking existence of `"Sat Aug 1 — 32000 steps (today)" StaticText`
    t =    17.79s Find the "Sat Aug 1 — 32000 steps (today)" StaticText
    t =    17.87s Checking existence of `"Sat Aug 1 — 32000 steps (today)" StaticText`
    t =    17.88s Find the "Sat Aug 1 — 32000 steps (today)" StaticText
    t =    17.96s Checking existence of `"Sat Aug 1 — 32000 steps (today)" StaticText`
    t =    17.97s Find the "Sat Aug 1 — 32000 steps (today)" StaticText
    t =    18.04s Checking existence of `"Sat Aug 1 — 32000 steps (today)" StaticText`
    t =    18.06s Find the "Sat Aug 1 — 32000 steps (today)" StaticText
    t =    18.12s Checking existence of `"Sat Aug 1 — 32000 steps (today)" StaticText`
    t =    18.14s Find the "Sat Aug 1 — 32000 steps (today)" StaticText
    t =    18.21s Checking existence of `"Sat Aug 1 — 32000 steps (today)" StaticText`
    t =    18.23s Find the "Sat Aug 1 — 32000 steps (today)" StaticText
    t =    18.30s Checking existence of `"Sat Aug 1 — 32000 steps (today)" StaticText`
    t =    18.32s Find the "Sat Aug 1 — 32000 steps (today)" StaticText
    t =    18.39s Checking existence of `"Sat Aug 1 — 32000 steps (today)" StaticText`
    t =    18.41s Find the "Sat Aug 1 — 32000 steps (today)" StaticText
    t =    18.48s Checking existence of `"Sat Aug 1 — 32000 steps (today)" StaticText`
    t =    18.50s Find the "Sat Aug 1 — 32000 steps (today)" StaticText
    t =    18.57s Checking existence of `"Sat Aug 1 — 32000 steps (today)" StaticText`
    t =    18.58s Find the "Sat Aug 1 — 32000 steps (today)" StaticText
    t =    18.66s Checking existence of `"Sat Aug 1 — 32000 steps (today)" StaticText`
    t =    18.68s Find the "Sat Aug 1 — 32000 steps (today)" StaticText
    t =    18.75s Checking existence of `"Sat Aug 1 — 32000 steps (today)" StaticText`
    t =    18.77s Find the "Sat Aug 1 — 32000 steps (today)" StaticText
    t =    18.84s Checking existence of `"Sat Aug 1 — 32000 steps (today)" StaticText`
    t =    18.86s Find the "Sat Aug 1 — 32000 steps (today)" StaticText
    t =    18.93s Checking existence of `"Sat Aug 1 — 32000 steps (today)" StaticText`
    t =    18.95s Find the "Sat Aug 1 — 32000 steps (today)" StaticText
    t =    19.02s Checking existence of `"Sat Aug 1 — 32000 steps (today)" StaticText`
    t =    19.03s Find the "Sat Aug 1 — 32000 steps (today)" StaticText
    t =    19.11s Checking existence of `"Sat Aug 1 — 32000 steps (today)" StaticText`
    t =    19.12s Find the "Sat Aug 1 — 32000 steps (today)" StaticText
    t =    19.19s Checking existence of `"Sat Aug 1 — 32000 steps (today)" StaticText`
    t =    19.21s Find the "Sat Aug 1 — 32000 steps (today)" StaticText
    t =    19.28s Checking existence of `"Sat Aug 1 — 32000 steps (today)" StaticText`
    t =    19.30s Find the "Sat Aug 1 — 32000 steps (today)" StaticText
    t =    19.38s Checking existence of `"Sat Aug 1 — 32000 steps (today)" StaticText`
    t =    19.39s Find the "Sat Aug 1 — 32000 steps (today)" StaticText
    t =    19.47s Checking existence of `"Sat Aug 1 — 32000 steps (today)" StaticText`
    t =    19.48s Find the "Sat Aug 1 — 32000 steps (today)" StaticText
    t =    19.55s Checking existence of `"Sat Aug 1 — 32000 steps (today)" StaticText`
    t =    19.57s Find the "Sat Aug 1 — 32000 steps (today)" StaticText
    t =    19.64s Checking existence of `"Sat Aug 1 — 32000 steps (today)" StaticText`
    t =    19.66s Find the "Sat Aug 1 — 32000 steps (today)" StaticText
    t =    19.73s Checking existence of `"Sat Aug 1 — 32000 steps (today)" StaticText`
    t =    19.75s Find the "Sat Aug 1 — 32000 steps (today)" StaticText
    t =    19.82s Checking existence of `"Sat Aug 1 — 32000 steps (today)" StaticText`
    t =    19.83s Find the "Sat Aug 1 — 32000 steps (today)" StaticText
    t =    19.90s Checking existence of `"Sat Aug 1 — 32000 steps (today)" StaticText`
    t =    19.92s Find the "Sat Aug 1 — 32000 steps (today)" StaticText
    t =    19.99s Checking existence of `"Sat Aug 1 — 32000 steps (today)" StaticText`
    t =    20.00s Find the "Sat Aug 1 — 32000 steps (today)" StaticText
    t =    20.08s Checking existence of `"Sat Aug 1 — 32000 steps (today)" StaticText`
    t =    20.09s Find the "Sat Aug 1 — 32000 steps (today)" StaticText
    t =    20.17s Checking existence of `"Sat Aug 1 — 32000 steps (today)" StaticText`
    t =    20.18s Find the "Sat Aug 1 — 32000 steps (today)" StaticText
    t =    20.26s Checking existence of `"Sat Aug 1 — 32000 steps (today)" StaticText`
    t =    20.27s Find the "Sat Aug 1 — 32000 steps (today)" StaticText
    t =    20.35s Checking existence of `"Sat Aug 1 — 32000 steps (today)" StaticText`
    t =    20.36s Find the "Sat Aug 1 — 32000 steps (today)" StaticText
    t =    20.44s Checking existence of `"Sat Aug 1 — 32000 steps (today)" StaticText`
    t =    20.45s Find the "Sat Aug 1 — 32000 steps (today)" StaticText
    t =    20.53s Checking existence of `"Sat Aug 1 — 32000 steps (today)" StaticText`
    t =    20.54s Find the "Sat Aug 1 — 32000 steps (today)" StaticText
    t =    20.62s Checking existence of `"Sat Aug 1 — 32000 steps (today)" StaticText`
    t =    20.63s Find the "Sat Aug 1 — 32000 steps (today)" StaticText
    t =    20.71s Checking existence of `"Sat Aug 1 — 32000 steps (today)" StaticText`
    t =    20.72s Find the "Sat Aug 1 — 32000 steps (today)" StaticText
    t =    20.79s Checking existence of `"Sat Aug 1 — 32000 steps (today)" StaticText`
    t =    20.81s Find the "Sat Aug 1 — 32000 steps (today)" StaticText
    t =    20.88s Checking existence of `"Sat Aug 1 — 32000 steps (today)" StaticText`
    t =    20.90s Find the "Sat Aug 1 — 32000 steps (today)" StaticText
    t =    20.97s Checking existence of `"Sat Aug 1 — 32000 steps (today)" StaticText`
    t =    20.99s Find the "Sat Aug 1 — 32000 steps (today)" StaticText
    t =    21.06s Checking existence of `"Sat Aug 1 — 32000 steps (today)" StaticText`
    t =    21.08s Find the "Sat Aug 1 — 32000 steps (today)" StaticText
    t =    21.15s Checking existence of `"Sat Aug 1 — 32000 steps (today)" StaticText`
    t =    21.17s Find the "Sat Aug 1 — 32000 steps (today)" StaticText
    t =    21.24s Checking existence of `"Sat Aug 1 — 32000 steps (today)" StaticText`
    t =    21.26s Find the "Sat Aug 1 — 32000 steps (today)" StaticText
    t =    21.33s Checking existence of `"Sat Aug 1 — 32000 steps (today)" StaticText`
    t =    21.34s Find the "Sat Aug 1 — 32000 steps (today)" StaticText
    t =    21.42s Checking existence of `"Sat Aug 1 — 32000 steps (today)" StaticText`
    t =    21.43s Find the "Sat Aug 1 — 32000 steps (today)" StaticText
    t =    21.51s Checking existence of `"Sat Aug 1 — 32000 steps (today)" StaticText`
    t =    21.52s Find the "Sat Aug 1 — 32000 steps (today)" StaticText
    t =    21.60s Checking existence of `"Sat Aug 1 — 32000 steps (today)" StaticText`
    t =    21.61s Find the "Sat Aug 1 — 32000 steps (today)" StaticText
    t =    21.69s Checking existence of `"Sat Aug 1 — 32000 steps (today)" StaticText`
    t =    21.70s Find the "Sat Aug 1 — 32000 steps (today)" StaticText
    t =    21.78s Checking existence of `"Sat Aug 1 — 32000 steps (today)" StaticText`
    t =    21.79s Find the "Sat Aug 1 — 32000 steps (today)" StaticText
    t =    21.87s Checking existence of `"Sat Aug 1 — 32000 steps (today)" StaticText`
    t =    21.88s Find the "Sat Aug 1 — 32000 steps (today)" StaticText
    t =    21.95s Checking existence of `"Sat Aug 1 — 32000 steps (today)" StaticText`
    t =    21.96s Find the "Sat Aug 1 — 32000 steps (today)" StaticText
    t =    22.04s Checking existence of `"Sat Aug 1 — 32000 steps (today)" StaticText`
    t =    22.05s Find the "Sat Aug 1 — 32000 steps (today)" StaticText
    t =    22.13s Checking existence of `"Sat Aug 1 — 32000 steps (today)" StaticText`
    t =    22.14s Find the "Sat Aug 1 — 32000 steps (today)" StaticText
    t =    22.22s Checking existence of `"Sat Aug 1 — 32000 steps (today)" StaticText`
    t =    22.23s Find the "Sat Aug 1 — 32000 steps (today)" StaticText
    t =    22.31s Checking existence of `"Sat Aug 1 — 32000 steps (today)" StaticText`
    t =    22.32s Find the "Sat Aug 1 — 32000 steps (today)" StaticText
    t =    22.40s Checking existence of `"Sat Aug 1 — 32000 steps (today)" StaticText`
    t =    22.41s Find the "Sat Aug 1 — 32000 steps (today)" StaticText
    t =    22.49s Checking existence of `"Sat Aug 1 — 32000 steps (today)" StaticText`
    t =    22.50s Find the "Sat Aug 1 — 32000 steps (today)" StaticText
    t =    22.58s Checking existence of `"Sat Aug 1 — 32000 steps (today)" StaticText`
    t =    22.59s Find the "Sat Aug 1 — 32000 steps (today)" StaticText
    t =    22.67s Checking existence of `"Sat Aug 1 — 32000 steps (today)" StaticText`
    t =    22.68s Find the "Sat Aug 1 — 32000 steps (today)" StaticText
    t =    22.76s Checking existence of `"Sat Aug 1 — 32000 steps (today)" StaticText`
    t =    22.77s Find the "Sat Aug 1 — 32000 steps (today)" StaticText
    t =    22.85s Checking existence of `"Sat Aug 1 — 32000 steps (today)" StaticText`
    t =    22.86s Find the "Sat Aug 1 — 32000 steps (today)" StaticText
    t =    22.94s Checking existence of `"Sat Aug 1 — 32000 steps (today)" StaticText`
    t =    22.95s Find the "Sat Aug 1 — 32000 steps (today)" StaticText
    t =    23.02s Checking existence of `"Sat Aug 1 — 32000 steps (today)" StaticText`
    t =    23.04s Find the "Sat Aug 1 — 32000 steps (today)" StaticText
    t =    23.11s Checking existence of `"Sat Aug 1 — 32000 steps (today)" StaticText`
    t =    23.13s Find the "Sat Aug 1 — 32000 steps (today)" StaticText
    t =    23.20s Checking existence of `"Sat Aug 1 — 32000 steps (today)" StaticText`
    t =    23.22s Find the "Sat Aug 1 — 32000 steps (today)" StaticText
    t =    23.29s Checking existence of `"Sat Aug 1 — 32000 steps (today)" StaticText`
    t =    23.31s Find the "Sat Aug 1 — 32000 steps (today)" StaticText
    t =    23.38s Checking existence of `"Sat Aug 1 — 32000 steps (today)" StaticText`
    t =    23.40s Find the "Sat Aug 1 — 32000 steps (today)" StaticText
    t =    23.47s Checking existence of `"Sat Aug 1 — 32000 steps (today)" StaticText`
    t =    23.49s Find the "Sat Aug 1 — 32000 steps (today)" StaticText
    t =    23.56s Checking existence of `"Sat Aug 1 — 32000 steps (today)" StaticText`
    t =    23.58s Find the "Sat Aug 1 — 32000 steps (today)" StaticText
    t =    23.65s Checking existence of `"Sat Aug 1 — 32000 steps (today)" StaticText`
    t =    23.67s Find the "Sat Aug 1 — 32000 steps (today)" StaticText
    t =    23.74s Checking existence of `"Sat Aug 1 — 32000 steps (today)" StaticText`
    t =    23.76s Find the "Sat Aug 1 — 32000 steps (today)" StaticText
    t =    23.83s Checking existence of `"Sat Aug 1 — 32000 steps (today)" StaticText`
    t =    23.85s Find the "Sat Aug 1 — 32000 steps (today)" StaticText
    t =    23.92s Checking existence of `"Sat Aug 1 — 32000 steps (today)" StaticText`
    t =    23.94s Find the "Sat Aug 1 — 32000 steps (today)" StaticText
    t =    24.01s Checking existence of `"Sat Aug 1 — 32000 steps (today)" StaticText`
    t =    24.02s Find the "Sat Aug 1 — 32000 steps (today)" StaticText
    t =    24.10s Checking existence of `"Sat Aug 1 — 32000 steps (today)" StaticText`
    t =    24.11s Find the "Sat Aug 1 — 32000 steps (today)" StaticText
    t =    24.19s Checking existence of `"Sat Aug 1 — 32000 steps (today)" StaticText`
    t =    24.20s Find the "Sat Aug 1 — 32000 steps (today)" StaticText
    t =    24.28s Checking existence of `"Sat Aug 1 — 32000 steps (today)" StaticText`
    t =    24.29s Find the "Sat Aug 1 — 32000 steps (today)" StaticText
    t =    24.37s Checking existence of `"Sat Aug 1 — 32000 steps (today)" StaticText`
    t =    24.38s Find the "Sat Aug 1 — 32000 steps (today)" StaticText
    t =    24.46s Checking existence of `"Sat Aug 1 — 32000 steps (today)" StaticText`
    t =    24.47s Find the "Sat Aug 1 — 32000 steps (today)" StaticText
    t =    24.55s Checking existence of `"Sat Aug 1 — 32000 steps (today)" StaticText`
    t =    24.56s Find the "Sat Aug 1 — 32000 steps (today)" StaticText
    t =    24.63s Checking existence of `"Sat Aug 1 — 32000 steps (today)" StaticText`
    t =    24.65s Find the "Sat Aug 1 — 32000 steps (today)" StaticText
    t =    24.72s Checking existence of `"Sat Aug 1 — 32000 steps (today)" StaticText`
    t =    24.74s Find the "Sat Aug 1 — 32000 steps (today)" StaticText
    t =    24.81s Checking existence of `"Sat Aug 1 — 32000 steps (today)" StaticText`
    t =    24.83s Find the "Sat Aug 1 — 32000 steps (today)" StaticText
    t =    24.90s Checking existence of `"Sat Aug 1 — 32000 steps (today)" StaticText`
    t =    24.92s Find the "Sat Aug 1 — 32000 steps (today)" StaticText
    t =    24.99s Checking existence of `"Sat Aug 1 — 32000 steps (today)" StaticText`
    t =    25.01s Find the "Sat Aug 1 — 32000 steps (today)" StaticText
    t =    25.08s Checking existence of `"Sat Aug 1 — 32000 steps (today)" StaticText`
    t =    25.10s Find the "Sat Aug 1 — 32000 steps (today)" StaticText
    t =    25.17s Checking existence of `"Sat Aug 1 — 32000 steps (today)" StaticText`
    t =    25.19s Find the "Sat Aug 1 — 32000 steps (today)" StaticText
    t =    25.26s Checking existence of `"Sat Aug 1 — 32000 steps (today)" StaticText`
    t =    25.28s Find the "Sat Aug 1 — 32000 steps (today)" StaticText
    t =    25.35s Checking existence of `"Sat Aug 1 — 32000 steps (today)" StaticText`
    t =    25.37s Find the "Sat Aug 1 — 32000 steps (today)" StaticText
    t =    25.43s Checking existence of `"Sat Aug 1 — 32000 steps (today)" StaticText`
    t =    25.45s Find the "Sat Aug 1 — 32000 steps (today)" StaticText
    t =    25.52s Checking existence of `"Sat Aug 1 — 32000 steps (today)" StaticText`
    t =    25.54s Find the "Sat Aug 1 — 32000 steps (today)" StaticText
    t =    25.61s Checking existence of `"Sat Aug 1 — 32000 steps (today)" StaticText`
    t =    25.63s Find the "Sat Aug 1 — 32000 steps (today)" StaticText
    t =    25.70s Checking existence of `"Sat Aug 1 — 32000 steps (today)" StaticText`
    t =    25.72s Find the "Sat Aug 1 — 32000 steps (today)" StaticText
    t =    25.79s Checking existence of `"Sat Aug 1 — 32000 steps (today)" StaticText`
    t =    25.81s Find the "Sat Aug 1 — 32000 steps (today)" StaticText
    t =    25.88s Checking existence of `"Sat Aug 1 — 32000 steps (today)" StaticText`
    t =    25.90s Find the "Sat Aug 1 — 32000 steps (today)" StaticText
    t =    25.97s Checking existence of `"Sat Aug 1 — 32000 steps (today)" StaticText`
    t =    25.99s Find the "Sat Aug 1 — 32000 steps (today)" StaticText
    t =    26.06s Checking existence of `"Sat Aug 1 — 32000 steps (today)" StaticText`
    t =    26.07s Find the "Sat Aug 1 — 32000 steps (today)" StaticText
    t =    26.15s Checking existence of `"Sat Aug 1 — 32000 steps (today)" StaticText`
    t =    26.16s Find the "Sat Aug 1 — 32000 steps (today)" StaticText
    t =    26.24s Checking existence of `"Sat Aug 1 — 32000 steps (today)" StaticText`
    t =    26.25s Find the "Sat Aug 1 — 32000 steps (today)" StaticText
STEP[26s]: iter 0: go home
    t =    26.33s Checking existence of `"Transcribe" Button`
    t =    26.34s Checking existence of `"Health" Button`
    t =    26.36s Checking existence of `Any (First Match)`
    t =    26.37s Checking existence of `Button (Element at index 0)`
    t =    26.38s Find the Button (Element at index 0)
STEP[26s]: goHome: tapping candidate 0
    t =    26.41s Tap "BackButton" Button
    t =    26.41s     Wait for org.nativescript.nsbenchmark to idle
    t =    26.41s     Find the "BackButton" Button
    t =    26.42s     Check for interrupting elements affecting "BackButton" Button
    t =    26.43s     Synthesize event
    t =    26.73s     Wait for org.nativescript.nsbenchmark to idle
    t =    27.56s Checking existence of `"Transcribe" Button`
    t =    27.58s Waiting 3.0s for "Transcribe" Button to exist
    t =    28.61s     Checking `Expect predicate `existsNoRetry == 1` for object "Transcribe" Button`
    t =    28.62s         Checking existence of `"Transcribe" Button`
STEP[28s]: iter 0: nav Transcribe
    t =    28.63s Checking existence of `"Transcribe" Button`
    t =    28.64s Tap "Transcribe" Button
    t =    28.64s     Wait for org.nativescript.nsbenchmark to idle
    t =    28.64s     Find the "Transcribe" Button
    t =    28.65s     Check for interrupting elements affecting "Transcribe" Button
    t =    28.66s     Synthesize event
    t =    28.95s     Wait for org.nativescript.nsbenchmark to idle
    t =    29.28s Waiting 10.0s for Any (First Match) to exist
    t =    30.32s     Checking `Expect predicate `existsNoRetry == 1` for object Any (First Match)`
    t =    30.32s         Checking existence of `Any (First Match)`
    t =    30.35s Checking existence of `Any (First Match)`
    t =    30.36s Find the Any (First Match)
STEP[30s]: iter 0: speech authorize
    t =    30.37s Checking existence of `"Request Access" Button`
    t =    30.38s Checking existence of `"Request Access" Button`
    t =    30.39s Find the "Request Access" Button
    t =    30.41s Tap "Request Access" Button
    t =    30.41s     Wait for org.nativescript.nsbenchmark to idle
    t =    30.41s     Find the "Request Access" Button
    t =    30.42s     Check for interrupting elements affecting "Request Access" Button
    t =    30.43s     Synthesize event
    t =    30.72s     Wait for org.nativescript.nsbenchmark to idle
    t =    30.72s Waiting 3.0s for "Allow" Button to exist
    t =    31.74s     Checking `Expect predicate `existsNoRetry == 1` for object "Allow" Button`
    t =    31.74s         Checking existence of `"Allow" Button`
STEP[31s]: system alert: 'Allow'
    t =    31.78s Tap "Allow" Button
    t =    31.78s     Wait for com.apple.springboard to idle
    t =    31.78s     Find the "Allow" Button
    t =    31.80s     Check for interrupting elements affecting "Allow" Button
    t =    31.83s     Synthesize event
    t =    32.11s     Wait for com.apple.springboard to idle
    t =    32.36s Waiting 15.0s for Any (First Match) to exist
    t =    33.41s     Checking `Expect predicate `existsNoRetry == 1` for object Any (First Match)`
    t =    33.41s         Checking existence of `Any (First Match)`
    t =    33.44s Checking existence of `"Speech access: not requested" StaticText`
    t =    33.46s Find the "Speech access: not requested" StaticText
    t =    33.47s Checking existence of `"Transcribe Sample" Button`
    t =    33.48s Checking existence of `"Transcribe Sample" Button`
    t =    33.49s Find the "Transcribe Sample" Button
STEP[33s]: iter 0: transcribe
    t =    33.50s Tap "Transcribe Sample" Button
    t =    33.50s     Wait for org.nativescript.nsbenchmark to idle
    t =    33.50s     Find the "Transcribe Sample" Button
    t =    33.52s     Check for interrupting elements affecting "Transcribe Sample" Button
    t =    33.53s     Synthesize event
    t =    33.81s     Wait for org.nativescript.nsbenchmark to idle
    t =    33.81s Waiting 45.0s for Any (First Match) to exist
    t =    34.87s     Checking `Expect predicate `existsNoRetry == 1` for object Any (First Match)`
    t =    34.87s         Checking existence of `Any (First Match)`
    t =    34.90s         Capturing element debug description
    t =    35.83s     Checking `Expect predicate `existsNoRetry == 1` for object Any (First Match)`
    t =    35.83s         Checking existence of `Any (First Match)`
    t =    35.86s         Capturing element debug description
    t =    36.89s     Checking `Expect predicate `existsNoRetry == 1` for object Any (First Match)`
    t =    36.90s         Checking existence of `Any (First Match)`
    t =    36.92s         Capturing element debug description
    t =    37.87s     Checking `Expect predicate `existsNoRetry == 1` for object Any (First Match)`
    t =    37.87s         Checking existence of `Any (First Match)`
    t =    37.90s         Capturing element debug description
    t =    38.82s     Checking `Expect predicate `existsNoRetry == 1` for object Any (First Match)`
    t =    38.83s         Checking existence of `Any (First Match)`
    t =    38.86s         Capturing element debug description
    t =    39.89s     Checking `Expect predicate `existsNoRetry == 1` for object Any (First Match)`
    t =    39.89s         Checking existence of `Any (First Match)`
    t =    39.92s         Capturing element debug description
    t =    40.85s     Checking `Expect predicate `existsNoRetry == 1` for object Any (First Match)`
    t =    40.85s         Checking existence of `Any (First Match)`
    t =    40.88s         Capturing element debug description
    t =    41.90s     Checking `Expect predicate `existsNoRetry == 1` for object Any (First Match)`
    t =    41.90s         Checking existence of `Any (First Match)`
    t =    41.93s         Capturing element debug description
    t =    42.85s     Checking `Expect predicate `existsNoRetry == 1` for object Any (First Match)`
    t =    42.85s         Checking existence of `Any (First Match)`
    t =    42.88s         Capturing element debug description
    t =    43.87s     Checking `Expect predicate `existsNoRetry == 1` for object Any (First Match)`
    t =    43.87s         Checking existence of `Any (First Match)`
    t =    43.90s         Capturing element debug description
    t =    44.82s     Checking `Expect predicate `existsNoRetry == 1` for object Any (First Match)`
    t =    44.82s         Checking existence of `Any (First Match)`
    t =    44.85s         Capturing element debug description
    t =    45.87s     Checking `Expect predicate `existsNoRetry == 1` for object Any (First Match)`
    t =    45.87s         Checking existence of `Any (First Match)`
    t =    45.90s         Capturing element debug description
    t =    46.82s     Checking `Expect predicate `existsNoRetry == 1` for object Any (First Match)`
    t =    46.83s         Checking existence of `Any (First Match)`
    t =    46.86s         Capturing element debug description
    t =    47.87s     Checking `Expect predicate `existsNoRetry == 1` for object Any (First Match)`
    t =    47.87s         Checking existence of `Any (First Match)`
    t =    47.90s         Capturing element debug description
    t =    48.82s     Checking `Expect predicate `existsNoRetry == 1` for object Any (First Match)`
    t =    48.82s         Checking existence of `Any (First Match)`
    t =    48.85s         Capturing element debug description
    t =    49.87s     Checking `Expect predicate `existsNoRetry == 1` for object Any (First Match)`
    t =    49.87s         Checking existence of `Any (First Match)`
    t =    49.90s         Capturing element debug description
    t =    50.82s     Checking `Expect predicate `existsNoRetry == 1` for object Any (First Match)`
    t =    50.82s         Checking existence of `Any (First Match)`
    t =    50.85s         Capturing element debug description
    t =    51.87s     Checking `Expect predicate `existsNoRetry == 1` for object Any (First Match)`
    t =    51.87s         Checking existence of `Any (First Match)`
    t =    51.90s         Capturing element debug description
    t =    52.82s     Checking `Expect predicate `existsNoRetry == 1` for object Any (First Match)`
    t =    52.82s         Checking existence of `Any (First Match)`
    t =    52.85s         Capturing element debug description
    t =    53.87s     Checking `Expect predicate `existsNoRetry == 1` for object Any (First Match)`
    t =    53.87s         Checking existence of `Any (First Match)`
    t =    53.90s         Capturing element debug description
    t =    54.82s     Checking `Expect predicate `existsNoRetry == 1` for object Any (First Match)`
    t =    54.82s         Checking existence of `Any (First Match)`
    t =    54.85s         Capturing element debug description
    t =    55.85s     Checking `Expect predicate `existsNoRetry == 1` for object Any (First Match)`
    t =    55.85s         Checking existence of `Any (First Match)`
    t =    55.88s         Capturing element debug description
    t =    56.90s     Checking `Expect predicate `existsNoRetry == 1` for object Any (First Match)`
    t =    56.90s         Checking existence of `Any (First Match)`
    t =    56.93s         Capturing element debug description
    t =    57.87s     Checking `Expect predicate `existsNoRetry == 1` for object Any (First Match)`
    t =    57.87s         Checking existence of `Any (First Match)`
    t =    57.90s         Capturing element debug description
    t =    58.82s     Checking `Expect predicate `existsNoRetry == 1` for object Any (First Match)`
    t =    58.83s         Checking existence of `Any (First Match)`
    t =    58.85s         Capturing element debug description
    t =    59.88s     Checking `Expect predicate `existsNoRetry == 1` for object Any (First Match)`
    t =    59.88s         Checking existence of `Any (First Match)`
    t =    59.91s         Capturing element debug description
    t =    60.82s     Checking `Expect predicate `existsNoRetry == 1` for object Any (First Match)`
    t =    60.82s         Checking existence of `Any (First Match)`
    t =    60.85s         Capturing element debug description
    t =    61.90s     Checking `Expect predicate `existsNoRetry == 1` for object Any (First Match)`
    t =    61.90s         Checking existence of `Any (First Match)`
    t =    61.93s         Capturing element debug description
    t =    62.87s     Checking `Expect predicate `existsNoRetry == 1` for object Any (First Match)`
    t =    62.87s         Checking existence of `Any (First Match)`
    t =    62.90s         Capturing element debug description
    t =    63.83s     Checking `Expect predicate `existsNoRetry == 1` for object Any (First Match)`
    t =    63.83s         Checking existence of `Any (First Match)`
    t =    63.86s         Capturing element debug description
    t =    64.82s     Checking `Expect predicate `existsNoRetry == 1` for object Any (First Match)`
    t =    64.82s         Checking existence of `Any (First Match)`
    t =    64.85s         Capturing element debug description
    t =    65.90s     Checking `Expect predicate `existsNoRetry == 1` for object Any (First Match)`
    t =    65.90s         Checking existence of `Any (First Match)`
    t =    65.93s         Capturing element debug description
    t =    66.85s     Checking `Expect predicate `existsNoRetry == 1` for object Any (First Match)`
    t =    66.85s         Checking existence of `Any (First Match)`
    t =    66.88s         Capturing element debug description
    t =    67.82s     Checking `Expect predicate `existsNoRetry == 1` for object Any (First Match)`
    t =    67.82s         Checking existence of `Any (First Match)`
    t =    67.85s         Capturing element debug description
    t =    68.89s     Checking `Expect predicate `existsNoRetry == 1` for object Any (First Match)`
    t =    68.89s         Checking existence of `Any (First Match)`
    t =    68.92s         Capturing element debug description
    t =    69.85s     Checking `Expect predicate `existsNoRetry == 1` for object Any (First Match)`
    t =    69.85s         Checking existence of `Any (First Match)`
    t =    69.88s         Capturing element debug description
    t =    70.82s     Checking `Expect predicate `existsNoRetry == 1` for object Any (First Match)`
    t =    70.82s         Checking existence of `Any (First Match)`
    t =    70.83s         Capturing element debug description
    t =    71.85s     Checking `Expect predicate `existsNoRetry == 1` for object Any (First Match)`
    t =    71.85s         Checking existence of `Any (First Match)`
    t =    71.88s         Capturing element debug description
    t =    72.91s     Checking `Expect predicate `existsNoRetry == 1` for object Any (First Match)`
    t =    72.91s         Checking existence of `Any (First Match)`
    t =    72.93s         Capturing element debug description
    t =    73.86s     Checking `Expect predicate `existsNoRetry == 1` for object Any (First Match)`
    t =    73.86s         Checking existence of `Any (First Match)`
    t =    73.87s         Capturing element debug description
    t =    74.90s     Checking `Expect predicate `existsNoRetry == 1` for object Any (First Match)`
    t =    74.90s         Checking existence of `Any (First Match)`
    t =    74.93s         Capturing element debug description
    t =    75.87s     Checking `Expect predicate `existsNoRetry == 1` for object Any (First Match)`
    t =    75.87s         Checking existence of `Any (First Match)`
    t =    75.90s         Capturing element debug description
    t =    76.83s     Checking `Expect predicate `existsNoRetry == 1` for object Any (First Match)`
    t =    76.83s         Checking existence of `Any (First Match)`
    t =    76.86s         Capturing element debug description
    t =    77.89s     Checking `Expect predicate `existsNoRetry == 1` for object Any (First Match)`
    t =    77.89s         Checking existence of `Any (First Match)`
    t =    77.92s         Capturing element debug description
    t =    78.82s     Checking `Expect predicate `existsNoRetry == 1` for object Any (First Match)`
    t =    78.82s         Checking existence of `Any (First Match)`
    t =    78.85s         Capturing element debug description
    t =    78.85s     Checking existence of `Any (First Match)`
    t =    78.87s Collecting debug information to assist test failure triage
    t =    78.87s     Requesting snapshot of accessibility hierarchy for app with pid 46593
    t =    78.89s Checking existence of `Any (First Match)`
    t =    78.91s Checking existence of `Any (First Match)`
    t =    78.92s Checking existence of `Any (First Match)`
    t =    78.93s Find the Any (First Match)
STEP[78s]: iter 0: done
    t =    78.93s Terminate org.nativescript.nsbenchmark:46593
STEP[79s]: iter 1: launch org.nativescript.nsbenchmark
    t =    80.01s Open org.nativescript.nsbenchmark
    t =    80.01s     Launch org.nativescript.nsbenchmark
    t =    80.12s         Setting up automation session
    t =    80.71s         Wait for org.nativescript.nsbenchmark to idle
    t =    81.87s Checking existence of `"Health" Button`
    t =    81.91s Waiting 20.0s for "Health" Button to exist
    t =    82.93s     Checking `Expect predicate `existsNoRetry == 1` for object "Health" Button`
    t =    82.94s         Checking existence of `"Health" Button`
STEP[82s]: iter 1: nav Health
    t =    82.96s Checking existence of `"Health" Button`
    t =    82.96s Tap "Health" Button
    t =    82.96s     Wait for org.nativescript.nsbenchmark to idle
    t =    82.97s     Find the "Health" Button
    t =    82.97s     Check for interrupting elements affecting "Health" Button
    t =    82.98s     Synthesize event
    t =    83.28s     Wait for org.nativescript.nsbenchmark to idle
    t =    83.67s Waiting 10.0s for Any (First Match) to exist
    t =    84.72s     Checking `Expect predicate `existsNoRetry == 1` for object Any (First Match)`
    t =    84.72s         Checking existence of `Any (First Match)`
    t =    84.75s Checking existence of `Any (First Match)`
    t =    84.76s Find the Any (First Match)
    t =    84.78s Checking existence of `"Health access: granted" StaticText`
    t =    84.79s Find the "Health access: granted" StaticText
    t =    84.80s Waiting 15.0s for Any (First Match) to exist
    t =    85.81s     Checking `Expect predicate `existsNoRetry == 1` for object Any (First Match)`
    t =    85.81s         Checking existence of `Any (First Match)`
    t =    85.84s Checking existence of `Any (First Match)`
    t =    85.86s Find the Any (First Match)
    t =    85.87s Checking existence of `"Log 500 Steps" Button`
    t =    85.88s Checking existence of `"Log 500 Steps" Button`
    t =    85.89s Find the "Log 500 Steps" Button
STEP[85s]: iter 1: log 500
    t =    85.91s Tap "Log 500 Steps" Button
    t =    85.91s     Wait for org.nativescript.nsbenchmark to idle
    t =    85.91s     Find the "Log 500 Steps" Button
    t =    85.92s     Check for interrupting elements affecting "Log 500 Steps" Button
    t =    85.93s     Synthesize event
    t =    86.22s     Wait for org.nativescript.nsbenchmark to idle
    t =    86.24s Checking existence of `"Sat Aug 1 — 32000 steps (today)" StaticText`
    t =    86.26s Find the "Sat Aug 1 — 32000 steps (today)" StaticText
    t =    86.33s Checking existence of `"Sat Aug 1 — 32000 steps (today)" StaticText`
    t =    86.35s Find the "Sat Aug 1 — 32000 steps (today)" StaticText
    t =    86.43s Checking existence of `"Sat Aug 1 — 32000 steps (today)" StaticText`
    t =    86.44s Find the "Sat Aug 1 — 32000 steps (today)" StaticText
    t =    86.52s Checking existence of `"Sat Aug 1 — 32000 steps (today)" StaticText`
    t =    86.53s Find the "Sat Aug 1 — 32000 steps (today)" StaticText
    t =    86.61s Checking existence of `"Sat Aug 1 — 32000 steps (today)" StaticText`
    t =    86.62s Find the "Sat Aug 1 — 32000 steps (today)" StaticText
    t =    86.70s Checking existence of `"Sat Aug 1 — 32000 steps (today)" StaticText`
    t =    86.71s Find the "Sat Aug 1 — 32000 steps (today)" StaticText
    t =    86.78s Checking existence of `"Sat Aug 1 — 32000 steps (today)" StaticText`
    t =    86.80s Find the "Sat Aug 1 — 32000 steps (today)" StaticText
    t =    86.87s Checking existence of `"Sat Aug 1 — 32000 steps (today)" StaticText`
    t =    86.89s Find the "Sat Aug 1 — 32000 steps (today)" StaticText
    t =    86.96s Checking existence of `"Sat Aug 1 — 32000 steps (today)" StaticText`
    t =    86.98s Find the "Sat Aug 1 — 32000 steps (today)" StaticText
    t =    87.05s Checking existence of `"Sat Aug 1 — 32000 steps (today)" StaticText`
    t =    87.07s Find the "Sat Aug 1 — 32000 steps (today)" StaticText
    t =    87.14s Checking existence of `"Sat Aug 1 — 32000 steps (today)" StaticText`
    t =    87.16s Find the "Sat Aug 1 — 32000 steps (today)" StaticText
    t =    87.23s Checking existence of `"Sat Aug 1 — 32000 steps (today)" StaticText`
    t =    87.25s Find the "Sat Aug 1 — 32000 steps (today)" StaticText
    t =    87.32s Checking existence of `"Sat Aug 1 — 32000 steps (today)" StaticText`
    t =    87.33s Find the "Sat Aug 1 — 32000 steps (today)" StaticText
    t =    87.41s Checking existence of `"Sat Aug 1 — 32000 steps (today)" StaticText`
    t =    87.42s Find the "Sat Aug 1 — 32000 steps (today)" StaticText
    t =    87.50s Checking existence of `"Sat Aug 1 — 32000 steps (today)" StaticText`
    t =    87.51s Find the "Sat Aug 1 — 32000 steps (today)" StaticText
    t =    87.59s Checking existence of `"Sat Aug 1 — 32000 steps (today)" StaticText`
    t =    87.60s Find the "Sat Aug 1 — 32000 steps (today)" StaticText
    t =    87.68s Checking existence of `"Sat Aug 1 — 32000 steps (today)" StaticText`
    t =    87.69s Find the "Sat Aug 1 — 32000 steps (today)" StaticText
    t =    87.77s Checking existence of `"Sat Aug 1 — 32000 steps (today)" StaticText`
    t =    87.78s Find the "Sat Aug 1 — 32000 steps (today)" StaticText
    t =    87.86s Checking existence of `"Sat Aug 1 — 32000 steps (today)" StaticText`
    t =    87.87s Find the "Sat Aug 1 — 32000 steps (today)" StaticText
    t =    87.95s Checking existence of `"Sat Aug 1 — 32000 steps (today)" StaticText`
    t =    87.96s Find the "Sat Aug 1 — 32000 steps (today)" StaticText
    t =    88.04s Checking existence of `"Sat Aug 1 — 32000 steps (today)" StaticText`
    t =    88.05s Find the "Sat Aug 1 — 32000 steps (today)" StaticText
    t =    88.13s Checking existence of `"Sat Aug 1 — 32000 steps (today)" StaticText`
    t =    88.14s Find the "Sat Aug 1 — 32000 steps (today)" StaticText
    t =    88.22s Checking existence of `"Sat Aug 1 — 32000 steps (today)" StaticText`
    t =    88.23s Find the "Sat Aug 1 — 32000 steps (today)" StaticText
    t =    88.31s Checking existence of `"Sat Aug 1 — 32000 steps (today)" StaticText`
    t =    88.32s Find the "Sat Aug 1 — 32000 steps (today)" StaticText
    t =    88.40s Checking existence of `"Sat Aug 1 — 32000 steps (today)" StaticText`
    t =    88.41s Find the "Sat Aug 1 — 32000 steps (today)" StaticText
    t =    88.48s Checking existence of `"Sat Aug 1 — 32000 steps (today)" StaticText`
    t =    88.49s Find the "Sat Aug 1 — 32000 steps (today)" StaticText
    t =    88.57s Checking existence of `"Sat Aug 1 — 32000 steps (today)" StaticText`
    t =    88.58s Find the "Sat Aug 1 — 32000 steps (today)" StaticText
    t =    88.66s Checking existence of `"Sat Aug 1 — 32000 steps (today)" StaticText`
    t =    88.67s Find the "Sat Aug 1 — 32000 steps (today)" StaticText
    t =    88.74s Checking existence of `"Sat Aug 1 — 32000 steps (today)" StaticText`
    t =    88.75s Find the "Sat Aug 1 — 32000 steps (today)" StaticText
    t =    88.83s Checking existence of `"Sat Aug 1 — 32000 steps (today)" StaticText`
    t =    88.84s Find the "Sat Aug 1 — 32000 steps (today)" StaticText
    t =    88.92s Checking existence of `"Sat Aug 1 — 32000 steps (today)" StaticText`
    t =    88.93s Find the "Sat Aug 1 — 32000 steps (today)" StaticText
    t =    89.01s Checking existence of `"Sat Aug 1 — 32000 steps (today)" StaticText`
    t =    89.02s Find the "Sat Aug 1 — 32000 steps (today)" StaticText
    t =    89.10s Checking existence of `"Sat Aug 1 — 32000 steps (today)" StaticText`
    t =    89.11s Find the "Sat Aug 1 — 32000 steps (today)" StaticText
    t =    89.19s Checking existence of `"Sat Aug 1 — 32000 steps (today)" StaticText`
    t =    89.20s Find the "Sat Aug 1 — 32000 steps (today)" StaticText
    t =    89.28s Checking existence of `"Sat Aug 1 — 32000 steps (today)" StaticText`
    t =    89.29s Find the "Sat Aug 1 — 32000 steps (today)" StaticText
    t =    89.37s Checking existence of `"Sat Aug 1 — 32000 steps (today)" StaticText`
    t =    89.38s Find the "Sat Aug 1 — 32000 steps (today)" StaticText
    t =    89.46s Checking existence of `"Sat Aug 1 — 32000 steps (today)" StaticText`
    t =    89.47s Find the "Sat Aug 1 — 32000 steps (today)" StaticText
    t =    89.55s Checking existence of `"Sat Aug 1 — 32000 steps (today)" StaticText`
    t =    89.56s Find the "Sat Aug 1 — 32000 steps (today)" StaticText
    t =    89.64s Checking existence of `"Sat Aug 1 — 32000 steps (today)" StaticText`
    t =    89.65s Find the "Sat Aug 1 — 32000 steps (today)" StaticText
    t =    89.72s Checking existence of `"Sat Aug 1 — 32000 steps (today)" StaticText`
    t =    89.74s Find the "Sat Aug 1 — 32000 steps (today)" StaticText
    t =    89.81s Checking existence of `"Sat Aug 1 — 32000 steps (today)" StaticText`
    t =    89.82s Find the "Sat Aug 1 — 32000 steps (today)" StaticText
    t =    89.90s Checking existence of `"Sat Aug 1 — 32000 steps (today)" StaticText`
    t =    89.91s Find the "Sat Aug 1 — 32000 steps (today)" StaticText
    t =    89.98s Checking existence of `"Sat Aug 1 — 32000 steps (today)" StaticText`
    t =    89.99s Find the "Sat Aug 1 — 32000 steps (today)" StaticText
    t =    90.07s Checking existence of `"Sat Aug 1 — 32000 steps (today)" StaticText`
    t =    90.08s Find the "Sat Aug 1 — 32000 steps (today)" StaticText
    t =    90.16s Checking existence of `"Sat Aug 1 — 32000 steps (today)" StaticText`
    t =    90.17s Find the "Sat Aug 1 — 32000 steps (today)" StaticText
    t =    90.25s Checking existence of `"Sat Aug 1 — 32000 steps (today)" StaticText`
    t =    90.26s Find the "Sat Aug 1 — 32000 steps (today)" StaticText
    t =    90.34s Checking existence of `"Sat Aug 1 — 32000 steps (today)" StaticText`
    t =    90.35s Find the "Sat Aug 1 — 32000 steps (today)" StaticText
    t =    90.43s Checking existence of `"Sat Aug 1 — 32000 steps (today)" StaticText`
    t =    90.44s Find the "Sat Aug 1 — 32000 steps (today)" StaticText
    t =    90.52s Checking existence of `"Sat Aug 1 — 32000 steps (today)" StaticText`
    t =    90.53s Find the "Sat Aug 1 — 32000 steps (today)" StaticText
    t =    90.61s Checking existence of `"Sat Aug 1 — 32000 steps (today)" StaticText`
    t =    90.62s Find the "Sat Aug 1 — 32000 steps (today)" StaticText
    t =    90.70s Checking existence of `"Sat Aug 1 — 32000 steps (today)" StaticText`
    t =    90.71s Find the "Sat Aug 1 — 32000 steps (today)" StaticText
    t =    90.79s Checking existence of `"Sat Aug 1 — 32000 steps (today)" StaticText`
    t =    90.80s Find the "Sat Aug 1 — 32000 steps (today)" StaticText
    t =    90.88s Checking existence of `"Sat Aug 1 — 32000 steps (today)" StaticText`
    t =    90.89s Find the "Sat Aug 1 — 32000 steps (today)" StaticText
    t =    90.97s Checking existence of `"Sat Aug 1 — 32000 steps (today)" StaticText`
    t =    90.98s Find the "Sat Aug 1 — 32000 steps (today)" StaticText
    t =    91.06s Checking existence of `"Sat Aug 1 — 32000 steps (today)" StaticText`
    t =    91.07s Find the "Sat Aug 1 — 32000 steps (today)" StaticText
    t =    91.15s Checking existence of `"Sat Aug 1 — 32000 steps (today)" StaticText`
    t =    91.16s Find the "Sat Aug 1 — 32000 steps (today)" StaticText
    t =    91.23s Checking existence of `"Sat Aug 1 — 32000 steps (today)" StaticText`
    t =    91.25s Find the "Sat Aug 1 — 32000 steps (today)" StaticText
    t =    91.32s Checking existence of `"Sat Aug 1 — 32000 steps (today)" StaticText`
    t =    91.33s Find the "Sat Aug 1 — 32000 steps (today)" StaticText
    t =    91.41s Checking existence of `"Sat Aug 1 — 32000 steps (today)" StaticText`
    t =    91.42s Find the "Sat Aug 1 — 32000 steps (today)" StaticText
    t =    91.50s Checking existence of `"Sat Aug 1 — 32000 steps (today)" StaticText`
    t =    91.51s Find the "Sat Aug 1 — 32000 steps (today)" StaticText
    t =    91.59s Checking existence of `"Sat Aug 1 — 32000 steps (today)" StaticText`
    t =    91.61s Find the "Sat Aug 1 — 32000 steps (today)" StaticText
    t =    91.68s Checking existence of `"Sat Aug 1 — 32000 steps (today)" StaticText`
    t =    91.70s Find the "Sat Aug 1 — 32000 steps (today)" StaticText
    t =    91.76s Checking existence of `"Sat Aug 1 — 32000 steps (today)" StaticText`
    t =    91.78s Find the "Sat Aug 1 — 32000 steps (today)" StaticText
    t =    91.85s Checking existence of `"Sat Aug 1 — 32000 steps (today)" StaticText`
    t =    91.87s Find the "Sat Aug 1 — 32000 steps (today)" StaticText
    t =    91.95s Checking existence of `"Sat Aug 1 — 32000 steps (today)" StaticText`
    t =    91.96s Find the "Sat Aug 1 — 32000 steps (today)" StaticText
    t =    92.04s Checking existence of `"Sat Aug 1 — 32000 steps (today)" StaticText`
    t =    92.05s Find the "Sat Aug 1 — 32000 steps (today)" StaticText
    t =    92.13s Checking existence of `"Sat Aug 1 — 32000 steps (today)" StaticText`
    t =    92.14s Find the "Sat Aug 1 — 32000 steps (today)" StaticText
    t =    92.22s Checking existence of `"Sat Aug 1 — 32000 steps (today)" StaticText`
    t =    92.23s Find the "Sat Aug 1 — 32000 steps (today)" StaticText
    t =    92.30s Checking existence of `"Sat Aug 1 — 32000 steps (today)" StaticText`
    t =    92.31s Find the "Sat Aug 1 — 32000 steps (today)" StaticText
    t =    92.39s Checking existence of `"Sat Aug 1 — 32000 steps (today)" StaticText`
    t =    92.40s Find the "Sat Aug 1 — 32000 steps (today)" StaticText
    t =    92.48s Checking existence of `"Sat Aug 1 — 32000 steps (today)" StaticText`
    t =    92.50s Find the "Sat Aug 1 — 32000 steps (today)" StaticText
    t =    92.57s Checking existence of `"Sat Aug 1 — 32000 steps (today)" StaticText`
    t =    92.59s Find the "Sat Aug 1 — 32000 steps (today)" StaticText
    t =    92.66s Checking existence of `"Sat Aug 1 — 32000 steps (today)" StaticText`
    t =    92.67s Find the "Sat Aug 1 — 32000 steps (today)" StaticText
    t =    92.75s Checking existence of `"Sat Aug 1 — 32000 steps (today)" StaticText`
    t =    92.76s Find the "Sat Aug 1 — 32000 steps (today)" StaticText
    t =    92.84s Checking existence of `"Sat Aug 1 — 32000 steps (today)" StaticText`
    t =    92.85s Find the "Sat Aug 1 — 32000 steps (today)" StaticText
    t =    92.93s Checking existence of `"Sat Aug 1 — 32000 steps (today)" StaticText`
    t =    92.94s Find the "Sat Aug 1 — 32000 steps (today)" StaticText
    t =    93.02s Checking existence of `"Sat Aug 1 — 32000 steps (today)" StaticText`
    t =    93.03s Find the "Sat Aug 1 — 32000 steps (today)" StaticText
    t =    93.11s Checking existence of `"Sat Aug 1 — 32000 steps (today)" StaticText`
    t =    93.12s Find the "Sat Aug 1 — 32000 steps (today)" StaticText
    t =    93.20s Checking existence of `"Sat Aug 1 — 32000 steps (today)" StaticText`
    t =    93.21s Find the "Sat Aug 1 — 32000 steps (today)" StaticText
    t =    93.29s Checking existence of `"Sat Aug 1 — 32000 steps (today)" StaticText`
    t =    93.30s Find the "Sat Aug 1 — 32000 steps (today)" StaticText
    t =    93.38s Checking existence of `"Sat Aug 1 — 32000 steps (today)" StaticText`
    t =    93.39s Find the "Sat Aug 1 — 32000 steps (today)" StaticText
    t =    93.46s Checking existence of `"Sat Aug 1 — 32000 steps (today)" StaticText`
    t =    93.48s Find the "Sat Aug 1 — 32000 steps (today)" StaticText
    t =    93.55s Checking existence of `"Sat Aug 1 — 32000 steps (today)" StaticText`
    t =    93.57s Find the "Sat Aug 1 — 32000 steps (today)" StaticText
    t =    93.64s Checking existence of `"Sat Aug 1 — 32000 steps (today)" StaticText`
    t =    93.66s Find the "Sat Aug 1 — 32000 steps (today)" StaticText
    t =    93.73s Checking existence of `"Sat Aug 1 — 32000 steps (today)" StaticText`
    t =    93.75s Find the "Sat Aug 1 — 32000 steps (today)" StaticText
    t =    93.82s Checking existence of `"Sat Aug 1 — 32000 steps (today)" StaticText`
    t =    93.84s Find the "Sat Aug 1 — 32000 steps (today)" StaticText
    t =    93.91s Checking existence of `"Sat Aug 1 — 32000 steps (today)" StaticText`
    t =    93.93s Find the "Sat Aug 1 — 32000 steps (today)" StaticText
    t =    93.99s Checking existence of `"Sat Aug 1 — 32000 steps (today)" StaticText`
    t =    94.01s Find the "Sat Aug 1 — 32000 steps (today)" StaticText
    t =    94.07s Checking existence of `"Sat Aug 1 — 32000 steps (today)" StaticText`
    t =    94.09s Find the "Sat Aug 1 — 32000 steps (today)" StaticText
    t =    94.16s Checking existence of `"Sat Aug 1 — 32000 steps (today)" StaticText`
    t =    94.18s Find the "Sat Aug 1 — 32000 steps (today)" StaticText
    t =    94.25s Checking existence of `"Sat Aug 1 — 32000 steps (today)" StaticText`
    t =    94.26s Find the "Sat Aug 1 — 32000 steps (today)" StaticText
    t =    94.34s Checking existence of `"Sat Aug 1 — 32000 steps (today)" StaticText`
    t =    94.35s Find the "Sat Aug 1 — 32000 steps (today)" StaticText
    t =    94.43s Checking existence of `"Sat Aug 1 — 32000 steps (today)" StaticText`
    t =    94.44s Find the "Sat Aug 1 — 32000 steps (today)" StaticText
    t =    94.52s Checking existence of `"Sat Aug 1 — 32000 steps (today)" StaticText`
    t =    94.53s Find the "Sat Aug 1 — 32000 steps (today)" StaticText
    t =    94.61s Checking existence of `"Sat Aug 1 — 32000 steps (today)" StaticText`
    t =    94.62s Find the "Sat Aug 1 — 32000 steps (today)" StaticText
    t =    94.70s Checking existence of `"Sat Aug 1 — 32000 steps (today)" StaticText`
    t =    94.71s Find the "Sat Aug 1 — 32000 steps (today)" StaticText
    t =    94.79s Checking existence of `"Sat Aug 1 — 32000 steps (today)" StaticText`
    t =    94.80s Find the "Sat Aug 1 — 32000 steps (today)" StaticText
    t =    94.88s Checking existence of `"Sat Aug 1 — 32000 steps (today)" StaticText`
    t =    94.89s Find the "Sat Aug 1 — 32000 steps (today)" StaticText
    t =    94.97s Checking existence of `"Sat Aug 1 — 32000 steps (today)" StaticText`
    t =    94.98s Find the "Sat Aug 1 — 32000 steps (today)" StaticText
    t =    95.06s Checking existence of `"Sat Aug 1 — 32000 steps (today)" StaticText`
    t =    95.07s Find the "Sat Aug 1 — 32000 steps (today)" StaticText
    t =    95.15s Checking existence of `"Sat Aug 1 — 32000 steps (today)" StaticText`
    t =    95.16s Find the "Sat Aug 1 — 32000 steps (today)" StaticText
    t =    95.24s Checking existence of `"Sat Aug 1 — 32000 steps (today)" StaticText`
    t =    95.25s Find the "Sat Aug 1 — 32000 steps (today)" StaticText
    t =    95.33s Checking existence of `"Sat Aug 1 — 32000 steps (today)" StaticText`
    t =    95.34s Find the "Sat Aug 1 — 32000 steps (today)" StaticText
    t =    95.42s Checking existence of `"Sat Aug 1 — 32000 steps (today)" StaticText`
    t =    95.43s Find the "Sat Aug 1 — 32000 steps (today)" StaticText
    t =    95.51s Checking existence of `"Sat Aug 1 — 32000 steps (today)" StaticText`
    t =    95.52s Find the "Sat Aug 1 — 32000 steps (today)" StaticText
    t =    95.60s Checking existence of `"Sat Aug 1 — 32000 steps (today)" StaticText`
    t =    95.61s Find the "Sat Aug 1 — 32000 steps (today)" StaticText
    t =    95.69s Checking existence of `"Sat Aug 1 — 32000 steps (today)" StaticText`
    t =    95.70s Find the "Sat Aug 1 — 32000 steps (today)" StaticText
    t =    95.78s Checking existence of `"Sat Aug 1 — 32000 steps (today)" StaticText`
    t =    95.79s Find the "Sat Aug 1 — 32000 steps (today)" StaticText
    t =    95.87s Checking existence of `"Sat Aug 1 — 32000 steps (today)" StaticText`
    t =    95.88s Find the "Sat Aug 1 — 32000 steps (today)" StaticText
    t =    95.96s Checking existence of `"Sat Aug 1 — 32000 steps (today)" StaticText`
    t =    95.97s Find the "Sat Aug 1 — 32000 steps (today)" StaticText
    t =    96.05s Checking existence of `"Sat Aug 1 — 32000 steps (today)" StaticText`
    t =    96.06s Find the "Sat Aug 1 — 32000 steps (today)" StaticText
    t =    96.13s Checking existence of `"Sat Aug 1 — 32000 steps (today)" StaticText`
    t =    96.15s Find the "Sat Aug 1 — 32000 steps (today)" StaticText
    t =    96.22s Checking existence of `"Sat Aug 1 — 32000 steps (today)" StaticText`
    t =    96.24s Find the "Sat Aug 1 — 32000 steps (today)" StaticText
    t =    96.31s Checking existence of `"Sat Aug 1 — 32000 steps (today)" StaticText`
    t =    96.33s Find the "Sat Aug 1 — 32000 steps (today)" StaticText
    t =    96.40s Checking existence of `"Sat Aug 1 — 32000 steps (today)" StaticText`
    t =    96.42s Find the "Sat Aug 1 — 32000 steps (today)" StaticText
    t =    96.49s Checking existence of `"Sat Aug 1 — 32000 steps (today)" StaticText`
    t =    96.51s Find the "Sat Aug 1 — 32000 steps (today)" StaticText
    t =    96.58s Checking existence of `"Sat Aug 1 — 32000 steps (today)" StaticText`
    t =    96.60s Find the "Sat Aug 1 — 32000 steps (today)" StaticText
    t =    96.67s Checking existence of `"Sat Aug 1 — 32000 steps (today)" StaticText`
    t =    96.69s Find the "Sat Aug 1 — 32000 steps (today)" StaticText
    t =    96.76s Checking existence of `"Sat Aug 1 — 32000 steps (today)" StaticText`
    t =    96.77s Find the "Sat Aug 1 — 32000 steps (today)" StaticText
    t =    96.85s Checking existence of `"Sat Aug 1 — 32000 steps (today)" StaticText`
    t =    96.86s Find the "Sat Aug 1 — 32000 steps (today)" StaticText
    t =    96.94s Checking existence of `"Sat Aug 1 — 32000 steps (today)" StaticText`
    t =    96.95s Find the "Sat Aug 1 — 32000 steps (today)" StaticText
    t =    97.03s Checking existence of `"Sat Aug 1 — 32000 steps (today)" StaticText`
    t =    97.04s Find the "Sat Aug 1 — 32000 steps (today)" StaticText
    t =    97.12s Checking existence of `"Sat Aug 1 — 32000 steps (today)" StaticText`
    t =    97.13s Find the "Sat Aug 1 — 32000 steps (today)" StaticText
    t =    97.20s Checking existence of `"Sat Aug 1 — 32000 steps (today)" StaticText`
    t =    97.22s Find the "Sat Aug 1 — 32000 steps (today)" StaticText
    t =    97.29s Checking existence of `"Sat Aug 1 — 32000 steps (today)" StaticText`
    t =    97.31s Find the "Sat Aug 1 — 32000 steps (today)" StaticText
    t =    97.38s Checking existence of `"Sat Aug 1 — 32000 steps (today)" StaticText`
    t =    97.39s Find the "Sat Aug 1 — 32000 steps (today)" StaticText
    t =    97.47s Checking existence of `"Sat Aug 1 — 32000 steps (today)" StaticText`
    t =    97.48s Find the "Sat Aug 1 — 32000 steps (today)" StaticText
    t =    97.56s Checking existence of `"Sat Aug 1 — 32000 steps (today)" StaticText`
    t =    97.57s Find the "Sat Aug 1 — 32000 steps (today)" StaticText
    t =    97.65s Checking existence of `"Sat Aug 1 — 32000 steps (today)" StaticText`
    t =    97.66s Find the "Sat Aug 1 — 32000 steps (today)" StaticText
    t =    97.74s Checking existence of `"Sat Aug 1 — 32000 steps (today)" StaticText`
    t =    97.75s Find the "Sat Aug 1 — 32000 steps (today)" StaticText
    t =    97.83s Checking existence of `"Sat Aug 1 — 32000 steps (today)" StaticText`
    t =    97.84s Find the "Sat Aug 1 — 32000 steps (today)" StaticText
    t =    97.92s Checking existence of `"Sat Aug 1 — 32000 steps (today)" StaticText`
    t =    97.93s Find the "Sat Aug 1 — 32000 steps (today)" StaticText
    t =    98.01s Checking existence of `"Sat Aug 1 — 32000 steps (today)" StaticText`
    t =    98.02s Find the "Sat Aug 1 — 32000 steps (today)" StaticText
    t =    98.10s Checking existence of `"Sat Aug 1 — 32000 steps (today)" StaticText`
    t =    98.11s Find the "Sat Aug 1 — 32000 steps (today)" StaticText
    t =    98.19s Checking existence of `"Sat Aug 1 — 32000 steps (today)" StaticText`
    t =    98.20s Find the "Sat Aug 1 — 32000 steps (today)" StaticText
    t =    98.28s Checking existence of `"Sat Aug 1 — 32000 steps (today)" StaticText`
    t =    98.29s Find the "Sat Aug 1 — 32000 steps (today)" StaticText
    t =    98.37s Checking existence of `"Sat Aug 1 — 32000 steps (today)" StaticText`
    t =    98.38s Find the "Sat Aug 1 — 32000 steps (today)" StaticText
    t =    98.46s Checking existence of `"Sat Aug 1 — 32000 steps (today)" StaticText`
    t =    98.47s Find the "Sat Aug 1 — 32000 steps (today)" StaticText
    t =    98.54s Checking existence of `"Sat Aug 1 — 32000 steps (today)" StaticText`
    t =    98.55s Find the "Sat Aug 1 — 32000 steps (today)" StaticText
    t =    98.62s Checking existence of `"Sat Aug 1 — 32000 steps (today)" StaticText`
    t =    98.64s Find the "Sat Aug 1 — 32000 steps (today)" StaticText
    t =    98.71s Checking existence of `"Sat Aug 1 — 32000 steps (today)" StaticText`
    t =    98.73s Find the "Sat Aug 1 — 32000 steps (today)" StaticText
    t =    98.80s Checking existence of `"Sat Aug 1 — 32000 steps (today)" StaticText`
    t =    98.82s Find the "Sat Aug 1 — 32000 steps (today)" StaticText
    t =    98.89s Checking existence of `"Sat Aug 1 — 32000 steps (today)" StaticText`
    t =    98.91s Find the "Sat Aug 1 — 32000 steps (today)" StaticText
    t =    98.98s Checking existence of `"Sat Aug 1 — 32000 steps (today)" StaticText`
    t =    99.00s Find the "Sat Aug 1 — 32000 steps (today)" StaticText
    t =    99.07s Checking existence of `"Sat Aug 1 — 32000 steps (today)" StaticText`
    t =    99.08s Find the "Sat Aug 1 — 32000 steps (today)" StaticText
    t =    99.15s Checking existence of `"Sat Aug 1 — 32000 steps (today)" StaticText`
    t =    99.17s Find the "Sat Aug 1 — 32000 steps (today)" StaticText
    t =    99.24s Checking existence of `"Sat Aug 1 — 32000 steps (today)" StaticText`
    t =    99.26s Find the "Sat Aug 1 — 32000 steps (today)" StaticText
    t =    99.33s Checking existence of `"Sat Aug 1 — 32000 steps (today)" StaticText`
    t =    99.35s Find the "Sat Aug 1 — 32000 steps (today)" StaticText
    t =    99.42s Checking existence of `"Sat Aug 1 — 32000 steps (today)" StaticText`
    t =    99.43s Find the "Sat Aug 1 — 32000 steps (today)" StaticText
    t =    99.51s Checking existence of `"Sat Aug 1 — 32000 steps (today)" StaticText`
    t =    99.52s Find the "Sat Aug 1 — 32000 steps (today)" StaticText
    t =    99.60s Checking existence of `"Sat Aug 1 — 32000 steps (today)" StaticText`
    t =    99.61s Find the "Sat Aug 1 — 32000 steps (today)" StaticText
    t =    99.69s Checking existence of `"Sat Aug 1 — 32000 steps (today)" StaticText`
    t =    99.70s Find the "Sat Aug 1 — 32000 steps (today)" StaticText
    t =    99.78s Checking existence of `"Sat Aug 1 — 32000 steps (today)" StaticText`
    t =    99.79s Find the "Sat Aug 1 — 32000 steps (today)" StaticText
    t =    99.87s Checking existence of `"Sat Aug 1 — 32000 steps (today)" StaticText`
    t =    99.88s Find the "Sat Aug 1 — 32000 steps (today)" StaticText
    t =    99.96s Checking existence of `"Sat Aug 1 — 32000 steps (today)" StaticText`
    t =    99.97s Find the "Sat Aug 1 — 32000 steps (today)" StaticText
    t =   100.05s Checking existence of `"Sat Aug 1 — 32000 steps (today)" StaticText`
    t =   100.06s Find the "Sat Aug 1 — 32000 steps (today)" StaticText
    t =   100.13s Checking existence of `"Sat Aug 1 — 32000 steps (today)" StaticText`
    t =   100.15s Find the "Sat Aug 1 — 32000 steps (today)" StaticText
    t =   100.22s Checking existence of `"Sat Aug 1 — 32000 steps (today)" StaticText`
    t =   100.23s Find the "Sat Aug 1 — 32000 steps (today)" StaticText
    t =   100.31s Checking existence of `"Sat Aug 1 — 32000 steps (today)" StaticText`
    t =   100.32s Find the "Sat Aug 1 — 32000 steps (today)" StaticText
    t =   100.40s Checking existence of `"Sat Aug 1 — 32000 steps (today)" StaticText`
    t =   100.41s Find the "Sat Aug 1 — 32000 steps (today)" StaticText
    t =   100.49s Checking existence of `"Sat Aug 1 — 32000 steps (today)" StaticText`
    t =   100.50s Find the "Sat Aug 1 — 32000 steps (today)" StaticText
    t =   100.58s Checking existence of `"Sat Aug 1 — 32000 steps (today)" StaticText`
    t =   100.59s Find the "Sat Aug 1 — 32000 steps (today)" StaticText
    t =   100.67s Checking existence of `"Sat Aug 1 — 32000 steps (today)" StaticText`
    t =   100.68s Find the "Sat Aug 1 — 32000 steps (today)" StaticText
    t =   100.75s Checking existence of `"Sat Aug 1 — 32000 steps (today)" StaticText`
    t =   100.77s Find the "Sat Aug 1 — 32000 steps (today)" StaticText
    t =   100.84s Checking existence of `"Sat Aug 1 — 32000 steps (today)" StaticText`
    t =   100.86s Find the "Sat Aug 1 — 32000 steps (today)" StaticText
    t =   100.93s Checking existence of `"Sat Aug 1 — 32000 steps (today)" StaticText`
    t =   100.95s Find the "Sat Aug 1 — 32000 steps (today)" StaticText
    t =   101.02s Checking existence of `"Sat Aug 1 — 32000 steps (today)" StaticText`
    t =   101.04s Find the "Sat Aug 1 — 32000 steps (today)" StaticText
    t =   101.11s Checking existence of `"Sat Aug 1 — 32000 steps (today)" StaticText`
    t =   101.12s Find the "Sat Aug 1 — 32000 steps (today)" StaticText
    t =   101.20s Checking existence of `"Sat Aug 1 — 32000 steps (today)" StaticText`
    t =   101.21s Find the "Sat Aug 1 — 32000 steps (today)" StaticText
STEP[101s]: iter 1: go home
    t =   101.28s Checking existence of `"Transcribe" Button`
    t =   101.30s Checking existence of `"Health" Button`
    t =   101.31s Checking existence of `Any (First Match)`
    t =   101.33s Checking existence of `Button (Element at index 0)`
    t =   101.34s Find the Button (Element at index 0)
STEP[101s]: goHome: tapping candidate 0
    t =   101.36s Tap "BackButton" Button
    t =   101.36s     Wait for org.nativescript.nsbenchmark to idle
    t =   101.36s     Find the "BackButton" Button
    t =   101.38s     Check for interrupting elements affecting "BackButton" Button
    t =   101.39s     Synthesize event
    t =   101.69s     Wait for org.nativescript.nsbenchmark to idle
    t =   102.51s Checking existence of `"Transcribe" Button`
    t =   102.53s Waiting 3.0s for "Transcribe" Button to exist
    t =   103.58s     Checking `Expect predicate `existsNoRetry == 1` for object "Transcribe" Button`
    t =   103.59s         Checking existence of `"Transcribe" Button`
STEP[103s]: iter 1: nav Transcribe
    t =   103.60s Checking existence of `"Transcribe" Button`
    t =   103.61s Tap "Transcribe" Button
    t =   103.61s     Wait for org.nativescript.nsbenchmark to idle
    t =   103.61s     Find the "Transcribe" Button
    t =   103.62s     Check for interrupting elements affecting "Transcribe" Button
    t =   103.63s     Synthesize event
    t =   103.92s     Wait for org.nativescript.nsbenchmark to idle
    t =   104.25s Waiting 10.0s for Any (First Match) to exist
    t =   105.31s     Checking `Expect predicate `existsNoRetry == 1` for object Any (First Match)`
    t =   105.31s         Checking existence of `Any (First Match)`
    t =   105.34s Checking existence of `Any (First Match)`
    t =   105.35s Find the Any (First Match)
    t =   105.37s Checking existence of `"Speech access: granted" StaticText`
    t =   105.38s Find the "Speech access: granted" StaticText
    t =   105.39s Checking existence of `"Transcribe Sample" Button`
    t =   105.40s Checking existence of `"Transcribe Sample" Button`
    t =   105.41s Find the "Transcribe Sample" Button
STEP[105s]: iter 1: transcribe
    t =   105.42s Tap "Transcribe Sample" Button
    t =   105.42s     Wait for org.nativescript.nsbenchmark to idle
    t =   105.42s     Find the "Transcribe Sample" Button
    t =   105.43s     Check for interrupting elements affecting "Transcribe Sample" Button
    t =   105.45s     Synthesize event
    t =   105.74s     Wait for org.nativescript.nsbenchmark to idle
    t =   105.74s Waiting 45.0s for Any (First Match) to exist
    t =   106.78s     Checking `Expect predicate `existsNoRetry == 1` for object Any (First Match)`
    t =   106.79s         Checking existence of `Any (First Match)`
    t =   106.82s         Capturing element debug description
    t =   107.76s     Checking `Expect predicate `existsNoRetry == 1` for object Any (First Match)`
    t =   107.76s         Checking existence of `Any (First Match)`
    t =   107.79s         Capturing element debug description
    t =   108.83s     Checking `Expect predicate `existsNoRetry == 1` for object Any (First Match)`
    t =   108.83s         Checking existence of `Any (First Match)`
    t =   108.87s         Capturing element debug description
    t =   109.78s     Checking `Expect predicate `existsNoRetry == 1` for object Any (First Match)`
    t =   109.79s         Checking existence of `Any (First Match)`
    t =   109.81s         Capturing element debug description
    t =   110.74s     Checking `Expect predicate `existsNoRetry == 1` for object Any (First Match)`
    t =   110.74s         Checking existence of `Any (First Match)`
    t =   110.77s         Capturing element debug description
    t =   111.78s     Checking `Expect predicate `existsNoRetry == 1` for object Any (First Match)`
    t =   111.78s         Checking existence of `Any (First Match)`
    t =   111.81s         Capturing element debug description
    t =   112.75s     Checking `Expect predicate `existsNoRetry == 1` for object Any (First Match)`
    t =   112.75s         Checking existence of `Any (First Match)`
    t =   112.78s         Capturing element debug description
    t =   113.81s     Checking `Expect predicate `existsNoRetry == 1` for object Any (First Match)`
    t =   113.82s         Checking existence of `Any (First Match)`
    t =   113.84s         Capturing element debug description
    t =   114.79s     Checking `Expect predicate `existsNoRetry == 1` for object Any (First Match)`
    t =   114.79s         Checking existence of `Any (First Match)`
    t =   114.82s         Capturing element debug description
    t =   115.75s     Checking `Expect predicate `existsNoRetry == 1` for object Any (First Match)`
    t =   115.75s         Checking existence of `Any (First Match)`
    t =   115.78s         Capturing element debug description
    t =   116.79s     Checking `Expect predicate `existsNoRetry == 1` for object Any (First Match)`
    t =   116.79s         Checking existence of `Any (First Match)`
    t =   116.82s         Capturing element debug description
    t =   117.74s     Checking `Expect predicate `existsNoRetry == 1` for object Any (First Match)`
    t =   117.75s         Checking existence of `Any (First Match)`
    t =   117.78s         Capturing element debug description
    t =   118.81s     Checking `Expect predicate `existsNoRetry == 1` for object Any (First Match)`
    t =   118.81s         Checking existence of `Any (First Match)`
    t =   118.84s         Capturing element debug description
    t =   119.76s     Checking `Expect predicate `existsNoRetry == 1` for object Any (First Match)`
    t =   119.76s         Checking existence of `Any (First Match)`
    t =   119.79s         Capturing element debug description
    t =   120.78s     Checking `Expect predicate `existsNoRetry == 1` for object Any (First Match)`
    t =   120.79s         Checking existence of `Any (First Match)`
    t =   120.81s         Capturing element debug description
    t =   121.74s     Checking `Expect predicate `existsNoRetry == 1` for object Any (First Match)`
    t =   121.75s         Checking existence of `Any (First Match)`
    t =   121.76s         Capturing element debug description
    t =   122.77s     Checking `Expect predicate `existsNoRetry == 1` for object Any (First Match)`
    t =   122.77s         Checking existence of `Any (First Match)`
    t =   122.79s         Capturing element debug description
    t =   123.80s     Checking `Expect predicate `existsNoRetry == 1` for object Any (First Match)`
    t =   123.80s         Checking existence of `Any (First Match)`
    t =   123.83s         Capturing element debug description
    t =   124.75s     Checking `Expect predicate `existsNoRetry == 1` for object Any (First Match)`
    t =   124.75s         Checking existence of `Any (First Match)`
    t =   124.78s         Capturing element debug description
    t =   125.78s     Checking `Expect predicate `existsNoRetry == 1` for object Any (First Match)`
    t =   125.79s         Checking existence of `Any (First Match)`
    t =   125.82s         Capturing element debug description
    t =   126.84s     Checking `Expect predicate `existsNoRetry == 1` for object Any (First Match)`
    t =   126.84s         Checking existence of `Any (First Match)`
    t =   126.87s         Capturing element debug description
    t =   127.79s     Checking `Expect predicate `existsNoRetry == 1` for object Any (First Match)`
    t =   127.79s         Checking existence of `Any (First Match)`
    t =   127.82s         Capturing element debug description
    t =   128.83s     Checking `Expect predicate `existsNoRetry == 1` for object Any (First Match)`
    t =   128.83s         Checking existence of `Any (First Match)`
    t =   128.86s         Capturing element debug description
    t =   129.75s     Checking `Expect predicate `existsNoRetry == 1` for object Any (First Match)`
    t =   129.75s         Checking existence of `Any (First Match)`
    t =   129.79s         Capturing element debug description
    t =   130.80s     Checking `Expect predicate `existsNoRetry == 1` for object Any (First Match)`
    t =   130.80s         Checking existence of `Any (First Match)`
    t =   130.82s         Capturing element debug description
    t =   131.75s     Checking `Expect predicate `existsNoRetry == 1` for object Any (First Match)`
    t =   131.75s         Checking existence of `Any (First Match)`
    t =   131.77s         Capturing element debug description
    t =   132.80s     Checking `Expect predicate `existsNoRetry == 1` for object Any (First Match)`
    t =   132.80s         Checking existence of `Any (First Match)`
    t =   132.83s         Capturing element debug description
    t =   133.76s     Checking `Expect predicate `existsNoRetry == 1` for object Any (First Match)`
    t =   133.76s         Checking existence of `Any (First Match)`
    t =   133.79s         Capturing element debug description
    t =   134.82s     Checking `Expect predicate `existsNoRetry == 1` for object Any (First Match)`
    t =   134.82s         Checking existence of `Any (First Match)`
    t =   134.85s         Capturing element debug description
    t =   135.77s     Checking `Expect predicate `existsNoRetry == 1` for object Any (First Match)`
    t =   135.77s         Checking existence of `Any (First Match)`
    t =   135.80s         Capturing element debug description
    t =   136.75s     Checking `Expect predicate `existsNoRetry == 1` for object Any (First Match)`
    t =   136.75s         Checking existence of `Any (First Match)`
    t =   136.78s         Capturing element debug description
    t =   137.81s     Checking `Expect predicate `existsNoRetry == 1` for object Any (First Match)`
    t =   137.82s         Checking existence of `Any (First Match)`
    t =   137.85s         Capturing element debug description
    t =   138.78s     Checking `Expect predicate `existsNoRetry == 1` for object Any (First Match)`
    t =   138.79s         Checking existence of `Any (First Match)`
    t =   138.82s         Capturing element debug description
    t =   139.75s     Checking `Expect predicate `existsNoRetry == 1` for object Any (First Match)`
    t =   139.75s         Checking existence of `Any (First Match)`
    t =   139.78s         Capturing element debug description
    t =   140.80s     Checking `Expect predicate `existsNoRetry == 1` for object Any (First Match)`
    t =   140.80s         Checking existence of `Any (First Match)`
    t =   140.83s         Capturing element debug description
    t =   141.76s     Checking `Expect predicate `existsNoRetry == 1` for object Any (First Match)`
    t =   141.76s         Checking existence of `Any (First Match)`
    t =   141.79s         Capturing element debug description
    t =   142.82s     Checking `Expect predicate `existsNoRetry == 1` for object Any (First Match)`
    t =   142.82s         Checking existence of `Any (First Match)`
    t =   142.85s         Capturing element debug description
    t =   143.76s     Checking `Expect predicate `existsNoRetry == 1` for object Any (First Match)`
    t =   143.76s         Checking existence of `Any (First Match)`
    t =   143.79s         Capturing element debug description
    t =   144.79s     Checking `Expect predicate `existsNoRetry == 1` for object Any (First Match)`
    t =   144.79s         Checking existence of `Any (First Match)`
    t =   144.82s         Capturing element debug description
    t =   145.75s     Checking `Expect predicate `existsNoRetry == 1` for object Any (First Match)`
    t =   145.75s         Checking existence of `Any (First Match)`
    t =   145.78s         Capturing element debug description
    t =   146.83s     Checking `Expect predicate `existsNoRetry == 1` for object Any (First Match)`
    t =   146.83s         Checking existence of `Any (First Match)`
    t =   146.86s         Capturing element debug description
    t =   147.80s     Checking `Expect predicate `existsNoRetry == 1` for object Any (First Match)`
    t =   147.80s         Checking existence of `Any (First Match)`
    t =   147.83s         Capturing element debug description
    t =   148.76s     Checking `Expect predicate `existsNoRetry == 1` for object Any (First Match)`
    t =   148.76s         Checking existence of `Any (First Match)`
    t =   148.79s         Capturing element debug description
    t =   149.82s     Checking `Expect predicate `existsNoRetry == 1` for object Any (First Match)`
    t =   149.82s         Checking existence of `Any (First Match)`
    t =   149.85s         Capturing element debug description
    t =   150.74s     Checking `Expect predicate `existsNoRetry == 1` for object Any (First Match)`
    t =   150.74s         Checking existence of `Any (First Match)`
    t =   150.77s         Capturing element debug description
    t =   150.77s     Checking existence of `Any (First Match)`
    t =   150.79s Collecting debug information to assist test failure triage
    t =   150.79s     Requesting snapshot of accessibility hierarchy for app with pid 46648
    t =   150.82s Checking existence of `Any (First Match)`
    t =   150.83s Checking existence of `Any (First Match)`
    t =   150.84s Checking existence of `Any (First Match)`
    t =   150.85s Find the Any (First Match)
STEP[150s]: iter 1: done
    t =   150.86s Terminate org.nativescript.nsbenchmark:46648
STEP[151s]: iter 2: launch org.nativescript.nsbenchmark
    t =   151.91s Open org.nativescript.nsbenchmark
    t =   151.91s     Launch org.nativescript.nsbenchmark
    t =   152.02s         Setting up automation session
    t =   152.62s         Wait for org.nativescript.nsbenchmark to idle
    t =   153.77s Checking existence of `"Health" Button`
    t =   153.80s Waiting 20.0s for "Health" Button to exist
    t =   154.85s     Checking `Expect predicate `existsNoRetry == 1` for object "Health" Button`
    t =   154.85s         Checking existence of `"Health" Button`
STEP[154s]: iter 2: nav Health
    t =   154.87s Checking existence of `"Health" Button`
    t =   154.88s Tap "Health" Button
    t =   154.88s     Wait for org.nativescript.nsbenchmark to idle
    t =   154.88s     Find the "Health" Button
    t =   154.89s     Check for interrupting elements affecting "Health" Button
    t =   154.90s     Synthesize event
    t =   155.19s     Wait for org.nativescript.nsbenchmark to idle
    t =   155.57s Waiting 10.0s for Any (First Match) to exist
    t =   156.62s     Checking `Expect predicate `existsNoRetry == 1` for object Any (First Match)`
    t =   156.62s         Checking existence of `Any (First Match)`
    t =   156.65s Checking existence of `Any (First Match)`
    t =   156.67s Find the Any (First Match)
    t =   156.68s Checking existence of `"Health access: granted" StaticText`
    t =   156.69s Find the "Health access: granted" StaticText
    t =   156.70s Waiting 15.0s for Any (First Match) to exist
    t =   157.74s     Checking `Expect predicate `existsNoRetry == 1` for object Any (First Match)`
    t =   157.74s         Checking existence of `Any (First Match)`
    t =   157.77s Checking existence of `Any (First Match)`
    t =   157.78s Find the Any (First Match)
    t =   157.80s Checking existence of `"Log 500 Steps" Button`
    t =   157.81s Checking existence of `"Log 500 Steps" Button`
    t =   157.82s Find the "Log 500 Steps" Button
STEP[157s]: iter 2: log 500
    t =   157.84s Tap "Log 500 Steps" Button
    t =   157.84s     Wait for org.nativescript.nsbenchmark to idle
    t =   157.84s     Find the "Log 500 Steps" Button
    t =   157.85s     Check for interrupting elements affecting "Log 500 Steps" Button
    t =   157.86s     Synthesize event
    t =   158.16s     Wait for org.nativescript.nsbenchmark to idle
    t =   158.17s Checking existence of `"Sat Aug 1 — 32000 steps (today)" StaticText`
    t =   158.19s Find the "Sat Aug 1 — 32000 steps (today)" StaticText
    t =   158.27s Checking existence of `"Sat Aug 1 — 32000 steps (today)" StaticText`
    t =   158.28s Find the "Sat Aug 1 — 32000 steps (today)" StaticText
    t =   158.36s Checking existence of `"Sat Aug 1 — 32000 steps (today)" StaticText`
    t =   158.38s Find the "Sat Aug 1 — 32000 steps (today)" StaticText
    t =   158.45s Checking existence of `"Sat Aug 1 — 32000 steps (today)" StaticText`
    t =   158.46s Find the "Sat Aug 1 — 32000 steps (today)" StaticText
    t =   158.54s Checking existence of `"Sat Aug 1 — 32000 steps (today)" StaticText`
    t =   158.55s Find the "Sat Aug 1 — 32000 steps (today)" StaticText
    t =   158.63s Checking existence of `"Sat Aug 1 — 32000 steps (today)" StaticText`
    t =   158.64s Find the "Sat Aug 1 — 32000 steps (today)" StaticText
    t =   158.72s Checking existence of `"Sat Aug 1 — 32000 steps (today)" StaticText`
    t =   158.73s Find the "Sat Aug 1 — 32000 steps (today)" StaticText
    t =   158.81s Checking existence of `"Sat Aug 1 — 32000 steps (today)" StaticText`
    t =   158.82s Find the "Sat Aug 1 — 32000 steps (today)" StaticText
    t =   158.90s Checking existence of `"Sat Aug 1 — 32000 steps (today)" StaticText`
    t =   158.91s Find the "Sat Aug 1 — 32000 steps (today)" StaticText
    t =   158.99s Checking existence of `"Sat Aug 1 — 32000 steps (today)" StaticText`
    t =   159.00s Find the "Sat Aug 1 — 32000 steps (today)" StaticText
    t =   159.08s Checking existence of `"Sat Aug 1 — 32000 steps (today)" StaticText`
    t =   159.09s Find the "Sat Aug 1 — 32000 steps (today)" StaticText
    t =   159.17s Checking existence of `"Sat Aug 1 — 32000 steps (today)" StaticText`
    t =   159.18s Find the "Sat Aug 1 — 32000 steps (today)" StaticText
    t =   159.26s Checking existence of `"Sat Aug 1 — 32000 steps (today)" StaticText`
    t =   159.27s Find the "Sat Aug 1 — 32000 steps (today)" StaticText
    t =   159.35s Checking existence of `"Sat Aug 1 — 32000 steps (today)" StaticText`
    t =   159.36s Find the "Sat Aug 1 — 32000 steps (today)" StaticText
    t =   159.44s Checking existence of `"Sat Aug 1 — 32000 steps (today)" StaticText`
    t =   159.45s Find the "Sat Aug 1 — 32000 steps (today)" StaticText
    t =   159.53s Checking existence of `"Sat Aug 1 — 32000 steps (today)" StaticText`
    t =   159.54s Find the "Sat Aug 1 — 32000 steps (today)" StaticText
    t =   159.62s Checking existence of `"Sat Aug 1 — 32000 steps (today)" StaticText`
    t =   159.63s Find the "Sat Aug 1 — 32000 steps (today)" StaticText
    t =   159.71s Checking existence of `"Sat Aug 1 — 32000 steps (today)" StaticText`
    t =   159.72s Find the "Sat Aug 1 — 32000 steps (today)" StaticText
    t =   159.80s Checking existence of `"Sat Aug 1 — 32000 steps (today)" StaticText`
    t =   159.81s Find the "Sat Aug 1 — 32000 steps (today)" StaticText
    t =   159.88s Checking existence of `"Sat Aug 1 — 32000 steps (today)" StaticText`
    t =   159.90s Find the "Sat Aug 1 — 32000 steps (today)" StaticText
    t =   159.97s Checking existence of `"Sat Aug 1 — 32000 steps (today)" StaticText`
    t =   159.99s Find the "Sat Aug 1 — 32000 steps (today)" StaticText
    t =   160.06s Checking existence of `"Sat Aug 1 — 32000 steps (today)" StaticText`
    t =   160.08s Find the "Sat Aug 1 — 32000 steps (today)" StaticText
    t =   160.15s Checking existence of `"Sat Aug 1 — 32000 steps (today)" StaticText`
    t =   160.17s Find the "Sat Aug 1 — 32000 steps (today)" StaticText
    t =   160.24s Checking existence of `"Sat Aug 1 — 32000 steps (today)" StaticText`
    t =   160.26s Find the "Sat Aug 1 — 32000 steps (today)" StaticText
    t =   160.33s Checking existence of `"Sat Aug 1 — 32000 steps (today)" StaticText`
    t =   160.35s Find the "Sat Aug 1 — 32000 steps (today)" StaticText
    t =   160.42s Checking existence of `"Sat Aug 1 — 32000 steps (today)" StaticText`
    t =   160.44s Find the "Sat Aug 1 — 32000 steps (today)" StaticText
    t =   160.51s Checking existence of `"Sat Aug 1 — 32000 steps (today)" StaticText`
    t =   160.53s Find the "Sat Aug 1 — 32000 steps (today)" StaticText
    t =   160.60s Checking existence of `"Sat Aug 1 — 32000 steps (today)" StaticText`
    t =   160.61s Find the "Sat Aug 1 — 32000 steps (today)" StaticText
    t =   160.69s Checking existence of `"Sat Aug 1 — 32000 steps (today)" StaticText`
    t =   160.70s Find the "Sat Aug 1 — 32000 steps (today)" StaticText
    t =   160.78s Checking existence of `"Sat Aug 1 — 32000 steps (today)" StaticText`
    t =   160.79s Find the "Sat Aug 1 — 32000 steps (today)" StaticText
    t =   160.87s Checking existence of `"Sat Aug 1 — 32000 steps (today)" StaticText`
    t =   160.88s Find the "Sat Aug 1 — 32000 steps (today)" StaticText
    t =   160.96s Checking existence of `"Sat Aug 1 — 32000 steps (today)" StaticText`
    t =   160.97s Find the "Sat Aug 1 — 32000 steps (today)" StaticText
    t =   161.05s Checking existence of `"Sat Aug 1 — 32000 steps (today)" StaticText`
    t =   161.06s Find the "Sat Aug 1 — 32000 steps (today)" StaticText
    t =   161.14s Checking existence of `"Sat Aug 1 — 32000 steps (today)" StaticText`
    t =   161.15s Find the "Sat Aug 1 — 32000 steps (today)" StaticText
    t =   161.22s Checking existence of `"Sat Aug 1 — 32000 steps (today)" StaticText`
    t =   161.24s Find the "Sat Aug 1 — 32000 steps (today)" StaticText
    t =   161.31s Checking existence of `"Sat Aug 1 — 32000 steps (today)" StaticText`
    t =   161.33s Find the "Sat Aug 1 — 32000 steps (today)" StaticText
    t =   161.40s Checking existence of `"Sat Aug 1 — 32000 steps (today)" StaticText`
    t =   161.41s Find the "Sat Aug 1 — 32000 steps (today)" StaticText
    t =   161.49s Checking existence of `"Sat Aug 1 — 32000 steps (today)" StaticText`
    t =   161.50s Find the "Sat Aug 1 — 32000 steps (today)" StaticText
    t =   161.58s Checking existence of `"Sat Aug 1 — 32000 steps (today)" StaticText`
    t =   161.59s Find the "Sat Aug 1 — 32000 steps (today)" StaticText
    t =   161.67s Checking existence of `"Sat Aug 1 — 32000 steps (today)" StaticText`
    t =   161.68s Find the "Sat Aug 1 — 32000 steps (today)" StaticText
    t =   161.76s Checking existence of `"Sat Aug 1 — 32000 steps (today)" StaticText`
    t =   161.77s Find the "Sat Aug 1 — 32000 steps (today)" StaticText
    t =   161.85s Checking existence of `"Sat Aug 1 — 32000 steps (today)" StaticText`
    t =   161.86s Find the "Sat Aug 1 — 32000 steps (today)" StaticText
    t =   161.93s Checking existence of `"Sat Aug 1 — 32000 steps (today)" StaticText`
    t =   161.95s Find the "Sat Aug 1 — 32000 steps (today)" StaticText
    t =   162.02s Checking existence of `"Sat Aug 1 — 32000 steps (today)" StaticText`
    t =   162.04s Find the "Sat Aug 1 — 32000 steps (today)" StaticText
    t =   162.11s Checking existence of `"Sat Aug 1 — 32000 steps (today)" StaticText`
    t =   162.13s Find the "Sat Aug 1 — 32000 steps (today)" StaticText
    t =   162.20s Checking existence of `"Sat Aug 1 — 32000 steps (today)" StaticText`
    t =   162.22s Find the "Sat Aug 1 — 32000 steps (today)" StaticText
    t =   162.29s Checking existence of `"Sat Aug 1 — 32000 steps (today)" StaticText`
    t =   162.31s Find the "Sat Aug 1 — 32000 steps (today)" StaticText
    t =   162.38s Checking existence of `"Sat Aug 1 — 32000 steps (today)" StaticText`
    t =   162.39s Find the "Sat Aug 1 — 32000 steps (today)" StaticText
    t =   162.47s Checking existence of `"Sat Aug 1 — 32000 steps (today)" StaticText`
    t =   162.48s Find the "Sat Aug 1 — 32000 steps (today)" StaticText
    t =   162.55s Checking existence of `"Sat Aug 1 — 32000 steps (today)" StaticText`
    t =   162.56s Find the "Sat Aug 1 — 32000 steps (today)" StaticText
    t =   162.64s Checking existence of `"Sat Aug 1 — 32000 steps (today)" StaticText`
    t =   162.65s Find the "Sat Aug 1 — 32000 steps (today)" StaticText
    t =   162.72s Checking existence of `"Sat Aug 1 — 32000 steps (today)" StaticText`
    t =   162.73s Find the "Sat Aug 1 — 32000 steps (today)" StaticText
    t =   162.80s Checking existence of `"Sat Aug 1 — 32000 steps (today)" StaticText`
    t =   162.82s Find the "Sat Aug 1 — 32000 steps (today)" StaticText
    t =   162.89s Checking existence of `"Sat Aug 1 — 32000 steps (today)" StaticText`
    t =   162.91s Find the "Sat Aug 1 — 32000 steps (today)" StaticText
    t =   162.98s Checking existence of `"Sat Aug 1 — 32000 steps (today)" StaticText`
    t =   163.00s Find the "Sat Aug 1 — 32000 steps (today)" StaticText
    t =   163.07s Checking existence of `"Sat Aug 1 — 32000 steps (today)" StaticText`
    t =   163.09s Find the "Sat Aug 1 — 32000 steps (today)" StaticText
    t =   163.16s Checking existence of `"Sat Aug 1 — 32000 steps (today)" StaticText`
    t =   163.18s Find the "Sat Aug 1 — 32000 steps (today)" StaticText
    t =   163.25s Checking existence of `"Sat Aug 1 — 32000 steps (today)" StaticText`
    t =   163.26s Find the "Sat Aug 1 — 32000 steps (today)" StaticText
    t =   163.34s Checking existence of `"Sat Aug 1 — 32000 steps (today)" StaticText`
    t =   163.35s Find the "Sat Aug 1 — 32000 steps (today)" StaticText
    t =   163.43s Checking existence of `"Sat Aug 1 — 32000 steps (today)" StaticText`
    t =   163.44s Find the "Sat Aug 1 — 32000 steps (today)" StaticText
    t =   163.52s Checking existence of `"Sat Aug 1 — 32000 steps (today)" StaticText`
    t =   163.53s Find the "Sat Aug 1 — 32000 steps (today)" StaticText
    t =   163.61s Checking existence of `"Sat Aug 1 — 32000 steps (today)" StaticText`
    t =   163.62s Find the "Sat Aug 1 — 32000 steps (today)" StaticText
    t =   163.70s Checking existence of `"Sat Aug 1 — 32000 steps (today)" StaticText`
    t =   163.71s Find the "Sat Aug 1 — 32000 steps (today)" StaticText
    t =   163.79s Checking existence of `"Sat Aug 1 — 32000 steps (today)" StaticText`
    t =   163.80s Find the "Sat Aug 1 — 32000 steps (today)" StaticText
    t =   163.87s Checking existence of `"Sat Aug 1 — 32000 steps (today)" StaticText`
    t =   163.89s Find the "Sat Aug 1 — 32000 steps (today)" StaticText
    t =   163.96s Checking existence of `"Sat Aug 1 — 32000 steps (today)" StaticText`
    t =   163.98s Find the "Sat Aug 1 — 32000 steps (today)" StaticText
    t =   164.05s Checking existence of `"Sat Aug 1 — 32000 steps (today)" StaticText`
    t =   164.07s Find the "Sat Aug 1 — 32000 steps (today)" StaticText
    t =   164.14s Checking existence of `"Sat Aug 1 — 32000 steps (today)" StaticText`
    t =   164.15s Find the "Sat Aug 1 — 32000 steps (today)" StaticText
    t =   164.23s Checking existence of `"Sat Aug 1 — 32000 steps (today)" StaticText`
    t =   164.24s Find the "Sat Aug 1 — 32000 steps (today)" StaticText
    t =   164.32s Checking existence of `"Sat Aug 1 — 32000 steps (today)" StaticText`
    t =   164.33s Find the "Sat Aug 1 — 32000 steps (today)" StaticText
    t =   164.41s Checking existence of `"Sat Aug 1 — 32000 steps (today)" StaticText`
    t =   164.42s Find the "Sat Aug 1 — 32000 steps (today)" StaticText
    t =   164.50s Checking existence of `"Sat Aug 1 — 32000 steps (today)" StaticText`
    t =   164.51s Find the "Sat Aug 1 — 32000 steps (today)" StaticText
    t =   164.59s Checking existence of `"Sat Aug 1 — 32000 steps (today)" StaticText`
    t =   164.60s Find the "Sat Aug 1 — 32000 steps (today)" StaticText
    t =   164.68s Checking existence of `"Sat Aug 1 — 32000 steps (today)" StaticText`
    t =   164.69s Find the "Sat Aug 1 — 32000 steps (today)" StaticText
    t =   164.77s Checking existence of `"Sat Aug 1 — 32000 steps (today)" StaticText`
    t =   164.78s Find the "Sat Aug 1 — 32000 steps (today)" StaticText
    t =   164.86s Checking existence of `"Sat Aug 1 — 32000 steps (today)" StaticText`
    t =   164.87s Find the "Sat Aug 1 — 32000 steps (today)" StaticText
    t =   164.95s Checking existence of `"Sat Aug 1 — 32000 steps (today)" StaticText`
    t =   164.96s Find the "Sat Aug 1 — 32000 steps (today)" StaticText
    t =   165.04s Checking existence of `"Sat Aug 1 — 32000 steps (today)" StaticText`
    t =   165.05s Find the "Sat Aug 1 — 32000 steps (today)" StaticText
    t =   165.13s Checking existence of `"Sat Aug 1 — 32000 steps (today)" StaticText`
    t =   165.14s Find the "Sat Aug 1 — 32000 steps (today)" StaticText
    t =   165.22s Checking existence of `"Sat Aug 1 — 32000 steps (today)" StaticText`
    t =   165.23s Find the "Sat Aug 1 — 32000 steps (today)" StaticText
    t =   165.31s Checking existence of `"Sat Aug 1 — 32000 steps (today)" StaticText`
    t =   165.32s Find the "Sat Aug 1 — 32000 steps (today)" StaticText
    t =   165.39s Checking existence of `"Sat Aug 1 — 32000 steps (today)" StaticText`
    t =   165.40s Find the "Sat Aug 1 — 32000 steps (today)" StaticText
    t =   165.48s Checking existence of `"Sat Aug 1 — 32000 steps (today)" StaticText`
    t =   165.49s Find the "Sat Aug 1 — 32000 steps (today)" StaticText
    t =   165.57s Checking existence of `"Sat Aug 1 — 32000 steps (today)" StaticText`
    t =   165.58s Find the "Sat Aug 1 — 32000 steps (today)" StaticText
    t =   165.66s Checking existence of `"Sat Aug 1 — 32000 steps (today)" StaticText`
    t =   165.67s Find the "Sat Aug 1 — 32000 steps (today)" StaticText
    t =   165.74s Checking existence of `"Sat Aug 1 — 32000 steps (today)" StaticText`
    t =   165.75s Find the "Sat Aug 1 — 32000 steps (today)" StaticText
    t =   165.83s Checking existence of `"Sat Aug 1 — 32000 steps (today)" StaticText`
    t =   165.84s Find the "Sat Aug 1 — 32000 steps (today)" StaticText
    t =   165.92s Checking existence of `"Sat Aug 1 — 32000 steps (today)" StaticText`
    t =   165.93s Find the "Sat Aug 1 — 32000 steps (today)" StaticText
    t =   166.01s Checking existence of `"Sat Aug 1 — 32000 steps (today)" StaticText`
    t =   166.02s Find the "Sat Aug 1 — 32000 steps (today)" StaticText
    t =   166.10s Checking existence of `"Sat Aug 1 — 32000 steps (today)" StaticText`
    t =   166.11s Find the "Sat Aug 1 — 32000 steps (today)" StaticText
    t =   166.19s Checking existence of `"Sat Aug 1 — 32000 steps (today)" StaticText`
    t =   166.20s Find the "Sat Aug 1 — 32000 steps (today)" StaticText
    t =   166.28s Checking existence of `"Sat Aug 1 — 32000 steps (today)" StaticText`
    t =   166.29s Find the "Sat Aug 1 — 32000 steps (today)" StaticText
    t =   166.37s Checking existence of `"Sat Aug 1 — 32000 steps (today)" StaticText`
    t =   166.38s Find the "Sat Aug 1 — 32000 steps (today)" StaticText
    t =   166.46s Checking existence of `"Sat Aug 1 — 32000 steps (today)" StaticText`
    t =   166.47s Find the "Sat Aug 1 — 32000 steps (today)" StaticText
    t =   166.55s Checking existence of `"Sat Aug 1 — 32000 steps (today)" StaticText`
    t =   166.56s Find the "Sat Aug 1 — 32000 steps (today)" StaticText
    t =   166.64s Checking existence of `"Sat Aug 1 — 32000 steps (today)" StaticText`
    t =   166.65s Find the "Sat Aug 1 — 32000 steps (today)" StaticText
    t =   166.73s Checking existence of `"Sat Aug 1 — 32000 steps (today)" StaticText`
    t =   166.74s Find the "Sat Aug 1 — 32000 steps (today)" StaticText
    t =   166.82s Checking existence of `"Sat Aug 1 — 32000 steps (today)" StaticText`
    t =   166.83s Find the "Sat Aug 1 — 32000 steps (today)" StaticText
    t =   166.91s Checking existence of `"Sat Aug 1 — 32000 steps (today)" StaticText`
    t =   166.92s Find the "Sat Aug 1 — 32000 steps (today)" StaticText
    t =   167.00s Checking existence of `"Sat Aug 1 — 32000 steps (today)" StaticText`
    t =   167.01s Find the "Sat Aug 1 — 32000 steps (today)" StaticText
    t =   167.08s Checking existence of `"Sat Aug 1 — 32000 steps (today)" StaticText`
    t =   167.10s Find the "Sat Aug 1 — 32000 steps (today)" StaticText
    t =   167.17s Checking existence of `"Sat Aug 1 — 32000 steps (today)" StaticText`
    t =   167.19s Find the "Sat Aug 1 — 32000 steps (today)" StaticText
    t =   167.26s Checking existence of `"Sat Aug 1 — 32000 steps (today)" StaticText`
    t =   167.28s Find the "Sat Aug 1 — 32000 steps (today)" StaticText
    t =   167.35s Checking existence of `"Sat Aug 1 — 32000 steps (today)" StaticText`
    t =   167.37s Find the "Sat Aug 1 — 32000 steps (today)" StaticText
    t =   167.44s Checking existence of `"Sat Aug 1 — 32000 steps (today)" StaticText`
    t =   167.46s Find the "Sat Aug 1 — 32000 steps (today)" StaticText
    t =   167.53s Checking existence of `"Sat Aug 1 — 32000 steps (today)" StaticText`
    t =   167.55s Find the "Sat Aug 1 — 32000 steps (today)" StaticText
    t =   167.62s Checking existence of `"Sat Aug 1 — 32000 steps (today)" StaticText`
    t =   167.64s Find the "Sat Aug 1 — 32000 steps (today)" StaticText
    t =   167.71s Checking existence of `"Sat Aug 1 — 32000 steps (today)" StaticText`
    t =   167.73s Find the "Sat Aug 1 — 32000 steps (today)" StaticText
    t =   167.80s Checking existence of `"Sat Aug 1 — 32000 steps (today)" StaticText`
    t =   167.81s Find the "Sat Aug 1 — 32000 steps (today)" StaticText
    t =   167.89s Checking existence of `"Sat Aug 1 — 32000 steps (today)" StaticText`
    t =   167.90s Find the "Sat Aug 1 — 32000 steps (today)" StaticText
    t =   167.98s Checking existence of `"Sat Aug 1 — 32000 steps (today)" StaticText`
    t =   167.99s Find the "Sat Aug 1 — 32000 steps (today)" StaticText
    t =   168.07s Checking existence of `"Sat Aug 1 — 32000 steps (today)" StaticText`
    t =   168.08s Find the "Sat Aug 1 — 32000 steps (today)" StaticText
    t =   168.16s Checking existence of `"Sat Aug 1 — 32000 steps (today)" StaticText`
    t =   168.17s Find the "Sat Aug 1 — 32000 steps (today)" StaticText
    t =   168.25s Checking existence of `"Sat Aug 1 — 32000 steps (today)" StaticText`
    t =   168.26s Find the "Sat Aug 1 — 32000 steps (today)" StaticText
    t =   168.34s Checking existence of `"Sat Aug 1 — 32000 steps (today)" StaticText`
    t =   168.35s Find the "Sat Aug 1 — 32000 steps (today)" StaticText
    t =   168.43s Checking existence of `"Sat Aug 1 — 32000 steps (today)" StaticText`
    t =   168.44s Find the "Sat Aug 1 — 32000 steps (today)" StaticText
    t =   168.52s Checking existence of `"Sat Aug 1 — 32000 steps (today)" StaticText`
    t =   168.53s Find the "Sat Aug 1 — 32000 steps (today)" StaticText
    t =   168.61s Checking existence of `"Sat Aug 1 — 32000 steps (today)" StaticText`
    t =   168.62s Find the "Sat Aug 1 — 32000 steps (today)" StaticText
    t =   168.69s Checking existence of `"Sat Aug 1 — 32000 steps (today)" StaticText`
    t =   168.70s Find the "Sat Aug 1 — 32000 steps (today)" StaticText
    t =   168.78s Checking existence of `"Sat Aug 1 — 32000 steps (today)" StaticText`
    t =   168.79s Find the "Sat Aug 1 — 32000 steps (today)" StaticText
    t =   168.86s Checking existence of `"Sat Aug 1 — 32000 steps (today)" StaticText`
    t =   168.88s Find the "Sat Aug 1 — 32000 steps (today)" StaticText
    t =   168.95s Checking existence of `"Sat Aug 1 — 32000 steps (today)" StaticText`
    t =   168.97s Find the "Sat Aug 1 — 32000 steps (today)" StaticText
    t =   169.04s Checking existence of `"Sat Aug 1 — 32000 steps (today)" StaticText`
    t =   169.06s Find the "Sat Aug 1 — 32000 steps (today)" StaticText
    t =   169.13s Checking existence of `"Sat Aug 1 — 32000 steps (today)" StaticText`
    t =   169.15s Find the "Sat Aug 1 — 32000 steps (today)" StaticText
    t =   169.22s Checking existence of `"Sat Aug 1 — 32000 steps (today)" StaticText`
    t =   169.24s Find the "Sat Aug 1 — 32000 steps (today)" StaticText
    t =   169.31s Checking existence of `"Sat Aug 1 — 32000 steps (today)" StaticText`
    t =   169.33s Find the "Sat Aug 1 — 32000 steps (today)" StaticText
    t =   169.41s Checking existence of `"Sat Aug 1 — 32000 steps (today)" StaticText`
    t =   169.42s Find the "Sat Aug 1 — 32000 steps (today)" StaticText
    t =   169.50s Checking existence of `"Sat Aug 1 — 32000 steps (today)" StaticText`
    t =   169.51s Find the "Sat Aug 1 — 32000 steps (today)" StaticText
    t =   169.59s Checking existence of `"Sat Aug 1 — 32000 steps (today)" StaticText`
    t =   169.60s Find the "Sat Aug 1 — 32000 steps (today)" StaticText
    t =   169.67s Checking existence of `"Sat Aug 1 — 32000 steps (today)" StaticText`
    t =   169.69s Find the "Sat Aug 1 — 32000 steps (today)" StaticText
    t =   169.76s Checking existence of `"Sat Aug 1 — 32000 steps (today)" StaticText`
    t =   169.77s Find the "Sat Aug 1 — 32000 steps (today)" StaticText
    t =   169.85s Checking existence of `"Sat Aug 1 — 32000 steps (today)" StaticText`
    t =   169.86s Find the "Sat Aug 1 — 32000 steps (today)" StaticText
    t =   169.94s Checking existence of `"Sat Aug 1 — 32000 steps (today)" StaticText`
    t =   169.95s Find the "Sat Aug 1 — 32000 steps (today)" StaticText
    t =   170.03s Checking existence of `"Sat Aug 1 — 32000 steps (today)" StaticText`
    t =   170.04s Find the "Sat Aug 1 — 32000 steps (today)" StaticText
    t =   170.12s Checking existence of `"Sat Aug 1 — 32000 steps (today)" StaticText`
    t =   170.14s Find the "Sat Aug 1 — 32000 steps (today)" StaticText
    t =   170.21s Checking existence of `"Sat Aug 1 — 32000 steps (today)" StaticText`
    t =   170.23s Find the "Sat Aug 1 — 32000 steps (today)" StaticText
    t =   170.30s Checking existence of `"Sat Aug 1 — 32000 steps (today)" StaticText`
    t =   170.32s Find the "Sat Aug 1 — 32000 steps (today)" StaticText
    t =   170.39s Checking existence of `"Sat Aug 1 — 32000 steps (today)" StaticText`
    t =   170.41s Find the "Sat Aug 1 — 32000 steps (today)" StaticText
    t =   170.48s Checking existence of `"Sat Aug 1 — 32000 steps (today)" StaticText`
    t =   170.49s Find the "Sat Aug 1 — 32000 steps (today)" StaticText
    t =   170.57s Checking existence of `"Sat Aug 1 — 32000 steps (today)" StaticText`
    t =   170.59s Find the "Sat Aug 1 — 32000 steps (today)" StaticText
    t =   170.66s Checking existence of `"Sat Aug 1 — 32000 steps (today)" StaticText`
    t =   170.68s Find the "Sat Aug 1 — 32000 steps (today)" StaticText
    t =   170.75s Checking existence of `"Sat Aug 1 — 32000 steps (today)" StaticText`
    t =   170.77s Find the "Sat Aug 1 — 32000 steps (today)" StaticText
    t =   170.84s Checking existence of `"Sat Aug 1 — 32000 steps (today)" StaticText`
    t =   170.86s Find the "Sat Aug 1 — 32000 steps (today)" StaticText
    t =   170.93s Checking existence of `"Sat Aug 1 — 32000 steps (today)" StaticText`
    t =   170.95s Find the "Sat Aug 1 — 32000 steps (today)" StaticText
    t =   171.03s Checking existence of `"Sat Aug 1 — 32000 steps (today)" StaticText`
    t =   171.04s Find the "Sat Aug 1 — 32000 steps (today)" StaticText
    t =   171.11s Checking existence of `"Sat Aug 1 — 32000 steps (today)" StaticText`
    t =   171.13s Find the "Sat Aug 1 — 32000 steps (today)" StaticText
    t =   171.20s Checking existence of `"Sat Aug 1 — 32000 steps (today)" StaticText`
    t =   171.22s Find the "Sat Aug 1 — 32000 steps (today)" StaticText
    t =   171.30s Checking existence of `"Sat Aug 1 — 32000 steps (today)" StaticText`
    t =   171.31s Find the "Sat Aug 1 — 32000 steps (today)" StaticText
    t =   171.39s Checking existence of `"Sat Aug 1 — 32000 steps (today)" StaticText`
    t =   171.40s Find the "Sat Aug 1 — 32000 steps (today)" StaticText
    t =   171.47s Checking existence of `"Sat Aug 1 — 32000 steps (today)" StaticText`
    t =   171.49s Find the "Sat Aug 1 — 32000 steps (today)" StaticText
    t =   171.56s Checking existence of `"Sat Aug 1 — 32000 steps (today)" StaticText`
    t =   171.57s Find the "Sat Aug 1 — 32000 steps (today)" StaticText
    t =   171.65s Checking existence of `"Sat Aug 1 — 32000 steps (today)" StaticText`
    t =   171.66s Find the "Sat Aug 1 — 32000 steps (today)" StaticText
    t =   171.74s Checking existence of `"Sat Aug 1 — 32000 steps (today)" StaticText`
    t =   171.75s Find the "Sat Aug 1 — 32000 steps (today)" StaticText
    t =   171.83s Checking existence of `"Sat Aug 1 — 32000 steps (today)" StaticText`
    t =   171.84s Find the "Sat Aug 1 — 32000 steps (today)" StaticText
    t =   171.92s Checking existence of `"Sat Aug 1 — 32000 steps (today)" StaticText`
    t =   171.93s Find the "Sat Aug 1 — 32000 steps (today)" StaticText
    t =   172.00s Checking existence of `"Sat Aug 1 — 32000 steps (today)" StaticText`
    t =   172.02s Find the "Sat Aug 1 — 32000 steps (today)" StaticText
    t =   172.10s Checking existence of `"Sat Aug 1 — 32000 steps (today)" StaticText`
    t =   172.11s Find the "Sat Aug 1 — 32000 steps (today)" StaticText
    t =   172.19s Checking existence of `"Sat Aug 1 — 32000 steps (today)" StaticText`
    t =   172.20s Find the "Sat Aug 1 — 32000 steps (today)" StaticText
    t =   172.27s Checking existence of `"Sat Aug 1 — 32000 steps (today)" StaticText`
    t =   172.28s Find the "Sat Aug 1 — 32000 steps (today)" StaticText
    t =   172.36s Checking existence of `"Sat Aug 1 — 32000 steps (today)" StaticText`
    t =   172.37s Find the "Sat Aug 1 — 32000 steps (today)" StaticText
    t =   172.45s Checking existence of `"Sat Aug 1 — 32000 steps (today)" StaticText`
    t =   172.46s Find the "Sat Aug 1 — 32000 steps (today)" StaticText
    t =   172.54s Checking existence of `"Sat Aug 1 — 32000 steps (today)" StaticText`
    t =   172.55s Find the "Sat Aug 1 — 32000 steps (today)" StaticText
    t =   172.62s Checking existence of `"Sat Aug 1 — 32000 steps (today)" StaticText`
    t =   172.63s Find the "Sat Aug 1 — 32000 steps (today)" StaticText
    t =   172.71s Checking existence of `"Sat Aug 1 — 32000 steps (today)" StaticText`
    t =   172.72s Find the "Sat Aug 1 — 32000 steps (today)" StaticText
    t =   172.80s Checking existence of `"Sat Aug 1 — 32000 steps (today)" StaticText`
    t =   172.81s Find the "Sat Aug 1 — 32000 steps (today)" StaticText
    t =   172.89s Checking existence of `"Sat Aug 1 — 32000 steps (today)" StaticText`
    t =   172.90s Find the "Sat Aug 1 — 32000 steps (today)" StaticText
    t =   172.97s Checking existence of `"Sat Aug 1 — 32000 steps (today)" StaticText`
    t =   172.99s Find the "Sat Aug 1 — 32000 steps (today)" StaticText
    t =   173.06s Checking existence of `"Sat Aug 1 — 32000 steps (today)" StaticText`
    t =   173.08s Find the "Sat Aug 1 — 32000 steps (today)" StaticText
    t =   173.15s Checking existence of `"Sat Aug 1 — 32000 steps (today)" StaticText`
    t =   173.17s Find the "Sat Aug 1 — 32000 steps (today)" StaticText
STEP[173s]: iter 2: go home
    t =   173.24s Checking existence of `"Transcribe" Button`
    t =   173.26s Checking existence of `"Health" Button`
    t =   173.27s Checking existence of `Any (First Match)`
    t =   173.29s Checking existence of `Button (Element at index 0)`
    t =   173.30s Find the Button (Element at index 0)
STEP[173s]: goHome: tapping candidate 0
    t =   173.32s Tap "BackButton" Button
    t =   173.32s     Wait for org.nativescript.nsbenchmark to idle
    t =   173.32s     Find the "BackButton" Button
    t =   173.34s     Check for interrupting elements affecting "BackButton" Button
    t =   173.35s     Synthesize event
    t =   173.65s     Wait for org.nativescript.nsbenchmark to idle
    t =   174.48s Checking existence of `"Transcribe" Button`
    t =   174.49s Waiting 3.0s for "Transcribe" Button to exist
    t =   175.54s     Checking `Expect predicate `existsNoRetry == 1` for object "Transcribe" Button`
    t =   175.54s         Checking existence of `"Transcribe" Button`
STEP[175s]: iter 2: nav Transcribe
    t =   175.55s Checking existence of `"Transcribe" Button`
    t =   175.56s Tap "Transcribe" Button
    t =   175.56s     Wait for org.nativescript.nsbenchmark to idle
    t =   175.56s     Find the "Transcribe" Button
    t =   175.57s     Check for interrupting elements affecting "Transcribe" Button
    t =   175.58s     Synthesize event
    t =   175.87s     Wait for org.nativescript.nsbenchmark to idle
    t =   176.20s Waiting 10.0s for Any (First Match) to exist
    t =   177.23s     Checking `Expect predicate `existsNoRetry == 1` for object Any (First Match)`
    t =   177.23s         Checking existence of `Any (First Match)`
    t =   177.26s Checking existence of `Any (First Match)`
    t =   177.27s Find the Any (First Match)
    t =   177.28s Checking existence of `"Speech access: granted" StaticText`
    t =   177.29s Find the "Speech access: granted" StaticText
    t =   177.30s Checking existence of `"Transcribe Sample" Button`
    t =   177.31s Checking existence of `"Transcribe Sample" Button`
    t =   177.32s Find the "Transcribe Sample" Button
STEP[177s]: iter 2: transcribe
    t =   177.34s Tap "Transcribe Sample" Button
    t =   177.34s     Wait for org.nativescript.nsbenchmark to idle
    t =   177.34s     Find the "Transcribe Sample" Button
    t =   177.35s     Check for interrupting elements affecting "Transcribe Sample" Button
    t =   177.36s     Synthesize event
    t =   177.65s     Wait for org.nativescript.nsbenchmark to idle
    t =   177.65s Waiting 45.0s for Any (First Match) to exist
    t =   178.67s     Checking `Expect predicate `existsNoRetry == 1` for object Any (First Match)`
    t =   178.67s         Checking existence of `Any (First Match)`
    t =   178.70s         Capturing element debug description
    t =   179.74s     Checking `Expect predicate `existsNoRetry == 1` for object Any (First Match)`
    t =   179.74s         Checking existence of `Any (First Match)`
    t =   179.77s         Capturing element debug description
    t =   180.71s     Checking `Expect predicate `existsNoRetry == 1` for object Any (First Match)`
    t =   180.71s         Checking existence of `Any (First Match)`
    t =   180.74s         Capturing element debug description
    t =   181.67s     Checking `Expect predicate `existsNoRetry == 1` for object Any (First Match)`
    t =   181.67s         Checking existence of `Any (First Match)`
    t =   181.70s         Capturing element debug description
    t =   182.74s     Checking `Expect predicate `existsNoRetry == 1` for object Any (First Match)`
    t =   182.74s         Checking existence of `Any (First Match)`
    t =   182.75s         Capturing element debug description
    t =   183.67s     Checking `Expect predicate `existsNoRetry == 1` for object Any (First Match)`
    t =   183.67s         Checking existence of `Any (First Match)`
    t =   183.70s         Capturing element debug description
    t =   184.74s     Checking `Expect predicate `existsNoRetry == 1` for object Any (First Match)`
    t =   184.74s         Checking existence of `Any (First Match)`
    t =   184.77s         Capturing element debug description
    t =   185.67s     Checking `Expect predicate `existsNoRetry == 1` for object Any (First Match)`
    t =   185.67s         Checking existence of `Any (First Match)`
    t =   185.70s         Capturing element debug description
    t =   186.72s     Checking `Expect predicate `existsNoRetry == 1` for object Any (First Match)`
    t =   186.72s         Checking existence of `Any (First Match)`
    t =   186.75s         Capturing element debug description
    t =   187.69s     Checking `Expect predicate `existsNoRetry == 1` for object Any (First Match)`
    t =   187.69s         Checking existence of `Any (First Match)`
    t =   187.72s         Capturing element debug description
    t =   188.74s     Checking `Expect predicate `existsNoRetry == 1` for object Any (First Match)`
    t =   188.74s         Checking existence of `Any (First Match)`
    t =   188.77s         Capturing element debug description
    t =   189.68s     Checking `Expect predicate `existsNoRetry == 1` for object Any (First Match)`
    t =   189.68s         Checking existence of `Any (First Match)`
    t =   189.71s         Capturing element debug description
    t =   190.72s     Checking `Expect predicate `existsNoRetry == 1` for object Any (First Match)`
    t =   190.72s         Checking existence of `Any (First Match)`
    t =   190.75s         Capturing element debug description
    t =   191.67s     Checking `Expect predicate `existsNoRetry == 1` for object Any (First Match)`
    t =   191.67s         Checking existence of `Any (First Match)`
    t =   191.70s         Capturing element debug description
    t =   192.72s     Checking `Expect predicate `existsNoRetry == 1` for object Any (First Match)`
    t =   192.72s         Checking existence of `Any (First Match)`
    t =   192.75s         Capturing element debug description
    t =   193.66s     Checking `Expect predicate `existsNoRetry == 1` for object Any (First Match)`
    t =   193.66s         Checking existence of `Any (First Match)`
    t =   193.69s         Capturing element debug description
    t =   194.70s     Checking `Expect predicate `existsNoRetry == 1` for object Any (First Match)`
    t =   194.70s         Checking existence of `Any (First Match)`
    t =   194.73s         Capturing element debug description
    t =   195.65s     Checking `Expect predicate `existsNoRetry == 1` for object Any (First Match)`
    t =   195.66s         Checking existence of `Any (First Match)`
    t =   195.69s         Capturing element debug description
    t =   196.67s     Checking `Expect predicate `existsNoRetry == 1` for object Any (First Match)`
    t =   196.67s         Checking existence of `Any (First Match)`
    t =   196.70s         Capturing element debug description
    t =   197.72s     Checking `Expect predicate `existsNoRetry == 1` for object Any (First Match)`
    t =   197.72s         Checking existence of `Any (First Match)`
    t =   197.75s         Capturing element debug description
    t =   198.67s     Checking `Expect predicate `existsNoRetry == 1` for object Any (First Match)`
    t =   198.67s         Checking existence of `Any (First Match)`
    t =   198.70s         Capturing element debug description
    t =   199.72s     Checking `Expect predicate `existsNoRetry == 1` for object Any (First Match)`
    t =   199.72s         Checking existence of `Any (First Match)`
    t =   199.75s         Capturing element debug description
    t =   200.67s     Checking `Expect predicate `existsNoRetry == 1` for object Any (First Match)`
    t =   200.67s         Checking existence of `Any (First Match)`
    t =   200.70s         Capturing element debug description
    t =   201.72s     Checking `Expect predicate `existsNoRetry == 1` for object Any (First Match)`
    t =   201.72s         Checking existence of `Any (First Match)`
    t =   201.75s         Capturing element debug description
    t =   202.67s     Checking `Expect predicate `existsNoRetry == 1` for object Any (First Match)`
    t =   202.67s         Checking existence of `Any (First Match)`
    t =   202.70s         Capturing element debug description
    t =   203.72s     Checking `Expect predicate `existsNoRetry == 1` for object Any (First Match)`
    t =   203.72s         Checking existence of `Any (First Match)`
    t =   203.75s         Capturing element debug description
    t =   204.68s     Checking `Expect predicate `existsNoRetry == 1` for object Any (First Match)`
    t =   204.68s         Checking existence of `Any (First Match)`
    t =   204.71s         Capturing element debug description
    t =   205.66s     Checking `Expect predicate `existsNoRetry == 1` for object Any (First Match)`
    t =   205.66s         Checking existence of `Any (First Match)`
    t =   205.69s         Capturing element debug description
    t =   206.72s     Checking `Expect predicate `existsNoRetry == 1` for object Any (First Match)`
    t =   206.72s         Checking existence of `Any (First Match)`
    t =   206.75s         Capturing element debug description
    t =   207.67s     Checking `Expect predicate `existsNoRetry == 1` for object Any (First Match)`
    t =   207.67s         Checking existence of `Any (First Match)`
    t =   207.70s         Capturing element debug description
    t =   208.72s     Checking `Expect predicate `existsNoRetry == 1` for object Any (First Match)`
    t =   208.72s         Checking existence of `Any (First Match)`
    t =   208.75s         Capturing element debug description
    t =   209.68s     Checking `Expect predicate `existsNoRetry == 1` for object Any (First Match)`
    t =   209.68s         Checking existence of `Any (First Match)`
    t =   209.71s         Capturing element debug description
    t =   210.67s     Checking `Expect predicate `existsNoRetry == 1` for object Any (First Match)`
    t =   210.67s         Checking existence of `Any (First Match)`
    t =   210.70s         Capturing element debug description
    t =   211.74s     Checking `Expect predicate `existsNoRetry == 1` for object Any (First Match)`
    t =   211.74s         Checking existence of `Any (First Match)`
    t =   211.77s         Capturing element debug description
    t =   212.68s     Checking `Expect predicate `existsNoRetry == 1` for object Any (First Match)`
    t =   212.69s         Checking existence of `Any (First Match)`
    t =   212.72s         Capturing element debug description
    t =   213.66s     Checking `Expect predicate `existsNoRetry == 1` for object Any (First Match)`
    t =   213.66s         Checking existence of `Any (First Match)`
    t =   213.70s         Capturing element debug description
    t =   214.66s     Checking `Expect predicate `existsNoRetry == 1` for object Any (First Match)`
    t =   214.66s         Checking existence of `Any (First Match)`
    t =   214.69s         Capturing element debug description
    t =   215.74s     Checking `Expect predicate `existsNoRetry == 1` for object Any (First Match)`
    t =   215.74s         Checking existence of `Any (First Match)`
    t =   215.77s         Capturing element debug description
    t =   216.67s     Checking `Expect predicate `existsNoRetry == 1` for object Any (First Match)`
    t =   216.67s         Checking existence of `Any (First Match)`
    t =   216.70s         Capturing element debug description
    t =   217.74s     Checking `Expect predicate `existsNoRetry == 1` for object Any (First Match)`
    t =   217.74s         Checking existence of `Any (First Match)`
    t =   217.77s         Capturing element debug description
    t =   218.70s     Checking `Expect predicate `existsNoRetry == 1` for object Any (First Match)`
    t =   218.71s         Checking existence of `Any (First Match)`
    t =   218.73s         Capturing element debug description
    t =   219.67s     Checking `Expect predicate `existsNoRetry == 1` for object Any (First Match)`
    t =   219.67s         Checking existence of `Any (First Match)`
    t =   219.70s         Capturing element debug description
    t =   220.72s     Checking `Expect predicate `existsNoRetry == 1` for object Any (First Match)`
    t =   220.72s         Checking existence of `Any (First Match)`
    t =   220.75s         Capturing element debug description
    t =   221.67s     Checking `Expect predicate `existsNoRetry == 1` for object Any (First Match)`
    t =   221.67s         Checking existence of `Any (First Match)`
    t =   221.70s         Capturing element debug description
    t =   222.67s     Checking `Expect predicate `existsNoRetry == 1` for object Any (First Match)`
    t =   222.67s         Checking existence of `Any (First Match)`
    t =   222.70s         Capturing element debug description
    t =   222.70s     Checking existence of `Any (First Match)`
    t =   222.72s Collecting debug information to assist test failure triage
    t =   222.72s     Requesting snapshot of accessibility hierarchy for app with pid 46694
    t =   222.74s Checking existence of `Any (First Match)`
    t =   222.75s Checking existence of `Any (First Match)`
    t =   222.76s Checking existence of `Any (First Match)`
    t =   222.77s Find the Any (First Match)
STEP[222s]: iter 2: done
    t =   222.78s Terminate org.nativescript.nsbenchmark:46694
PERFJSON:{"runs":[{"nav_transcribe_ms":1718,"nav_health_ms":1757,"error_hk_log":true,"hk_rows_ms":1058,"health_granted":true,"speech_granted":true,"iter":0,"speech_state":"init_or_task_failed: Failed to initialize recognizer"},{"iter":1,"speech_state":"init_or_task_failed: Failed to initialize recognizer","error_hk_log":true,"nav_transcribe_ms":1735,"health_granted":true,"hk_rows_ms":1045,"speech_granted":true,"nav_health_ms":1793},{"error_hk_log":true,"speech_state":"init_or_task_failed: Failed to initialize recognizer","nav_health_ms":1785,"hk_rows_ms":1070,"iter":2,"speech_granted":true,"nav_transcribe_ms":1702,"health_granted":true}],"bundle_id":"org.nativescript.nsbenchmark"}
    t =   223.88s Tear Down
Test Case '-[UIDriverUITests.FeatureLatencyTests testFeatureLatencies]' passed (223.951 seconds).
Test Suite 'FeatureLatencyTests' passed at 2026-08-01 20:45:09.884.
	 Executed 1 test, with 0 failures (0 unexpected) in 223.951 (223.953) seconds
Test Suite 'InteropCaptureTests' started at 2026-08-01 20:45:09.885.
Test Case '-[UIDriverUITests.InteropCaptureTests testCaptureInteropResults]' started.
    t =     0.00s Start Test at 2026-08-01 20:45:09.885
    t =     0.01s Set Up
    t =     0.01s Open org.nativescript.nsbenchmark
    t =     0.01s     Launch org.nativescript.nsbenchmark
    t =     0.11s         Setting up automation session
    t =     0.69s         Wait for org.nativescript.nsbenchmark to idle
    t =     1.85s Waiting 240.0s for Any (First Match) to exist
    t =     2.88s     Checking `Expect predicate `existsNoRetry == 1` for object Any (First Match)`
    t =     2.88s         Checking existence of `Any (First Match)`
    t =     2.91s         Capturing element debug description
    t =     3.85s     Checking `Expect predicate `existsNoRetry == 1` for object Any (First Match)`
    t =     3.85s         Checking existence of `Any (First Match)`
    t =     3.87s         Capturing element debug description
    t =     4.88s     Checking `Expect predicate `existsNoRetry == 1` for object Any (First Match)`
    t =     4.88s         Checking existence of `Any (First Match)`
    t =     4.90s         Capturing element debug description
    t =     5.94s     Checking `Expect predicate `existsNoRetry == 1` for object Any (First Match)`
    t =     5.94s         Checking existence of `Any (First Match)`
    t =     5.96s         Capturing element debug description
    t =     6.90s     Checking `Expect predicate `existsNoRetry == 1` for object Any (First Match)`
    t =     6.90s         Checking existence of `Any (First Match)`
    t =     6.92s         Capturing element debug description
    t =     7.85s     Checking `Expect predicate `existsNoRetry == 1` for object Any (First Match)`
    t =     7.85s         Checking existence of `Any (First Match)`
    t =     7.87s         Capturing element debug description
    t =     8.90s     Checking `Expect predicate `existsNoRetry == 1` for object Any (First Match)`
    t =     8.90s         Checking existence of `Any (First Match)`
    t =     8.92s         Capturing element debug description
    t =     9.86s     Checking `Expect predicate `existsNoRetry == 1` for object Any (First Match)`
    t =     9.86s         Checking existence of `Any (First Match)`
    t =     9.87s         Capturing element debug description
    t =    10.85s     Checking `Expect predicate `existsNoRetry == 1` for object Any (First Match)`
    t =    10.85s         Checking existence of `Any (First Match)`
    t =    10.87s         Capturing element debug description
    t =    11.90s     Checking `Expect predicate `existsNoRetry == 1` for object Any (First Match)`
    t =    11.90s         Checking existence of `Any (First Match)`
    t =    11.92s         Capturing element debug description
    t =    12.85s     Checking `Expect predicate `existsNoRetry == 1` for object Any (First Match)`
    t =    12.85s         Checking existence of `Any (First Match)`
    t =    12.87s         Capturing element debug description
    t =    13.90s     Checking `Expect predicate `existsNoRetry == 1` for object Any (First Match)`
    t =    13.90s         Checking existence of `Any (First Match)`
    t =    13.92s         Capturing element debug description
    t =    14.85s     Checking `Expect predicate `existsNoRetry == 1` for object Any (First Match)`
    t =    14.85s         Checking existence of `Any (First Match)`
    t =    14.87s         Capturing element debug description
    t =    15.90s     Checking `Expect predicate `existsNoRetry == 1` for object Any (First Match)`
    t =    15.90s         Checking existence of `Any (First Match)`
    t =    15.92s         Capturing element debug description
    t =    16.86s     Checking `Expect predicate `existsNoRetry == 1` for object Any (First Match)`
    t =    16.86s         Checking existence of `Any (First Match)`
    t =    16.87s         Capturing element debug description
    t =    17.92s     Checking `Expect predicate `existsNoRetry == 1` for object Any (First Match)`
    t =    17.92s         Checking existence of `Any (First Match)`
    t =    17.93s         Capturing element debug description
    t =    18.87s     Checking `Expect predicate `existsNoRetry == 1` for object Any (First Match)`
    t =    18.87s         Checking existence of `Any (First Match)`
    t =    18.89s         Capturing element debug description
    t =    19.94s     Checking `Expect predicate `existsNoRetry == 1` for object Any (First Match)`
    t =    19.94s         Checking existence of `Any (First Match)`
    t =    19.94s         Capturing element debug description
    t =    20.88s     Checking `Expect predicate `existsNoRetry == 1` for object Any (First Match)`
    t =    20.88s         Checking existence of `Any (First Match)`
    t =    20.89s         Capturing element debug description
    t =    21.93s     Checking `Expect predicate `existsNoRetry == 1` for object Any (First Match)`
    t =    21.93s         Checking existence of `Any (First Match)`
    t =    21.95s         Capturing element debug description
    t =    22.85s     Checking `Expect predicate `existsNoRetry == 1` for object Any (First Match)`
    t =    22.85s         Checking existence of `Any (First Match)`
    t =    22.87s         Capturing element debug description
    t =    23.90s     Checking `Expect predicate `existsNoRetry == 1` for object Any (First Match)`
    t =    23.90s         Checking existence of `Any (First Match)`
    t =    23.92s         Capturing element debug description
    t =    24.85s     Checking `Expect predicate `existsNoRetry == 1` for object Any (First Match)`
    t =    24.85s         Checking existence of `Any (First Match)`
    t =    24.87s         Capturing element debug description
    t =    25.90s     Checking `Expect predicate `existsNoRetry == 1` for object Any (First Match)`
    t =    25.90s         Checking existence of `Any (First Match)`
    t =    25.90s         Capturing element debug description
    t =    26.85s     Checking `Expect predicate `existsNoRetry == 1` for object Any (First Match)`
    t =    26.85s         Checking existence of `Any (First Match)`
    t =    26.87s         Capturing element debug description
    t =    27.92s     Checking `Expect predicate `existsNoRetry == 1` for object Any (First Match)`
    t =    27.92s         Checking existence of `Any (First Match)`
    t =    27.93s         Capturing element debug description
    t =    28.85s     Checking `Expect predicate `existsNoRetry == 1` for object Any (First Match)`
    t =    28.85s         Checking existence of `Any (First Match)`
    t =    28.87s         Capturing element debug description
    t =    29.90s     Checking `Expect predicate `existsNoRetry == 1` for object Any (First Match)`
    t =    29.90s         Checking existence of `Any (First Match)`
    t =    29.92s         Capturing element debug description
    t =    30.85s     Checking `Expect predicate `existsNoRetry == 1` for object Any (First Match)`
    t =    30.85s         Checking existence of `Any (First Match)`
    t =    30.87s         Capturing element debug description
    t =    31.90s     Checking `Expect predicate `existsNoRetry == 1` for object Any (First Match)`
    t =    31.90s         Checking existence of `Any (First Match)`
    t =    31.92s         Capturing element debug description
    t =    32.85s     Checking `Expect predicate `existsNoRetry == 1` for object Any (First Match)`
    t =    32.85s         Checking existence of `Any (First Match)`
    t =    32.87s         Capturing element debug description
    t =    33.92s     Checking `Expect predicate `existsNoRetry == 1` for object Any (First Match)`
    t =    33.92s         Checking existence of `Any (First Match)`
    t =    33.93s         Capturing element debug description
    t =    34.85s     Checking `Expect predicate `existsNoRetry == 1` for object Any (First Match)`
    t =    34.85s         Checking existence of `Any (First Match)`
    t =    34.87s         Capturing element debug description
    t =    35.88s     Checking `Expect predicate `existsNoRetry == 1` for object Any (First Match)`
    t =    35.88s         Checking existence of `Any (First Match)`
    t =    35.89s         Capturing element debug description
    t =    36.85s     Checking `Expect predicate `existsNoRetry == 1` for object Any (First Match)`
    t =    36.85s         Checking existence of `Any (First Match)`
    t =    36.87s         Capturing element debug description
    t =    37.90s     Checking `Expect predicate `existsNoRetry == 1` for object Any (First Match)`
    t =    37.90s         Checking existence of `Any (First Match)`
    t =    37.92s         Capturing element debug description
    t =    38.85s     Checking `Expect predicate `existsNoRetry == 1` for object Any (First Match)`
    t =    38.85s         Checking existence of `Any (First Match)`
    t =    38.86s         Capturing element debug description
    t =    39.90s     Checking `Expect predicate `existsNoRetry == 1` for object Any (First Match)`
    t =    39.90s         Checking existence of `Any (First Match)`
    t =    39.92s         Capturing element debug description
    t =    40.85s     Checking `Expect predicate `existsNoRetry == 1` for object Any (First Match)`
    t =    40.85s         Checking existence of `Any (First Match)`
    t =    40.87s         Capturing element debug description
    t =    41.90s     Checking `Expect predicate `existsNoRetry == 1` for object Any (First Match)`
    t =    41.90s         Checking existence of `Any (First Match)`
    t =    41.92s         Capturing element debug description
    t =    42.85s     Checking `Expect predicate `existsNoRetry == 1` for object Any (First Match)`
    t =    42.85s         Checking existence of `Any (First Match)`
    t =    42.87s         Capturing element debug description
    t =    43.89s     Checking `Expect predicate `existsNoRetry == 1` for object Any (First Match)`
    t =    43.89s         Checking existence of `Any (First Match)`
    t =    43.91s         Capturing element debug description
    t =    44.85s     Checking `Expect predicate `existsNoRetry == 1` for object Any (First Match)`
    t =    44.85s         Checking existence of `Any (First Match)`
    t =    44.87s         Capturing element debug description
    t =    45.90s     Checking `Expect predicate `existsNoRetry == 1` for object Any (First Match)`
    t =    45.90s         Checking existence of `Any (First Match)`
    t =    45.92s         Capturing element debug description
    t =    46.85s     Checking `Expect predicate `existsNoRetry == 1` for object Any (First Match)`
    t =    46.85s         Checking existence of `Any (First Match)`
    t =    46.87s         Capturing element debug description
    t =    47.88s     Checking `Expect predicate `existsNoRetry == 1` for object Any (First Match)`
    t =    47.88s         Checking existence of `Any (First Match)`
    t =    47.89s         Capturing element debug description
    t =    48.93s     Checking `Expect predicate `existsNoRetry == 1` for object Any (First Match)`
    t =    48.93s         Checking existence of `Any (First Match)`
    t =    48.95s         Capturing element debug description
    t =    49.88s     Checking `Expect predicate `existsNoRetry == 1` for object Any (First Match)`
    t =    49.88s         Checking existence of `Any (First Match)`
    t =    49.89s         Capturing element debug description
    t =    50.86s     Checking `Expect predicate `existsNoRetry == 1` for object Any (First Match)`
    t =    50.86s         Checking existence of `Any (First Match)`
    t =    50.87s         Capturing element debug description
    t =    51.90s     Checking `Expect predicate `existsNoRetry == 1` for object Any (First Match)`
    t =    51.90s         Checking existence of `Any (First Match)`
    t =    51.92s         Capturing element debug description
    t =    52.85s     Checking `Expect predicate `existsNoRetry == 1` for object Any (First Match)`
    t =    52.85s         Checking existence of `Any (First Match)`
    t =    52.87s         Capturing element debug description
    t =    53.90s     Checking `Expect predicate `existsNoRetry == 1` for object Any (First Match)`
    t =    53.90s         Checking existence of `Any (First Match)`
    t =    53.92s         Capturing element debug description
    t =    54.85s     Checking `Expect predicate `existsNoRetry == 1` for object Any (First Match)`
    t =    54.85s         Checking existence of `Any (First Match)`
    t =    54.87s         Capturing element debug description
    t =    55.92s     Checking `Expect predicate `existsNoRetry == 1` for object Any (First Match)`
    t =    55.92s         Checking existence of `Any (First Match)`
    t =    55.93s         Capturing element debug description
    t =    56.85s     Checking `Expect predicate `existsNoRetry == 1` for object Any (First Match)`
    t =    56.85s         Checking existence of `Any (First Match)`
    t =    56.87s         Capturing element debug description
    t =    57.90s     Checking `Expect predicate `existsNoRetry == 1` for object Any (First Match)`
    t =    57.90s         Checking existence of `Any (First Match)`
    t =    57.92s         Capturing element debug description
    t =    58.85s     Checking `Expect predicate `existsNoRetry == 1` for object Any (First Match)`
    t =    58.85s         Checking existence of `Any (First Match)`
    t =    58.87s         Capturing element debug description
    t =    59.90s     Checking `Expect predicate `existsNoRetry == 1` for object Any (First Match)`
    t =    59.90s         Checking existence of `Any (First Match)`
    t =    59.92s         Capturing element debug description
    t =    60.85s     Checking `Expect predicate `existsNoRetry == 1` for object Any (First Match)`
    t =    60.85s         Checking existence of `Any (First Match)`
    t =    60.86s         Capturing element debug description
    t =    61.85s     Checking `Expect predicate `existsNoRetry == 1` for object Any (First Match)`
    t =    61.85s         Checking existence of `Any (First Match)`
    t =    61.87s         Capturing element debug description
    t =    62.87s     Checking `Expect predicate `existsNoRetry == 1` for object Any (First Match)`
    t =    62.87s         Checking existence of `Any (First Match)`
    t =    62.89s         Capturing element debug description
    t =    63.92s     Checking `Expect predicate `existsNoRetry == 1` for object Any (First Match)`
    t =    63.92s         Checking existence of `Any (First Match)`
    t =    63.93s         Capturing element debug description
    t =    64.85s     Checking `Expect predicate `existsNoRetry == 1` for object Any (First Match)`
    t =    64.85s         Checking existence of `Any (First Match)`
    t =    64.87s         Capturing element debug description
    t =    65.90s     Checking `Expect predicate `existsNoRetry == 1` for object Any (First Match)`
    t =    65.90s         Checking existence of `Any (First Match)`
    t =    65.92s         Capturing element debug description
    t =    66.85s     Checking `Expect predicate `existsNoRetry == 1` for object Any (First Match)`
    t =    66.85s         Checking existence of `Any (First Match)`
    t =    66.87s         Capturing element debug description
    t =    67.90s     Checking `Expect predicate `existsNoRetry == 1` for object Any (First Match)`
    t =    67.90s         Checking existence of `Any (First Match)`
    t =    67.92s         Capturing element debug description
    t =    68.85s     Checking `Expect predicate `existsNoRetry == 1` for object Any (First Match)`
    t =    68.85s         Checking existence of `Any (First Match)`
    t =    68.87s         Capturing element debug description
    t =    69.92s     Checking `Expect predicate `existsNoRetry == 1` for object Any (First Match)`
    t =    69.92s         Checking existence of `Any (First Match)`
    t =    69.93s         Capturing element debug description
    t =    70.85s     Checking `Expect predicate `existsNoRetry == 1` for object Any (First Match)`
    t =    70.85s         Checking existence of `Any (First Match)`
    t =    70.86s         Capturing element debug description
    t =    71.87s     Checking `Expect predicate `existsNoRetry == 1` for object Any (First Match)`
    t =    71.87s         Checking existence of `Any (First Match)`
    t =    71.89s         Capturing element debug description
    t =    72.90s     Checking `Expect predicate `existsNoRetry == 1` for object Any (First Match)`
    t =    72.90s         Checking existence of `Any (First Match)`
    t =    72.92s         Capturing element debug description
    t =    73.93s     Checking `Expect predicate `existsNoRetry == 1` for object Any (First Match)`
    t =    73.93s         Checking existence of `Any (First Match)`
    t =    73.94s         Capturing element debug description
    t =    74.86s     Checking `Expect predicate `existsNoRetry == 1` for object Any (First Match)`
    t =    74.86s         Checking existence of `Any (First Match)`
    t =    74.87s         Capturing element debug description
    t =    75.90s     Checking `Expect predicate `existsNoRetry == 1` for object Any (First Match)`
    t =    75.90s         Checking existence of `Any (First Match)`
    t =    75.91s         Capturing element debug description
    t =    76.85s     Checking `Expect predicate `existsNoRetry == 1` for object Any (First Match)`
    t =    76.85s         Checking existence of `Any (First Match)`
    t =    76.87s         Capturing element debug description
    t =    77.92s     Checking `Expect predicate `existsNoRetry == 1` for object Any (First Match)`
    t =    77.92s         Checking existence of `Any (First Match)`
    t =    77.93s         Capturing element debug description
    t =    78.86s     Checking `Expect predicate `existsNoRetry == 1` for object Any (First Match)`
    t =    78.86s         Checking existence of `Any (First Match)`
    t =    78.88s         Capturing element debug description
    t =    79.90s     Checking `Expect predicate `existsNoRetry == 1` for object Any (First Match)`
    t =    79.90s         Checking existence of `Any (First Match)`
    t =    79.92s         Capturing element debug description
    t =    80.85s     Checking `Expect predicate `existsNoRetry == 1` for object Any (First Match)`
    t =    80.85s         Checking existence of `Any (First Match)`
    t =    80.87s         Capturing element debug description
    t =    81.91s     Checking `Expect predicate `existsNoRetry == 1` for object Any (First Match)`
    t =    81.91s         Checking existence of `Any (First Match)`
    t =    81.93s         Capturing element debug description
    t =    82.85s     Checking `Expect predicate `existsNoRetry == 1` for object Any (First Match)`
    t =    82.85s         Checking existence of `Any (First Match)`
    t =    82.87s         Capturing element debug description
    t =    83.90s     Checking `Expect predicate `existsNoRetry == 1` for object Any (First Match)`
    t =    83.90s         Checking existence of `Any (First Match)`
    t =    83.92s         Capturing element debug description
    t =    84.85s     Checking `Expect predicate `existsNoRetry == 1` for object Any (First Match)`
    t =    84.85s         Checking existence of `Any (First Match)`
    t =    84.87s         Capturing element debug description
    t =    85.90s     Checking `Expect predicate `existsNoRetry == 1` for object Any (First Match)`
    t =    85.90s         Checking existence of `Any (First Match)`
    t =    85.92s         Capturing element debug description
    t =    86.85s     Checking `Expect predicate `existsNoRetry == 1` for object Any (First Match)`
    t =    86.85s         Checking existence of `Any (First Match)`
    t =    86.87s         Capturing element debug description
    t =    87.90s     Checking `Expect predicate `existsNoRetry == 1` for object Any (First Match)`
    t =    87.90s         Checking existence of `Any (First Match)`
    t =    87.92s         Capturing element debug description
    t =    88.85s     Checking `Expect predicate `existsNoRetry == 1` for object Any (First Match)`
    t =    88.85s         Checking existence of `Any (First Match)`
    t =    88.87s         Capturing element debug description
    t =    89.90s     Checking `Expect predicate `existsNoRetry == 1` for object Any (First Match)`
    t =    89.90s         Checking existence of `Any (First Match)`
    t =    89.92s         Capturing element debug description
    t =    90.85s     Checking `Expect predicate `existsNoRetry == 1` for object Any (First Match)`
    t =    90.85s         Checking existence of `Any (First Match)`
    t =    90.87s         Capturing element debug description
    t =    91.90s     Checking `Expect predicate `existsNoRetry == 1` for object Any (First Match)`
    t =    91.90s         Checking existence of `Any (First Match)`
    t =    91.92s         Capturing element debug description
    t =    92.85s     Checking `Expect predicate `existsNoRetry == 1` for object Any (First Match)`
    t =    92.85s         Checking existence of `Any (First Match)`
    t =    92.87s         Capturing element debug description
    t =    93.87s     Checking `Expect predicate `existsNoRetry == 1` for object Any (First Match)`
    t =    93.87s         Checking existence of `Any (First Match)`
    t =    93.89s         Capturing element debug description
    t =    94.90s     Checking `Expect predicate `existsNoRetry == 1` for object Any (First Match)`
    t =    94.90s         Checking existence of `Any (First Match)`
    t =    94.92s         Capturing element debug description
    t =    95.85s     Checking `Expect predicate `existsNoRetry == 1` for object Any (First Match)`
    t =    95.85s         Checking existence of `Any (First Match)`
    t =    95.87s         Capturing element debug description
    t =    96.92s     Checking `Expect predicate `existsNoRetry == 1` for object Any (First Match)`
    t =    96.92s         Checking existence of `Any (First Match)`
    t =    96.93s         Capturing element debug description
    t =    97.86s     Checking `Expect predicate `existsNoRetry == 1` for object Any (First Match)`
    t =    97.86s         Checking existence of `Any (First Match)`
    t =    97.87s         Capturing element debug description
    t =    98.90s     Checking `Expect predicate `existsNoRetry == 1` for object Any (First Match)`
    t =    98.90s         Checking existence of `Any (First Match)`
    t =    98.92s         Capturing element debug description
    t =    99.85s     Checking `Expect predicate `existsNoRetry == 1` for object Any (First Match)`
    t =    99.85s         Checking existence of `Any (First Match)`
    t =    99.87s         Capturing element debug description
    t =   100.90s     Checking `Expect predicate `existsNoRetry == 1` for object Any (First Match)`
    t =   100.90s         Checking existence of `Any (First Match)`
    t =   100.91s         Capturing element debug description
    t =   101.85s     Checking `Expect predicate `existsNoRetry == 1` for object Any (First Match)`
    t =   101.85s         Checking existence of `Any (First Match)`
    t =   101.86s         Capturing element debug description
    t =   102.89s     Checking `Expect predicate `existsNoRetry == 1` for object Any (First Match)`
    t =   102.89s         Checking existence of `Any (First Match)`
    t =   102.90s         Capturing element debug description
    t =   103.93s     Checking `Expect predicate `existsNoRetry == 1` for object Any (First Match)`
    t =   103.93s         Checking existence of `Any (First Match)`
    t =   103.95s         Capturing element debug description
    t =   104.85s     Checking `Expect predicate `existsNoRetry == 1` for object Any (First Match)`
    t =   104.85s         Checking existence of `Any (First Match)`
    t =   104.87s         Capturing element debug description
    t =   105.90s     Checking `Expect predicate `existsNoRetry == 1` for object Any (First Match)`
    t =   105.90s         Checking existence of `Any (First Match)`
    t =   105.91s         Capturing element debug description
    t =   106.85s     Checking `Expect predicate `existsNoRetry == 1` for object Any (First Match)`
    t =   106.85s         Checking existence of `Any (First Match)`
    t =   106.87s         Capturing element debug description
    t =   107.87s     Checking `Expect predicate `existsNoRetry == 1` for object Any (First Match)`
    t =   107.87s         Checking existence of `Any (First Match)`
    t =   107.89s         Capturing element debug description
    t =   108.85s     Checking `Expect predicate `existsNoRetry == 1` for object Any (First Match)`
    t =   108.85s         Checking existence of `Any (First Match)`
    t =   108.86s         Capturing element debug description
    t =   109.90s     Checking `Expect predicate `existsNoRetry == 1` for object Any (First Match)`
    t =   109.90s         Checking existence of `Any (First Match)`
    t =   109.91s         Capturing element debug description
    t =   110.85s     Checking `Expect predicate `existsNoRetry == 1` for object Any (First Match)`
    t =   110.85s         Checking existence of `Any (First Match)`
    t =   110.86s         Capturing element debug description
    t =   111.90s     Checking `Expect predicate `existsNoRetry == 1` for object Any (First Match)`
    t =   111.90s         Checking existence of `Any (First Match)`
    t =   111.90s         Capturing element debug description
    t =   112.94s     Checking `Expect predicate `existsNoRetry == 1` for object Any (First Match)`
    t =   112.94s         Checking existence of `Any (First Match)`
    t =   112.96s         Capturing element debug description
    t =   113.88s     Checking `Expect predicate `existsNoRetry == 1` for object Any (First Match)`
    t =   113.88s         Checking existence of `Any (First Match)`
    t =   113.90s         Capturing element debug description
    t =   114.85s     Checking `Expect predicate `existsNoRetry == 1` for object Any (First Match)`
    t =   114.85s         Checking existence of `Any (First Match)`
    t =   114.86s         Capturing element debug description
    t =   115.90s     Checking `Expect predicate `existsNoRetry == 1` for object Any (First Match)`
    t =   115.90s         Checking existence of `Any (First Match)`
    t =   115.91s         Capturing element debug description
    t =   116.85s     Checking `Expect predicate `existsNoRetry == 1` for object Any (First Match)`
    t =   116.85s         Checking existence of `Any (First Match)`
    t =   116.87s         Capturing element debug description
    t =   117.90s     Checking `Expect predicate `existsNoRetry == 1` for object Any (First Match)`
    t =   117.90s         Checking existence of `Any (First Match)`
    t =   117.91s         Capturing element debug description
    t =   118.85s     Checking `Expect predicate `existsNoRetry == 1` for object Any (First Match)`
    t =   118.85s         Checking existence of `Any (First Match)`
    t =   118.86s         Capturing element debug description
    t =   119.90s     Checking `Expect predicate `existsNoRetry == 1` for object Any (First Match)`
    t =   119.90s         Checking existence of `Any (First Match)`
    t =   119.91s         Capturing element debug description
    t =   120.85s     Checking `Expect predicate `existsNoRetry == 1` for object Any (First Match)`
    t =   120.85s         Checking existence of `Any (First Match)`
    t =   120.86s         Capturing element debug description
    t =   121.90s     Checking `Expect predicate `existsNoRetry == 1` for object Any (First Match)`
    t =   121.90s         Checking existence of `Any (First Match)`
    t =   121.90s         Capturing element debug description
    t =   122.85s     Checking `Expect predicate `existsNoRetry == 1` for object Any (First Match)`
    t =   122.85s         Checking existence of `Any (First Match)`
    t =   122.86s         Capturing element debug description
    t =   123.90s     Checking `Expect predicate `existsNoRetry == 1` for object Any (First Match)`
    t =   123.90s         Checking existence of `Any (First Match)`
    t =   123.92s         Capturing element debug description
    t =   124.85s     Checking `Expect predicate `existsNoRetry == 1` for object Any (First Match)`
    t =   124.85s         Checking existence of `Any (First Match)`
    t =   124.86s         Capturing element debug description
    t =   125.91s     Checking `Expect predicate `existsNoRetry == 1` for object Any (First Match)`
    t =   125.91s         Checking existence of `Any (First Match)`
    t =   125.93s         Capturing element debug description
    t =   126.86s     Checking `Expect predicate `existsNoRetry == 1` for object Any (First Match)`
    t =   126.86s         Checking existence of `Any (First Match)`
    t =   126.88s         Capturing element debug description
    t =   127.91s     Checking `Expect predicate `existsNoRetry == 1` for object Any (First Match)`
    t =   127.91s         Checking existence of `Any (First Match)`
    t =   127.93s         Capturing element debug description
    t =   128.85s     Checking `Expect predicate `existsNoRetry == 1` for object Any (First Match)`
    t =   128.85s         Checking existence of `Any (First Match)`
    t =   128.86s         Capturing element debug description
    t =   129.91s     Checking `Expect predicate `existsNoRetry == 1` for object Any (First Match)`
    t =   129.91s         Checking existence of `Any (First Match)`
    t =   129.93s         Capturing element debug description
    t =   130.85s     Checking `Expect predicate `existsNoRetry == 1` for object Any (First Match)`
    t =   130.85s         Checking existence of `Any (First Match)`
    t =   130.86s         Capturing element debug description
    t =   131.90s     Checking `Expect predicate `existsNoRetry == 1` for object Any (First Match)`
    t =   131.90s         Checking existence of `Any (First Match)`
    t =   131.91s         Capturing element debug description
    t =   132.85s     Checking `Expect predicate `existsNoRetry == 1` for object Any (First Match)`
    t =   132.85s         Checking existence of `Any (First Match)`
    t =   132.86s         Capturing element debug description
    t =   133.90s     Checking `Expect predicate `existsNoRetry == 1` for object Any (First Match)`
    t =   133.90s         Checking existence of `Any (First Match)`
    t =   133.91s         Capturing element debug description
    t =   134.85s     Checking `Expect predicate `existsNoRetry == 1` for object Any (First Match)`
    t =   134.85s         Checking existence of `Any (First Match)`
    t =   134.86s         Capturing element debug description
    t =   135.90s     Checking `Expect predicate `existsNoRetry == 1` for object Any (First Match)`
    t =   135.90s         Checking existence of `Any (First Match)`
    t =   135.92s         Capturing element debug description
    t =   136.85s     Checking `Expect predicate `existsNoRetry == 1` for object Any (First Match)`
    t =   136.85s         Checking existence of `Any (First Match)`
    t =   136.86s         Capturing element debug description
    t =   137.89s     Checking `Expect predicate `existsNoRetry == 1` for object Any (First Match)`
    t =   137.90s         Checking existence of `Any (First Match)`
    t =   137.91s         Capturing element debug description
    t =   138.85s     Checking `Expect predicate `existsNoRetry == 1` for object Any (First Match)`
    t =   138.85s         Checking existence of `Any (First Match)`
    t =   138.86s         Capturing element debug description
    t =   139.89s     Checking `Expect predicate `existsNoRetry == 1` for object Any (First Match)`
    t =   139.90s         Checking existence of `Any (First Match)`
    t =   139.91s         Capturing element debug description
    t =   140.85s     Checking `Expect predicate `existsNoRetry == 1` for object Any (First Match)`
    t =   140.85s         Checking existence of `Any (First Match)`
    t =   140.86s         Capturing element debug description
    t =   141.89s     Checking `Expect predicate `existsNoRetry == 1` for object Any (First Match)`
    t =   141.90s         Checking existence of `Any (First Match)`
    t =   141.91s         Capturing element debug description
    t =   142.85s     Checking `Expect predicate `existsNoRetry == 1` for object Any (First Match)`
    t =   142.85s         Checking existence of `Any (First Match)`
    t =   142.87s         Capturing element debug description
    t =   143.90s     Checking `Expect predicate `existsNoRetry == 1` for object Any (First Match)`
    t =   143.90s         Checking existence of `Any (First Match)`
    t =   143.91s         Capturing element debug description
    t =   144.85s     Checking `Expect predicate `existsNoRetry == 1` for object Any (First Match)`
    t =   144.85s         Checking existence of `Any (First Match)`
    t =   144.86s         Capturing element debug description
    t =   145.89s     Checking `Expect predicate `existsNoRetry == 1` for object Any (First Match)`
    t =   145.90s         Checking existence of `Any (First Match)`
    t =   145.91s         Capturing element debug description
    t =   146.85s     Checking `Expect predicate `existsNoRetry == 1` for object Any (First Match)`
    t =   146.85s         Checking existence of `Any (First Match)`
    t =   146.86s         Capturing element debug description
    t =   147.89s     Checking `Expect predicate `existsNoRetry == 1` for object Any (First Match)`
    t =   147.90s         Checking existence of `Any (First Match)`
    t =   147.91s         Capturing element debug description
    t =   148.85s     Checking `Expect predicate `existsNoRetry == 1` for object Any (First Match)`
    t =   148.85s         Checking existence of `Any (First Match)`
    t =   148.86s         Capturing element debug description
    t =   149.89s     Checking `Expect predicate `existsNoRetry == 1` for object Any (First Match)`
    t =   149.90s         Checking existence of `Any (First Match)`
    t =   149.91s         Capturing element debug description
    t =   150.85s     Checking `Expect predicate `existsNoRetry == 1` for object Any (First Match)`
    t =   150.85s         Checking existence of `Any (First Match)`
    t =   150.86s         Capturing element debug description
    t =   151.90s     Checking `Expect predicate `existsNoRetry == 1` for object Any (First Match)`
    t =   151.90s         Checking existence of `Any (First Match)`
    t =   151.91s         Capturing element debug description
    t =   152.85s     Checking `Expect predicate `existsNoRetry == 1` for object Any (First Match)`
    t =   152.85s         Checking existence of `Any (First Match)`
    t =   152.86s         Capturing element debug description
    t =   153.91s     Checking `Expect predicate `existsNoRetry == 1` for object Any (First Match)`
    t =   153.91s         Checking existence of `Any (First Match)`
    t =   153.93s         Capturing element debug description
    t =   154.85s     Checking `Expect predicate `existsNoRetry == 1` for object Any (First Match)`
    t =   154.85s         Checking existence of `Any (First Match)`
    t =   154.87s         Capturing element debug description
    t =   155.90s     Checking `Expect predicate `existsNoRetry == 1` for object Any (First Match)`
    t =   155.90s         Checking existence of `Any (First Match)`
    t =   155.91s         Capturing element debug description
    t =   156.85s     Checking `Expect predicate `existsNoRetry == 1` for object Any (First Match)`
    t =   156.85s         Checking existence of `Any (First Match)`
    t =   156.86s         Capturing element debug description
    t =   157.90s     Checking `Expect predicate `existsNoRetry == 1` for object Any (First Match)`
    t =   157.90s         Checking existence of `Any (First Match)`
    t =   157.91s         Capturing element debug description
    t =   158.85s     Checking `Expect predicate `existsNoRetry == 1` for object Any (First Match)`
    t =   158.85s         Checking existence of `Any (First Match)`
    t =   158.86s         Capturing element debug description
    t =   159.91s     Checking `Expect predicate `existsNoRetry == 1` for object Any (First Match)`
    t =   159.91s         Checking existence of `Any (First Match)`
    t =   159.93s         Capturing element debug description
    t =   160.86s     Checking `Expect predicate `existsNoRetry == 1` for object Any (First Match)`
    t =   160.86s         Checking existence of `Any (First Match)`
    t =   160.88s         Capturing element debug description
    t =   161.90s     Checking `Expect predicate `existsNoRetry == 1` for object Any (First Match)`
    t =   161.90s         Checking existence of `Any (First Match)`
    t =   161.91s         Capturing element debug description
    t =   162.85s     Checking `Expect predicate `existsNoRetry == 1` for object Any (First Match)`
    t =   162.85s         Checking existence of `Any (First Match)`
    t =   162.85s         Capturing element debug description
    t =   163.89s     Checking `Expect predicate `existsNoRetry == 1` for object Any (First Match)`
    t =   163.90s         Checking existence of `Any (First Match)`
    t =   163.91s         Capturing element debug description
    t =   164.85s     Checking `Expect predicate `existsNoRetry == 1` for object Any (First Match)`
    t =   164.85s         Checking existence of `Any (First Match)`
    t =   164.86s         Capturing element debug description
    t =   165.89s     Checking `Expect predicate `existsNoRetry == 1` for object Any (First Match)`
    t =   165.90s         Checking existence of `Any (First Match)`
    t =   165.91s         Capturing element debug description
    t =   166.85s     Checking `Expect predicate `existsNoRetry == 1` for object Any (First Match)`
    t =   166.85s         Checking existence of `Any (First Match)`
    t =   166.87s         Capturing element debug description
    t =   167.90s     Checking `Expect predicate `existsNoRetry == 1` for object Any (First Match)`
    t =   167.90s         Checking existence of `Any (First Match)`
    t =   167.91s         Capturing element debug description
    t =   168.85s     Checking `Expect predicate `existsNoRetry == 1` for object Any (First Match)`
    t =   168.85s         Checking existence of `Any (First Match)`
    t =   168.87s         Capturing element debug description
    t =   169.91s     Checking `Expect predicate `existsNoRetry == 1` for object Any (First Match)`
    t =   169.91s         Checking existence of `Any (First Match)`
    t =   169.93s         Capturing element debug description
    t =   170.85s     Checking `Expect predicate `existsNoRetry == 1` for object Any (First Match)`
    t =   170.85s         Checking existence of `Any (First Match)`
    t =   170.87s         Capturing element debug description
    t =   171.89s     Checking `Expect predicate `existsNoRetry == 1` for object Any (First Match)`
    t =   171.90s         Checking existence of `Any (First Match)`
    t =   171.91s         Capturing element debug description
    t =   172.85s     Checking `Expect predicate `existsNoRetry == 1` for object Any (First Match)`
    t =   172.85s         Checking existence of `Any (First Match)`
    t =   172.85s         Capturing element debug description
    t =   173.90s     Checking `Expect predicate `existsNoRetry == 1` for object Any (First Match)`
    t =   173.90s         Checking existence of `Any (First Match)`
    t =   173.91s         Capturing element debug description
    t =   174.86s     Checking `Expect predicate `existsNoRetry == 1` for object Any (First Match)`
    t =   174.86s         Checking existence of `Any (First Match)`
    t =   174.88s         Capturing element debug description
    t =   175.90s     Checking `Expect predicate `existsNoRetry == 1` for object Any (First Match)`
    t =   175.90s         Checking existence of `Any (First Match)`
    t =   175.91s         Capturing element debug description
    t =   176.85s     Checking `Expect predicate `existsNoRetry == 1` for object Any (First Match)`
    t =   176.85s         Checking existence of `Any (First Match)`
    t =   176.86s         Capturing element debug description
    t =   177.91s     Checking `Expect predicate `existsNoRetry == 1` for object Any (First Match)`
    t =   177.91s         Checking existence of `Any (First Match)`
    t =   177.93s         Capturing element debug description
    t =   178.85s     Checking `Expect predicate `existsNoRetry == 1` for object Any (First Match)`
    t =   178.85s         Checking existence of `Any (First Match)`
    t =   178.86s         Capturing element debug description
    t =   179.90s     Checking `Expect predicate `existsNoRetry == 1` for object Any (First Match)`
    t =   179.90s         Checking existence of `Any (First Match)`
    t =   179.91s         Capturing element debug description
    t =   180.85s     Checking `Expect predicate `existsNoRetry == 1` for object Any (First Match)`
    t =   180.85s         Checking existence of `Any (First Match)`
    t =   180.86s         Capturing element debug description
    t =   181.90s     Checking `Expect predicate `existsNoRetry == 1` for object Any (First Match)`
    t =   181.90s         Checking existence of `Any (First Match)`
    t =   181.91s         Capturing element debug description
    t =   182.85s     Checking `Expect predicate `existsNoRetry == 1` for object Any (First Match)`
    t =   182.85s         Checking existence of `Any (First Match)`
    t =   182.86s         Capturing element debug description
    t =   183.89s     Checking `Expect predicate `existsNoRetry == 1` for object Any (First Match)`
    t =   183.90s         Checking existence of `Any (First Match)`
    t =   183.91s         Capturing element debug description
    t =   184.93s     Checking `Expect predicate `existsNoRetry == 1` for object Any (First Match)`
    t =   184.93s         Checking existence of `Any (First Match)`
    t =   184.94s         Capturing element debug description
    t =   185.87s     Checking `Expect predicate `existsNoRetry == 1` for object Any (First Match)`
    t =   185.88s         Checking existence of `Any (First Match)`
    t =   185.89s         Capturing element debug description
    t =   186.92s     Checking `Expect predicate `existsNoRetry == 1` for object Any (First Match)`
    t =   186.93s         Checking existence of `Any (First Match)`
    t =   186.94s         Capturing element debug description
    t =   187.86s     Checking `Expect predicate `existsNoRetry == 1` for object Any (First Match)`
    t =   187.86s         Checking existence of `Any (First Match)`
    t =   187.88s         Capturing element debug description
    t =   188.91s     Checking `Expect predicate `existsNoRetry == 1` for object Any (First Match)`
    t =   188.91s         Checking existence of `Any (First Match)`
    t =   188.93s         Capturing element debug description
    t =   189.85s     Checking `Expect predicate `existsNoRetry == 1` for object Any (First Match)`
    t =   189.85s         Checking existence of `Any (First Match)`
    t =   189.86s         Capturing element debug description
    t =   190.89s     Checking `Expect predicate `existsNoRetry == 1` for object Any (First Match)`
    t =   190.90s         Checking existence of `Any (First Match)`
    t =   190.91s         Capturing element debug description
    t =   191.85s     Checking `Expect predicate `existsNoRetry == 1` for object Any (First Match)`
    t =   191.85s         Checking existence of `Any (First Match)`
    t =   191.86s         Capturing element debug description
    t =   192.89s     Checking `Expect predicate `existsNoRetry == 1` for object Any (First Match)`
    t =   192.90s         Checking existence of `Any (First Match)`
    t =   192.91s         Capturing element debug description
    t =   193.85s     Checking `Expect predicate `existsNoRetry == 1` for object Any (First Match)`
    t =   193.85s         Checking existence of `Any (First Match)`
    t =   193.86s         Capturing element debug description
    t =   194.87s     Checking `Expect predicate `existsNoRetry == 1` for object Any (First Match)`
    t =   194.87s         Checking existence of `Any (First Match)`
    t =   194.89s         Capturing element debug description
    t =   195.91s     Checking `Expect predicate `existsNoRetry == 1` for object Any (First Match)`
    t =   195.91s         Checking existence of `Any (First Match)`
    t =   195.93s         Capturing element debug description
    t =   196.85s     Checking `Expect predicate `existsNoRetry == 1` for object Any (First Match)`
    t =   196.85s         Checking existence of `Any (First Match)`
    t =   196.86s         Capturing element debug description
    t =   197.90s     Checking `Expect predicate `existsNoRetry == 1` for object Any (First Match)`
    t =   197.90s         Checking existence of `Any (First Match)`
    t =   197.91s         Capturing element debug description
    t =   198.85s     Checking `Expect predicate `existsNoRetry == 1` for object Any (First Match)`
    t =   198.85s         Checking existence of `Any (First Match)`
    t =   198.86s         Capturing element debug description
    t =   199.90s     Checking `Expect predicate `existsNoRetry == 1` for object Any (First Match)`
    t =   199.90s         Checking existence of `Any (First Match)`
    t =   199.92s         Capturing element debug description
    t =   200.85s     Checking `Expect predicate `existsNoRetry == 1` for object Any (First Match)`
    t =   200.85s         Checking existence of `Any (First Match)`
    t =   200.86s         Capturing element debug description
    t =   201.89s     Checking `Expect predicate `existsNoRetry == 1` for object Any (First Match)`
    t =   201.90s         Checking existence of `Any (First Match)`
    t =   201.91s         Capturing element debug description
    t =   202.85s     Checking `Expect predicate `existsNoRetry == 1` for object Any (First Match)`
    t =   202.85s         Checking existence of `Any (First Match)`
    t =   202.86s         Capturing element debug description
    t =   203.89s     Checking `Expect predicate `existsNoRetry == 1` for object Any (First Match)`
    t =   203.90s         Checking existence of `Any (First Match)`
    t =   203.91s         Capturing element debug description
    t =   204.86s     Checking `Expect predicate `existsNoRetry == 1` for object Any (First Match)`
    t =   204.86s         Checking existence of `Any (First Match)`
    t =   204.87s         Capturing element debug description
    t =   205.91s     Checking `Expect predicate `existsNoRetry == 1` for object Any (First Match)`
    t =   205.91s         Checking existence of `Any (First Match)`
    t =   205.93s         Capturing element debug description
    t =   206.85s     Checking `Expect predicate `existsNoRetry == 1` for object Any (First Match)`
    t =   206.85s         Checking existence of `Any (First Match)`
    t =   206.86s         Capturing element debug description
    t =   207.89s     Checking `Expect predicate `existsNoRetry == 1` for object Any (First Match)`
    t =   207.90s         Checking existence of `Any (First Match)`
    t =   207.91s         Capturing element debug description
    t =   208.85s     Checking `Expect predicate `existsNoRetry == 1` for object Any (First Match)`
    t =   208.85s         Checking existence of `Any (First Match)`
    t =   208.86s         Capturing element debug description
    t =   209.85s     Checking `Expect predicate `existsNoRetry == 1` for object Any (First Match)`
    t =   209.85s         Checking existence of `Any (First Match)`
    t =   209.86s         Capturing element debug description
    t =   210.91s     Checking `Expect predicate `existsNoRetry == 1` for object Any (First Match)`
    t =   210.91s         Checking existence of `Any (First Match)`
    t =   210.93s         Capturing element debug description
    t =   211.86s     Checking `Expect predicate `existsNoRetry == 1` for object Any (First Match)`
    t =   211.86s         Checking existence of `Any (First Match)`
    t =   211.87s         Capturing element debug description
    t =   212.90s     Checking `Expect predicate `existsNoRetry == 1` for object Any (First Match)`
    t =   212.90s         Checking existence of `Any (First Match)`
    t =   212.91s         Capturing element debug description
    t =   213.85s     Checking `Expect predicate `existsNoRetry == 1` for object Any (First Match)`
    t =   213.85s         Checking existence of `Any (First Match)`
    t =   213.86s         Capturing element debug description
    t =   214.90s     Checking `Expect predicate `existsNoRetry == 1` for object Any (First Match)`
    t =   214.90s         Checking existence of `Any (First Match)`
    t =   214.91s         Capturing element debug description
    t =   215.85s     Checking `Expect predicate `existsNoRetry == 1` for object Any (First Match)`
    t =   215.85s         Checking existence of `Any (First Match)`
    t =   215.86s         Capturing element debug description
    t =   216.89s     Checking `Expect predicate `existsNoRetry == 1` for object Any (First Match)`
    t =   216.90s         Checking existence of `Any (First Match)`
    t =   216.91s         Capturing element debug description
    t =   217.85s     Checking `Expect predicate `existsNoRetry == 1` for object Any (First Match)`
    t =   217.85s         Checking existence of `Any (First Match)`
    t =   217.86s         Capturing element debug description
    t =   218.90s     Checking `Expect predicate `existsNoRetry == 1` for object Any (First Match)`
    t =   218.90s         Checking existence of `Any (First Match)`
    t =   218.91s         Capturing element debug description
    t =   219.85s     Checking `Expect predicate `existsNoRetry == 1` for object Any (First Match)`
    t =   219.85s         Checking existence of `Any (First Match)`
    t =   219.87s         Capturing element debug description
    t =   220.90s     Checking `Expect predicate `existsNoRetry == 1` for object Any (First Match)`
    t =   220.90s         Checking existence of `Any (First Match)`
    t =   220.91s         Capturing element debug description
    t =   221.85s     Checking `Expect predicate `existsNoRetry == 1` for object Any (First Match)`
    t =   221.85s         Checking existence of `Any (First Match)`
    t =   221.86s         Capturing element debug description
    t =   222.90s     Checking `Expect predicate `existsNoRetry == 1` for object Any (First Match)`
    t =   222.90s         Checking existence of `Any (First Match)`
    t =   222.92s         Capturing element debug description
    t =   223.85s     Checking `Expect predicate `existsNoRetry == 1` for object Any (First Match)`
    t =   223.85s         Checking existence of `Any (First Match)`
    t =   223.85s         Capturing element debug description
    t =   224.89s     Checking `Expect predicate `existsNoRetry == 1` for object Any (First Match)`
    t =   224.90s         Checking existence of `Any (First Match)`
    t =   224.91s         Capturing element debug description
    t =   225.85s     Checking `Expect predicate `existsNoRetry == 1` for object Any (First Match)`
    t =   225.85s         Checking existence of `Any (First Match)`
    t =   225.86s         Capturing element debug description
    t =   226.89s     Checking `Expect predicate `existsNoRetry == 1` for object Any (First Match)`
    t =   226.90s         Checking existence of `Any (First Match)`
    t =   226.91s         Capturing element debug description
    t =   227.85s     Checking `Expect predicate `existsNoRetry == 1` for object Any (First Match)`
    t =   227.85s         Checking existence of `Any (First Match)`
    t =   227.86s         Capturing element debug description
    t =   228.90s     Checking `Expect predicate `existsNoRetry == 1` for object Any (First Match)`
    t =   228.91s         Checking existence of `Any (First Match)`
    t =   228.92s         Capturing element debug description
    t =   229.85s     Checking `Expect predicate `existsNoRetry == 1` for object Any (First Match)`
    t =   229.85s         Checking existence of `Any (First Match)`
    t =   229.86s         Capturing element debug description
    t =   230.89s     Checking `Expect predicate `existsNoRetry == 1` for object Any (First Match)`
    t =   230.90s         Checking existence of `Any (First Match)`
    t =   230.91s         Capturing element debug description
    t =   231.85s     Checking `Expect predicate `existsNoRetry == 1` for object Any (First Match)`
    t =   231.85s         Checking existence of `Any (First Match)`
    t =   231.86s         Capturing element debug description
    t =   232.90s     Checking `Expect predicate `existsNoRetry == 1` for object Any (First Match)`
    t =   232.90s         Checking existence of `Any (First Match)`
    t =   232.91s         Capturing element debug description
    t =   233.85s     Checking `Expect predicate `existsNoRetry == 1` for object Any (First Match)`
    t =   233.85s         Checking existence of `Any (First Match)`
    t =   233.86s         Capturing element debug description
    t =   234.91s     Checking `Expect predicate `existsNoRetry == 1` for object Any (First Match)`
    t =   234.91s         Checking existence of `Any (First Match)`
    t =   234.93s         Capturing element debug description
    t =   235.85s     Checking `Expect predicate `existsNoRetry == 1` for object Any (First Match)`
    t =   235.85s         Checking existence of `Any (First Match)`
    t =   235.87s         Capturing element debug description
    t =   236.90s     Checking `Expect predicate `existsNoRetry == 1` for object Any (First Match)`
    t =   236.90s         Checking existence of `Any (First Match)`
    t =   236.91s         Capturing element debug description
    t =   237.85s     Checking `Expect predicate `existsNoRetry == 1` for object Any (First Match)`
    t =   237.85s         Checking existence of `Any (First Match)`
    t =   237.86s         Capturing element debug description
    t =   238.90s     Checking `Expect predicate `existsNoRetry == 1` for object Any (First Match)`
    t =   238.90s         Checking existence of `Any (First Match)`
    t =   238.91s         Capturing element debug description
    t =   239.85s     Checking `Expect predicate `existsNoRetry == 1` for object Any (First Match)`
    t =   239.85s         Checking existence of `Any (First Match)`
    t =   239.86s         Capturing element debug description
    t =   240.90s     Checking `Expect predicate `existsNoRetry == 1` for object Any (First Match)`
    t =   240.90s         Checking existence of `Any (First Match)`
    t =   240.91s         Capturing element debug description
    t =   241.85s     Checking `Expect predicate `existsNoRetry == 1` for object Any (First Match)`
    t =   241.85s         Checking existence of `Any (First Match)`
    t =   241.86s         Capturing element debug description
    t =   241.93s     Checking existence of `Any (First Match)`
    t =   241.94s Collecting debug information to assist test failure triage
    t =   241.94s     Requesting snapshot of accessibility hierarchy for app with pid 46752
    t =   241.97s Checking existence of `Any (First Match)`
/Users/nstudio/Documents/github/NathanWalker/token-economics/harness/perf/uidriver/InteropCaptureTests.swift:24: error: -[UIDriverUITests.InteropCaptureTests testCaptureInteropResults] : failed - no INTEROPJSON element within 240s; last status: unknown
    t =   242.01s Tear Down
Test Case '-[UIDriverUITests.InteropCaptureTests testCaptureInteropResults]' failed (242.231 seconds).
Test Suite 'InteropCaptureTests' failed at 2026-08-01 20:49:12.117.
	 Executed 1 test, with 1 failure (0 unexpected) in 242.231 (242.232) seconds
Test Suite 'UIDriverUITests.xctest' failed at 2026-08-01 20:49:12.118.
	 Executed 2 tests, with 1 failure (0 unexpected) in 466.183 (466.186) seconds
Test Suite 'All tests' failed at 2026-08-01 20:49:12.119.
	 Executed 2 tests, with 1 failure (0 unexpected) in 466.183 (466.188) seconds
2026-08-01 20:49:21.586 xcodebuild[46581:30720416] [MT] IDETestOperationsObserverDebug: 477.183 elapsed -- Testing started completed.
2026-08-01 20:49:21.586 xcodebuild[46581:30720416] [MT] IDETestOperationsObserverDebug: 0.000 sec, +0.000 sec -- start
2026-08-01 20:49:21.586 xcodebuild[46581:30720416] [MT] IDETestOperationsObserverDebug: 477.183 sec, +477.183 sec -- end

Test session results, code coverage, and logs:
	/Users/nstudio/Library/Developer/Xcode/DerivedData/UIDriver-ekqcqbpucoqmcgbikewqdmafsmmj/Logs/Test/Test-UIDriver-2026.08.01_20-41-23--0700.xcresult

Failing tests:
	InteropCaptureTests.testCaptureInteropResults()

** TEST FAILED **

Testing started
