Command line invocation:
    /Applications/Xcode.app/Contents/Developer/usr/bin/xcodebuild test -project UIDriver.xcodeproj -scheme UIDriver -destination id=7DFF2660-A10C-449E-867A-92863D91663B

--- xcodebuild: WARNING: Using the first of multiple matching destinations:
{ platform:iOS Simulator, arch:arm64, id:7DFF2660-A10C-449E-867A-92863D91663B, OS:26.5, name:iPhone 17 Pro }
{ platform:iOS Simulator, arch:x86_64, id:7DFF2660-A10C-449E-867A-92863D91663B, OS:26.5, name:iPhone 17 Pro }
ComputePackagePrebuildTargetDependencyGraph

Prepare packages

CreateBuildRequest

SendProjectDescription

CreateBuildOperation

ComputeTargetDependencyGraph
note: Building targets in dependency order
note: Target dependency graph (1 target)
    Target 'UIDriverUITests' in project 'UIDriver' (no dependencies)

GatherProvisioningInputs

CreateBuildDescription

ClangStatCache /Applications/Xcode.app/Contents/Developer/Toolchains/XcodeDefault.xctoolchain/usr/bin/clang-stat-cache /Applications/Xcode.app/Contents/Developer/Platforms/iPhoneSimulator.platform/Developer/SDKs/iPhoneSimulator26.5.sdk /Users/nstudio/Library/Developer/Xcode/DerivedData/SDKStatCaches.noindex/iphonesimulator26.5-23F73-688ef53f1462e2c8f657fdc38a81448f6cfe768891a92b912361537c460fe42b.sdkstatcache
    cd /Users/nstudio/Documents/github/NathanWalker/token-economics/harness/perf/uidriver/UIDriver.xcodeproj
    /Applications/Xcode.app/Contents/Developer/Toolchains/XcodeDefault.xctoolchain/usr/bin/clang-stat-cache /Applications/Xcode.app/Contents/Developer/Platforms/iPhoneSimulator.platform/Developer/SDKs/iPhoneSimulator26.5.sdk -o /Users/nstudio/Library/Developer/Xcode/DerivedData/SDKStatCaches.noindex/iphonesimulator26.5-23F73-688ef53f1462e2c8f657fdc38a81448f6cfe768891a92b912361537c460fe42b.sdkstatcache

ProcessInfoPlistFile /Users/nstudio/Library/Developer/Xcode/DerivedData/UIDriver-ekqcqbpucoqmcgbikewqdmafsmmj/Build/Products/Debug-iphonesimulator/UIDriverUITests-Runner.app/PlugIns/UIDriverUITests.xctest/Info.plist /Users/nstudio/Library/Developer/Xcode/DerivedData/UIDriver-ekqcqbpucoqmcgbikewqdmafsmmj/Build/Intermediates.noindex/UIDriver.build/Debug-iphonesimulator/UIDriverUITests.build/empty-UIDriverUITests.plist (in target 'UIDriverUITests' from project 'UIDriver')
    cd /Users/nstudio/Documents/github/NathanWalker/token-economics/harness/perf/uidriver
    builtin-infoPlistUtility /Users/nstudio/Library/Developer/Xcode/DerivedData/UIDriver-ekqcqbpucoqmcgbikewqdmafsmmj/Build/Intermediates.noindex/UIDriver.build/Debug-iphonesimulator/UIDriverUITests.build/empty-UIDriverUITests.plist -producttype com.apple.product-type.bundle.ui-testing -expandbuildsettings -format binary -platform iphonesimulator -additionalcontentfile /Users/nstudio/Library/Developer/Xcode/DerivedData/UIDriver-ekqcqbpucoqmcgbikewqdmafsmmj/Build/Intermediates.noindex/UIDriver.build/Debug-iphonesimulator/UIDriverUITests.build/ProductTypeInfoPlistAdditions.plist -o /Users/nstudio/Library/Developer/Xcode/DerivedData/UIDriver-ekqcqbpucoqmcgbikewqdmafsmmj/Build/Products/Debug-iphonesimulator/UIDriverUITests-Runner.app/PlugIns/UIDriverUITests.xctest/Info.plist

CopySwiftLibs /Users/nstudio/Library/Developer/Xcode/DerivedData/UIDriver-ekqcqbpucoqmcgbikewqdmafsmmj/Build/Products/Debug-iphonesimulator/UIDriverUITests-Runner.app/PlugIns/UIDriverUITests.xctest (in target 'UIDriverUITests' from project 'UIDriver')
    cd /Users/nstudio/Documents/github/NathanWalker/token-economics/harness/perf/uidriver
    builtin-swiftStdLibTool --copy --verbose --scan-executable /Users/nstudio/Library/Developer/Xcode/DerivedData/UIDriver-ekqcqbpucoqmcgbikewqdmafsmmj/Build/Products/Debug-iphonesimulator/UIDriverUITests-Runner.app/PlugIns/UIDriverUITests.xctest/UIDriverUITests --scan-folder /Users/nstudio/Library/Developer/Xcode/DerivedData/UIDriver-ekqcqbpucoqmcgbikewqdmafsmmj/Build/Products/Debug-iphonesimulator/UIDriverUITests-Runner.app/PlugIns/UIDriverUITests.xctest/Frameworks --scan-folder /Users/nstudio/Library/Developer/Xcode/DerivedData/UIDriver-ekqcqbpucoqmcgbikewqdmafsmmj/Build/Products/Debug-iphonesimulator/UIDriverUITests-Runner.app/PlugIns/UIDriverUITests.xctest/PlugIns --scan-folder /Users/nstudio/Library/Developer/Xcode/DerivedData/UIDriver-ekqcqbpucoqmcgbikewqdmafsmmj/Build/Products/Debug-iphonesimulator/UIDriverUITests-Runner.app/PlugIns/UIDriverUITests.xctest/SystemExtensions --scan-folder /Users/nstudio/Library/Developer/Xcode/DerivedData/UIDriver-ekqcqbpucoqmcgbikewqdmafsmmj/Build/Products/Debug-iphonesimulator/UIDriverUITests-Runner.app/PlugIns/UIDriverUITests.xctest/Extensions --platform iphonesimulator --toolchain /var/run/com.apple.security.cryptexd/mnt/com.apple.MobileAsset.MetalToolchain-v17.6.42.0.xRBJyY/Metal.xctoolchain --toolchain /Applications/Xcode.app/Contents/Developer/Toolchains/XcodeDefault.xctoolchain --destination /Users/nstudio/Library/Developer/Xcode/DerivedData/UIDriver-ekqcqbpucoqmcgbikewqdmafsmmj/Build/Products/Debug-iphonesimulator/UIDriverUITests-Runner.app/PlugIns/UIDriverUITests.xctest/Frameworks --strip-bitcode --scan-executable /Applications/Xcode.app/Contents/Developer/Platforms/iPhoneSimulator.platform/Developer/usr/lib/libXCTestSwiftSupport.dylib --strip-bitcode-tool /Applications/Xcode.app/Contents/Developer/Toolchains/XcodeDefault.xctoolchain/usr/bin/bitcode_strip --emit-dependency-info /Users/nstudio/Library/Developer/Xcode/DerivedData/UIDriver-ekqcqbpucoqmcgbikewqdmafsmmj/Build/Intermediates.noindex/UIDriver.build/Debug-iphonesimulator/UIDriverUITests.build/SwiftStdLibToolInputDependencies.dep --filter-for-swift-os
Ignoring --strip-bitcode because --sign was not passed

2026-08-01 20:10:52.195626-0700 UIDriverUITests-Runner[45168:30655129] [Default] Running tests...
    t =      nans Interface orientation changed to Portrait
Test Suite 'All tests' started at 2026-08-01 20:10:52.783.
Test Suite 'UIDriverUITests.xctest' started at 2026-08-01 20:10:52.784.
Test Suite 'FeatureLatencyTests' started at 2026-08-01 20:10:52.784.
Test Case '-[UIDriverUITests.FeatureLatencyTests testFeatureLatencies]' started.
    t =     0.00s Start Test at 2026-08-01 20:10:52.785
    t =     0.02s Set Up
STEP[0s]: iter 0: launch org.nativescript.nsbenchmark
    t =     0.02s Open org.nativescript.nsbenchmark
    t =     0.02s     Launch org.nativescript.nsbenchmark
    t =     0.11s         Setting up automation session
objc[45168]: Class UIAccessibilityLoaderWebShared is implemented in both /Library/Developer/CoreSimulator/Volumes/iOS_23F77/Library/Developer/CoreSimulator/Profiles/Runtimes/iOS 26.5.simruntime/Contents/Resources/RuntimeRoot/System/Library/AccessibilityBundles/WebCore.axbundle/WebCore (0x108958310) and /Library/Developer/CoreSimulator/Volumes/iOS_23F77/Library/Developer/CoreSimulator/Profiles/Runtimes/iOS 26.5.simruntime/Contents/Resources/RuntimeRoot/System/Library/AccessibilityBundles/WebKit.axbundle/WebKit (0x104afc398). This may cause spurious casting failures and mysterious crashes. One of the duplicates must be removed or renamed.
    t =     0.87s         Wait for org.nativescript.nsbenchmark to idle
    t =     2.03s Checking existence of `"Health" Button`
    t =     2.06s Waiting 20.0s for "Health" Button to exist
    t =     3.14s     Checking `Expect predicate `existsNoRetry == 1` for object "Health" Button`
    t =     3.14s         Checking existence of `"Health" Button`
STEP[3s]: iter 0: nav Health
    t =     3.16s Checking existence of `"Health" Button`
    t =     3.16s Tap "Health" Button
    t =     3.16s     Wait for org.nativescript.nsbenchmark to idle
    t =     3.17s     Find the "Health" Button
    t =     3.17s     Check for interrupting elements affecting "Health" Button
    t =     3.18s     Synthesize event
    t =     3.48s     Wait for org.nativescript.nsbenchmark to idle
    t =     3.87s Waiting 10.0s for Any (First Match) to exist
    t =     4.94s     Checking `Expect predicate `existsNoRetry == 1` for object Any (First Match)`
    t =     4.94s         Checking existence of `Any (First Match)`
    t =     4.97s Checking existence of `Any (First Match)`
    t =     4.98s Find the Any (First Match)
STEP[4s]: iter 0: HK authorize
    t =     5.00s Checking existence of `"Request Access" Button`
    t =     5.01s Checking existence of `"Request Access" Button`
    t =     5.02s Find the "Request Access" Button
    t =     5.03s Tap "Request Access" Button
    t =     5.04s     Wait for org.nativescript.nsbenchmark to idle
    t =     5.04s     Find the "Request Access" Button
    t =     5.05s     Check for interrupting elements affecting "Request Access" Button
    t =     5.06s     Synthesize event
    t =     5.36s     Wait for org.nativescript.nsbenchmark to idle
    t =     5.36s Waiting 3.0s for Any (First Match) to exist
    t =     6.44s     Checking `Expect predicate `existsNoRetry == 1` for object Any (First Match)`
    t =     6.44s         Checking existence of `Any (First Match)`
    t =     6.50s Find the Any (First Match)
STEP[6s]: health sheet(app): tap 'Turn On All'
    t =     6.54s Tap "Turn On All" StaticText
    t =     6.54s     Wait for org.nativescript.nsbenchmark to idle
    t =     6.54s     Find the "Turn On All" StaticText
    t =     6.58s     Check for interrupting elements affecting "Turn On All" StaticText
    t =     6.61s     Synthesize event
    t =     6.91s     Wait for org.nativescript.nsbenchmark to idle
    t =     6.91s Waiting 2.0s for "Allow" Button to exist
    t =     7.99s     Checking `Expect predicate `existsNoRetry == 1` for object "Allow" Button`
    t =     7.99s         Checking existence of `"Allow" Button`
    t =     8.03s Find the "Allow" Button
STEP[8s]: health sheet(app): confirm 'Allow'
    t =     8.06s Tap "UIA.Health.Allow.Button" Button
    t =     8.06s     Wait for org.nativescript.nsbenchmark to idle
    t =     8.06s     Find the "UIA.Health.Allow.Button" Button
    t =     8.09s     Check for interrupting elements affecting "UIA.Health.Allow.Button" Button
    t =     8.12s     Synthesize event
    t =     8.41s     Wait for org.nativescript.nsbenchmark to idle
    t =     8.42s Waiting 15.0s for Any (First Match) to exist
    t =     9.49s     Checking `Expect predicate `existsNoRetry == 1` for object Any (First Match)`
    t =     9.49s         Checking existence of `Any (First Match)`
    t =     9.52s Checking existence of `"Health access: not requested" StaticText`
    t =     9.53s Find the "Health access: not requested" StaticText
    t =     9.54s Waiting 15.0s for Any (First Match) to exist
    t =    10.62s     Checking `Expect predicate `existsNoRetry == 1` for object Any (First Match)`
    t =    10.62s         Checking existence of `Any (First Match)`
    t =    10.65s Checking existence of `Any (First Match)`
    t =    10.66s Find the Any (First Match)
    t =    10.68s Checking existence of `"Log 500 Steps" Button`
    t =    10.69s Checking existence of `"Log 500 Steps" Button`
    t =    10.70s Find the "Log 500 Steps" Button
STEP[10s]: iter 0: log 500
    t =    10.72s Tap "Log 500 Steps" Button
    t =    10.72s     Wait for org.nativescript.nsbenchmark to idle
    t =    10.72s     Find the "Log 500 Steps" Button
    t =    10.73s     Check for interrupting elements affecting "Log 500 Steps" Button
    t =    10.74s     Synthesize event
    t =    11.04s     Wait for org.nativescript.nsbenchmark to idle
    t =    11.05s Checking existence of `"Sat Aug 1 — 29000 steps (today)" StaticText`
    t =    11.07s Find the "Sat Aug 1 — 29000 steps (today)" StaticText
    t =    11.14s Checking existence of `"Sat Aug 1 — 29000 steps (today)" StaticText`
    t =    11.16s Find the "Sat Aug 1 — 29000 steps (today)" StaticText
    t =    11.24s Checking existence of `"Sat Aug 1 — 29000 steps (today)" StaticText`
    t =    11.25s Find the "Sat Aug 1 — 29000 steps (today)" StaticText
    t =    11.33s Checking existence of `"Sat Aug 1 — 29000 steps (today)" StaticText`
    t =    11.34s Find the "Sat Aug 1 — 29000 steps (today)" StaticText
    t =    11.41s Checking existence of `"Sat Aug 1 — 29000 steps (today)" StaticText`
    t =    11.43s Find the "Sat Aug 1 — 29000 steps (today)" StaticText
    t =    11.50s Checking existence of `"Sat Aug 1 — 29000 steps (today)" StaticText`
    t =    11.52s Find the "Sat Aug 1 — 29000 steps (today)" StaticText
    t =    11.59s Checking existence of `"Sat Aug 1 — 29000 steps (today)" StaticText`
    t =    11.61s Find the "Sat Aug 1 — 29000 steps (today)" StaticText
    t =    11.68s Checking existence of `"Sat Aug 1 — 29000 steps (today)" StaticText`
    t =    11.70s Find the "Sat Aug 1 — 29000 steps (today)" StaticText
    t =    11.77s Checking existence of `"Sat Aug 1 — 29000 steps (today)" StaticText`
    t =    11.79s Find the "Sat Aug 1 — 29000 steps (today)" StaticText
    t =    11.86s Checking existence of `"Sat Aug 1 — 29000 steps (today)" StaticText`
    t =    11.88s Find the "Sat Aug 1 — 29000 steps (today)" StaticText
    t =    11.95s Checking existence of `"Sat Aug 1 — 29000 steps (today)" StaticText`
    t =    11.96s Find the "Sat Aug 1 — 29000 steps (today)" StaticText
    t =    12.04s Checking existence of `"Sat Aug 1 — 29000 steps (today)" StaticText`
    t =    12.05s Find the "Sat Aug 1 — 29000 steps (today)" StaticText
    t =    12.12s Checking existence of `"Sat Aug 1 — 29000 steps (today)" StaticText`
    t =    12.14s Find the "Sat Aug 1 — 29000 steps (today)" StaticText
    t =    12.21s Checking existence of `"Sat Aug 1 — 29000 steps (today)" StaticText`
    t =    12.22s Find the "Sat Aug 1 — 29000 steps (today)" StaticText
    t =    12.30s Checking existence of `"Sat Aug 1 — 29000 steps (today)" StaticText`
    t =    12.32s Find the "Sat Aug 1 — 29000 steps (today)" StaticText
    t =    12.39s Checking existence of `"Sat Aug 1 — 29000 steps (today)" StaticText`
    t =    12.40s Find the "Sat Aug 1 — 29000 steps (today)" StaticText
    t =    12.48s Checking existence of `"Sat Aug 1 — 29000 steps (today)" StaticText`
    t =    12.49s Find the "Sat Aug 1 — 29000 steps (today)" StaticText
    t =    12.57s Checking existence of `"Sat Aug 1 — 29000 steps (today)" StaticText`
    t =    12.58s Find the "Sat Aug 1 — 29000 steps (today)" StaticText
    t =    12.66s Checking existence of `"Sat Aug 1 — 29000 steps (today)" StaticText`
    t =    12.67s Find the "Sat Aug 1 — 29000 steps (today)" StaticText
    t =    12.75s Checking existence of `"Sat Aug 1 — 29000 steps (today)" StaticText`
    t =    12.76s Find the "Sat Aug 1 — 29000 steps (today)" StaticText
    t =    12.84s Checking existence of `"Sat Aug 1 — 29000 steps (today)" StaticText`
    t =    12.85s Find the "Sat Aug 1 — 29000 steps (today)" StaticText
    t =    12.93s Checking existence of `"Sat Aug 1 — 29000 steps (today)" StaticText`
    t =    12.94s Find the "Sat Aug 1 — 29000 steps (today)" StaticText
    t =    13.02s Checking existence of `"Sat Aug 1 — 29000 steps (today)" StaticText`
    t =    13.04s Find the "Sat Aug 1 — 29000 steps (today)" StaticText
    t =    13.11s Checking existence of `"Sat Aug 1 — 29000 steps (today)" StaticText`
    t =    13.13s Find the "Sat Aug 1 — 29000 steps (today)" StaticText
    t =    13.20s Checking existence of `"Sat Aug 1 — 29000 steps (today)" StaticText`
    t =    13.22s Find the "Sat Aug 1 — 29000 steps (today)" StaticText
    t =    13.29s Checking existence of `"Sat Aug 1 — 29000 steps (today)" StaticText`
    t =    13.31s Find the "Sat Aug 1 — 29000 steps (today)" StaticText
    t =    13.38s Checking existence of `"Sat Aug 1 — 29000 steps (today)" StaticText`
    t =    13.40s Find the "Sat Aug 1 — 29000 steps (today)" StaticText
    t =    13.47s Checking existence of `"Sat Aug 1 — 29000 steps (today)" StaticText`
    t =    13.49s Find the "Sat Aug 1 — 29000 steps (today)" StaticText
    t =    13.56s Checking existence of `"Sat Aug 1 — 29000 steps (today)" StaticText`
    t =    13.58s Find the "Sat Aug 1 — 29000 steps (today)" StaticText
    t =    13.66s Checking existence of `"Sat Aug 1 — 29000 steps (today)" StaticText`
    t =    13.67s Find the "Sat Aug 1 — 29000 steps (today)" StaticText
    t =    13.74s Checking existence of `"Sat Aug 1 — 29000 steps (today)" StaticText`
    t =    13.76s Find the "Sat Aug 1 — 29000 steps (today)" StaticText
    t =    13.83s Checking existence of `"Sat Aug 1 — 29000 steps (today)" StaticText`
    t =    13.85s Find the "Sat Aug 1 — 29000 steps (today)" StaticText
    t =    13.92s Checking existence of `"Sat Aug 1 — 29000 steps (today)" StaticText`
    t =    13.94s Find the "Sat Aug 1 — 29000 steps (today)" StaticText
    t =    14.01s Checking existence of `"Sat Aug 1 — 29000 steps (today)" StaticText`
    t =    14.03s Find the "Sat Aug 1 — 29000 steps (today)" StaticText
    t =    14.11s Checking existence of `"Sat Aug 1 — 29000 steps (today)" StaticText`
    t =    14.12s Find the "Sat Aug 1 — 29000 steps (today)" StaticText
    t =    14.19s Checking existence of `"Sat Aug 1 — 29000 steps (today)" StaticText`
    t =    14.21s Find the "Sat Aug 1 — 29000 steps (today)" StaticText
    t =    14.28s Checking existence of `"Sat Aug 1 — 29000 steps (today)" StaticText`
    t =    14.30s Find the "Sat Aug 1 — 29000 steps (today)" StaticText
    t =    14.37s Checking existence of `"Sat Aug 1 — 29000 steps (today)" StaticText`
    t =    14.38s Find the "Sat Aug 1 — 29000 steps (today)" StaticText
    t =    14.46s Checking existence of `"Sat Aug 1 — 29000 steps (today)" StaticText`
    t =    14.47s Find the "Sat Aug 1 — 29000 steps (today)" StaticText
    t =    14.55s Checking existence of `"Sat Aug 1 — 29000 steps (today)" StaticText`
    t =    14.56s Find the "Sat Aug 1 — 29000 steps (today)" StaticText
    t =    14.64s Checking existence of `"Sat Aug 1 — 29000 steps (today)" StaticText`
    t =    14.66s Find the "Sat Aug 1 — 29000 steps (today)" StaticText
    t =    14.73s Checking existence of `"Sat Aug 1 — 29000 steps (today)" StaticText`
    t =    14.74s Find the "Sat Aug 1 — 29000 steps (today)" StaticText
    t =    14.81s Checking existence of `"Sat Aug 1 — 29000 steps (today)" StaticText`
    t =    14.83s Find the "Sat Aug 1 — 29000 steps (today)" StaticText
    t =    14.90s Checking existence of `"Sat Aug 1 — 29000 steps (today)" StaticText`
    t =    14.92s Find the "Sat Aug 1 — 29000 steps (today)" StaticText
    t =    14.99s Checking existence of `"Sat Aug 1 — 29000 steps (today)" StaticText`
    t =    15.00s Find the "Sat Aug 1 — 29000 steps (today)" StaticText
    t =    15.08s Checking existence of `"Sat Aug 1 — 29000 steps (today)" StaticText`
    t =    15.10s Find the "Sat Aug 1 — 29000 steps (today)" StaticText
    t =    15.17s Checking existence of `"Sat Aug 1 — 29000 steps (today)" StaticText`
    t =    15.18s Find the "Sat Aug 1 — 29000 steps (today)" StaticText
    t =    15.26s Checking existence of `"Sat Aug 1 — 29000 steps (today)" StaticText`
    t =    15.28s Find the "Sat Aug 1 — 29000 steps (today)" StaticText
    t =    15.35s Checking existence of `"Sat Aug 1 — 29000 steps (today)" StaticText`
    t =    15.37s Find the "Sat Aug 1 — 29000 steps (today)" StaticText
    t =    15.44s Checking existence of `"Sat Aug 1 — 29000 steps (today)" StaticText`
    t =    15.46s Find the "Sat Aug 1 — 29000 steps (today)" StaticText
    t =    15.53s Checking existence of `"Sat Aug 1 — 29000 steps (today)" StaticText`
    t =    15.55s Find the "Sat Aug 1 — 29000 steps (today)" StaticText
    t =    15.62s Checking existence of `"Sat Aug 1 — 29000 steps (today)" StaticText`
    t =    15.64s Find the "Sat Aug 1 — 29000 steps (today)" StaticText
    t =    15.71s Checking existence of `"Sat Aug 1 — 29000 steps (today)" StaticText`
    t =    15.72s Find the "Sat Aug 1 — 29000 steps (today)" StaticText
    t =    15.80s Checking existence of `"Sat Aug 1 — 29000 steps (today)" StaticText`
    t =    15.81s Find the "Sat Aug 1 — 29000 steps (today)" StaticText
    t =    15.89s Checking existence of `"Sat Aug 1 — 29000 steps (today)" StaticText`
    t =    15.90s Find the "Sat Aug 1 — 29000 steps (today)" StaticText
    t =    15.98s Checking existence of `"Sat Aug 1 — 29000 steps (today)" StaticText`
    t =    15.99s Find the "Sat Aug 1 — 29000 steps (today)" StaticText
    t =    16.07s Checking existence of `"Sat Aug 1 — 29000 steps (today)" StaticText`
    t =    16.08s Find the "Sat Aug 1 — 29000 steps (today)" StaticText
    t =    16.16s Checking existence of `"Sat Aug 1 — 29000 steps (today)" StaticText`
    t =    16.17s Find the "Sat Aug 1 — 29000 steps (today)" StaticText
    t =    16.25s Checking existence of `"Sat Aug 1 — 29000 steps (today)" StaticText`
    t =    16.26s Find the "Sat Aug 1 — 29000 steps (today)" StaticText
    t =    16.34s Checking existence of `"Sat Aug 1 — 29000 steps (today)" StaticText`
    t =    16.36s Find the "Sat Aug 1 — 29000 steps (today)" StaticText
    t =    16.43s Checking existence of `"Sat Aug 1 — 29000 steps (today)" StaticText`
    t =    16.44s Find the "Sat Aug 1 — 29000 steps (today)" StaticText
    t =    16.52s Checking existence of `"Sat Aug 1 — 29000 steps (today)" StaticText`
    t =    16.54s Find the "Sat Aug 1 — 29000 steps (today)" StaticText
    t =    16.61s Checking existence of `"Sat Aug 1 — 29000 steps (today)" StaticText`
    t =    16.63s Find the "Sat Aug 1 — 29000 steps (today)" StaticText
    t =    16.70s Checking existence of `"Sat Aug 1 — 29000 steps (today)" StaticText`
    t =    16.72s Find the "Sat Aug 1 — 29000 steps (today)" StaticText
    t =    16.79s Checking existence of `"Sat Aug 1 — 29000 steps (today)" StaticText`
    t =    16.81s Find the "Sat Aug 1 — 29000 steps (today)" StaticText
    t =    16.88s Checking existence of `"Sat Aug 1 — 29000 steps (today)" StaticText`
    t =    16.90s Find the "Sat Aug 1 — 29000 steps (today)" StaticText
    t =    16.97s Checking existence of `"Sat Aug 1 — 29000 steps (today)" StaticText`
    t =    16.99s Find the "Sat Aug 1 — 29000 steps (today)" StaticText
    t =    17.06s Checking existence of `"Sat Aug 1 — 29000 steps (today)" StaticText`
    t =    17.08s Find the "Sat Aug 1 — 29000 steps (today)" StaticText
    t =    17.16s Checking existence of `"Sat Aug 1 — 29000 steps (today)" StaticText`
    t =    17.17s Find the "Sat Aug 1 — 29000 steps (today)" StaticText
    t =    17.25s Checking existence of `"Sat Aug 1 — 29000 steps (today)" StaticText`
    t =    17.26s Find the "Sat Aug 1 — 29000 steps (today)" StaticText
    t =    17.34s Checking existence of `"Sat Aug 1 — 29000 steps (today)" StaticText`
    t =    17.35s Find the "Sat Aug 1 — 29000 steps (today)" StaticText
    t =    17.43s Checking existence of `"Sat Aug 1 — 29000 steps (today)" StaticText`
    t =    17.44s Find the "Sat Aug 1 — 29000 steps (today)" StaticText
    t =    17.51s Checking existence of `"Sat Aug 1 — 29000 steps (today)" StaticText`
    t =    17.53s Find the "Sat Aug 1 — 29000 steps (today)" StaticText
    t =    17.61s Checking existence of `"Sat Aug 1 — 29000 steps (today)" StaticText`
    t =    17.62s Find the "Sat Aug 1 — 29000 steps (today)" StaticText
    t =    17.69s Checking existence of `"Sat Aug 1 — 29000 steps (today)" StaticText`
    t =    17.71s Find the "Sat Aug 1 — 29000 steps (today)" StaticText
    t =    17.78s Checking existence of `"Sat Aug 1 — 29000 steps (today)" StaticText`
    t =    17.80s Find the "Sat Aug 1 — 29000 steps (today)" StaticText
    t =    17.87s Checking existence of `"Sat Aug 1 — 29000 steps (today)" StaticText`
    t =    17.89s Find the "Sat Aug 1 — 29000 steps (today)" StaticText
    t =    17.96s Checking existence of `"Sat Aug 1 — 29000 steps (today)" StaticText`
    t =    17.98s Find the "Sat Aug 1 — 29000 steps (today)" StaticText
    t =    18.05s Checking existence of `"Sat Aug 1 — 29000 steps (today)" StaticText`
    t =    18.06s Find the "Sat Aug 1 — 29000 steps (today)" StaticText
    t =    18.13s Checking existence of `"Sat Aug 1 — 29000 steps (today)" StaticText`
    t =    18.14s Find the "Sat Aug 1 — 29000 steps (today)" StaticText
    t =    18.22s Checking existence of `"Sat Aug 1 — 29000 steps (today)" StaticText`
    t =    18.23s Find the "Sat Aug 1 — 29000 steps (today)" StaticText
    t =    18.30s Checking existence of `"Sat Aug 1 — 29000 steps (today)" StaticText`
    t =    18.32s Find the "Sat Aug 1 — 29000 steps (today)" StaticText
    t =    18.39s Checking existence of `"Sat Aug 1 — 29000 steps (today)" StaticText`
    t =    18.40s Find the "Sat Aug 1 — 29000 steps (today)" StaticText
    t =    18.48s Checking existence of `"Sat Aug 1 — 29000 steps (today)" StaticText`
    t =    18.50s Find the "Sat Aug 1 — 29000 steps (today)" StaticText
    t =    18.57s Checking existence of `"Sat Aug 1 — 29000 steps (today)" StaticText`
    t =    18.59s Find the "Sat Aug 1 — 29000 steps (today)" StaticText
    t =    18.66s Checking existence of `"Sat Aug 1 — 29000 steps (today)" StaticText`
    t =    18.68s Find the "Sat Aug 1 — 29000 steps (today)" StaticText
    t =    18.75s Checking existence of `"Sat Aug 1 — 29000 steps (today)" StaticText`
    t =    18.76s Find the "Sat Aug 1 — 29000 steps (today)" StaticText
    t =    18.84s Checking existence of `"Sat Aug 1 — 29000 steps (today)" StaticText`
    t =    18.85s Find the "Sat Aug 1 — 29000 steps (today)" StaticText
    t =    18.93s Checking existence of `"Sat Aug 1 — 29000 steps (today)" StaticText`
    t =    18.94s Find the "Sat Aug 1 — 29000 steps (today)" StaticText
    t =    19.02s Checking existence of `"Sat Aug 1 — 29000 steps (today)" StaticText`
    t =    19.03s Find the "Sat Aug 1 — 29000 steps (today)" StaticText
    t =    19.11s Checking existence of `"Sat Aug 1 — 29000 steps (today)" StaticText`
    t =    19.13s Find the "Sat Aug 1 — 29000 steps (today)" StaticText
    t =    19.20s Checking existence of `"Sat Aug 1 — 29000 steps (today)" StaticText`
    t =    19.22s Find the "Sat Aug 1 — 29000 steps (today)" StaticText
    t =    19.29s Checking existence of `"Sat Aug 1 — 29000 steps (today)" StaticText`
    t =    19.30s Find the "Sat Aug 1 — 29000 steps (today)" StaticText
    t =    19.37s Checking existence of `"Sat Aug 1 — 29000 steps (today)" StaticText`
    t =    19.39s Find the "Sat Aug 1 — 29000 steps (today)" StaticText
    t =    19.46s Checking existence of `"Sat Aug 1 — 29000 steps (today)" StaticText`
    t =    19.48s Find the "Sat Aug 1 — 29000 steps (today)" StaticText
    t =    19.55s Checking existence of `"Sat Aug 1 — 29000 steps (today)" StaticText`
    t =    19.56s Find the "Sat Aug 1 — 29000 steps (today)" StaticText
    t =    19.64s Checking existence of `"Sat Aug 1 — 29000 steps (today)" StaticText`
    t =    19.65s Find the "Sat Aug 1 — 29000 steps (today)" StaticText
    t =    19.72s Checking existence of `"Sat Aug 1 — 29000 steps (today)" StaticText`
    t =    19.74s Find the "Sat Aug 1 — 29000 steps (today)" StaticText
    t =    19.80s Checking existence of `"Sat Aug 1 — 29000 steps (today)" StaticText`
    t =    19.82s Find the "Sat Aug 1 — 29000 steps (today)" StaticText
    t =    19.89s Checking existence of `"Sat Aug 1 — 29000 steps (today)" StaticText`
    t =    19.90s Find the "Sat Aug 1 — 29000 steps (today)" StaticText
    t =    19.97s Checking existence of `"Sat Aug 1 — 29000 steps (today)" StaticText`
    t =    19.99s Find the "Sat Aug 1 — 29000 steps (today)" StaticText
    t =    20.06s Checking existence of `"Sat Aug 1 — 29000 steps (today)" StaticText`
    t =    20.08s Find the "Sat Aug 1 — 29000 steps (today)" StaticText
    t =    20.15s Checking existence of `"Sat Aug 1 — 29000 steps (today)" StaticText`
    t =    20.18s Find the "Sat Aug 1 — 29000 steps (today)" StaticText
    t =    20.25s Checking existence of `"Sat Aug 1 — 29000 steps (today)" StaticText`
    t =    20.27s Find the "Sat Aug 1 — 29000 steps (today)" StaticText
    t =    20.34s Checking existence of `"Sat Aug 1 — 29000 steps (today)" StaticText`
    t =    20.36s Find the "Sat Aug 1 — 29000 steps (today)" StaticText
    t =    20.44s Checking existence of `"Sat Aug 1 — 29000 steps (today)" StaticText`
    t =    20.45s Find the "Sat Aug 1 — 29000 steps (today)" StaticText
    t =    20.53s Checking existence of `"Sat Aug 1 — 29000 steps (today)" StaticText`
    t =    20.54s Find the "Sat Aug 1 — 29000 steps (today)" StaticText
    t =    20.62s Checking existence of `"Sat Aug 1 — 29000 steps (today)" StaticText`
    t =    20.63s Find the "Sat Aug 1 — 29000 steps (today)" StaticText
    t =    20.71s Checking existence of `"Sat Aug 1 — 29000 steps (today)" StaticText`
    t =    20.72s Find the "Sat Aug 1 — 29000 steps (today)" StaticText
    t =    20.80s Checking existence of `"Sat Aug 1 — 29000 steps (today)" StaticText`
    t =    20.81s Find the "Sat Aug 1 — 29000 steps (today)" StaticText
    t =    20.89s Checking existence of `"Sat Aug 1 — 29000 steps (today)" StaticText`
    t =    20.90s Find the "Sat Aug 1 — 29000 steps (today)" StaticText
    t =    20.98s Checking existence of `"Sat Aug 1 — 29000 steps (today)" StaticText`
    t =    21.00s Find the "Sat Aug 1 — 29000 steps (today)" StaticText
    t =    21.07s Checking existence of `"Sat Aug 1 — 29000 steps (today)" StaticText`
    t =    21.09s Find the "Sat Aug 1 — 29000 steps (today)" StaticText
    t =    21.16s Checking existence of `"Sat Aug 1 — 29000 steps (today)" StaticText`
    t =    21.18s Find the "Sat Aug 1 — 29000 steps (today)" StaticText
    t =    21.25s Checking existence of `"Sat Aug 1 — 29000 steps (today)" StaticText`
    t =    21.27s Find the "Sat Aug 1 — 29000 steps (today)" StaticText
    t =    21.35s Checking existence of `"Sat Aug 1 — 29000 steps (today)" StaticText`
    t =    21.36s Find the "Sat Aug 1 — 29000 steps (today)" StaticText
    t =    21.44s Checking existence of `"Sat Aug 1 — 29000 steps (today)" StaticText`
    t =    21.45s Find the "Sat Aug 1 — 29000 steps (today)" StaticText
    t =    21.53s Checking existence of `"Sat Aug 1 — 29000 steps (today)" StaticText`
    t =    21.54s Find the "Sat Aug 1 — 29000 steps (today)" StaticText
    t =    21.62s Checking existence of `"Sat Aug 1 — 29000 steps (today)" StaticText`
    t =    21.63s Find the "Sat Aug 1 — 29000 steps (today)" StaticText
    t =    21.71s Checking existence of `"Sat Aug 1 — 29000 steps (today)" StaticText`
    t =    21.72s Find the "Sat Aug 1 — 29000 steps (today)" StaticText
    t =    21.80s Checking existence of `"Sat Aug 1 — 29000 steps (today)" StaticText`
    t =    21.81s Find the "Sat Aug 1 — 29000 steps (today)" StaticText
    t =    21.89s Checking existence of `"Sat Aug 1 — 29000 steps (today)" StaticText`
    t =    21.91s Find the "Sat Aug 1 — 29000 steps (today)" StaticText
    t =    21.98s Checking existence of `"Sat Aug 1 — 29000 steps (today)" StaticText`
    t =    22.00s Find the "Sat Aug 1 — 29000 steps (today)" StaticText
    t =    22.07s Checking existence of `"Sat Aug 1 — 29000 steps (today)" StaticText`
    t =    22.08s Find the "Sat Aug 1 — 29000 steps (today)" StaticText
    t =    22.16s Checking existence of `"Sat Aug 1 — 29000 steps (today)" StaticText`
    t =    22.17s Find the "Sat Aug 1 — 29000 steps (today)" StaticText
    t =    22.25s Checking existence of `"Sat Aug 1 — 29000 steps (today)" StaticText`
    t =    22.27s Find the "Sat Aug 1 — 29000 steps (today)" StaticText
    t =    22.34s Checking existence of `"Sat Aug 1 — 29000 steps (today)" StaticText`
    t =    22.36s Find the "Sat Aug 1 — 29000 steps (today)" StaticText
    t =    22.43s Checking existence of `"Sat Aug 1 — 29000 steps (today)" StaticText`
    t =    22.45s Find the "Sat Aug 1 — 29000 steps (today)" StaticText
    t =    22.52s Checking existence of `"Sat Aug 1 — 29000 steps (today)" StaticText`
    t =    22.54s Find the "Sat Aug 1 — 29000 steps (today)" StaticText
    t =    22.61s Checking existence of `"Sat Aug 1 — 29000 steps (today)" StaticText`
    t =    22.63s Find the "Sat Aug 1 — 29000 steps (today)" StaticText
    t =    22.71s Checking existence of `"Sat Aug 1 — 29000 steps (today)" StaticText`
    t =    22.72s Find the "Sat Aug 1 — 29000 steps (today)" StaticText
    t =    22.80s Checking existence of `"Sat Aug 1 — 29000 steps (today)" StaticText`
    t =    22.81s Find the "Sat Aug 1 — 29000 steps (today)" StaticText
    t =    22.89s Checking existence of `"Sat Aug 1 — 29000 steps (today)" StaticText`
    t =    22.90s Find the "Sat Aug 1 — 29000 steps (today)" StaticText
    t =    22.97s Checking existence of `"Sat Aug 1 — 29000 steps (today)" StaticText`
    t =    22.99s Find the "Sat Aug 1 — 29000 steps (today)" StaticText
    t =    23.06s Checking existence of `"Sat Aug 1 — 29000 steps (today)" StaticText`
    t =    23.08s Find the "Sat Aug 1 — 29000 steps (today)" StaticText
    t =    23.16s Checking existence of `"Sat Aug 1 — 29000 steps (today)" StaticText`
    t =    23.17s Find the "Sat Aug 1 — 29000 steps (today)" StaticText
    t =    23.25s Checking existence of `"Sat Aug 1 — 29000 steps (today)" StaticText`
    t =    23.26s Find the "Sat Aug 1 — 29000 steps (today)" StaticText
    t =    23.34s Checking existence of `"Sat Aug 1 — 29000 steps (today)" StaticText`
    t =    23.35s Find the "Sat Aug 1 — 29000 steps (today)" StaticText
    t =    23.43s Checking existence of `"Sat Aug 1 — 29000 steps (today)" StaticText`
    t =    23.44s Find the "Sat Aug 1 — 29000 steps (today)" StaticText
    t =    23.52s Checking existence of `"Sat Aug 1 — 29000 steps (today)" StaticText`
    t =    23.53s Find the "Sat Aug 1 — 29000 steps (today)" StaticText
    t =    23.61s Checking existence of `"Sat Aug 1 — 29000 steps (today)" StaticText`
    t =    23.62s Find the "Sat Aug 1 — 29000 steps (today)" StaticText
    t =    23.70s Checking existence of `"Sat Aug 1 — 29000 steps (today)" StaticText`
    t =    23.71s Find the "Sat Aug 1 — 29000 steps (today)" StaticText
    t =    23.79s Checking existence of `"Sat Aug 1 — 29000 steps (today)" StaticText`
    t =    23.80s Find the "Sat Aug 1 — 29000 steps (today)" StaticText
    t =    23.88s Checking existence of `"Sat Aug 1 — 29000 steps (today)" StaticText`
    t =    23.89s Find the "Sat Aug 1 — 29000 steps (today)" StaticText
    t =    23.97s Checking existence of `"Sat Aug 1 — 29000 steps (today)" StaticText`
    t =    23.98s Find the "Sat Aug 1 — 29000 steps (today)" StaticText
    t =    24.06s Checking existence of `"Sat Aug 1 — 29000 steps (today)" StaticText`
    t =    24.07s Find the "Sat Aug 1 — 29000 steps (today)" StaticText
    t =    24.15s Checking existence of `"Sat Aug 1 — 29000 steps (today)" StaticText`
    t =    24.16s Find the "Sat Aug 1 — 29000 steps (today)" StaticText
    t =    24.24s Checking existence of `"Sat Aug 1 — 29000 steps (today)" StaticText`
    t =    24.25s Find the "Sat Aug 1 — 29000 steps (today)" StaticText
    t =    24.33s Checking existence of `"Sat Aug 1 — 29000 steps (today)" StaticText`
    t =    24.34s Find the "Sat Aug 1 — 29000 steps (today)" StaticText
    t =    24.42s Checking existence of `"Sat Aug 1 — 29000 steps (today)" StaticText`
    t =    24.43s Find the "Sat Aug 1 — 29000 steps (today)" StaticText
    t =    24.51s Checking existence of `"Sat Aug 1 — 29000 steps (today)" StaticText`
    t =    24.53s Find the "Sat Aug 1 — 29000 steps (today)" StaticText
    t =    24.60s Checking existence of `"Sat Aug 1 — 29000 steps (today)" StaticText`
    t =    24.62s Find the "Sat Aug 1 — 29000 steps (today)" StaticText
    t =    24.69s Checking existence of `"Sat Aug 1 — 29000 steps (today)" StaticText`
    t =    24.71s Find the "Sat Aug 1 — 29000 steps (today)" StaticText
    t =    24.78s Checking existence of `"Sat Aug 1 — 29000 steps (today)" StaticText`
    t =    24.80s Find the "Sat Aug 1 — 29000 steps (today)" StaticText
    t =    24.87s Checking existence of `"Sat Aug 1 — 29000 steps (today)" StaticText`
    t =    24.89s Find the "Sat Aug 1 — 29000 steps (today)" StaticText
    t =    24.96s Checking existence of `"Sat Aug 1 — 29000 steps (today)" StaticText`
    t =    24.98s Find the "Sat Aug 1 — 29000 steps (today)" StaticText
    t =    25.06s Checking existence of `"Sat Aug 1 — 29000 steps (today)" StaticText`
    t =    25.07s Find the "Sat Aug 1 — 29000 steps (today)" StaticText
    t =    25.15s Checking existence of `"Sat Aug 1 — 29000 steps (today)" StaticText`
    t =    25.16s Find the "Sat Aug 1 — 29000 steps (today)" StaticText
    t =    25.24s Checking existence of `"Sat Aug 1 — 29000 steps (today)" StaticText`
    t =    25.25s Find the "Sat Aug 1 — 29000 steps (today)" StaticText
    t =    25.33s Checking existence of `"Sat Aug 1 — 29000 steps (today)" StaticText`
    t =    25.34s Find the "Sat Aug 1 — 29000 steps (today)" StaticText
    t =    25.42s Checking existence of `"Sat Aug 1 — 29000 steps (today)" StaticText`
    t =    25.43s Find the "Sat Aug 1 — 29000 steps (today)" StaticText
    t =    25.51s Checking existence of `"Sat Aug 1 — 29000 steps (today)" StaticText`
    t =    25.53s Find the "Sat Aug 1 — 29000 steps (today)" StaticText
    t =    25.60s Checking existence of `"Sat Aug 1 — 29000 steps (today)" StaticText`
    t =    25.62s Find the "Sat Aug 1 — 29000 steps (today)" StaticText
    t =    25.69s Checking existence of `"Sat Aug 1 — 29000 steps (today)" StaticText`
    t =    25.71s Find the "Sat Aug 1 — 29000 steps (today)" StaticText
    t =    25.78s Checking existence of `"Sat Aug 1 — 29000 steps (today)" StaticText`
    t =    25.80s Find the "Sat Aug 1 — 29000 steps (today)" StaticText
    t =    25.87s Checking existence of `"Sat Aug 1 — 29000 steps (today)" StaticText`
    t =    25.89s Find the "Sat Aug 1 — 29000 steps (today)" StaticText
    t =    25.96s Checking existence of `"Sat Aug 1 — 29000 steps (today)" StaticText`
    t =    25.98s Find the "Sat Aug 1 — 29000 steps (today)" StaticText
STEP[26s]: iter 0: go home
    t =    26.05s Checking existence of `"Transcribe" Button`
    t =    26.07s Checking existence of `"Health" Button`
    t =    26.09s Checking existence of `Any (First Match)`
    t =    26.10s Checking existence of `Button (Element at index 0)`
    t =    26.11s Find the Button (Element at index 0)
STEP[26s]: goHome: tapping candidate 0
    t =    26.14s Tap "BackButton" Button
    t =    26.14s     Wait for org.nativescript.nsbenchmark to idle
    t =    26.14s     Find the "BackButton" Button
    t =    26.15s     Check for interrupting elements affecting "BackButton" Button
    t =    26.17s     Synthesize event
    t =    26.46s     Wait for org.nativescript.nsbenchmark to idle
    t =    27.29s Checking existence of `"Transcribe" Button`
    t =    27.30s Waiting 3.0s for "Transcribe" Button to exist
    t =    28.38s     Checking `Expect predicate `existsNoRetry == 1` for object "Transcribe" Button`
    t =    28.38s         Checking existence of `"Transcribe" Button`
STEP[28s]: iter 0: nav Transcribe
    t =    28.39s Checking existence of `"Transcribe" Button`
    t =    28.39s Tap "Transcribe" Button
    t =    28.39s     Wait for org.nativescript.nsbenchmark to idle
    t =    28.39s     Find the "Transcribe" Button
    t =    28.40s     Check for interrupting elements affecting "Transcribe" Button
    t =    28.41s     Synthesize event
    t =    28.69s     Wait for org.nativescript.nsbenchmark to idle
    t =    29.01s Waiting 10.0s for Any (First Match) to exist
    t =    30.09s     Checking `Expect predicate `existsNoRetry == 1` for object Any (First Match)`
    t =    30.09s         Checking existence of `Any (First Match)`
    t =    30.12s Checking existence of `Any (First Match)`
    t =    30.13s Find the Any (First Match)
STEP[30s]: iter 0: speech authorize
    t =    30.14s Checking existence of `"Request Access" Button`
    t =    30.15s Checking existence of `"Request Access" Button`
    t =    30.17s Find the "Request Access" Button
    t =    30.18s Tap "Request Access" Button
    t =    30.18s     Wait for org.nativescript.nsbenchmark to idle
    t =    30.18s     Find the "Request Access" Button
    t =    30.19s     Check for interrupting elements affecting "Request Access" Button
    t =    30.21s     Synthesize event
    t =    30.50s     Wait for org.nativescript.nsbenchmark to idle
    t =    30.50s Waiting 3.0s for "Allow" Button to exist
    t =    31.57s     Checking `Expect predicate `existsNoRetry == 1` for object "Allow" Button`
    t =    31.57s         Checking existence of `"Allow" Button`
STEP[31s]: system alert: 'Allow'
    t =    31.61s Tap "Allow" Button
    t =    31.61s     Wait for com.apple.springboard to idle
    t =    31.61s     Find the "Allow" Button
    t =    31.63s     Check for interrupting elements affecting "Allow" Button
    t =    31.66s     Synthesize event
    t =    31.96s     Wait for com.apple.springboard to idle
    t =    32.19s Waiting 15.0s for Any (First Match) to exist
    t =    33.27s     Checking `Expect predicate `existsNoRetry == 1` for object Any (First Match)`
    t =    33.27s         Checking existence of `Any (First Match)`
    t =    33.29s Checking existence of `"Speech access: not requested" StaticText`
    t =    33.31s Find the "Speech access: not requested" StaticText
    t =    33.32s Checking existence of `"Transcribe Sample" Button`
    t =    33.33s Checking existence of `"Transcribe Sample" Button`
    t =    33.34s Find the "Transcribe Sample" Button
STEP[33s]: iter 0: transcribe
    t =    33.36s Tap "Transcribe Sample" Button
    t =    33.36s     Wait for org.nativescript.nsbenchmark to idle
    t =    33.36s     Find the "Transcribe Sample" Button
    t =    33.37s     Check for interrupting elements affecting "Transcribe Sample" Button
    t =    33.38s     Synthesize event
    t =    33.67s     Wait for org.nativescript.nsbenchmark to idle
    t =    33.68s Waiting 45.0s for Any (First Match) to exist
    t =    34.75s     Checking `Expect predicate `existsNoRetry == 1` for object Any (First Match)`
    t =    34.75s         Checking existence of `Any (First Match)`
    t =    34.78s         Capturing element debug description
    t =    35.72s     Checking `Expect predicate `existsNoRetry == 1` for object Any (First Match)`
    t =    35.72s         Checking existence of `Any (First Match)`
    t =    35.74s         Capturing element debug description
    t =    36.71s     Checking `Expect predicate `existsNoRetry == 1` for object Any (First Match)`
    t =    36.71s         Checking existence of `Any (First Match)`
    t =    36.73s         Capturing element debug description
    t =    37.69s     Checking `Expect predicate `existsNoRetry == 1` for object Any (First Match)`
    t =    37.69s         Checking existence of `Any (First Match)`
    t =    37.71s         Capturing element debug description
    t =    38.77s     Checking `Expect predicate `existsNoRetry == 1` for object Any (First Match)`
    t =    38.77s         Checking existence of `Any (First Match)`
    t =    38.79s         Capturing element debug description
    t =    39.75s     Checking `Expect predicate `existsNoRetry == 1` for object Any (First Match)`
    t =    39.75s         Checking existence of `Any (First Match)`
    t =    39.77s         Capturing element debug description
    t =    40.68s     Checking `Expect predicate `existsNoRetry == 1` for object Any (First Match)`
    t =    40.68s         Checking existence of `Any (First Match)`
    t =    40.71s         Capturing element debug description
    t =    41.73s     Checking `Expect predicate `existsNoRetry == 1` for object Any (First Match)`
    t =    41.73s         Checking existence of `Any (First Match)`
    t =    41.76s         Capturing element debug description
    t =    42.76s     Checking `Expect predicate `existsNoRetry == 1` for object Any (First Match)`
    t =    42.76s         Checking existence of `Any (First Match)`
    t =    42.79s         Capturing element debug description
    t =    43.70s     Checking `Expect predicate `existsNoRetry == 1` for object Any (First Match)`
    t =    43.70s         Checking existence of `Any (First Match)`
    t =    43.73s         Capturing element debug description
    t =    44.73s     Checking `Expect predicate `existsNoRetry == 1` for object Any (First Match)`
    t =    44.73s         Checking existence of `Any (First Match)`
    t =    44.76s         Capturing element debug description
    t =    45.76s     Checking `Expect predicate `existsNoRetry == 1` for object Any (First Match)`
    t =    45.77s         Checking existence of `Any (First Match)`
    t =    45.80s         Capturing element debug description
    t =    46.70s     Checking `Expect predicate `existsNoRetry == 1` for object Any (First Match)`
    t =    46.70s         Checking existence of `Any (First Match)`
    t =    46.73s         Capturing element debug description
    t =    47.73s     Checking `Expect predicate `existsNoRetry == 1` for object Any (First Match)`
    t =    47.73s         Checking existence of `Any (First Match)`
    t =    47.76s         Capturing element debug description
    t =    48.76s     Checking `Expect predicate `existsNoRetry == 1` for object Any (First Match)`
    t =    48.77s         Checking existence of `Any (First Match)`
    t =    48.78s         Capturing element debug description
    t =    49.68s     Checking `Expect predicate `existsNoRetry == 1` for object Any (First Match)`
    t =    49.68s         Checking existence of `Any (First Match)`
    t =    49.71s         Capturing element debug description
    t =    50.71s     Checking `Expect predicate `existsNoRetry == 1` for object Any (First Match)`
    t =    50.71s         Checking existence of `Any (First Match)`
    t =    50.74s         Capturing element debug description
    t =    51.75s     Checking `Expect predicate `existsNoRetry == 1` for object Any (First Match)`
    t =    51.75s         Checking existence of `Any (First Match)`
    t =    51.78s         Capturing element debug description
    t =    52.68s     Checking `Expect predicate `existsNoRetry == 1` for object Any (First Match)`
    t =    52.68s         Checking existence of `Any (First Match)`
    t =    52.70s         Capturing element debug description
    t =    53.71s     Checking `Expect predicate `existsNoRetry == 1` for object Any (First Match)`
    t =    53.71s         Checking existence of `Any (First Match)`
    t =    53.74s         Capturing element debug description
    t =    54.74s     Checking `Expect predicate `existsNoRetry == 1` for object Any (First Match)`
    t =    54.74s         Checking existence of `Any (First Match)`
    t =    54.77s         Capturing element debug description
    t =    55.77s     Checking `Expect predicate `existsNoRetry == 1` for object Any (First Match)`
    t =    55.77s         Checking existence of `Any (First Match)`
    t =    55.80s         Capturing element debug description
    t =    56.71s     Checking `Expect predicate `existsNoRetry == 1` for object Any (First Match)`
    t =    56.71s         Checking existence of `Any (First Match)`
    t =    56.74s         Capturing element debug description
    t =    57.70s     Checking `Expect predicate `existsNoRetry == 1` for object Any (First Match)`
    t =    57.70s         Checking existence of `Any (First Match)`
    t =    57.73s         Capturing element debug description
    t =    58.70s     Checking `Expect predicate `existsNoRetry == 1` for object Any (First Match)`
    t =    58.70s         Checking existence of `Any (First Match)`
    t =    58.73s         Capturing element debug description
    t =    59.70s     Checking `Expect predicate `existsNoRetry == 1` for object Any (First Match)`
    t =    59.70s         Checking existence of `Any (First Match)`
    t =    59.73s         Capturing element debug description
    t =    60.69s     Checking `Expect predicate `existsNoRetry == 1` for object Any (First Match)`
    t =    60.69s         Checking existence of `Any (First Match)`
    t =    60.71s         Capturing element debug description
    t =    61.77s     Checking `Expect predicate `existsNoRetry == 1` for object Any (First Match)`
    t =    61.77s         Checking existence of `Any (First Match)`
    t =    61.80s         Capturing element debug description
    t =    62.75s     Checking `Expect predicate `existsNoRetry == 1` for object Any (First Match)`
    t =    62.75s         Checking existence of `Any (First Match)`
    t =    62.78s         Capturing element debug description
    t =    63.72s     Checking `Expect predicate `existsNoRetry == 1` for object Any (First Match)`
    t =    63.72s         Checking existence of `Any (First Match)`
    t =    63.75s         Capturing element debug description
    t =    64.71s     Checking `Expect predicate `existsNoRetry == 1` for object Any (First Match)`
    t =    64.72s         Checking existence of `Any (First Match)`
    t =    64.74s         Capturing element debug description
    t =    65.68s     Checking `Expect predicate `existsNoRetry == 1` for object Any (First Match)`
    t =    65.68s         Checking existence of `Any (First Match)`
    t =    65.70s         Capturing element debug description
    t =    66.77s     Checking `Expect predicate `existsNoRetry == 1` for object Any (First Match)`
    t =    66.77s         Checking existence of `Any (First Match)`
    t =    66.80s         Capturing element debug description
    t =    67.75s     Checking `Expect predicate `existsNoRetry == 1` for object Any (First Match)`
    t =    67.75s         Checking existence of `Any (First Match)`
    t =    67.78s         Capturing element debug description
    t =    68.73s     Checking `Expect predicate `existsNoRetry == 1` for object Any (First Match)`
    t =    68.73s         Checking existence of `Any (First Match)`
    t =    68.76s         Capturing element debug description
    t =    69.72s     Checking `Expect predicate `existsNoRetry == 1` for object Any (First Match)`
    t =    69.72s         Checking existence of `Any (First Match)`
    t =    69.75s         Capturing element debug description
    t =    70.69s     Checking `Expect predicate `existsNoRetry == 1` for object Any (First Match)`
    t =    70.69s         Checking existence of `Any (First Match)`
    t =    70.72s         Capturing element debug description
    t =    71.77s     Checking `Expect predicate `existsNoRetry == 1` for object Any (First Match)`
    t =    71.77s         Checking existence of `Any (First Match)`
    t =    71.80s         Capturing element debug description
    t =    72.76s     Checking `Expect predicate `existsNoRetry == 1` for object Any (First Match)`
    t =    72.76s         Checking existence of `Any (First Match)`
    t =    72.79s         Capturing element debug description
    t =    73.73s     Checking `Expect predicate `existsNoRetry == 1` for object Any (First Match)`
    t =    73.73s         Checking existence of `Any (First Match)`
    t =    73.76s         Capturing element debug description
    t =    74.72s     Checking `Expect predicate `existsNoRetry == 1` for object Any (First Match)`
    t =    74.72s         Checking existence of `Any (First Match)`
    t =    74.75s         Capturing element debug description
    t =    75.71s     Checking `Expect predicate `existsNoRetry == 1` for object Any (First Match)`
    t =    75.71s         Checking existence of `Any (First Match)`
    t =    75.73s         Capturing element debug description
    t =    76.70s     Checking `Expect predicate `existsNoRetry == 1` for object Any (First Match)`
    t =    76.70s         Checking existence of `Any (First Match)`
    t =    76.73s         Capturing element debug description
    t =    77.69s     Checking `Expect predicate `existsNoRetry == 1` for object Any (First Match)`
    t =    77.69s         Checking existence of `Any (First Match)`
    t =    77.72s         Capturing element debug description
    t =    78.69s     Checking `Expect predicate `existsNoRetry == 1` for object Any (First Match)`
    t =    78.69s         Checking existence of `Any (First Match)`
    t =    78.71s         Capturing element debug description
    t =    78.71s     Checking existence of `Any (First Match)`
    t =    78.73s Collecting debug information to assist test failure triage
    t =    78.73s     Requesting snapshot of accessibility hierarchy for app with pid 45172
    t =    78.76s Checking existence of `Any (First Match)`
    t =    78.77s Checking existence of `Any (First Match)`
    t =    78.78s Checking existence of `Any (First Match)`
    t =    78.79s Find the Any (First Match)
STEP[78s]: iter 0: done
    t =    78.80s Terminate org.nativescript.nsbenchmark:45172
STEP[79s]: iter 1: launch org.nativescript.nsbenchmark
    t =    79.90s Open org.nativescript.nsbenchmark
    t =    79.90s     Launch org.nativescript.nsbenchmark
    t =    80.01s         Setting up automation session
    t =    80.63s         Wait for org.nativescript.nsbenchmark to idle
    t =    81.80s Checking existence of `"Health" Button`
    t =    81.83s Waiting 20.0s for "Health" Button to exist
    t =    82.90s     Checking `Expect predicate `existsNoRetry == 1` for object "Health" Button`
    t =    82.90s         Checking existence of `"Health" Button`
STEP[82s]: iter 1: nav Health
    t =    82.91s Checking existence of `"Health" Button`
    t =    82.92s Tap "Health" Button
    t =    82.92s     Wait for org.nativescript.nsbenchmark to idle
    t =    82.92s     Find the "Health" Button
    t =    82.93s     Check for interrupting elements affecting "Health" Button
    t =    82.94s     Synthesize event
    t =    83.23s     Wait for org.nativescript.nsbenchmark to idle
    t =    83.64s Waiting 10.0s for Any (First Match) to exist
    t =    84.71s     Checking `Expect predicate `existsNoRetry == 1` for object Any (First Match)`
    t =    84.71s         Checking existence of `Any (First Match)`
    t =    84.74s Checking existence of `Any (First Match)`
    t =    84.75s Find the Any (First Match)
    t =    84.76s Checking existence of `"Health access: granted" StaticText`
    t =    84.77s Find the "Health access: granted" StaticText
    t =    84.78s Waiting 15.0s for Any (First Match) to exist
    t =    85.86s     Checking `Expect predicate `existsNoRetry == 1` for object Any (First Match)`
    t =    85.87s         Checking existence of `Any (First Match)`
    t =    85.89s Checking existence of `Any (First Match)`
    t =    85.91s Find the Any (First Match)
    t =    85.92s Checking existence of `"Log 500 Steps" Button`
    t =    85.94s Checking existence of `"Log 500 Steps" Button`
    t =    85.95s Find the "Log 500 Steps" Button
STEP[85s]: iter 1: log 500
    t =    85.96s Tap "Log 500 Steps" Button
    t =    85.96s     Wait for org.nativescript.nsbenchmark to idle
    t =    85.96s     Find the "Log 500 Steps" Button
    t =    85.98s     Check for interrupting elements affecting "Log 500 Steps" Button
    t =    85.99s     Synthesize event
    t =    86.29s     Wait for org.nativescript.nsbenchmark to idle
    t =    86.30s Checking existence of `"Sat Aug 1 — 29000 steps (today)" StaticText`
    t =    86.32s Find the "Sat Aug 1 — 29000 steps (today)" StaticText
    t =    86.40s Checking existence of `"Sat Aug 1 — 29000 steps (today)" StaticText`
    t =    86.42s Find the "Sat Aug 1 — 29000 steps (today)" StaticText
    t =    86.49s Checking existence of `"Sat Aug 1 — 29000 steps (today)" StaticText`
    t =    86.51s Find the "Sat Aug 1 — 29000 steps (today)" StaticText
    t =    86.59s Checking existence of `"Sat Aug 1 — 29000 steps (today)" StaticText`
    t =    86.60s Find the "Sat Aug 1 — 29000 steps (today)" StaticText
    t =    86.68s Checking existence of `"Sat Aug 1 — 29000 steps (today)" StaticText`
    t =    86.69s Find the "Sat Aug 1 — 29000 steps (today)" StaticText
    t =    86.77s Checking existence of `"Sat Aug 1 — 29000 steps (today)" StaticText`
    t =    86.79s Find the "Sat Aug 1 — 29000 steps (today)" StaticText
    t =    86.86s Checking existence of `"Sat Aug 1 — 29000 steps (today)" StaticText`
    t =    86.88s Find the "Sat Aug 1 — 29000 steps (today)" StaticText
    t =    86.95s Checking existence of `"Sat Aug 1 — 29000 steps (today)" StaticText`
    t =    86.97s Find the "Sat Aug 1 — 29000 steps (today)" StaticText
    t =    87.04s Checking existence of `"Sat Aug 1 — 29000 steps (today)" StaticText`
    t =    87.05s Find the "Sat Aug 1 — 29000 steps (today)" StaticText
    t =    87.13s Checking existence of `"Sat Aug 1 — 29000 steps (today)" StaticText`
    t =    87.15s Find the "Sat Aug 1 — 29000 steps (today)" StaticText
    t =    87.22s Checking existence of `"Sat Aug 1 — 29000 steps (today)" StaticText`
    t =    87.24s Find the "Sat Aug 1 — 29000 steps (today)" StaticText
    t =    87.31s Checking existence of `"Sat Aug 1 — 29000 steps (today)" StaticText`
    t =    87.33s Find the "Sat Aug 1 — 29000 steps (today)" StaticText
    t =    87.40s Checking existence of `"Sat Aug 1 — 29000 steps (today)" StaticText`
    t =    87.42s Find the "Sat Aug 1 — 29000 steps (today)" StaticText
    t =    87.49s Checking existence of `"Sat Aug 1 — 29000 steps (today)" StaticText`
    t =    87.51s Find the "Sat Aug 1 — 29000 steps (today)" StaticText
    t =    87.58s Checking existence of `"Sat Aug 1 — 29000 steps (today)" StaticText`
    t =    87.60s Find the "Sat Aug 1 — 29000 steps (today)" StaticText
    t =    87.68s Checking existence of `"Sat Aug 1 — 29000 steps (today)" StaticText`
    t =    87.69s Find the "Sat Aug 1 — 29000 steps (today)" StaticText
    t =    87.77s Checking existence of `"Sat Aug 1 — 29000 steps (today)" StaticText`
    t =    87.78s Find the "Sat Aug 1 — 29000 steps (today)" StaticText
    t =    87.86s Checking existence of `"Sat Aug 1 — 29000 steps (today)" StaticText`
    t =    87.87s Find the "Sat Aug 1 — 29000 steps (today)" StaticText
    t =    87.95s Checking existence of `"Sat Aug 1 — 29000 steps (today)" StaticText`
    t =    87.96s Find the "Sat Aug 1 — 29000 steps (today)" StaticText
    t =    88.04s Checking existence of `"Sat Aug 1 — 29000 steps (today)" StaticText`
    t =    88.05s Find the "Sat Aug 1 — 29000 steps (today)" StaticText
    t =    88.13s Checking existence of `"Sat Aug 1 — 29000 steps (today)" StaticText`
    t =    88.14s Find the "Sat Aug 1 — 29000 steps (today)" StaticText
    t =    88.21s Checking existence of `"Sat Aug 1 — 29000 steps (today)" StaticText`
    t =    88.23s Find the "Sat Aug 1 — 29000 steps (today)" StaticText
    t =    88.30s Checking existence of `"Sat Aug 1 — 29000 steps (today)" StaticText`
    t =    88.32s Find the "Sat Aug 1 — 29000 steps (today)" StaticText
    t =    88.39s Checking existence of `"Sat Aug 1 — 29000 steps (today)" StaticText`
    t =    88.41s Find the "Sat Aug 1 — 29000 steps (today)" StaticText
    t =    88.48s Checking existence of `"Sat Aug 1 — 29000 steps (today)" StaticText`
    t =    88.50s Find the "Sat Aug 1 — 29000 steps (today)" StaticText
    t =    88.57s Checking existence of `"Sat Aug 1 — 29000 steps (today)" StaticText`
    t =    88.59s Find the "Sat Aug 1 — 29000 steps (today)" StaticText
    t =    88.66s Checking existence of `"Sat Aug 1 — 29000 steps (today)" StaticText`
    t =    88.68s Find the "Sat Aug 1 — 29000 steps (today)" StaticText
    t =    88.75s Checking existence of `"Sat Aug 1 — 29000 steps (today)" StaticText`
    t =    88.77s Find the "Sat Aug 1 — 29000 steps (today)" StaticText
    t =    88.84s Checking existence of `"Sat Aug 1 — 29000 steps (today)" StaticText`
    t =    88.86s Find the "Sat Aug 1 — 29000 steps (today)" StaticText
    t =    88.93s Checking existence of `"Sat Aug 1 — 29000 steps (today)" StaticText`
    t =    88.95s Find the "Sat Aug 1 — 29000 steps (today)" StaticText
    t =    89.02s Checking existence of `"Sat Aug 1 — 29000 steps (today)" StaticText`
    t =    89.04s Find the "Sat Aug 1 — 29000 steps (today)" StaticText
    t =    89.11s Checking existence of `"Sat Aug 1 — 29000 steps (today)" StaticText`
    t =    89.12s Find the "Sat Aug 1 — 29000 steps (today)" StaticText
    t =    89.20s Checking existence of `"Sat Aug 1 — 29000 steps (today)" StaticText`
    t =    89.21s Find the "Sat Aug 1 — 29000 steps (today)" StaticText
    t =    89.28s Checking existence of `"Sat Aug 1 — 29000 steps (today)" StaticText`
    t =    89.30s Find the "Sat Aug 1 — 29000 steps (today)" StaticText
    t =    89.37s Checking existence of `"Sat Aug 1 — 29000 steps (today)" StaticText`
    t =    89.39s Find the "Sat Aug 1 — 29000 steps (today)" StaticText
    t =    89.45s Checking existence of `"Sat Aug 1 — 29000 steps (today)" StaticText`
    t =    89.47s Find the "Sat Aug 1 — 29000 steps (today)" StaticText
    t =    89.54s Checking existence of `"Sat Aug 1 — 29000 steps (today)" StaticText`
    t =    89.55s Find the "Sat Aug 1 — 29000 steps (today)" StaticText
    t =    89.63s Checking existence of `"Sat Aug 1 — 29000 steps (today)" StaticText`
    t =    89.64s Find the "Sat Aug 1 — 29000 steps (today)" StaticText
    t =    89.71s Checking existence of `"Sat Aug 1 — 29000 steps (today)" StaticText`
    t =    89.73s Find the "Sat Aug 1 — 29000 steps (today)" StaticText
    t =    89.80s Checking existence of `"Sat Aug 1 — 29000 steps (today)" StaticText`
    t =    89.82s Find the "Sat Aug 1 — 29000 steps (today)" StaticText
    t =    89.89s Checking existence of `"Sat Aug 1 — 29000 steps (today)" StaticText`
    t =    89.90s Find the "Sat Aug 1 — 29000 steps (today)" StaticText
    t =    89.98s Checking existence of `"Sat Aug 1 — 29000 steps (today)" StaticText`
    t =    89.99s Find the "Sat Aug 1 — 29000 steps (today)" StaticText
    t =    90.07s Checking existence of `"Sat Aug 1 — 29000 steps (today)" StaticText`
    t =    90.09s Find the "Sat Aug 1 — 29000 steps (today)" StaticText
    t =    90.16s Checking existence of `"Sat Aug 1 — 29000 steps (today)" StaticText`
    t =    90.18s Find the "Sat Aug 1 — 29000 steps (today)" StaticText
    t =    90.25s Checking existence of `"Sat Aug 1 — 29000 steps (today)" StaticText`
    t =    90.27s Find the "Sat Aug 1 — 29000 steps (today)" StaticText
    t =    90.34s Checking existence of `"Sat Aug 1 — 29000 steps (today)" StaticText`
    t =    90.36s Find the "Sat Aug 1 — 29000 steps (today)" StaticText
    t =    90.44s Checking existence of `"Sat Aug 1 — 29000 steps (today)" StaticText`
    t =    90.45s Find the "Sat Aug 1 — 29000 steps (today)" StaticText
    t =    90.53s Checking existence of `"Sat Aug 1 — 29000 steps (today)" StaticText`
    t =    90.54s Find the "Sat Aug 1 — 29000 steps (today)" StaticText
    t =    90.61s Checking existence of `"Sat Aug 1 — 29000 steps (today)" StaticText`
    t =    90.63s Find the "Sat Aug 1 — 29000 steps (today)" StaticText
    t =    90.70s Checking existence of `"Sat Aug 1 — 29000 steps (today)" StaticText`
    t =    90.72s Find the "Sat Aug 1 — 29000 steps (today)" StaticText
    t =    90.79s Checking existence of `"Sat Aug 1 — 29000 steps (today)" StaticText`
    t =    90.81s Find the "Sat Aug 1 — 29000 steps (today)" StaticText
    t =    90.88s Checking existence of `"Sat Aug 1 — 29000 steps (today)" StaticText`
    t =    90.90s Find the "Sat Aug 1 — 29000 steps (today)" StaticText
    t =    90.97s Checking existence of `"Sat Aug 1 — 29000 steps (today)" StaticText`
    t =    90.99s Find the "Sat Aug 1 — 29000 steps (today)" StaticText
    t =    91.06s Checking existence of `"Sat Aug 1 — 29000 steps (today)" StaticText`
    t =    91.08s Find the "Sat Aug 1 — 29000 steps (today)" StaticText
    t =    91.16s Checking existence of `"Sat Aug 1 — 29000 steps (today)" StaticText`
    t =    91.17s Find the "Sat Aug 1 — 29000 steps (today)" StaticText
    t =    91.25s Checking existence of `"Sat Aug 1 — 29000 steps (today)" StaticText`
    t =    91.26s Find the "Sat Aug 1 — 29000 steps (today)" StaticText
    t =    91.34s Checking existence of `"Sat Aug 1 — 29000 steps (today)" StaticText`
    t =    91.35s Find the "Sat Aug 1 — 29000 steps (today)" StaticText
    t =    91.42s Checking existence of `"Sat Aug 1 — 29000 steps (today)" StaticText`
    t =    91.44s Find the "Sat Aug 1 — 29000 steps (today)" StaticText
    t =    91.51s Checking existence of `"Sat Aug 1 — 29000 steps (today)" StaticText`
    t =    91.53s Find the "Sat Aug 1 — 29000 steps (today)" StaticText
    t =    91.60s Checking existence of `"Sat Aug 1 — 29000 steps (today)" StaticText`
    t =    91.62s Find the "Sat Aug 1 — 29000 steps (today)" StaticText
    t =    91.69s Checking existence of `"Sat Aug 1 — 29000 steps (today)" StaticText`
    t =    91.71s Find the "Sat Aug 1 — 29000 steps (today)" StaticText
    t =    91.78s Checking existence of `"Sat Aug 1 — 29000 steps (today)" StaticText`
    t =    91.80s Find the "Sat Aug 1 — 29000 steps (today)" StaticText
    t =    91.88s Checking existence of `"Sat Aug 1 — 29000 steps (today)" StaticText`
    t =    91.89s Find the "Sat Aug 1 — 29000 steps (today)" StaticText
    t =    91.97s Checking existence of `"Sat Aug 1 — 29000 steps (today)" StaticText`
    t =    91.98s Find the "Sat Aug 1 — 29000 steps (today)" StaticText
    t =    92.06s Checking existence of `"Sat Aug 1 — 29000 steps (today)" StaticText`
    t =    92.07s Find the "Sat Aug 1 — 29000 steps (today)" StaticText
    t =    92.15s Checking existence of `"Sat Aug 1 — 29000 steps (today)" StaticText`
    t =    92.16s Find the "Sat Aug 1 — 29000 steps (today)" StaticText
    t =    92.24s Checking existence of `"Sat Aug 1 — 29000 steps (today)" StaticText`
    t =    92.25s Find the "Sat Aug 1 — 29000 steps (today)" StaticText
    t =    92.33s Checking existence of `"Sat Aug 1 — 29000 steps (today)" StaticText`
    t =    92.34s Find the "Sat Aug 1 — 29000 steps (today)" StaticText
    t =    92.41s Checking existence of `"Sat Aug 1 — 29000 steps (today)" StaticText`
    t =    92.43s Find the "Sat Aug 1 — 29000 steps (today)" StaticText
    t =    92.51s Checking existence of `"Sat Aug 1 — 29000 steps (today)" StaticText`
    t =    92.52s Find the "Sat Aug 1 — 29000 steps (today)" StaticText
    t =    92.60s Checking existence of `"Sat Aug 1 — 29000 steps (today)" StaticText`
    t =    92.61s Find the "Sat Aug 1 — 29000 steps (today)" StaticText
    t =    92.69s Checking existence of `"Sat Aug 1 — 29000 steps (today)" StaticText`
    t =    92.70s Find the "Sat Aug 1 — 29000 steps (today)" StaticText
    t =    92.77s Checking existence of `"Sat Aug 1 — 29000 steps (today)" StaticText`
    t =    92.79s Find the "Sat Aug 1 — 29000 steps (today)" StaticText
    t =    92.86s Checking existence of `"Sat Aug 1 — 29000 steps (today)" StaticText`
    t =    92.88s Find the "Sat Aug 1 — 29000 steps (today)" StaticText
    t =    92.95s Checking existence of `"Sat Aug 1 — 29000 steps (today)" StaticText`
    t =    92.97s Find the "Sat Aug 1 — 29000 steps (today)" StaticText
    t =    93.04s Checking existence of `"Sat Aug 1 — 29000 steps (today)" StaticText`
    t =    93.06s Find the "Sat Aug 1 — 29000 steps (today)" StaticText
    t =    93.14s Checking existence of `"Sat Aug 1 — 29000 steps (today)" StaticText`
    t =    93.15s Find the "Sat Aug 1 — 29000 steps (today)" StaticText
    t =    93.23s Checking existence of `"Sat Aug 1 — 29000 steps (today)" StaticText`
    t =    93.24s Find the "Sat Aug 1 — 29000 steps (today)" StaticText
    t =    93.31s Checking existence of `"Sat Aug 1 — 29000 steps (today)" StaticText`
    t =    93.33s Find the "Sat Aug 1 — 29000 steps (today)" StaticText
    t =    93.41s Checking existence of `"Sat Aug 1 — 29000 steps (today)" StaticText`
    t =    93.42s Find the "Sat Aug 1 — 29000 steps (today)" StaticText
    t =    93.50s Checking existence of `"Sat Aug 1 — 29000 steps (today)" StaticText`
    t =    93.51s Find the "Sat Aug 1 — 29000 steps (today)" StaticText
    t =    93.59s Checking existence of `"Sat Aug 1 — 29000 steps (today)" StaticText`
    t =    93.60s Find the "Sat Aug 1 — 29000 steps (today)" StaticText
    t =    93.68s Checking existence of `"Sat Aug 1 — 29000 steps (today)" StaticText`
    t =    93.69s Find the "Sat Aug 1 — 29000 steps (today)" StaticText
    t =    93.77s Checking existence of `"Sat Aug 1 — 29000 steps (today)" StaticText`
    t =    93.79s Find the "Sat Aug 1 — 29000 steps (today)" StaticText
    t =    93.86s Checking existence of `"Sat Aug 1 — 29000 steps (today)" StaticText`
    t =    93.87s Find the "Sat Aug 1 — 29000 steps (today)" StaticText
    t =    93.95s Checking existence of `"Sat Aug 1 — 29000 steps (today)" StaticText`
    t =    93.96s Find the "Sat Aug 1 — 29000 steps (today)" StaticText
    t =    94.04s Checking existence of `"Sat Aug 1 — 29000 steps (today)" StaticText`
    t =    94.05s Find the "Sat Aug 1 — 29000 steps (today)" StaticText
    t =    94.13s Checking existence of `"Sat Aug 1 — 29000 steps (today)" StaticText`
    t =    94.14s Find the "Sat Aug 1 — 29000 steps (today)" StaticText
    t =    94.22s Checking existence of `"Sat Aug 1 — 29000 steps (today)" StaticText`
    t =    94.23s Find the "Sat Aug 1 — 29000 steps (today)" StaticText
    t =    94.31s Checking existence of `"Sat Aug 1 — 29000 steps (today)" StaticText`
    t =    94.32s Find the "Sat Aug 1 — 29000 steps (today)" StaticText
    t =    94.40s Checking existence of `"Sat Aug 1 — 29000 steps (today)" StaticText`
    t =    94.41s Find the "Sat Aug 1 — 29000 steps (today)" StaticText
    t =    94.49s Checking existence of `"Sat Aug 1 — 29000 steps (today)" StaticText`
    t =    94.50s Find the "Sat Aug 1 — 29000 steps (today)" StaticText
    t =    94.58s Checking existence of `"Sat Aug 1 — 29000 steps (today)" StaticText`
    t =    94.59s Find the "Sat Aug 1 — 29000 steps (today)" StaticText
    t =    94.67s Checking existence of `"Sat Aug 1 — 29000 steps (today)" StaticText`
    t =    94.68s Find the "Sat Aug 1 — 29000 steps (today)" StaticText
    t =    94.76s Checking existence of `"Sat Aug 1 — 29000 steps (today)" StaticText`
    t =    94.77s Find the "Sat Aug 1 — 29000 steps (today)" StaticText
    t =    94.85s Checking existence of `"Sat Aug 1 — 29000 steps (today)" StaticText`
    t =    94.86s Find the "Sat Aug 1 — 29000 steps (today)" StaticText
    t =    94.94s Checking existence of `"Sat Aug 1 — 29000 steps (today)" StaticText`
    t =    94.95s Find the "Sat Aug 1 — 29000 steps (today)" StaticText
    t =    95.02s Checking existence of `"Sat Aug 1 — 29000 steps (today)" StaticText`
    t =    95.04s Find the "Sat Aug 1 — 29000 steps (today)" StaticText
    t =    95.10s Checking existence of `"Sat Aug 1 — 29000 steps (today)" StaticText`
    t =    95.12s Find the "Sat Aug 1 — 29000 steps (today)" StaticText
    t =    95.19s Checking existence of `"Sat Aug 1 — 29000 steps (today)" StaticText`
    t =    95.21s Find the "Sat Aug 1 — 29000 steps (today)" StaticText
    t =    95.28s Checking existence of `"Sat Aug 1 — 29000 steps (today)" StaticText`
    t =    95.30s Find the "Sat Aug 1 — 29000 steps (today)" StaticText
    t =    95.37s Checking existence of `"Sat Aug 1 — 29000 steps (today)" StaticText`
    t =    95.39s Find the "Sat Aug 1 — 29000 steps (today)" StaticText
    t =    95.46s Checking existence of `"Sat Aug 1 — 29000 steps (today)" StaticText`
    t =    95.48s Find the "Sat Aug 1 — 29000 steps (today)" StaticText
    t =    95.55s Checking existence of `"Sat Aug 1 — 29000 steps (today)" StaticText`
    t =    95.56s Find the "Sat Aug 1 — 29000 steps (today)" StaticText
    t =    95.64s Checking existence of `"Sat Aug 1 — 29000 steps (today)" StaticText`
    t =    95.65s Find the "Sat Aug 1 — 29000 steps (today)" StaticText
    t =    95.73s Checking existence of `"Sat Aug 1 — 29000 steps (today)" StaticText`
    t =    95.74s Find the "Sat Aug 1 — 29000 steps (today)" StaticText
    t =    95.82s Checking existence of `"Sat Aug 1 — 29000 steps (today)" StaticText`
    t =    95.83s Find the "Sat Aug 1 — 29000 steps (today)" StaticText
    t =    95.91s Checking existence of `"Sat Aug 1 — 29000 steps (today)" StaticText`
    t =    95.92s Find the "Sat Aug 1 — 29000 steps (today)" StaticText
    t =    96.00s Checking existence of `"Sat Aug 1 — 29000 steps (today)" StaticText`
    t =    96.01s Find the "Sat Aug 1 — 29000 steps (today)" StaticText
    t =    96.09s Checking existence of `"Sat Aug 1 — 29000 steps (today)" StaticText`
    t =    96.11s Find the "Sat Aug 1 — 29000 steps (today)" StaticText
    t =    96.18s Checking existence of `"Sat Aug 1 — 29000 steps (today)" StaticText`
    t =    96.20s Find the "Sat Aug 1 — 29000 steps (today)" StaticText
    t =    96.27s Checking existence of `"Sat Aug 1 — 29000 steps (today)" StaticText`
    t =    96.29s Find the "Sat Aug 1 — 29000 steps (today)" StaticText
    t =    96.36s Checking existence of `"Sat Aug 1 — 29000 steps (today)" StaticText`
    t =    96.38s Find the "Sat Aug 1 — 29000 steps (today)" StaticText
    t =    96.45s Checking existence of `"Sat Aug 1 — 29000 steps (today)" StaticText`
    t =    96.47s Find the "Sat Aug 1 — 29000 steps (today)" StaticText
    t =    96.54s Checking existence of `"Sat Aug 1 — 29000 steps (today)" StaticText`
    t =    96.56s Find the "Sat Aug 1 — 29000 steps (today)" StaticText
    t =    96.63s Checking existence of `"Sat Aug 1 — 29000 steps (today)" StaticText`
    t =    96.65s Find the "Sat Aug 1 — 29000 steps (today)" StaticText
    t =    96.72s Checking existence of `"Sat Aug 1 — 29000 steps (today)" StaticText`
    t =    96.74s Find the "Sat Aug 1 — 29000 steps (today)" StaticText
    t =    96.81s Checking existence of `"Sat Aug 1 — 29000 steps (today)" StaticText`
    t =    96.83s Find the "Sat Aug 1 — 29000 steps (today)" StaticText
    t =    96.90s Checking existence of `"Sat Aug 1 — 29000 steps (today)" StaticText`
    t =    96.92s Find the "Sat Aug 1 — 29000 steps (today)" StaticText
    t =    97.00s Checking existence of `"Sat Aug 1 — 29000 steps (today)" StaticText`
    t =    97.01s Find the "Sat Aug 1 — 29000 steps (today)" StaticText
    t =    97.09s Checking existence of `"Sat Aug 1 — 29000 steps (today)" StaticText`
    t =    97.10s Find the "Sat Aug 1 — 29000 steps (today)" StaticText
    t =    97.18s Checking existence of `"Sat Aug 1 — 29000 steps (today)" StaticText`
    t =    97.19s Find the "Sat Aug 1 — 29000 steps (today)" StaticText
    t =    97.27s Checking existence of `"Sat Aug 1 — 29000 steps (today)" StaticText`
    t =    97.28s Find the "Sat Aug 1 — 29000 steps (today)" StaticText
    t =    97.36s Checking existence of `"Sat Aug 1 — 29000 steps (today)" StaticText`
    t =    97.37s Find the "Sat Aug 1 — 29000 steps (today)" StaticText
    t =    97.45s Checking existence of `"Sat Aug 1 — 29000 steps (today)" StaticText`
    t =    97.46s Find the "Sat Aug 1 — 29000 steps (today)" StaticText
    t =    97.54s Checking existence of `"Sat Aug 1 — 29000 steps (today)" StaticText`
    t =    97.56s Find the "Sat Aug 1 — 29000 steps (today)" StaticText
    t =    97.63s Checking existence of `"Sat Aug 1 — 29000 steps (today)" StaticText`
    t =    97.64s Find the "Sat Aug 1 — 29000 steps (today)" StaticText
    t =    97.71s Checking existence of `"Sat Aug 1 — 29000 steps (today)" StaticText`
    t =    97.73s Find the "Sat Aug 1 — 29000 steps (today)" StaticText
    t =    97.80s Checking existence of `"Sat Aug 1 — 29000 steps (today)" StaticText`
    t =    97.82s Find the "Sat Aug 1 — 29000 steps (today)" StaticText
    t =    97.89s Checking existence of `"Sat Aug 1 — 29000 steps (today)" StaticText`
    t =    97.91s Find the "Sat Aug 1 — 29000 steps (today)" StaticText
    t =    97.98s Checking existence of `"Sat Aug 1 — 29000 steps (today)" StaticText`
    t =    98.00s Find the "Sat Aug 1 — 29000 steps (today)" StaticText
    t =    98.07s Checking existence of `"Sat Aug 1 — 29000 steps (today)" StaticText`
    t =    98.09s Find the "Sat Aug 1 — 29000 steps (today)" StaticText
    t =    98.16s Checking existence of `"Sat Aug 1 — 29000 steps (today)" StaticText`
    t =    98.18s Find the "Sat Aug 1 — 29000 steps (today)" StaticText
    t =    98.25s Checking existence of `"Sat Aug 1 — 29000 steps (today)" StaticText`
    t =    98.26s Find the "Sat Aug 1 — 29000 steps (today)" StaticText
    t =    98.34s Checking existence of `"Sat Aug 1 — 29000 steps (today)" StaticText`
    t =    98.35s Find the "Sat Aug 1 — 29000 steps (today)" StaticText
    t =    98.43s Checking existence of `"Sat Aug 1 — 29000 steps (today)" StaticText`
    t =    98.44s Find the "Sat Aug 1 — 29000 steps (today)" StaticText
    t =    98.51s Checking existence of `"Sat Aug 1 — 29000 steps (today)" StaticText`
    t =    98.53s Find the "Sat Aug 1 — 29000 steps (today)" StaticText
    t =    98.60s Checking existence of `"Sat Aug 1 — 29000 steps (today)" StaticText`
    t =    98.62s Find the "Sat Aug 1 — 29000 steps (today)" StaticText
    t =    98.69s Checking existence of `"Sat Aug 1 — 29000 steps (today)" StaticText`
    t =    98.71s Find the "Sat Aug 1 — 29000 steps (today)" StaticText
    t =    98.78s Checking existence of `"Sat Aug 1 — 29000 steps (today)" StaticText`
    t =    98.80s Find the "Sat Aug 1 — 29000 steps (today)" StaticText
    t =    98.87s Checking existence of `"Sat Aug 1 — 29000 steps (today)" StaticText`
    t =    98.88s Find the "Sat Aug 1 — 29000 steps (today)" StaticText
    t =    98.96s Checking existence of `"Sat Aug 1 — 29000 steps (today)" StaticText`
    t =    98.97s Find the "Sat Aug 1 — 29000 steps (today)" StaticText
    t =    99.05s Checking existence of `"Sat Aug 1 — 29000 steps (today)" StaticText`
    t =    99.06s Find the "Sat Aug 1 — 29000 steps (today)" StaticText
    t =    99.14s Checking existence of `"Sat Aug 1 — 29000 steps (today)" StaticText`
    t =    99.15s Find the "Sat Aug 1 — 29000 steps (today)" StaticText
    t =    99.22s Checking existence of `"Sat Aug 1 — 29000 steps (today)" StaticText`
    t =    99.24s Find the "Sat Aug 1 — 29000 steps (today)" StaticText
    t =    99.31s Checking existence of `"Sat Aug 1 — 29000 steps (today)" StaticText`
    t =    99.33s Find the "Sat Aug 1 — 29000 steps (today)" StaticText
    t =    99.40s Checking existence of `"Sat Aug 1 — 29000 steps (today)" StaticText`
    t =    99.41s Find the "Sat Aug 1 — 29000 steps (today)" StaticText
    t =    99.49s Checking existence of `"Sat Aug 1 — 29000 steps (today)" StaticText`
    t =    99.50s Find the "Sat Aug 1 — 29000 steps (today)" StaticText
    t =    99.58s Checking existence of `"Sat Aug 1 — 29000 steps (today)" StaticText`
    t =    99.59s Find the "Sat Aug 1 — 29000 steps (today)" StaticText
    t =    99.67s Checking existence of `"Sat Aug 1 — 29000 steps (today)" StaticText`
    t =    99.68s Find the "Sat Aug 1 — 29000 steps (today)" StaticText
    t =    99.75s Checking existence of `"Sat Aug 1 — 29000 steps (today)" StaticText`
    t =    99.76s Find the "Sat Aug 1 — 29000 steps (today)" StaticText
    t =    99.84s Checking existence of `"Sat Aug 1 — 29000 steps (today)" StaticText`
    t =    99.85s Find the "Sat Aug 1 — 29000 steps (today)" StaticText
    t =    99.93s Checking existence of `"Sat Aug 1 — 29000 steps (today)" StaticText`
    t =    99.94s Find the "Sat Aug 1 — 29000 steps (today)" StaticText
    t =   100.02s Checking existence of `"Sat Aug 1 — 29000 steps (today)" StaticText`
    t =   100.03s Find the "Sat Aug 1 — 29000 steps (today)" StaticText
    t =   100.11s Checking existence of `"Sat Aug 1 — 29000 steps (today)" StaticText`
    t =   100.12s Find the "Sat Aug 1 — 29000 steps (today)" StaticText
    t =   100.20s Checking existence of `"Sat Aug 1 — 29000 steps (today)" StaticText`
    t =   100.21s Find the "Sat Aug 1 — 29000 steps (today)" StaticText
    t =   100.29s Checking existence of `"Sat Aug 1 — 29000 steps (today)" StaticText`
    t =   100.30s Find the "Sat Aug 1 — 29000 steps (today)" StaticText
    t =   100.37s Checking existence of `"Sat Aug 1 — 29000 steps (today)" StaticText`
    t =   100.39s Find the "Sat Aug 1 — 29000 steps (today)" StaticText
    t =   100.46s Checking existence of `"Sat Aug 1 — 29000 steps (today)" StaticText`
    t =   100.47s Find the "Sat Aug 1 — 29000 steps (today)" StaticText
    t =   100.54s Checking existence of `"Sat Aug 1 — 29000 steps (today)" StaticText`
    t =   100.56s Find the "Sat Aug 1 — 29000 steps (today)" StaticText
    t =   100.63s Checking existence of `"Sat Aug 1 — 29000 steps (today)" StaticText`
    t =   100.65s Find the "Sat Aug 1 — 29000 steps (today)" StaticText
    t =   100.73s Checking existence of `"Sat Aug 1 — 29000 steps (today)" StaticText`
    t =   100.74s Find the "Sat Aug 1 — 29000 steps (today)" StaticText
    t =   100.82s Checking existence of `"Sat Aug 1 — 29000 steps (today)" StaticText`
    t =   100.83s Find the "Sat Aug 1 — 29000 steps (today)" StaticText
    t =   100.91s Checking existence of `"Sat Aug 1 — 29000 steps (today)" StaticText`
    t =   100.92s Find the "Sat Aug 1 — 29000 steps (today)" StaticText
    t =   100.99s Checking existence of `"Sat Aug 1 — 29000 steps (today)" StaticText`
    t =   101.00s Find the "Sat Aug 1 — 29000 steps (today)" StaticText
    t =   101.08s Checking existence of `"Sat Aug 1 — 29000 steps (today)" StaticText`
    t =   101.09s Find the "Sat Aug 1 — 29000 steps (today)" StaticText
    t =   101.17s Checking existence of `"Sat Aug 1 — 29000 steps (today)" StaticText`
    t =   101.18s Find the "Sat Aug 1 — 29000 steps (today)" StaticText
    t =   101.26s Checking existence of `"Sat Aug 1 — 29000 steps (today)" StaticText`
    t =   101.27s Find the "Sat Aug 1 — 29000 steps (today)" StaticText
STEP[101s]: iter 1: go home
    t =   101.34s Checking existence of `"Transcribe" Button`
    t =   101.36s Checking existence of `"Health" Button`
    t =   101.38s Checking existence of `Any (First Match)`
    t =   101.39s Checking existence of `Button (Element at index 0)`
    t =   101.40s Find the Button (Element at index 0)
STEP[101s]: goHome: tapping candidate 0
    t =   101.43s Tap "BackButton" Button
    t =   101.43s     Wait for org.nativescript.nsbenchmark to idle
    t =   101.43s     Find the "BackButton" Button
    t =   101.44s     Check for interrupting elements affecting "BackButton" Button
    t =   101.46s     Synthesize event
    t =   101.76s     Wait for org.nativescript.nsbenchmark to idle
    t =   102.57s Checking existence of `"Transcribe" Button`
    t =   102.59s Waiting 3.0s for "Transcribe" Button to exist
    t =   103.66s     Checking `Expect predicate `existsNoRetry == 1` for object "Transcribe" Button`
    t =   103.67s         Checking existence of `"Transcribe" Button`
STEP[103s]: iter 1: nav Transcribe
    t =   103.68s Checking existence of `"Transcribe" Button`
    t =   103.69s Tap "Transcribe" Button
    t =   103.69s     Wait for org.nativescript.nsbenchmark to idle
    t =   103.69s     Find the "Transcribe" Button
    t =   103.70s     Check for interrupting elements affecting "Transcribe" Button
    t =   103.71s     Synthesize event
    t =   104.00s     Wait for org.nativescript.nsbenchmark to idle
    t =   104.31s Waiting 10.0s for Any (First Match) to exist
    t =   105.38s     Checking `Expect predicate `existsNoRetry == 1` for object Any (First Match)`
    t =   105.38s         Checking existence of `Any (First Match)`
    t =   105.40s Checking existence of `Any (First Match)`
    t =   105.42s Find the Any (First Match)
    t =   105.43s Checking existence of `"Speech access: granted" StaticText`
    t =   105.45s Find the "Speech access: granted" StaticText
    t =   105.45s Checking existence of `"Transcribe Sample" Button`
    t =   105.47s Checking existence of `"Transcribe Sample" Button`
    t =   105.48s Find the "Transcribe Sample" Button
STEP[105s]: iter 1: transcribe
    t =   105.49s Tap "Transcribe Sample" Button
    t =   105.49s     Wait for org.nativescript.nsbenchmark to idle
    t =   105.49s     Find the "Transcribe Sample" Button
    t =   105.51s     Check for interrupting elements affecting "Transcribe Sample" Button
    t =   105.52s     Synthesize event
    t =   105.81s     Wait for org.nativescript.nsbenchmark to idle
    t =   105.81s Waiting 45.0s for Any (First Match) to exist
    t =   106.87s     Checking `Expect predicate `existsNoRetry == 1` for object Any (First Match)`
    t =   106.87s         Checking existence of `Any (First Match)`
    t =   106.90s         Capturing element debug description
    t =   107.86s     Checking `Expect predicate `existsNoRetry == 1` for object Any (First Match)`
    t =   107.87s         Checking existence of `Any (First Match)`
    t =   107.89s         Capturing element debug description
    t =   108.86s     Checking `Expect predicate `existsNoRetry == 1` for object Any (First Match)`
    t =   108.86s         Checking existence of `Any (First Match)`
    t =   108.88s         Capturing element debug description
    t =   109.84s     Checking `Expect predicate `existsNoRetry == 1` for object Any (First Match)`
    t =   109.84s         Checking existence of `Any (First Match)`
    t =   109.85s         Capturing element debug description
    t =   110.82s     Checking `Expect predicate `existsNoRetry == 1` for object Any (First Match)`
    t =   110.82s         Checking existence of `Any (First Match)`
    t =   110.85s         Capturing element debug description
    t =   111.82s     Checking `Expect predicate `existsNoRetry == 1` for object Any (First Match)`
    t =   111.82s         Checking existence of `Any (First Match)`
    t =   111.85s         Capturing element debug description
    t =   112.82s     Checking `Expect predicate `existsNoRetry == 1` for object Any (First Match)`
    t =   112.82s         Checking existence of `Any (First Match)`
    t =   112.85s         Capturing element debug description
    t =   113.81s     Checking `Expect predicate `existsNoRetry == 1` for object Any (First Match)`
    t =   113.82s         Checking existence of `Any (First Match)`
    t =   113.84s         Capturing element debug description
    t =   114.91s     Checking `Expect predicate `existsNoRetry == 1` for object Any (First Match)`
    t =   114.91s         Checking existence of `Any (First Match)`
    t =   114.94s         Capturing element debug description
    t =   115.90s     Checking `Expect predicate `existsNoRetry == 1` for object Any (First Match)`
    t =   115.90s         Checking existence of `Any (First Match)`
    t =   115.93s         Capturing element debug description
    t =   116.85s     Checking `Expect predicate `existsNoRetry == 1` for object Any (First Match)`
    t =   116.85s         Checking existence of `Any (First Match)`
    t =   116.87s         Capturing element debug description
    t =   117.88s     Checking `Expect predicate `existsNoRetry == 1` for object Any (First Match)`
    t =   117.88s         Checking existence of `Any (First Match)`
    t =   117.90s         Capturing element debug description
    t =   118.91s     Checking `Expect predicate `existsNoRetry == 1` for object Any (First Match)`
    t =   118.91s         Checking existence of `Any (First Match)`
    t =   118.93s         Capturing element debug description
    t =   119.84s     Checking `Expect predicate `existsNoRetry == 1` for object Any (First Match)`
    t =   119.84s         Checking existence of `Any (First Match)`
    t =   119.87s         Capturing element debug description
    t =   120.87s     Checking `Expect predicate `existsNoRetry == 1` for object Any (First Match)`
    t =   120.87s         Checking existence of `Any (First Match)`
    t =   120.90s         Capturing element debug description
    t =   121.90s     Checking `Expect predicate `existsNoRetry == 1` for object Any (First Match)`
    t =   121.91s         Checking existence of `Any (First Match)`
    t =   121.93s         Capturing element debug description
    t =   122.84s     Checking `Expect predicate `existsNoRetry == 1` for object Any (First Match)`
    t =   122.84s         Checking existence of `Any (First Match)`
    t =   122.87s         Capturing element debug description
    t =   123.87s     Checking `Expect predicate `existsNoRetry == 1` for object Any (First Match)`
    t =   123.87s         Checking existence of `Any (First Match)`
    t =   123.90s         Capturing element debug description
    t =   124.90s     Checking `Expect predicate `existsNoRetry == 1` for object Any (First Match)`
    t =   124.91s         Checking existence of `Any (First Match)`
    t =   124.93s         Capturing element debug description
    t =   125.84s     Checking `Expect predicate `existsNoRetry == 1` for object Any (First Match)`
    t =   125.84s         Checking existence of `Any (First Match)`
    t =   125.86s         Capturing element debug description
    t =   126.87s     Checking `Expect predicate `existsNoRetry == 1` for object Any (First Match)`
    t =   126.87s         Checking existence of `Any (First Match)`
    t =   126.90s         Capturing element debug description
    t =   127.90s     Checking `Expect predicate `existsNoRetry == 1` for object Any (First Match)`
    t =   127.91s         Checking existence of `Any (First Match)`
    t =   127.93s         Capturing element debug description
    t =   128.84s     Checking `Expect predicate `existsNoRetry == 1` for object Any (First Match)`
    t =   128.84s         Checking existence of `Any (First Match)`
    t =   128.86s         Capturing element debug description
    t =   129.87s     Checking `Expect predicate `existsNoRetry == 1` for object Any (First Match)`
    t =   129.87s         Checking existence of `Any (First Match)`
    t =   129.90s         Capturing element debug description
    t =   130.90s     Checking `Expect predicate `existsNoRetry == 1` for object Any (First Match)`
    t =   130.90s         Checking existence of `Any (First Match)`
    t =   130.93s         Capturing element debug description
    t =   131.84s     Checking `Expect predicate `existsNoRetry == 1` for object Any (First Match)`
    t =   131.84s         Checking existence of `Any (First Match)`
    t =   131.87s         Capturing element debug description
    t =   132.82s     Checking `Expect predicate `existsNoRetry == 1` for object Any (First Match)`
    t =   132.82s         Checking existence of `Any (First Match)`
    t =   132.85s         Capturing element debug description
    t =   133.82s     Checking `Expect predicate `existsNoRetry == 1` for object Any (First Match)`
    t =   133.82s         Checking existence of `Any (First Match)`
    t =   133.85s         Capturing element debug description
    t =   134.91s     Checking `Expect predicate `existsNoRetry == 1` for object Any (First Match)`
    t =   134.91s         Checking existence of `Any (First Match)`
    t =   134.93s         Capturing element debug description
    t =   135.89s     Checking `Expect predicate `existsNoRetry == 1` for object Any (First Match)`
    t =   135.89s         Checking existence of `Any (First Match)`
    t =   135.92s         Capturing element debug description
    t =   136.88s     Checking `Expect predicate `existsNoRetry == 1` for object Any (First Match)`
    t =   136.88s         Checking existence of `Any (First Match)`
    t =   136.91s         Capturing element debug description
    t =   137.86s     Checking `Expect predicate `existsNoRetry == 1` for object Any (First Match)`
    t =   137.86s         Checking existence of `Any (First Match)`
    t =   137.89s         Capturing element debug description
    t =   138.86s     Checking `Expect predicate `existsNoRetry == 1` for object Any (First Match)`
    t =   138.86s         Checking existence of `Any (First Match)`
    t =   138.88s         Capturing element debug description
    t =   139.84s     Checking `Expect predicate `existsNoRetry == 1` for object Any (First Match)`
    t =   139.84s         Checking existence of `Any (First Match)`
    t =   139.87s         Capturing element debug description
    t =   140.82s     Checking `Expect predicate `existsNoRetry == 1` for object Any (First Match)`
    t =   140.82s         Checking existence of `Any (First Match)`
    t =   140.85s         Capturing element debug description
    t =   141.81s     Checking `Expect predicate `existsNoRetry == 1` for object Any (First Match)`
    t =   141.82s         Checking existence of `Any (First Match)`
    t =   141.84s         Capturing element debug description
    t =   142.91s     Checking `Expect predicate `existsNoRetry == 1` for object Any (First Match)`
    t =   142.91s         Checking existence of `Any (First Match)`
    t =   142.93s         Capturing element debug description
    t =   143.88s     Checking `Expect predicate `existsNoRetry == 1` for object Any (First Match)`
    t =   143.88s         Checking existence of `Any (First Match)`
    t =   143.91s         Capturing element debug description
    t =   144.86s     Checking `Expect predicate `existsNoRetry == 1` for object Any (First Match)`
    t =   144.86s         Checking existence of `Any (First Match)`
    t =   144.89s         Capturing element debug description
    t =   145.86s     Checking `Expect predicate `existsNoRetry == 1` for object Any (First Match)`
    t =   145.86s         Checking existence of `Any (First Match)`
    t =   145.89s         Capturing element debug description
    t =   146.83s     Checking `Expect predicate `existsNoRetry == 1` for object Any (First Match)`
    t =   146.83s         Checking existence of `Any (First Match)`
    t =   146.86s         Capturing element debug description
    t =   147.82s     Checking `Expect predicate `existsNoRetry == 1` for object Any (First Match)`
    t =   147.82s         Checking existence of `Any (First Match)`
    t =   147.85s         Capturing element debug description
    t =   148.81s     Checking `Expect predicate `existsNoRetry == 1` for object Any (First Match)`
    t =   148.82s         Checking existence of `Any (First Match)`
    t =   148.84s         Capturing element debug description
    t =   149.82s     Checking `Expect predicate `existsNoRetry == 1` for object Any (First Match)`
    t =   149.82s         Checking existence of `Any (First Match)`
    t =   149.85s         Capturing element debug description
    t =   150.82s     Checking `Expect predicate `existsNoRetry == 1` for object Any (First Match)`
    t =   150.82s         Checking existence of `Any (First Match)`
    t =   150.84s         Capturing element debug description
    t =   150.84s     Checking existence of `Any (First Match)`
    t =   150.85s Collecting debug information to assist test failure triage
    t =   150.85s     Requesting snapshot of accessibility hierarchy for app with pid 45219
    t =   150.88s Checking existence of `Any (First Match)`
    t =   150.89s Checking existence of `Any (First Match)`
    t =   150.90s Checking existence of `Any (First Match)`
    t =   150.91s Find the Any (First Match)
STEP[150s]: iter 1: done
    t =   150.92s Terminate org.nativescript.nsbenchmark:45219
STEP[151s]: iter 2: launch org.nativescript.nsbenchmark
    t =   152.01s Open org.nativescript.nsbenchmark
    t =   152.01s     Launch org.nativescript.nsbenchmark
    t =   152.12s         Setting up automation session
    t =   152.74s         Wait for org.nativescript.nsbenchmark to idle
    t =   153.90s Checking existence of `"Health" Button`
    t =   153.93s Waiting 20.0s for "Health" Button to exist
    t =   155.01s     Checking `Expect predicate `existsNoRetry == 1` for object "Health" Button`
    t =   155.01s         Checking existence of `"Health" Button`
STEP[155s]: iter 2: nav Health
    t =   155.02s Checking existence of `"Health" Button`
    t =   155.03s Tap "Health" Button
    t =   155.03s     Wait for org.nativescript.nsbenchmark to idle
    t =   155.03s     Find the "Health" Button
    t =   155.04s     Check for interrupting elements affecting "Health" Button
    t =   155.05s     Synthesize event
    t =   155.34s     Wait for org.nativescript.nsbenchmark to idle
    t =   155.74s Waiting 10.0s for Any (First Match) to exist
    t =   156.81s     Checking `Expect predicate `existsNoRetry == 1` for object Any (First Match)`
    t =   156.82s         Checking existence of `Any (First Match)`
    t =   156.84s Checking existence of `Any (First Match)`
    t =   156.86s Find the Any (First Match)
    t =   156.87s Checking existence of `"Health access: granted" StaticText`
    t =   156.88s Find the "Health access: granted" StaticText
    t =   156.89s Waiting 15.0s for Any (First Match) to exist
    t =   157.96s     Checking `Expect predicate `existsNoRetry == 1` for object Any (First Match)`
    t =   157.96s         Checking existence of `Any (First Match)`
    t =   157.99s Checking existence of `Any (First Match)`
    t =   158.01s Find the Any (First Match)
    t =   158.02s Checking existence of `"Log 500 Steps" Button`
    t =   158.03s Checking existence of `"Log 500 Steps" Button`
    t =   158.04s Find the "Log 500 Steps" Button
STEP[158s]: iter 2: log 500
    t =   158.06s Tap "Log 500 Steps" Button
    t =   158.06s     Wait for org.nativescript.nsbenchmark to idle
    t =   158.06s     Find the "Log 500 Steps" Button
    t =   158.07s     Check for interrupting elements affecting "Log 500 Steps" Button
    t =   158.09s     Synthesize event
    t =   158.39s     Wait for org.nativescript.nsbenchmark to idle
    t =   158.40s Checking existence of `"Sat Aug 1 — 29000 steps (today)" StaticText`
    t =   158.41s Find the "Sat Aug 1 — 29000 steps (today)" StaticText
    t =   158.49s Checking existence of `"Sat Aug 1 — 29000 steps (today)" StaticText`
    t =   158.51s Find the "Sat Aug 1 — 29000 steps (today)" StaticText
    t =   158.59s Checking existence of `"Sat Aug 1 — 29000 steps (today)" StaticText`
    t =   158.60s Find the "Sat Aug 1 — 29000 steps (today)" StaticText
    t =   158.68s Checking existence of `"Sat Aug 1 — 29000 steps (today)" StaticText`
    t =   158.69s Find the "Sat Aug 1 — 29000 steps (today)" StaticText
    t =   158.77s Checking existence of `"Sat Aug 1 — 29000 steps (today)" StaticText`
    t =   158.78s Find the "Sat Aug 1 — 29000 steps (today)" StaticText
    t =   158.86s Checking existence of `"Sat Aug 1 — 29000 steps (today)" StaticText`
    t =   158.87s Find the "Sat Aug 1 — 29000 steps (today)" StaticText
    t =   158.95s Checking existence of `"Sat Aug 1 — 29000 steps (today)" StaticText`
    t =   158.96s Find the "Sat Aug 1 — 29000 steps (today)" StaticText
    t =   159.04s Checking existence of `"Sat Aug 1 — 29000 steps (today)" StaticText`
    t =   159.05s Find the "Sat Aug 1 — 29000 steps (today)" StaticText
    t =   159.13s Checking existence of `"Sat Aug 1 — 29000 steps (today)" StaticText`
    t =   159.14s Find the "Sat Aug 1 — 29000 steps (today)" StaticText
    t =   159.22s Checking existence of `"Sat Aug 1 — 29000 steps (today)" StaticText`
    t =   159.24s Find the "Sat Aug 1 — 29000 steps (today)" StaticText
    t =   159.31s Checking existence of `"Sat Aug 1 — 29000 steps (today)" StaticText`
    t =   159.33s Find the "Sat Aug 1 — 29000 steps (today)" StaticText
    t =   159.40s Checking existence of `"Sat Aug 1 — 29000 steps (today)" StaticText`
    t =   159.42s Find the "Sat Aug 1 — 29000 steps (today)" StaticText
    t =   159.49s Checking existence of `"Sat Aug 1 — 29000 steps (today)" StaticText`
    t =   159.50s Find the "Sat Aug 1 — 29000 steps (today)" StaticText
    t =   159.58s Checking existence of `"Sat Aug 1 — 29000 steps (today)" StaticText`
    t =   159.59s Find the "Sat Aug 1 — 29000 steps (today)" StaticText
    t =   159.67s Checking existence of `"Sat Aug 1 — 29000 steps (today)" StaticText`
    t =   159.68s Find the "Sat Aug 1 — 29000 steps (today)" StaticText
    t =   159.75s Checking existence of `"Sat Aug 1 — 29000 steps (today)" StaticText`
    t =   159.77s Find the "Sat Aug 1 — 29000 steps (today)" StaticText
    t =   159.84s Checking existence of `"Sat Aug 1 — 29000 steps (today)" StaticText`
    t =   159.85s Find the "Sat Aug 1 — 29000 steps (today)" StaticText
    t =   159.92s Checking existence of `"Sat Aug 1 — 29000 steps (today)" StaticText`
    t =   159.94s Find the "Sat Aug 1 — 29000 steps (today)" StaticText
    t =   160.01s Checking existence of `"Sat Aug 1 — 29000 steps (today)" StaticText`
    t =   160.03s Find the "Sat Aug 1 — 29000 steps (today)" StaticText
    t =   160.10s Checking existence of `"Sat Aug 1 — 29000 steps (today)" StaticText`
    t =   160.12s Find the "Sat Aug 1 — 29000 steps (today)" StaticText
    t =   160.20s Checking existence of `"Sat Aug 1 — 29000 steps (today)" StaticText`
    t =   160.21s Find the "Sat Aug 1 — 29000 steps (today)" StaticText
    t =   160.29s Checking existence of `"Sat Aug 1 — 29000 steps (today)" StaticText`
    t =   160.30s Find the "Sat Aug 1 — 29000 steps (today)" StaticText
    t =   160.37s Checking existence of `"Sat Aug 1 — 29000 steps (today)" StaticText`
    t =   160.39s Find the "Sat Aug 1 — 29000 steps (today)" StaticText
    t =   160.45s Checking existence of `"Sat Aug 1 — 29000 steps (today)" StaticText`
    t =   160.47s Find the "Sat Aug 1 — 29000 steps (today)" StaticText
    t =   160.54s Checking existence of `"Sat Aug 1 — 29000 steps (today)" StaticText`
    t =   160.55s Find the "Sat Aug 1 — 29000 steps (today)" StaticText
    t =   160.63s Checking existence of `"Sat Aug 1 — 29000 steps (today)" StaticText`
    t =   160.64s Find the "Sat Aug 1 — 29000 steps (today)" StaticText
    t =   160.72s Checking existence of `"Sat Aug 1 — 29000 steps (today)" StaticText`
    t =   160.73s Find the "Sat Aug 1 — 29000 steps (today)" StaticText
    t =   160.81s Checking existence of `"Sat Aug 1 — 29000 steps (today)" StaticText`
    t =   160.82s Find the "Sat Aug 1 — 29000 steps (today)" StaticText
    t =   160.89s Checking existence of `"Sat Aug 1 — 29000 steps (today)" StaticText`
    t =   160.90s Find the "Sat Aug 1 — 29000 steps (today)" StaticText
    t =   160.98s Checking existence of `"Sat Aug 1 — 29000 steps (today)" StaticText`
    t =   160.99s Find the "Sat Aug 1 — 29000 steps (today)" StaticText
    t =   161.07s Checking existence of `"Sat Aug 1 — 29000 steps (today)" StaticText`
    t =   161.08s Find the "Sat Aug 1 — 29000 steps (today)" StaticText
    t =   161.16s Checking existence of `"Sat Aug 1 — 29000 steps (today)" StaticText`
    t =   161.17s Find the "Sat Aug 1 — 29000 steps (today)" StaticText
    t =   161.25s Checking existence of `"Sat Aug 1 — 29000 steps (today)" StaticText`
    t =   161.26s Find the "Sat Aug 1 — 29000 steps (today)" StaticText
    t =   161.34s Checking existence of `"Sat Aug 1 — 29000 steps (today)" StaticText`
    t =   161.35s Find the "Sat Aug 1 — 29000 steps (today)" StaticText
    t =   161.42s Checking existence of `"Sat Aug 1 — 29000 steps (today)" StaticText`
    t =   161.44s Find the "Sat Aug 1 — 29000 steps (today)" StaticText
    t =   161.51s Checking existence of `"Sat Aug 1 — 29000 steps (today)" StaticText`
    t =   161.53s Find the "Sat Aug 1 — 29000 steps (today)" StaticText
    t =   161.60s Checking existence of `"Sat Aug 1 — 29000 steps (today)" StaticText`
    t =   161.62s Find the "Sat Aug 1 — 29000 steps (today)" StaticText
    t =   161.69s Checking existence of `"Sat Aug 1 — 29000 steps (today)" StaticText`
    t =   161.71s Find the "Sat Aug 1 — 29000 steps (today)" StaticText
    t =   161.79s Checking existence of `"Sat Aug 1 — 29000 steps (today)" StaticText`
    t =   161.80s Find the "Sat Aug 1 — 29000 steps (today)" StaticText
    t =   161.88s Checking existence of `"Sat Aug 1 — 29000 steps (today)" StaticText`
    t =   161.89s Find the "Sat Aug 1 — 29000 steps (today)" StaticText
    t =   161.97s Checking existence of `"Sat Aug 1 — 29000 steps (today)" StaticText`
    t =   161.98s Find the "Sat Aug 1 — 29000 steps (today)" StaticText
    t =   162.06s Checking existence of `"Sat Aug 1 — 29000 steps (today)" StaticText`
    t =   162.07s Find the "Sat Aug 1 — 29000 steps (today)" StaticText
    t =   162.15s Checking existence of `"Sat Aug 1 — 29000 steps (today)" StaticText`
    t =   162.16s Find the "Sat Aug 1 — 29000 steps (today)" StaticText
    t =   162.24s Checking existence of `"Sat Aug 1 — 29000 steps (today)" StaticText`
    t =   162.25s Find the "Sat Aug 1 — 29000 steps (today)" StaticText
    t =   162.32s Checking existence of `"Sat Aug 1 — 29000 steps (today)" StaticText`
    t =   162.33s Find the "Sat Aug 1 — 29000 steps (today)" StaticText
    t =   162.40s Checking existence of `"Sat Aug 1 — 29000 steps (today)" StaticText`
    t =   162.41s Find the "Sat Aug 1 — 29000 steps (today)" StaticText
    t =   162.49s Checking existence of `"Sat Aug 1 — 29000 steps (today)" StaticText`
    t =   162.50s Find the "Sat Aug 1 — 29000 steps (today)" StaticText
    t =   162.57s Checking existence of `"Sat Aug 1 — 29000 steps (today)" StaticText`
    t =   162.58s Find the "Sat Aug 1 — 29000 steps (today)" StaticText
    t =   162.66s Checking existence of `"Sat Aug 1 — 29000 steps (today)" StaticText`
    t =   162.67s Find the "Sat Aug 1 — 29000 steps (today)" StaticText
    t =   162.75s Checking existence of `"Sat Aug 1 — 29000 steps (today)" StaticText`
    t =   162.76s Find the "Sat Aug 1 — 29000 steps (today)" StaticText
    t =   162.83s Checking existence of `"Sat Aug 1 — 29000 steps (today)" StaticText`
    t =   162.85s Find the "Sat Aug 1 — 29000 steps (today)" StaticText
    t =   162.92s Checking existence of `"Sat Aug 1 — 29000 steps (today)" StaticText`
    t =   162.94s Find the "Sat Aug 1 — 29000 steps (today)" StaticText
    t =   163.01s Checking existence of `"Sat Aug 1 — 29000 steps (today)" StaticText`
    t =   163.02s Find the "Sat Aug 1 — 29000 steps (today)" StaticText
    t =   163.10s Checking existence of `"Sat Aug 1 — 29000 steps (today)" StaticText`
    t =   163.11s Find the "Sat Aug 1 — 29000 steps (today)" StaticText
    t =   163.19s Checking existence of `"Sat Aug 1 — 29000 steps (today)" StaticText`
    t =   163.20s Find the "Sat Aug 1 — 29000 steps (today)" StaticText
    t =   163.28s Checking existence of `"Sat Aug 1 — 29000 steps (today)" StaticText`
    t =   163.30s Find the "Sat Aug 1 — 29000 steps (today)" StaticText
    t =   163.37s Checking existence of `"Sat Aug 1 — 29000 steps (today)" StaticText`
    t =   163.39s Find the "Sat Aug 1 — 29000 steps (today)" StaticText
    t =   163.46s Checking existence of `"Sat Aug 1 — 29000 steps (today)" StaticText`
    t =   163.48s Find the "Sat Aug 1 — 29000 steps (today)" StaticText
    t =   163.55s Checking existence of `"Sat Aug 1 — 29000 steps (today)" StaticText`
    t =   163.57s Find the "Sat Aug 1 — 29000 steps (today)" StaticText
    t =   163.64s Checking existence of `"Sat Aug 1 — 29000 steps (today)" StaticText`
    t =   163.66s Find the "Sat Aug 1 — 29000 steps (today)" StaticText
    t =   163.74s Checking existence of `"Sat Aug 1 — 29000 steps (today)" StaticText`
    t =   163.75s Find the "Sat Aug 1 — 29000 steps (today)" StaticText
    t =   163.83s Checking existence of `"Sat Aug 1 — 29000 steps (today)" StaticText`
    t =   163.84s Find the "Sat Aug 1 — 29000 steps (today)" StaticText
    t =   163.92s Checking existence of `"Sat Aug 1 — 29000 steps (today)" StaticText`
    t =   163.93s Find the "Sat Aug 1 — 29000 steps (today)" StaticText
    t =   164.01s Checking existence of `"Sat Aug 1 — 29000 steps (today)" StaticText`
    t =   164.02s Find the "Sat Aug 1 — 29000 steps (today)" StaticText
    t =   164.10s Checking existence of `"Sat Aug 1 — 29000 steps (today)" StaticText`
    t =   164.11s Find the "Sat Aug 1 — 29000 steps (today)" StaticText
    t =   164.19s Checking existence of `"Sat Aug 1 — 29000 steps (today)" StaticText`
    t =   164.20s Find the "Sat Aug 1 — 29000 steps (today)" StaticText
    t =   164.28s Checking existence of `"Sat Aug 1 — 29000 steps (today)" StaticText`
    t =   164.29s Find the "Sat Aug 1 — 29000 steps (today)" StaticText
    t =   164.37s Checking existence of `"Sat Aug 1 — 29000 steps (today)" StaticText`
    t =   164.38s Find the "Sat Aug 1 — 29000 steps (today)" StaticText
    t =   164.46s Checking existence of `"Sat Aug 1 — 29000 steps (today)" StaticText`
    t =   164.48s Find the "Sat Aug 1 — 29000 steps (today)" StaticText
    t =   164.55s Checking existence of `"Sat Aug 1 — 29000 steps (today)" StaticText`
    t =   164.57s Find the "Sat Aug 1 — 29000 steps (today)" StaticText
    t =   164.64s Checking existence of `"Sat Aug 1 — 29000 steps (today)" StaticText`
    t =   164.66s Find the "Sat Aug 1 — 29000 steps (today)" StaticText
    t =   164.73s Checking existence of `"Sat Aug 1 — 29000 steps (today)" StaticText`
    t =   164.75s Find the "Sat Aug 1 — 29000 steps (today)" StaticText
    t =   164.82s Checking existence of `"Sat Aug 1 — 29000 steps (today)" StaticText`
    t =   164.84s Find the "Sat Aug 1 — 29000 steps (today)" StaticText
    t =   164.91s Checking existence of `"Sat Aug 1 — 29000 steps (today)" StaticText`
    t =   164.93s Find the "Sat Aug 1 — 29000 steps (today)" StaticText
    t =   165.00s Checking existence of `"Sat Aug 1 — 29000 steps (today)" StaticText`
    t =   165.02s Find the "Sat Aug 1 — 29000 steps (today)" StaticText
    t =   165.09s Checking existence of `"Sat Aug 1 — 29000 steps (today)" StaticText`
    t =   165.10s Find the "Sat Aug 1 — 29000 steps (today)" StaticText
    t =   165.18s Checking existence of `"Sat Aug 1 — 29000 steps (today)" StaticText`
    t =   165.19s Find the "Sat Aug 1 — 29000 steps (today)" StaticText
    t =   165.27s Checking existence of `"Sat Aug 1 — 29000 steps (today)" StaticText`
    t =   165.29s Find the "Sat Aug 1 — 29000 steps (today)" StaticText
    t =   165.36s Checking existence of `"Sat Aug 1 — 29000 steps (today)" StaticText`
    t =   165.38s Find the "Sat Aug 1 — 29000 steps (today)" StaticText
    t =   165.45s Checking existence of `"Sat Aug 1 — 29000 steps (today)" StaticText`
    t =   165.47s Find the "Sat Aug 1 — 29000 steps (today)" StaticText
    t =   165.54s Checking existence of `"Sat Aug 1 — 29000 steps (today)" StaticText`
    t =   165.55s Find the "Sat Aug 1 — 29000 steps (today)" StaticText
    t =   165.63s Checking existence of `"Sat Aug 1 — 29000 steps (today)" StaticText`
    t =   165.64s Find the "Sat Aug 1 — 29000 steps (today)" StaticText
    t =   165.72s Checking existence of `"Sat Aug 1 — 29000 steps (today)" StaticText`
    t =   165.73s Find the "Sat Aug 1 — 29000 steps (today)" StaticText
    t =   165.81s Checking existence of `"Sat Aug 1 — 29000 steps (today)" StaticText`
    t =   165.82s Find the "Sat Aug 1 — 29000 steps (today)" StaticText
    t =   165.90s Checking existence of `"Sat Aug 1 — 29000 steps (today)" StaticText`
    t =   165.92s Find the "Sat Aug 1 — 29000 steps (today)" StaticText
    t =   165.99s Checking existence of `"Sat Aug 1 — 29000 steps (today)" StaticText`
    t =   166.01s Find the "Sat Aug 1 — 29000 steps (today)" StaticText
    t =   166.08s Checking existence of `"Sat Aug 1 — 29000 steps (today)" StaticText`
    t =   166.10s Find the "Sat Aug 1 — 29000 steps (today)" StaticText
    t =   166.17s Checking existence of `"Sat Aug 1 — 29000 steps (today)" StaticText`
    t =   166.19s Find the "Sat Aug 1 — 29000 steps (today)" StaticText
    t =   166.26s Checking existence of `"Sat Aug 1 — 29000 steps (today)" StaticText`
    t =   166.28s Find the "Sat Aug 1 — 29000 steps (today)" StaticText
    t =   166.35s Checking existence of `"Sat Aug 1 — 29000 steps (today)" StaticText`
    t =   166.37s Find the "Sat Aug 1 — 29000 steps (today)" StaticText
    t =   166.44s Checking existence of `"Sat Aug 1 — 29000 steps (today)" StaticText`
    t =   166.46s Find the "Sat Aug 1 — 29000 steps (today)" StaticText
    t =   166.53s Checking existence of `"Sat Aug 1 — 29000 steps (today)" StaticText`
    t =   166.55s Find the "Sat Aug 1 — 29000 steps (today)" StaticText
    t =   166.62s Checking existence of `"Sat Aug 1 — 29000 steps (today)" StaticText`
    t =   166.64s Find the "Sat Aug 1 — 29000 steps (today)" StaticText
    t =   166.71s Checking existence of `"Sat Aug 1 — 29000 steps (today)" StaticText`
    t =   166.73s Find the "Sat Aug 1 — 29000 steps (today)" StaticText
    t =   166.80s Checking existence of `"Sat Aug 1 — 29000 steps (today)" StaticText`
    t =   166.82s Find the "Sat Aug 1 — 29000 steps (today)" StaticText
    t =   166.89s Checking existence of `"Sat Aug 1 — 29000 steps (today)" StaticText`
    t =   166.90s Find the "Sat Aug 1 — 29000 steps (today)" StaticText
    t =   166.98s Checking existence of `"Sat Aug 1 — 29000 steps (today)" StaticText`
    t =   166.99s Find the "Sat Aug 1 — 29000 steps (today)" StaticText
    t =   167.07s Checking existence of `"Sat Aug 1 — 29000 steps (today)" StaticText`
    t =   167.08s Find the "Sat Aug 1 — 29000 steps (today)" StaticText
    t =   167.16s Checking existence of `"Sat Aug 1 — 29000 steps (today)" StaticText`
    t =   167.17s Find the "Sat Aug 1 — 29000 steps (today)" StaticText
    t =   167.25s Checking existence of `"Sat Aug 1 — 29000 steps (today)" StaticText`
    t =   167.27s Find the "Sat Aug 1 — 29000 steps (today)" StaticText
    t =   167.33s Checking existence of `"Sat Aug 1 — 29000 steps (today)" StaticText`
    t =   167.35s Find the "Sat Aug 1 — 29000 steps (today)" StaticText
    t =   167.42s Checking existence of `"Sat Aug 1 — 29000 steps (today)" StaticText`
    t =   167.44s Find the "Sat Aug 1 — 29000 steps (today)" StaticText
    t =   167.51s Checking existence of `"Sat Aug 1 — 29000 steps (today)" StaticText`
    t =   167.53s Find the "Sat Aug 1 — 29000 steps (today)" StaticText
    t =   167.60s Checking existence of `"Sat Aug 1 — 29000 steps (today)" StaticText`
    t =   167.62s Find the "Sat Aug 1 — 29000 steps (today)" StaticText
    t =   167.69s Checking existence of `"Sat Aug 1 — 29000 steps (today)" StaticText`
    t =   167.70s Find the "Sat Aug 1 — 29000 steps (today)" StaticText
    t =   167.78s Checking existence of `"Sat Aug 1 — 29000 steps (today)" StaticText`
    t =   167.79s Find the "Sat Aug 1 — 29000 steps (today)" StaticText
    t =   167.86s Checking existence of `"Sat Aug 1 — 29000 steps (today)" StaticText`
    t =   167.88s Find the "Sat Aug 1 — 29000 steps (today)" StaticText
    t =   167.96s Checking existence of `"Sat Aug 1 — 29000 steps (today)" StaticText`
    t =   167.97s Find the "Sat Aug 1 — 29000 steps (today)" StaticText
    t =   168.05s Checking existence of `"Sat Aug 1 — 29000 steps (today)" StaticText`
    t =   168.06s Find the "Sat Aug 1 — 29000 steps (today)" StaticText
    t =   168.14s Checking existence of `"Sat Aug 1 — 29000 steps (today)" StaticText`
    t =   168.15s Find the "Sat Aug 1 — 29000 steps (today)" StaticText
    t =   168.23s Checking existence of `"Sat Aug 1 — 29000 steps (today)" StaticText`
    t =   168.24s Find the "Sat Aug 1 — 29000 steps (today)" StaticText
    t =   168.32s Checking existence of `"Sat Aug 1 — 29000 steps (today)" StaticText`
    t =   168.33s Find the "Sat Aug 1 — 29000 steps (today)" StaticText
    t =   168.41s Checking existence of `"Sat Aug 1 — 29000 steps (today)" StaticText`
    t =   168.43s Find the "Sat Aug 1 — 29000 steps (today)" StaticText
    t =   168.50s Checking existence of `"Sat Aug 1 — 29000 steps (today)" StaticText`
    t =   168.52s Find the "Sat Aug 1 — 29000 steps (today)" StaticText
    t =   168.59s Checking existence of `"Sat Aug 1 — 29000 steps (today)" StaticText`
    t =   168.61s Find the "Sat Aug 1 — 29000 steps (today)" StaticText
    t =   168.68s Checking existence of `"Sat Aug 1 — 29000 steps (today)" StaticText`
    t =   168.70s Find the "Sat Aug 1 — 29000 steps (today)" StaticText
    t =   168.77s Checking existence of `"Sat Aug 1 — 29000 steps (today)" StaticText`
    t =   168.79s Find the "Sat Aug 1 — 29000 steps (today)" StaticText
    t =   168.86s Checking existence of `"Sat Aug 1 — 29000 steps (today)" StaticText`
    t =   168.88s Find the "Sat Aug 1 — 29000 steps (today)" StaticText
    t =   168.95s Checking existence of `"Sat Aug 1 — 29000 steps (today)" StaticText`
    t =   168.97s Find the "Sat Aug 1 — 29000 steps (today)" StaticText
    t =   169.04s Checking existence of `"Sat Aug 1 — 29000 steps (today)" StaticText`
    t =   169.05s Find the "Sat Aug 1 — 29000 steps (today)" StaticText
    t =   169.13s Checking existence of `"Sat Aug 1 — 29000 steps (today)" StaticText`
    t =   169.14s Find the "Sat Aug 1 — 29000 steps (today)" StaticText
    t =   169.22s Checking existence of `"Sat Aug 1 — 29000 steps (today)" StaticText`
    t =   169.23s Find the "Sat Aug 1 — 29000 steps (today)" StaticText
    t =   169.31s Checking existence of `"Sat Aug 1 — 29000 steps (today)" StaticText`
    t =   169.33s Find the "Sat Aug 1 — 29000 steps (today)" StaticText
    t =   169.40s Checking existence of `"Sat Aug 1 — 29000 steps (today)" StaticText`
    t =   169.42s Find the "Sat Aug 1 — 29000 steps (today)" StaticText
    t =   169.49s Checking existence of `"Sat Aug 1 — 29000 steps (today)" StaticText`
    t =   169.51s Find the "Sat Aug 1 — 29000 steps (today)" StaticText
    t =   169.58s Checking existence of `"Sat Aug 1 — 29000 steps (today)" StaticText`
    t =   169.60s Find the "Sat Aug 1 — 29000 steps (today)" StaticText
    t =   169.68s Checking existence of `"Sat Aug 1 — 29000 steps (today)" StaticText`
    t =   169.69s Find the "Sat Aug 1 — 29000 steps (today)" StaticText
    t =   169.77s Checking existence of `"Sat Aug 1 — 29000 steps (today)" StaticText`
    t =   169.78s Find the "Sat Aug 1 — 29000 steps (today)" StaticText
    t =   169.86s Checking existence of `"Sat Aug 1 — 29000 steps (today)" StaticText`
    t =   169.87s Find the "Sat Aug 1 — 29000 steps (today)" StaticText
    t =   169.94s Checking existence of `"Sat Aug 1 — 29000 steps (today)" StaticText`
    t =   169.95s Find the "Sat Aug 1 — 29000 steps (today)" StaticText
    t =   170.02s Checking existence of `"Sat Aug 1 — 29000 steps (today)" StaticText`
    t =   170.04s Find the "Sat Aug 1 — 29000 steps (today)" StaticText
    t =   170.11s Checking existence of `"Sat Aug 1 — 29000 steps (today)" StaticText`
    t =   170.13s Find the "Sat Aug 1 — 29000 steps (today)" StaticText
    t =   170.20s Checking existence of `"Sat Aug 1 — 29000 steps (today)" StaticText`
    t =   170.22s Find the "Sat Aug 1 — 29000 steps (today)" StaticText
    t =   170.30s Checking existence of `"Sat Aug 1 — 29000 steps (today)" StaticText`
    t =   170.31s Find the "Sat Aug 1 — 29000 steps (today)" StaticText
    t =   170.38s Checking existence of `"Sat Aug 1 — 29000 steps (today)" StaticText`
    t =   170.40s Find the "Sat Aug 1 — 29000 steps (today)" StaticText
    t =   170.47s Checking existence of `"Sat Aug 1 — 29000 steps (today)" StaticText`
    t =   170.49s Find the "Sat Aug 1 — 29000 steps (today)" StaticText
    t =   170.56s Checking existence of `"Sat Aug 1 — 29000 steps (today)" StaticText`
    t =   170.58s Find the "Sat Aug 1 — 29000 steps (today)" StaticText
    t =   170.66s Checking existence of `"Sat Aug 1 — 29000 steps (today)" StaticText`
    t =   170.67s Find the "Sat Aug 1 — 29000 steps (today)" StaticText
    t =   170.74s Checking existence of `"Sat Aug 1 — 29000 steps (today)" StaticText`
    t =   170.76s Find the "Sat Aug 1 — 29000 steps (today)" StaticText
    t =   170.83s Checking existence of `"Sat Aug 1 — 29000 steps (today)" StaticText`
    t =   170.85s Find the "Sat Aug 1 — 29000 steps (today)" StaticText
    t =   170.92s Checking existence of `"Sat Aug 1 — 29000 steps (today)" StaticText`
    t =   170.94s Find the "Sat Aug 1 — 29000 steps (today)" StaticText
    t =   171.01s Checking existence of `"Sat Aug 1 — 29000 steps (today)" StaticText`
    t =   171.02s Find the "Sat Aug 1 — 29000 steps (today)" StaticText
    t =   171.10s Checking existence of `"Sat Aug 1 — 29000 steps (today)" StaticText`
    t =   171.11s Find the "Sat Aug 1 — 29000 steps (today)" StaticText
    t =   171.18s Checking existence of `"Sat Aug 1 — 29000 steps (today)" StaticText`
    t =   171.20s Find the "Sat Aug 1 — 29000 steps (today)" StaticText
    t =   171.27s Checking existence of `"Sat Aug 1 — 29000 steps (today)" StaticText`
    t =   171.29s Find the "Sat Aug 1 — 29000 steps (today)" StaticText
    t =   171.36s Checking existence of `"Sat Aug 1 — 29000 steps (today)" StaticText`
    t =   171.38s Find the "Sat Aug 1 — 29000 steps (today)" StaticText
    t =   171.45s Checking existence of `"Sat Aug 1 — 29000 steps (today)" StaticText`
    t =   171.46s Find the "Sat Aug 1 — 29000 steps (today)" StaticText
    t =   171.54s Checking existence of `"Sat Aug 1 — 29000 steps (today)" StaticText`
    t =   171.55s Find the "Sat Aug 1 — 29000 steps (today)" StaticText
    t =   171.63s Checking existence of `"Sat Aug 1 — 29000 steps (today)" StaticText`
    t =   171.64s Find the "Sat Aug 1 — 29000 steps (today)" StaticText
    t =   171.72s Checking existence of `"Sat Aug 1 — 29000 steps (today)" StaticText`
    t =   171.73s Find the "Sat Aug 1 — 29000 steps (today)" StaticText
    t =   171.80s Checking existence of `"Sat Aug 1 — 29000 steps (today)" StaticText`
    t =   171.82s Find the "Sat Aug 1 — 29000 steps (today)" StaticText
    t =   171.90s Checking existence of `"Sat Aug 1 — 29000 steps (today)" StaticText`
    t =   171.91s Find the "Sat Aug 1 — 29000 steps (today)" StaticText
    t =   171.98s Checking existence of `"Sat Aug 1 — 29000 steps (today)" StaticText`
    t =   172.00s Find the "Sat Aug 1 — 29000 steps (today)" StaticText
    t =   172.08s Checking existence of `"Sat Aug 1 — 29000 steps (today)" StaticText`
    t =   172.09s Find the "Sat Aug 1 — 29000 steps (today)" StaticText
    t =   172.17s Checking existence of `"Sat Aug 1 — 29000 steps (today)" StaticText`
    t =   172.18s Find the "Sat Aug 1 — 29000 steps (today)" StaticText
    t =   172.26s Checking existence of `"Sat Aug 1 — 29000 steps (today)" StaticText`
    t =   172.27s Find the "Sat Aug 1 — 29000 steps (today)" StaticText
    t =   172.34s Checking existence of `"Sat Aug 1 — 29000 steps (today)" StaticText`
    t =   172.35s Find the "Sat Aug 1 — 29000 steps (today)" StaticText
    t =   172.42s Checking existence of `"Sat Aug 1 — 29000 steps (today)" StaticText`
    t =   172.44s Find the "Sat Aug 1 — 29000 steps (today)" StaticText
    t =   172.51s Checking existence of `"Sat Aug 1 — 29000 steps (today)" StaticText`
    t =   172.53s Find the "Sat Aug 1 — 29000 steps (today)" StaticText
    t =   172.61s Checking existence of `"Sat Aug 1 — 29000 steps (today)" StaticText`
    t =   172.62s Find the "Sat Aug 1 — 29000 steps (today)" StaticText
    t =   172.70s Checking existence of `"Sat Aug 1 — 29000 steps (today)" StaticText`
    t =   172.71s Find the "Sat Aug 1 — 29000 steps (today)" StaticText
    t =   172.79s Checking existence of `"Sat Aug 1 — 29000 steps (today)" StaticText`
    t =   172.80s Find the "Sat Aug 1 — 29000 steps (today)" StaticText
    t =   172.88s Checking existence of `"Sat Aug 1 — 29000 steps (today)" StaticText`
    t =   172.89s Find the "Sat Aug 1 — 29000 steps (today)" StaticText
    t =   172.97s Checking existence of `"Sat Aug 1 — 29000 steps (today)" StaticText`
    t =   172.99s Find the "Sat Aug 1 — 29000 steps (today)" StaticText
    t =   173.06s Checking existence of `"Sat Aug 1 — 29000 steps (today)" StaticText`
    t =   173.08s Find the "Sat Aug 1 — 29000 steps (today)" StaticText
    t =   173.15s Checking existence of `"Sat Aug 1 — 29000 steps (today)" StaticText`
    t =   173.17s Find the "Sat Aug 1 — 29000 steps (today)" StaticText
    t =   173.24s Checking existence of `"Sat Aug 1 — 29000 steps (today)" StaticText`
    t =   173.26s Find the "Sat Aug 1 — 29000 steps (today)" StaticText
    t =   173.33s Checking existence of `"Sat Aug 1 — 29000 steps (today)" StaticText`
    t =   173.35s Find the "Sat Aug 1 — 29000 steps (today)" StaticText
STEP[173s]: iter 2: go home
    t =   173.42s Checking existence of `"Transcribe" Button`
    t =   173.44s Checking existence of `"Health" Button`
    t =   173.46s Checking existence of `Any (First Match)`
    t =   173.47s Checking existence of `Button (Element at index 0)`
    t =   173.48s Find the Button (Element at index 0)
STEP[173s]: goHome: tapping candidate 0
    t =   173.51s Tap "BackButton" Button
    t =   173.51s     Wait for org.nativescript.nsbenchmark to idle
    t =   173.51s     Find the "BackButton" Button
    t =   173.52s     Check for interrupting elements affecting "BackButton" Button
    t =   173.54s     Synthesize event
    t =   173.83s     Wait for org.nativescript.nsbenchmark to idle
    t =   174.66s Checking existence of `"Transcribe" Button`
    t =   174.67s Waiting 3.0s for "Transcribe" Button to exist
    t =   175.74s     Checking `Expect predicate `existsNoRetry == 1` for object "Transcribe" Button`
    t =   175.74s         Checking existence of `"Transcribe" Button`
STEP[175s]: iter 2: nav Transcribe
    t =   175.75s Checking existence of `"Transcribe" Button`
    t =   175.76s Tap "Transcribe" Button
    t =   175.76s     Wait for org.nativescript.nsbenchmark to idle
    t =   175.76s     Find the "Transcribe" Button
    t =   175.77s     Check for interrupting elements affecting "Transcribe" Button
    t =   175.78s     Synthesize event
    t =   176.07s     Wait for org.nativescript.nsbenchmark to idle
    t =   176.40s Waiting 10.0s for Any (First Match) to exist
    t =   177.46s     Checking `Expect predicate `existsNoRetry == 1` for object Any (First Match)`
    t =   177.46s         Checking existence of `Any (First Match)`
    t =   177.49s Checking existence of `Any (First Match)`
    t =   177.50s Find the Any (First Match)
    t =   177.52s Checking existence of `"Speech access: granted" StaticText`
    t =   177.53s Find the "Speech access: granted" StaticText
    t =   177.54s Checking existence of `"Transcribe Sample" Button`
    t =   177.55s Checking existence of `"Transcribe Sample" Button`
    t =   177.56s Find the "Transcribe Sample" Button
STEP[177s]: iter 2: transcribe
    t =   177.58s Tap "Transcribe Sample" Button
    t =   177.58s     Wait for org.nativescript.nsbenchmark to idle
    t =   177.58s     Find the "Transcribe Sample" Button
    t =   177.59s     Check for interrupting elements affecting "Transcribe Sample" Button
    t =   177.60s     Synthesize event
    t =   177.90s     Wait for org.nativescript.nsbenchmark to idle
    t =   177.90s Waiting 45.0s for Any (First Match) to exist
    t =   178.96s     Checking `Expect predicate `existsNoRetry == 1` for object Any (First Match)`
    t =   178.96s         Checking existence of `Any (First Match)`
    t =   178.99s         Capturing element debug description
    t =   179.95s     Checking `Expect predicate `existsNoRetry == 1` for object Any (First Match)`
    t =   179.96s         Checking existence of `Any (First Match)`
    t =   179.98s         Capturing element debug description
    t =   180.94s     Checking `Expect predicate `existsNoRetry == 1` for object Any (First Match)`
    t =   180.94s         Checking existence of `Any (First Match)`
    t =   180.97s         Capturing element debug description
    t =   181.93s     Checking `Expect predicate `existsNoRetry == 1` for object Any (First Match)`
    t =   181.93s         Checking existence of `Any (First Match)`
    t =   181.96s         Capturing element debug description
    t =   182.92s     Checking `Expect predicate `existsNoRetry == 1` for object Any (First Match)`
    t =   182.92s         Checking existence of `Any (First Match)`
    t =   182.95s         Capturing element debug description
    t =   183.91s     Checking `Expect predicate `existsNoRetry == 1` for object Any (First Match)`
    t =   183.91s         Checking existence of `Any (First Match)`
    t =   183.94s         Capturing element debug description
    t =   184.91s     Checking `Expect predicate `existsNoRetry == 1` for object Any (First Match)`
    t =   184.91s         Checking existence of `Any (First Match)`
    t =   184.94s         Capturing element debug description
    t =   186.00s     Checking `Expect predicate `existsNoRetry == 1` for object Any (First Match)`
    t =   186.00s         Checking existence of `Any (First Match)`
    t =   186.03s         Capturing element debug description
    t =   186.99s     Checking `Expect predicate `existsNoRetry == 1` for object Any (First Match)`
    t =   186.99s         Checking existence of `Any (First Match)`
    t =   187.02s         Capturing element debug description
    t =   187.97s     Checking `Expect predicate `existsNoRetry == 1` for object Any (First Match)`
    t =   187.97s         Checking existence of `Any (First Match)`
    t =   188.00s         Capturing element debug description
    t =   188.94s     Checking `Expect predicate `existsNoRetry == 1` for object Any (First Match)`
    t =   188.94s         Checking existence of `Any (First Match)`
    t =   188.97s         Capturing element debug description
    t =   189.97s     Checking `Expect predicate `existsNoRetry == 1` for object Any (First Match)`
    t =   189.97s         Checking existence of `Any (First Match)`
    t =   190.00s         Capturing element debug description
    t =   190.90s     Checking `Expect predicate `existsNoRetry == 1` for object Any (First Match)`
    t =   190.90s         Checking existence of `Any (First Match)`
    t =   190.93s         Capturing element debug description
    t =   191.93s     Checking `Expect predicate `existsNoRetry == 1` for object Any (First Match)`
    t =   191.94s         Checking existence of `Any (First Match)`
    t =   191.96s         Capturing element debug description
    t =   192.97s     Checking `Expect predicate `existsNoRetry == 1` for object Any (First Match)`
    t =   192.97s         Checking existence of `Any (First Match)`
    t =   192.98s         Capturing element debug description
    t =   193.99s     Checking `Expect predicate `existsNoRetry == 1` for object Any (First Match)`
    t =   193.99s         Checking existence of `Any (First Match)`
    t =   194.02s         Capturing element debug description
    t =   194.92s     Checking `Expect predicate `existsNoRetry == 1` for object Any (First Match)`
    t =   194.92s         Checking existence of `Any (First Match)`
    t =   194.95s         Capturing element debug description
    t =   195.95s     Checking `Expect predicate `existsNoRetry == 1` for object Any (First Match)`
    t =   195.96s         Checking existence of `Any (First Match)`
    t =   195.98s         Capturing element debug description
    t =   196.99s     Checking `Expect predicate `existsNoRetry == 1` for object Any (First Match)`
    t =   196.99s         Checking existence of `Any (First Match)`
    t =   197.02s         Capturing element debug description
    t =   197.92s     Checking `Expect predicate `existsNoRetry == 1` for object Any (First Match)`
    t =   197.92s         Checking existence of `Any (First Match)`
    t =   197.95s         Capturing element debug description
    t =   198.95s     Checking `Expect predicate `existsNoRetry == 1` for object Any (First Match)`
    t =   198.96s         Checking existence of `Any (First Match)`
    t =   198.98s         Capturing element debug description
    t =   199.99s     Checking `Expect predicate `existsNoRetry == 1` for object Any (First Match)`
    t =   199.99s         Checking existence of `Any (First Match)`
    t =   200.02s         Capturing element debug description
    t =   200.92s     Checking `Expect predicate `existsNoRetry == 1` for object Any (First Match)`
    t =   200.92s         Checking existence of `Any (First Match)`
    t =   200.95s         Capturing element debug description
    t =   201.95s     Checking `Expect predicate `existsNoRetry == 1` for object Any (First Match)`
    t =   201.95s         Checking existence of `Any (First Match)`
    t =   201.98s         Capturing element debug description
    t =   202.98s     Checking `Expect predicate `existsNoRetry == 1` for object Any (First Match)`
    t =   202.98s         Checking existence of `Any (First Match)`
    t =   203.01s         Capturing element debug description
    t =   203.91s     Checking `Expect predicate `existsNoRetry == 1` for object Any (First Match)`
    t =   203.91s         Checking existence of `Any (First Match)`
    t =   203.93s         Capturing element debug description
    t =   204.90s     Checking `Expect predicate `existsNoRetry == 1` for object Any (First Match)`
    t =   204.91s         Checking existence of `Any (First Match)`
    t =   204.93s         Capturing element debug description
    t =   205.91s     Checking `Expect predicate `existsNoRetry == 1` for object Any (First Match)`
    t =   205.91s         Checking existence of `Any (First Match)`
    t =   205.93s         Capturing element debug description
    t =   206.99s     Checking `Expect predicate `existsNoRetry == 1` for object Any (First Match)`
    t =   206.99s         Checking existence of `Any (First Match)`
    t =   207.02s         Capturing element debug description
    t =   207.97s     Checking `Expect predicate `existsNoRetry == 1` for object Any (First Match)`
    t =   207.97s         Checking existence of `Any (First Match)`
    t =   208.00s         Capturing element debug description
    t =   208.96s     Checking `Expect predicate `existsNoRetry == 1` for object Any (First Match)`
    t =   208.96s         Checking existence of `Any (First Match)`
    t =   208.99s         Capturing element debug description
    t =   209.95s     Checking `Expect predicate `existsNoRetry == 1` for object Any (First Match)`
    t =   209.96s         Checking existence of `Any (First Match)`
    t =   209.98s         Capturing element debug description
    t =   210.95s     Checking `Expect predicate `existsNoRetry == 1` for object Any (First Match)`
    t =   210.95s         Checking existence of `Any (First Match)`
    t =   210.97s         Capturing element debug description
    t =   211.92s     Checking `Expect predicate `existsNoRetry == 1` for object Any (First Match)`
    t =   211.92s         Checking existence of `Any (First Match)`
    t =   211.93s         Capturing element debug description
    t =   212.99s     Checking `Expect predicate `existsNoRetry == 1` for object Any (First Match)`
    t =   212.99s         Checking existence of `Any (First Match)`
    t =   213.02s         Capturing element debug description
    t =   213.98s     Checking `Expect predicate `existsNoRetry == 1` for object Any (First Match)`
    t =   213.98s         Checking existence of `Any (First Match)`
    t =   214.00s         Capturing element debug description
    t =   214.96s     Checking `Expect predicate `existsNoRetry == 1` for object Any (First Match)`
    t =   214.96s         Checking existence of `Any (First Match)`
    t =   214.99s         Capturing element debug description
    t =   215.94s     Checking `Expect predicate `existsNoRetry == 1` for object Any (First Match)`
    t =   215.94s         Checking existence of `Any (First Match)`
    t =   215.97s         Capturing element debug description
    t =   216.92s     Checking `Expect predicate `existsNoRetry == 1` for object Any (First Match)`
    t =   216.92s         Checking existence of `Any (First Match)`
    t =   216.95s         Capturing element debug description
    t =   217.91s     Checking `Expect predicate `existsNoRetry == 1` for object Any (First Match)`
    t =   217.91s         Checking existence of `Any (First Match)`
    t =   217.94s         Capturing element debug description
    t =   218.99s     Checking `Expect predicate `existsNoRetry == 1` for object Any (First Match)`
    t =   218.99s         Checking existence of `Any (First Match)`
    t =   219.02s         Capturing element debug description
    t =   219.98s     Checking `Expect predicate `existsNoRetry == 1` for object Any (First Match)`
    t =   219.98s         Checking existence of `Any (First Match)`
    t =   220.01s         Capturing element debug description
    t =   220.97s     Checking `Expect predicate `existsNoRetry == 1` for object Any (First Match)`
    t =   220.97s         Checking existence of `Any (First Match)`
    t =   221.00s         Capturing element debug description
    t =   221.96s     Checking `Expect predicate `existsNoRetry == 1` for object Any (First Match)`
    t =   221.96s         Checking existence of `Any (First Match)`
    t =   221.98s         Capturing element debug description
    t =   222.92s     Checking `Expect predicate `existsNoRetry == 1` for object Any (First Match)`
    t =   222.92s         Checking existence of `Any (First Match)`
    t =   222.94s         Capturing element debug description
    t =   222.94s     Checking existence of `Any (First Match)`
    t =   222.96s Collecting debug information to assist test failure triage
    t =   222.96s     Requesting snapshot of accessibility hierarchy for app with pid 45269
    t =   222.99s Checking existence of `Any (First Match)`
    t =   223.00s Checking existence of `Any (First Match)`
    t =   223.01s Checking existence of `Any (First Match)`
    t =   223.02s Find the Any (First Match)
STEP[223s]: iter 2: done
    t =   223.03s Terminate org.nativescript.nsbenchmark:45269
PERFJSON:{"runs":[{"nav_health_ms":1813,"hk_rows_ms":1105,"speech_state":"init_or_task_failed: Failed to initialize recognizer","health_granted":true,"nav_transcribe_ms":1731,"error_hk_log":true,"iter":0,"speech_granted":true},{"speech_granted":true,"speech_state":"init_or_task_failed: Failed to initialize recognizer","hk_rows_ms":1110,"nav_transcribe_ms":1722,"health_granted":true,"error_hk_log":true,"nav_health_ms":1823,"iter":1},{"health_granted":true,"error_hk_log":true,"hk_rows_ms":1099,"speech_granted":true,"nav_transcribe_ms":1735,"speech_state":"init_or_task_failed: Failed to initialize recognizer","nav_health_ms":1821,"iter":2}],"bundle_id":"org.nativescript.nsbenchmark"}
    t =   224.14s Tear Down
Test Case '-[UIDriverUITests.FeatureLatencyTests testFeatureLatencies]' passed (224.207 seconds).
Test Suite 'FeatureLatencyTests' passed at 2026-08-01 20:14:36.992.
	 Executed 1 test, with 0 failures (0 unexpected) in 224.207 (224.209) seconds
Test Suite 'InteropCaptureTests' started at 2026-08-01 20:14:36.994.
Test Case '-[UIDriverUITests.InteropCaptureTests testCaptureInteropResults]' started.
    t =     0.00s Start Test at 2026-08-01 20:14:36.995
    t =     0.01s Set Up
    t =     0.01s Open org.nativescript.nsbenchmark
    t =     0.02s     Launch org.nativescript.nsbenchmark
    t =     0.11s         Setting up automation session
    t =     0.73s         Wait for org.nativescript.nsbenchmark to idle
    t =     1.90s Waiting 240.0s for Any (First Match) to exist
    t =     2.97s     Checking `Expect predicate `existsNoRetry == 1` for object Any (First Match)`
    t =     2.97s         Checking existence of `Any (First Match)`
    t =     2.99s         Capturing element debug description
    t =     3.95s     Checking `Expect predicate `existsNoRetry == 1` for object Any (First Match)`
    t =     3.95s         Checking existence of `Any (First Match)`
    t =     3.97s         Capturing element debug description
    t =     4.94s     Checking `Expect predicate `existsNoRetry == 1` for object Any (First Match)`
    t =     4.94s         Checking existence of `Any (First Match)`
    t =     4.95s         Capturing element debug description
    t =     5.91s     Checking `Expect predicate `existsNoRetry == 1` for object Any (First Match)`
    t =     5.91s         Checking existence of `Any (First Match)`
    t =     5.93s         Capturing element debug description
    t =     6.90s     Checking `Expect predicate `existsNoRetry == 1` for object Any (First Match)`
    t =     6.90s         Checking existence of `Any (First Match)`
    t =     6.92s         Capturing element debug description
    t =     7.99s     Checking `Expect predicate `existsNoRetry == 1` for object Any (First Match)`
    t =     7.99s         Checking existence of `Any (First Match)`
    t =     7.99s         Capturing element debug description
    t =     8.95s     Checking `Expect predicate `existsNoRetry == 1` for object Any (First Match)`
    t =     8.95s         Checking existence of `Any (First Match)`
    t =     8.97s         Capturing element debug description
    t =     9.92s     Checking `Expect predicate `existsNoRetry == 1` for object Any (First Match)`
    t =     9.92s         Checking existence of `Any (First Match)`
    t =     9.93s         Capturing element debug description
    t =    10.90s     Checking `Expect predicate `existsNoRetry == 1` for object Any (First Match)`
    t =    10.90s         Checking existence of `Any (First Match)`
    t =    10.92s         Capturing element debug description
    t =    11.98s     Checking `Expect predicate `existsNoRetry == 1` for object Any (First Match)`
    t =    11.98s         Checking existence of `Any (First Match)`
    t =    11.99s         Capturing element debug description
    t =    12.95s     Checking `Expect predicate `existsNoRetry == 1` for object Any (First Match)`
    t =    12.95s         Checking existence of `Any (First Match)`
    t =    12.97s         Capturing element debug description
    t =    13.92s     Checking `Expect predicate `existsNoRetry == 1` for object Any (First Match)`
    t =    13.92s         Checking existence of `Any (First Match)`
    t =    13.93s         Capturing element debug description
    t =    14.99s     Checking `Expect predicate `existsNoRetry == 1` for object Any (First Match)`
    t =    14.99s         Checking existence of `Any (First Match)`
    t =    15.00s         Capturing element debug description
    t =    15.96s     Checking `Expect predicate `existsNoRetry == 1` for object Any (First Match)`
    t =    15.96s         Checking existence of `Any (First Match)`
    t =    15.98s         Capturing element debug description
    t =    16.93s     Checking `Expect predicate `existsNoRetry == 1` for object Any (First Match)`
    t =    16.93s         Checking existence of `Any (First Match)`
    t =    16.94s         Capturing element debug description
    t =    17.90s     Checking `Expect predicate `existsNoRetry == 1` for object Any (First Match)`
    t =    17.90s         Checking existence of `Any (First Match)`
    t =    17.92s         Capturing element debug description
    t =    18.98s     Checking `Expect predicate `existsNoRetry == 1` for object Any (First Match)`
    t =    18.98s         Checking existence of `Any (First Match)`
    t =    18.99s         Capturing element debug description
    t =    19.95s     Checking `Expect predicate `existsNoRetry == 1` for object Any (First Match)`
    t =    19.95s         Checking existence of `Any (First Match)`
    t =    19.97s         Capturing element debug description
    t =    20.93s     Checking `Expect predicate `existsNoRetry == 1` for object Any (First Match)`
    t =    20.93s         Checking existence of `Any (First Match)`
    t =    20.94s         Capturing element debug description
    t =    21.90s     Checking `Expect predicate `existsNoRetry == 1` for object Any (First Match)`
    t =    21.90s         Checking existence of `Any (First Match)`
    t =    21.92s         Capturing element debug description
    t =    22.99s     Checking `Expect predicate `existsNoRetry == 1` for object Any (First Match)`
    t =    22.99s         Checking existence of `Any (First Match)`
    t =    23.00s         Capturing element debug description
    t =    23.97s     Checking `Expect predicate `existsNoRetry == 1` for object Any (First Match)`
    t =    23.97s         Checking existence of `Any (First Match)`
    t =    23.98s         Capturing element debug description
    t =    24.95s     Checking `Expect predicate `existsNoRetry == 1` for object Any (First Match)`
    t =    24.95s         Checking existence of `Any (First Match)`
    t =    24.97s         Capturing element debug description
    t =    25.93s     Checking `Expect predicate `existsNoRetry == 1` for object Any (First Match)`
    t =    25.93s         Checking existence of `Any (First Match)`
    t =    25.94s         Capturing element debug description
    t =    26.90s     Checking `Expect predicate `existsNoRetry == 1` for object Any (First Match)`
    t =    26.90s         Checking existence of `Any (First Match)`
    t =    26.92s         Capturing element debug description
    t =    27.99s     Checking `Expect predicate `existsNoRetry == 1` for object Any (First Match)`
    t =    28.00s         Checking existence of `Any (First Match)`
    t =    28.01s         Capturing element debug description
    t =    28.98s     Checking `Expect predicate `existsNoRetry == 1` for object Any (First Match)`
    t =    28.98s         Checking existence of `Any (First Match)`
    t =    28.99s         Capturing element debug description
    t =    29.95s     Checking `Expect predicate `existsNoRetry == 1` for object Any (First Match)`
    t =    29.95s         Checking existence of `Any (First Match)`
    t =    29.97s         Capturing element debug description
    t =    30.93s     Checking `Expect predicate `existsNoRetry == 1` for object Any (First Match)`
    t =    30.93s         Checking existence of `Any (First Match)`
    t =    30.94s         Capturing element debug description
    t =    31.91s     Checking `Expect predicate `existsNoRetry == 1` for object Any (First Match)`
    t =    31.91s         Checking existence of `Any (First Match)`
    t =    31.92s         Capturing element debug description
    t =    32.99s     Checking `Expect predicate `existsNoRetry == 1` for object Any (First Match)`
    t =    33.00s         Checking existence of `Any (First Match)`
    t =    33.01s         Capturing element debug description
    t =    33.98s     Checking `Expect predicate `existsNoRetry == 1` for object Any (First Match)`
    t =    33.98s         Checking existence of `Any (First Match)`
    t =    33.99s         Capturing element debug description
    t =    34.96s     Checking `Expect predicate `existsNoRetry == 1` for object Any (First Match)`
    t =    34.96s         Checking existence of `Any (First Match)`
    t =    34.98s         Capturing element debug description
    t =    35.94s     Checking `Expect predicate `existsNoRetry == 1` for object Any (First Match)`
    t =    35.95s         Checking existence of `Any (First Match)`
    t =    35.96s         Capturing element debug description
    t =    36.93s     Checking `Expect predicate `existsNoRetry == 1` for object Any (First Match)`
    t =    36.93s         Checking existence of `Any (First Match)`
    t =    36.94s         Capturing element debug description
    t =    37.91s     Checking `Expect predicate `existsNoRetry == 1` for object Any (First Match)`
    t =    37.91s         Checking existence of `Any (First Match)`
    t =    37.92s         Capturing element debug description
    t =    38.90s     Checking `Expect predicate `existsNoRetry == 1` for object Any (First Match)`
    t =    38.90s         Checking existence of `Any (First Match)`
    t =    38.92s         Capturing element debug description
    t =    39.99s     Checking `Expect predicate `existsNoRetry == 1` for object Any (First Match)`
    t =    39.99s         Checking existence of `Any (First Match)`
    t =    40.00s         Capturing element debug description
    t =    40.96s     Checking `Expect predicate `existsNoRetry == 1` for object Any (First Match)`
    t =    40.96s         Checking existence of `Any (First Match)`
    t =    40.97s         Capturing element debug description
    t =    41.94s     Checking `Expect predicate `existsNoRetry == 1` for object Any (First Match)`
    t =    41.94s         Checking existence of `Any (First Match)`
    t =    41.95s         Capturing element debug description
    t =    42.91s     Checking `Expect predicate `existsNoRetry == 1` for object Any (First Match)`
    t =    42.91s         Checking existence of `Any (First Match)`
    t =    42.93s         Capturing element debug description
    t =    43.99s     Checking `Expect predicate `existsNoRetry == 1` for object Any (First Match)`
    t =    44.00s         Checking existence of `Any (First Match)`
    t =    44.01s         Capturing element debug description
    t =    44.97s     Checking `Expect predicate `existsNoRetry == 1` for object Any (First Match)`
    t =    44.97s         Checking existence of `Any (First Match)`
    t =    44.98s         Capturing element debug description
    t =    45.94s     Checking `Expect predicate `existsNoRetry == 1` for object Any (First Match)`
    t =    45.94s         Checking existence of `Any (First Match)`
    t =    45.96s         Capturing element debug description
    t =    46.92s     Checking `Expect predicate `existsNoRetry == 1` for object Any (First Match)`
    t =    46.92s         Checking existence of `Any (First Match)`
    t =    46.93s         Capturing element debug description
    t =    47.90s     Checking `Expect predicate `existsNoRetry == 1` for object Any (First Match)`
    t =    47.90s         Checking existence of `Any (First Match)`
    t =    47.92s         Capturing element debug description
    t =    48.99s     Checking `Expect predicate `existsNoRetry == 1` for object Any (First Match)`
    t =    48.99s         Checking existence of `Any (First Match)`
    t =    48.99s         Capturing element debug description
    t =    49.95s     Checking `Expect predicate `existsNoRetry == 1` for object Any (First Match)`
    t =    49.95s         Checking existence of `Any (First Match)`
    t =    49.97s         Capturing element debug description
    t =    50.93s     Checking `Expect predicate `existsNoRetry == 1` for object Any (First Match)`
    t =    50.93s         Checking existence of `Any (First Match)`
    t =    50.94s         Capturing element debug description
    t =    51.91s     Checking `Expect predicate `existsNoRetry == 1` for object Any (First Match)`
    t =    51.91s         Checking existence of `Any (First Match)`
    t =    51.92s         Capturing element debug description
    t =    52.99s     Checking `Expect predicate `existsNoRetry == 1` for object Any (First Match)`
    t =    52.99s         Checking existence of `Any (First Match)`
    t =    53.00s         Capturing element debug description
    t =    53.96s     Checking `Expect predicate `existsNoRetry == 1` for object Any (First Match)`
    t =    53.96s         Checking existence of `Any (First Match)`
    t =    53.97s         Capturing element debug description
    t =    54.94s     Checking `Expect predicate `existsNoRetry == 1` for object Any (First Match)`
    t =    54.94s         Checking existence of `Any (First Match)`
    t =    54.95s         Capturing element debug description
    t =    55.91s     Checking `Expect predicate `existsNoRetry == 1` for object Any (First Match)`
    t =    55.91s         Checking existence of `Any (First Match)`
    t =    55.92s         Capturing element debug description
    t =    56.99s     Checking `Expect predicate `existsNoRetry == 1` for object Any (First Match)`
    t =    57.00s         Checking existence of `Any (First Match)`
    t =    57.01s         Capturing element debug description
    t =    57.97s     Checking `Expect predicate `existsNoRetry == 1` for object Any (First Match)`
    t =    57.97s         Checking existence of `Any (First Match)`
    t =    57.98s         Capturing element debug description
    t =    58.94s     Checking `Expect predicate `existsNoRetry == 1` for object Any (First Match)`
    t =    58.94s         Checking existence of `Any (First Match)`
    t =    58.95s         Capturing element debug description
    t =    59.91s     Checking `Expect predicate `existsNoRetry == 1` for object Any (First Match)`
    t =    59.91s         Checking existence of `Any (First Match)`
    t =    59.92s         Capturing element debug description
    t =    60.97s     Checking `Expect predicate `existsNoRetry == 1` for object Any (First Match)`
    t =    60.97s         Checking existence of `Any (First Match)`
    t =    60.98s         Capturing element debug description
    t =    61.94s     Checking `Expect predicate `existsNoRetry == 1` for object Any (First Match)`
    t =    61.94s         Checking existence of `Any (First Match)`
    t =    61.96s         Capturing element debug description
    t =    62.92s     Checking `Expect predicate `existsNoRetry == 1` for object Any (First Match)`
    t =    62.92s         Checking existence of `Any (First Match)`
    t =    62.93s         Capturing element debug description
    t =    63.91s     Checking `Expect predicate `existsNoRetry == 1` for object Any (First Match)`
    t =    63.91s         Checking existence of `Any (First Match)`
    t =    63.92s         Capturing element debug description
    t =    64.99s     Checking `Expect predicate `existsNoRetry == 1` for object Any (First Match)`
    t =    64.99s         Checking existence of `Any (First Match)`
    t =    65.00s         Capturing element debug description
    t =    65.97s     Checking `Expect predicate `existsNoRetry == 1` for object Any (First Match)`
    t =    65.97s         Checking existence of `Any (First Match)`
    t =    65.98s         Capturing element debug description
    t =    66.95s     Checking `Expect predicate `existsNoRetry == 1` for object Any (First Match)`
    t =    66.95s         Checking existence of `Any (First Match)`
    t =    66.97s         Capturing element debug description
    t =    67.94s     Checking `Expect predicate `existsNoRetry == 1` for object Any (First Match)`
    t =    67.94s         Checking existence of `Any (First Match)`
    t =    67.95s         Capturing element debug description
    t =    68.92s     Checking `Expect predicate `existsNoRetry == 1` for object Any (First Match)`
    t =    68.92s         Checking existence of `Any (First Match)`
    t =    68.93s         Capturing element debug description
    t =    69.90s     Checking `Expect predicate `existsNoRetry == 1` for object Any (First Match)`
    t =    69.90s         Checking existence of `Any (First Match)`
    t =    69.92s         Capturing element debug description
    t =    70.99s     Checking `Expect predicate `existsNoRetry == 1` for object Any (First Match)`
    t =    71.00s         Checking existence of `Any (First Match)`
    t =    71.01s         Capturing element debug description
    t =    71.98s     Checking `Expect predicate `existsNoRetry == 1` for object Any (First Match)`
    t =    71.98s         Checking existence of `Any (First Match)`
    t =    71.99s         Capturing element debug description
    t =    72.95s     Checking `Expect predicate `existsNoRetry == 1` for object Any (First Match)`
    t =    72.95s         Checking existence of `Any (First Match)`
    t =    72.97s         Capturing element debug description
    t =    73.93s     Checking `Expect predicate `existsNoRetry == 1` for object Any (First Match)`
    t =    73.93s         Checking existence of `Any (First Match)`
    t =    73.94s         Capturing element debug description
    t =    74.91s     Checking `Expect predicate `existsNoRetry == 1` for object Any (First Match)`
    t =    74.91s         Checking existence of `Any (First Match)`
    t =    74.92s         Capturing element debug description
    t =    75.99s     Checking `Expect predicate `existsNoRetry == 1` for object Any (First Match)`
    t =    75.99s         Checking existence of `Any (First Match)`
    t =    76.01s         Capturing element debug description
    t =    76.97s     Checking `Expect predicate `existsNoRetry == 1` for object Any (First Match)`
    t =    76.97s         Checking existence of `Any (First Match)`
    t =    76.98s         Capturing element debug description
    t =    77.94s     Checking `Expect predicate `existsNoRetry == 1` for object Any (First Match)`
    t =    77.94s         Checking existence of `Any (First Match)`
    t =    77.96s         Capturing element debug description
    t =    78.92s     Checking `Expect predicate `existsNoRetry == 1` for object Any (First Match)`
    t =    78.92s         Checking existence of `Any (First Match)`
    t =    78.93s         Capturing element debug description
    t =    79.90s     Checking `Expect predicate `existsNoRetry == 1` for object Any (First Match)`
    t =    79.90s         Checking existence of `Any (First Match)`
    t =    79.92s         Capturing element debug description
    t =    80.99s     Checking `Expect predicate `existsNoRetry == 1` for object Any (First Match)`
    t =    80.99s         Checking existence of `Any (First Match)`
    t =    81.00s         Capturing element debug description
    t =    81.96s     Checking `Expect predicate `existsNoRetry == 1` for object Any (First Match)`
    t =    81.96s         Checking existence of `Any (First Match)`
    t =    81.98s         Capturing element debug description
    t =    82.93s     Checking `Expect predicate `existsNoRetry == 1` for object Any (First Match)`
    t =    82.94s         Checking existence of `Any (First Match)`
    t =    82.95s         Capturing element debug description
    t =    83.91s     Checking `Expect predicate `existsNoRetry == 1` for object Any (First Match)`
    t =    83.91s         Checking existence of `Any (First Match)`
    t =    83.93s         Capturing element debug description
    t =    84.91s     Checking `Expect predicate `existsNoRetry == 1` for object Any (First Match)`
    t =    84.91s         Checking existence of `Any (First Match)`
    t =    84.92s         Capturing element debug description
    t =    85.99s     Checking `Expect predicate `existsNoRetry == 1` for object Any (First Match)`
    t =    85.99s         Checking existence of `Any (First Match)`
    t =    86.01s         Capturing element debug description
    t =    86.97s     Checking `Expect predicate `existsNoRetry == 1` for object Any (First Match)`
    t =    86.97s         Checking existence of `Any (First Match)`
    t =    86.98s         Capturing element debug description
    t =    87.94s     Checking `Expect predicate `existsNoRetry == 1` for object Any (First Match)`
    t =    87.94s         Checking existence of `Any (First Match)`
    t =    87.96s         Capturing element debug description
    t =    88.92s     Checking `Expect predicate `existsNoRetry == 1` for object Any (First Match)`
    t =    88.92s         Checking existence of `Any (First Match)`
    t =    88.93s         Capturing element debug description
    t =    89.90s     Checking `Expect predicate `existsNoRetry == 1` for object Any (First Match)`
    t =    89.90s         Checking existence of `Any (First Match)`
    t =    89.92s         Capturing element debug description
    t =    90.98s     Checking `Expect predicate `existsNoRetry == 1` for object Any (First Match)`
    t =    90.99s         Checking existence of `Any (First Match)`
    t =    91.00s         Capturing element debug description
    t =    91.96s     Checking `Expect predicate `existsNoRetry == 1` for object Any (First Match)`
    t =    91.96s         Checking existence of `Any (First Match)`
    t =    91.97s         Capturing element debug description
    t =    92.94s     Checking `Expect predicate `existsNoRetry == 1` for object Any (First Match)`
    t =    92.94s         Checking existence of `Any (First Match)`
    t =    92.95s         Capturing element debug description
    t =    93.91s     Checking `Expect predicate `existsNoRetry == 1` for object Any (First Match)`
    t =    93.91s         Checking existence of `Any (First Match)`
    t =    93.93s         Capturing element debug description
    t =    94.99s     Checking `Expect predicate `existsNoRetry == 1` for object Any (First Match)`
    t =    94.99s         Checking existence of `Any (First Match)`
    t =    95.01s         Capturing element debug description
    t =    95.97s     Checking `Expect predicate `existsNoRetry == 1` for object Any (First Match)`
    t =    95.97s         Checking existence of `Any (First Match)`
    t =    95.98s         Capturing element debug description
    t =    96.94s     Checking `Expect predicate `existsNoRetry == 1` for object Any (First Match)`
    t =    96.94s         Checking existence of `Any (First Match)`
    t =    96.96s         Capturing element debug description
    t =    97.92s     Checking `Expect predicate `existsNoRetry == 1` for object Any (First Match)`
    t =    97.92s         Checking existence of `Any (First Match)`
    t =    97.93s         Capturing element debug description
    t =    98.90s     Checking `Expect predicate `existsNoRetry == 1` for object Any (First Match)`
    t =    98.90s         Checking existence of `Any (First Match)`
    t =    98.92s         Capturing element debug description
    t =    99.98s     Checking `Expect predicate `existsNoRetry == 1` for object Any (First Match)`
    t =    99.99s         Checking existence of `Any (First Match)`
    t =    99.99s         Capturing element debug description
    t =   100.95s     Checking `Expect predicate `existsNoRetry == 1` for object Any (First Match)`
    t =   100.95s         Checking existence of `Any (First Match)`
    t =   100.97s         Capturing element debug description
    t =   101.93s     Checking `Expect predicate `existsNoRetry == 1` for object Any (First Match)`
    t =   101.93s         Checking existence of `Any (First Match)`
    t =   101.94s         Capturing element debug description
    t =   102.91s     Checking `Expect predicate `existsNoRetry == 1` for object Any (First Match)`
    t =   102.91s         Checking existence of `Any (First Match)`
    t =   102.92s         Capturing element debug description
    t =   103.98s     Checking `Expect predicate `existsNoRetry == 1` for object Any (First Match)`
    t =   103.99s         Checking existence of `Any (First Match)`
    t =   104.00s         Capturing element debug description
    t =   104.96s     Checking `Expect predicate `existsNoRetry == 1` for object Any (First Match)`
    t =   104.96s         Checking existence of `Any (First Match)`
    t =   104.97s         Capturing element debug description
    t =   105.94s     Checking `Expect predicate `existsNoRetry == 1` for object Any (First Match)`
    t =   105.94s         Checking existence of `Any (First Match)`
    t =   105.95s         Capturing element debug description
    t =   106.91s     Checking `Expect predicate `existsNoRetry == 1` for object Any (First Match)`
    t =   106.91s         Checking existence of `Any (First Match)`
    t =   106.92s         Capturing element debug description
    t =   107.99s     Checking `Expect predicate `existsNoRetry == 1` for object Any (First Match)`
    t =   107.99s         Checking existence of `Any (First Match)`
    t =   108.01s         Capturing element debug description
    t =   108.96s     Checking `Expect predicate `existsNoRetry == 1` for object Any (First Match)`
    t =   108.97s         Checking existence of `Any (First Match)`
    t =   108.97s         Capturing element debug description
    t =   109.93s     Checking `Expect predicate `existsNoRetry == 1` for object Any (First Match)`
    t =   109.93s         Checking existence of `Any (First Match)`
    t =   109.94s         Capturing element debug description
    t =   110.91s     Checking `Expect predicate `existsNoRetry == 1` for object Any (First Match)`
    t =   110.91s         Checking existence of `Any (First Match)`
    t =   110.92s         Capturing element debug description
    t =   111.99s     Checking `Expect predicate `existsNoRetry == 1` for object Any (First Match)`
    t =   111.99s         Checking existence of `Any (First Match)`
    t =   112.01s         Capturing element debug description
    t =   112.98s     Checking `Expect predicate `existsNoRetry == 1` for object Any (First Match)`
    t =   112.98s         Checking existence of `Any (First Match)`
    t =   112.99s         Capturing element debug description
    t =   113.95s     Checking `Expect predicate `existsNoRetry == 1` for object Any (First Match)`
    t =   113.95s         Checking existence of `Any (First Match)`
    t =   113.97s         Capturing element debug description
    t =   114.93s     Checking `Expect predicate `existsNoRetry == 1` for object Any (First Match)`
    t =   114.93s         Checking existence of `Any (First Match)`
    t =   114.94s         Capturing element debug description
    t =   115.91s     Checking `Expect predicate `existsNoRetry == 1` for object Any (First Match)`
    t =   115.91s         Checking existence of `Any (First Match)`
    t =   115.92s         Capturing element debug description
    t =   116.90s     Checking `Expect predicate `existsNoRetry == 1` for object Any (First Match)`
    t =   116.90s         Checking existence of `Any (First Match)`
    t =   116.91s         Capturing element debug description
    t =   117.98s     Checking `Expect predicate `existsNoRetry == 1` for object Any (First Match)`
    t =   117.99s         Checking existence of `Any (First Match)`
    t =   118.00s         Capturing element debug description
    t =   118.96s     Checking `Expect predicate `existsNoRetry == 1` for object Any (First Match)`
    t =   118.96s         Checking existence of `Any (First Match)`
    t =   118.97s         Capturing element debug description
    t =   119.98s     Checking `Expect predicate `existsNoRetry == 1` for object Any (First Match)`
    t =   119.99s         Checking existence of `Any (First Match)`
    t =   120.00s         Capturing element debug description
    t =   120.96s     Checking `Expect predicate `existsNoRetry == 1` for object Any (First Match)`
    t =   120.96s         Checking existence of `Any (First Match)`
    t =   120.97s         Capturing element debug description
    t =   121.93s     Checking `Expect predicate `existsNoRetry == 1` for object Any (First Match)`
    t =   121.94s         Checking existence of `Any (First Match)`
    t =   121.95s         Capturing element debug description
    t =   122.92s     Checking `Expect predicate `existsNoRetry == 1` for object Any (First Match)`
    t =   122.92s         Checking existence of `Any (First Match)`
    t =   122.93s         Capturing element debug description
    t =   123.90s     Checking `Expect predicate `existsNoRetry == 1` for object Any (First Match)`
    t =   123.90s         Checking existence of `Any (First Match)`
    t =   123.91s         Capturing element debug description
    t =   124.98s     Checking `Expect predicate `existsNoRetry == 1` for object Any (First Match)`
    t =   124.99s         Checking existence of `Any (First Match)`
    t =   125.00s         Capturing element debug description
    t =   125.96s     Checking `Expect predicate `existsNoRetry == 1` for object Any (First Match)`
    t =   125.96s         Checking existence of `Any (First Match)`
    t =   125.97s         Capturing element debug description
    t =   126.93s     Checking `Expect predicate `existsNoRetry == 1` for object Any (First Match)`
    t =   126.94s         Checking existence of `Any (First Match)`
    t =   126.95s         Capturing element debug description
    t =   127.91s     Checking `Expect predicate `existsNoRetry == 1` for object Any (First Match)`
    t =   127.91s         Checking existence of `Any (First Match)`
    t =   127.92s         Capturing element debug description
    t =   128.99s     Checking `Expect predicate `existsNoRetry == 1` for object Any (First Match)`
    t =   128.99s         Checking existence of `Any (First Match)`
    t =   129.01s         Capturing element debug description
    t =   129.97s     Checking `Expect predicate `existsNoRetry == 1` for object Any (First Match)`
    t =   129.97s         Checking existence of `Any (First Match)`
    t =   129.98s         Capturing element debug description
    t =   130.94s     Checking `Expect predicate `existsNoRetry == 1` for object Any (First Match)`
    t =   130.94s         Checking existence of `Any (First Match)`
    t =   130.96s         Capturing element debug description
    t =   131.92s     Checking `Expect predicate `existsNoRetry == 1` for object Any (First Match)`
    t =   131.92s         Checking existence of `Any (First Match)`
    t =   131.93s         Capturing element debug description
    t =   132.90s     Checking `Expect predicate `existsNoRetry == 1` for object Any (First Match)`
    t =   132.90s         Checking existence of `Any (First Match)`
    t =   132.92s         Capturing element debug description
    t =   133.98s     Checking `Expect predicate `existsNoRetry == 1` for object Any (First Match)`
    t =   133.99s         Checking existence of `Any (First Match)`
    t =   134.00s         Capturing element debug description
    t =   134.96s     Checking `Expect predicate `existsNoRetry == 1` for object Any (First Match)`
    t =   134.96s         Checking existence of `Any (First Match)`
    t =   134.97s         Capturing element debug description
    t =   135.93s     Checking `Expect predicate `existsNoRetry == 1` for object Any (First Match)`
    t =   135.94s         Checking existence of `Any (First Match)`
    t =   135.95s         Capturing element debug description
    t =   136.91s     Checking `Expect predicate `existsNoRetry == 1` for object Any (First Match)`
    t =   136.91s         Checking existence of `Any (First Match)`
    t =   136.92s         Capturing element debug description
    t =   137.99s     Checking `Expect predicate `existsNoRetry == 1` for object Any (First Match)`
    t =   137.99s         Checking existence of `Any (First Match)`
    t =   138.00s         Capturing element debug description
    t =   138.96s     Checking `Expect predicate `existsNoRetry == 1` for object Any (First Match)`
    t =   138.96s         Checking existence of `Any (First Match)`
    t =   138.97s         Capturing element debug description
    t =   139.93s     Checking `Expect predicate `existsNoRetry == 1` for object Any (First Match)`
    t =   139.94s         Checking existence of `Any (First Match)`
    t =   139.95s         Capturing element debug description
    t =   140.91s     Checking `Expect predicate `existsNoRetry == 1` for object Any (First Match)`
    t =   140.91s         Checking existence of `Any (First Match)`
    t =   140.93s         Capturing element debug description
    t =   141.99s     Checking `Expect predicate `existsNoRetry == 1` for object Any (First Match)`
    t =   141.99s         Checking existence of `Any (First Match)`
    t =   142.01s         Capturing element debug description
    t =   142.97s     Checking `Expect predicate `existsNoRetry == 1` for object Any (First Match)`
    t =   142.97s         Checking existence of `Any (First Match)`
    t =   142.98s         Capturing element debug description
    t =   143.94s     Checking `Expect predicate `existsNoRetry == 1` for object Any (First Match)`
    t =   143.94s         Checking existence of `Any (First Match)`
    t =   143.96s         Capturing element debug description
    t =   144.92s     Checking `Expect predicate `existsNoRetry == 1` for object Any (First Match)`
    t =   144.92s         Checking existence of `Any (First Match)`
    t =   144.93s         Capturing element debug description
    t =   145.90s     Checking `Expect predicate `existsNoRetry == 1` for object Any (First Match)`
    t =   145.90s         Checking existence of `Any (First Match)`
    t =   145.92s         Capturing element debug description
    t =   146.98s     Checking `Expect predicate `existsNoRetry == 1` for object Any (First Match)`
    t =   146.98s         Checking existence of `Any (First Match)`
    t =   147.00s         Capturing element debug description
    t =   147.96s     Checking `Expect predicate `existsNoRetry == 1` for object Any (First Match)`
    t =   147.96s         Checking existence of `Any (First Match)`
    t =   147.97s         Capturing element debug description
    t =   148.93s     Checking `Expect predicate `existsNoRetry == 1` for object Any (First Match)`
    t =   148.93s         Checking existence of `Any (First Match)`
    t =   148.94s         Capturing element debug description
    t =   149.91s     Checking `Expect predicate `existsNoRetry == 1` for object Any (First Match)`
    t =   149.91s         Checking existence of `Any (First Match)`
    t =   149.92s         Capturing element debug description
    t =   150.99s     Checking `Expect predicate `existsNoRetry == 1` for object Any (First Match)`
    t =   150.99s         Checking existence of `Any (First Match)`
    t =   151.00s         Capturing element debug description
    t =   151.97s     Checking `Expect predicate `existsNoRetry == 1` for object Any (First Match)`
    t =   151.97s         Checking existence of `Any (First Match)`
    t =   151.98s         Capturing element debug description
    t =   152.94s     Checking `Expect predicate `existsNoRetry == 1` for object Any (First Match)`
    t =   152.94s         Checking existence of `Any (First Match)`
    t =   152.96s         Capturing element debug description
    t =   153.92s     Checking `Expect predicate `existsNoRetry == 1` for object Any (First Match)`
    t =   153.92s         Checking existence of `Any (First Match)`
    t =   153.94s         Capturing element debug description
    t =   154.91s     Checking `Expect predicate `existsNoRetry == 1` for object Any (First Match)`
    t =   154.91s         Checking existence of `Any (First Match)`
    t =   154.92s         Capturing element debug description
    t =   155.90s     Checking `Expect predicate `existsNoRetry == 1` for object Any (First Match)`
    t =   155.90s         Checking existence of `Any (First Match)`
    t =   155.91s         Capturing element debug description
    t =   156.98s     Checking `Expect predicate `existsNoRetry == 1` for object Any (First Match)`
    t =   156.98s         Checking existence of `Any (First Match)`
    t =   157.00s         Capturing element debug description
    t =   157.96s     Checking `Expect predicate `existsNoRetry == 1` for object Any (First Match)`
    t =   157.96s         Checking existence of `Any (First Match)`
    t =   157.97s         Capturing element debug description
    t =   158.93s     Checking `Expect predicate `existsNoRetry == 1` for object Any (First Match)`
    t =   158.94s         Checking existence of `Any (First Match)`
    t =   158.95s         Capturing element debug description
    t =   159.91s     Checking `Expect predicate `existsNoRetry == 1` for object Any (First Match)`
    t =   159.91s         Checking existence of `Any (First Match)`
    t =   159.92s         Capturing element debug description
    t =   160.99s     Checking `Expect predicate `existsNoRetry == 1` for object Any (First Match)`
    t =   160.99s         Checking existence of `Any (First Match)`
    t =   161.00s         Capturing element debug description
    t =   161.96s     Checking `Expect predicate `existsNoRetry == 1` for object Any (First Match)`
    t =   161.96s         Checking existence of `Any (First Match)`
    t =   161.97s         Capturing element debug description
    t =   162.93s     Checking `Expect predicate `existsNoRetry == 1` for object Any (First Match)`
    t =   162.94s         Checking existence of `Any (First Match)`
    t =   162.95s         Capturing element debug description
    t =   163.92s     Checking `Expect predicate `existsNoRetry == 1` for object Any (First Match)`
    t =   163.92s         Checking existence of `Any (First Match)`
    t =   163.93s         Capturing element debug description
    t =   164.90s     Checking `Expect predicate `existsNoRetry == 1` for object Any (First Match)`
    t =   164.90s         Checking existence of `Any (First Match)`
    t =   164.92s         Capturing element debug description
    t =   165.98s     Checking `Expect predicate `existsNoRetry == 1` for object Any (First Match)`
    t =   165.99s         Checking existence of `Any (First Match)`
    t =   166.00s         Capturing element debug description
    t =   166.96s     Checking `Expect predicate `existsNoRetry == 1` for object Any (First Match)`
    t =   166.96s         Checking existence of `Any (First Match)`
    t =   166.97s         Capturing element debug description
    t =   167.93s     Checking `Expect predicate `existsNoRetry == 1` for object Any (First Match)`
    t =   167.94s         Checking existence of `Any (First Match)`
    t =   167.95s         Capturing element debug description
    t =   168.91s     Checking `Expect predicate `existsNoRetry == 1` for object Any (First Match)`
    t =   168.91s         Checking existence of `Any (First Match)`
    t =   168.92s         Capturing element debug description
    t =   169.99s     Checking `Expect predicate `existsNoRetry == 1` for object Any (First Match)`
    t =   169.99s         Checking existence of `Any (First Match)`
    t =   170.00s         Capturing element debug description
    t =   170.96s     Checking `Expect predicate `existsNoRetry == 1` for object Any (First Match)`
    t =   170.97s         Checking existence of `Any (First Match)`
    t =   170.98s         Capturing element debug description
    t =   171.94s     Checking `Expect predicate `existsNoRetry == 1` for object Any (First Match)`
    t =   171.94s         Checking existence of `Any (First Match)`
    t =   171.96s         Capturing element debug description
    t =   172.92s     Checking `Expect predicate `existsNoRetry == 1` for object Any (First Match)`
    t =   172.92s         Checking existence of `Any (First Match)`
    t =   172.93s         Capturing element debug description
    t =   173.90s     Checking `Expect predicate `existsNoRetry == 1` for object Any (First Match)`
    t =   173.90s         Checking existence of `Any (First Match)`
    t =   173.92s         Capturing element debug description
    t =   174.98s     Checking `Expect predicate `existsNoRetry == 1` for object Any (First Match)`
    t =   174.99s         Checking existence of `Any (First Match)`
    t =   175.00s         Capturing element debug description
    t =   175.96s     Checking `Expect predicate `existsNoRetry == 1` for object Any (First Match)`
    t =   175.96s         Checking existence of `Any (First Match)`
    t =   175.97s         Capturing element debug description
    t =   176.93s     Checking `Expect predicate `existsNoRetry == 1` for object Any (First Match)`
    t =   176.94s         Checking existence of `Any (First Match)`
    t =   176.95s         Capturing element debug description
    t =   177.91s     Checking `Expect predicate `existsNoRetry == 1` for object Any (First Match)`
    t =   177.91s         Checking existence of `Any (First Match)`
    t =   177.92s         Capturing element debug description
    t =   178.99s     Checking `Expect predicate `existsNoRetry == 1` for object Any (First Match)`
    t =   178.99s         Checking existence of `Any (First Match)`
    t =   179.01s         Capturing element debug description
    t =   179.97s     Checking `Expect predicate `existsNoRetry == 1` for object Any (First Match)`
    t =   179.97s         Checking existence of `Any (First Match)`
    t =   179.98s         Capturing element debug description
    t =   180.94s     Checking `Expect predicate `existsNoRetry == 1` for object Any (First Match)`
    t =   180.94s         Checking existence of `Any (First Match)`
    t =   180.96s         Capturing element debug description
    t =   181.92s     Checking `Expect predicate `existsNoRetry == 1` for object Any (First Match)`
    t =   181.92s         Checking existence of `Any (First Match)`
    t =   181.93s         Capturing element debug description
    t =   182.90s     Checking `Expect predicate `existsNoRetry == 1` for object Any (First Match)`
    t =   182.90s         Checking existence of `Any (First Match)`
    t =   182.91s         Capturing element debug description
    t =   183.98s     Checking `Expect predicate `existsNoRetry == 1` for object Any (First Match)`
    t =   183.99s         Checking existence of `Any (First Match)`
    t =   184.00s         Capturing element debug description
    t =   184.96s     Checking `Expect predicate `existsNoRetry == 1` for object Any (First Match)`
    t =   184.96s         Checking existence of `Any (First Match)`
    t =   184.97s         Capturing element debug description
    t =   185.93s     Checking `Expect predicate `existsNoRetry == 1` for object Any (First Match)`
    t =   185.94s         Checking existence of `Any (First Match)`
    t =   185.95s         Capturing element debug description
    t =   186.91s     Checking `Expect predicate `existsNoRetry == 1` for object Any (First Match)`
    t =   186.91s         Checking existence of `Any (First Match)`
    t =   186.92s         Capturing element debug description
    t =   187.99s     Checking `Expect predicate `existsNoRetry == 1` for object Any (First Match)`
    t =   187.99s         Checking existence of `Any (First Match)`
    t =   188.01s         Capturing element debug description
    t =   188.97s     Checking `Expect predicate `existsNoRetry == 1` for object Any (First Match)`
    t =   188.97s         Checking existence of `Any (First Match)`
    t =   188.98s         Capturing element debug description
    t =   189.95s     Checking `Expect predicate `existsNoRetry == 1` for object Any (First Match)`
    t =   189.95s         Checking existence of `Any (First Match)`
    t =   189.96s         Capturing element debug description
    t =   190.92s     Checking `Expect predicate `existsNoRetry == 1` for object Any (First Match)`
    t =   190.92s         Checking existence of `Any (First Match)`
    t =   190.93s         Capturing element debug description
    t =   191.90s     Checking `Expect predicate `existsNoRetry == 1` for object Any (First Match)`
    t =   191.90s         Checking existence of `Any (First Match)`
    t =   191.92s         Capturing element debug description
    t =   192.98s     Checking `Expect predicate `existsNoRetry == 1` for object Any (First Match)`
    t =   192.99s         Checking existence of `Any (First Match)`
    t =   193.00s         Capturing element debug description
    t =   193.96s     Checking `Expect predicate `existsNoRetry == 1` for object Any (First Match)`
    t =   193.96s         Checking existence of `Any (First Match)`
    t =   193.97s         Capturing element debug description
    t =   194.93s     Checking `Expect predicate `existsNoRetry == 1` for object Any (First Match)`
    t =   194.93s         Checking existence of `Any (First Match)`
    t =   194.95s         Capturing element debug description
    t =   195.91s     Checking `Expect predicate `existsNoRetry == 1` for object Any (First Match)`
    t =   195.91s         Checking existence of `Any (First Match)`
    t =   195.93s         Capturing element debug description
    t =   196.90s     Checking `Expect predicate `existsNoRetry == 1` for object Any (First Match)`
    t =   196.90s         Checking existence of `Any (First Match)`
    t =   196.91s         Capturing element debug description
    t =   197.98s     Checking `Expect predicate `existsNoRetry == 1` for object Any (First Match)`
    t =   197.98s         Checking existence of `Any (First Match)`
    t =   198.00s         Capturing element debug description
    t =   198.96s     Checking `Expect predicate `existsNoRetry == 1` for object Any (First Match)`
    t =   198.96s         Checking existence of `Any (First Match)`
    t =   198.97s         Capturing element debug description
    t =   199.93s     Checking `Expect predicate `existsNoRetry == 1` for object Any (First Match)`
    t =   199.93s         Checking existence of `Any (First Match)`
    t =   199.95s         Capturing element debug description
    t =   200.91s     Checking `Expect predicate `existsNoRetry == 1` for object Any (First Match)`
    t =   200.91s         Checking existence of `Any (First Match)`
    t =   200.92s         Capturing element debug description
    t =   201.99s     Checking `Expect predicate `existsNoRetry == 1` for object Any (First Match)`
    t =   201.99s         Checking existence of `Any (First Match)`
    t =   202.00s         Capturing element debug description
    t =   202.96s     Checking `Expect predicate `existsNoRetry == 1` for object Any (First Match)`
    t =   202.96s         Checking existence of `Any (First Match)`
    t =   202.97s         Capturing element debug description
    t =   203.94s     Checking `Expect predicate `existsNoRetry == 1` for object Any (First Match)`
    t =   203.94s         Checking existence of `Any (First Match)`
    t =   203.95s         Capturing element debug description
    t =   204.92s     Checking `Expect predicate `existsNoRetry == 1` for object Any (First Match)`
    t =   204.92s         Checking existence of `Any (First Match)`
    t =   204.93s         Capturing element debug description
    t =   205.90s     Checking `Expect predicate `existsNoRetry == 1` for object Any (First Match)`
    t =   205.90s         Checking existence of `Any (First Match)`
    t =   205.91s         Capturing element debug description
    t =   206.98s     Checking `Expect predicate `existsNoRetry == 1` for object Any (First Match)`
    t =   206.98s         Checking existence of `Any (First Match)`
    t =   207.00s         Capturing element debug description
    t =   207.95s     Checking `Expect predicate `existsNoRetry == 1` for object Any (First Match)`
    t =   207.96s         Checking existence of `Any (First Match)`
    t =   207.97s         Capturing element debug description
    t =   208.93s     Checking `Expect predicate `existsNoRetry == 1` for object Any (First Match)`
    t =   208.93s         Checking existence of `Any (First Match)`
    t =   208.95s         Capturing element debug description
    t =   209.91s     Checking `Expect predicate `existsNoRetry == 1` for object Any (First Match)`
    t =   209.91s         Checking existence of `Any (First Match)`
    t =   209.92s         Capturing element debug description
    t =   210.99s     Checking `Expect predicate `existsNoRetry == 1` for object Any (First Match)`
    t =   210.99s         Checking existence of `Any (First Match)`
    t =   211.00s         Capturing element debug description
    t =   211.96s     Checking `Expect predicate `existsNoRetry == 1` for object Any (First Match)`
    t =   211.96s         Checking existence of `Any (First Match)`
    t =   211.96s         Capturing element debug description
    t =   212.93s     Checking `Expect predicate `existsNoRetry == 1` for object Any (First Match)`
    t =   212.93s         Checking existence of `Any (First Match)`
    t =   212.94s         Capturing element debug description
    t =   213.91s     Checking `Expect predicate `existsNoRetry == 1` for object Any (First Match)`
    t =   213.91s         Checking existence of `Any (First Match)`
    t =   213.93s         Capturing element debug description
    t =   214.90s     Checking `Expect predicate `existsNoRetry == 1` for object Any (First Match)`
    t =   214.90s         Checking existence of `Any (First Match)`
    t =   214.91s         Capturing element debug description
    t =   215.98s     Checking `Expect predicate `existsNoRetry == 1` for object Any (First Match)`
    t =   215.98s         Checking existence of `Any (First Match)`
    t =   215.99s         Capturing element debug description
    t =   216.95s     Checking `Expect predicate `existsNoRetry == 1` for object Any (First Match)`
    t =   216.95s         Checking existence of `Any (First Match)`
    t =   216.96s         Capturing element debug description
    t =   217.93s     Checking `Expect predicate `existsNoRetry == 1` for object Any (First Match)`
    t =   217.93s         Checking existence of `Any (First Match)`
    t =   217.94s         Capturing element debug description
    t =   218.90s     Checking `Expect predicate `existsNoRetry == 1` for object Any (First Match)`
    t =   218.91s         Checking existence of `Any (First Match)`
    t =   218.92s         Capturing element debug description
    t =   219.99s     Checking `Expect predicate `existsNoRetry == 1` for object Any (First Match)`
    t =   219.99s         Checking existence of `Any (First Match)`
    t =   220.00s         Capturing element debug description
    t =   220.96s     Checking `Expect predicate `existsNoRetry == 1` for object Any (First Match)`
    t =   220.96s         Checking existence of `Any (First Match)`
    t =   220.97s         Capturing element debug description
    t =   221.93s     Checking `Expect predicate `existsNoRetry == 1` for object Any (First Match)`
    t =   221.93s         Checking existence of `Any (First Match)`
    t =   221.95s         Capturing element debug description
    t =   222.92s     Checking `Expect predicate `existsNoRetry == 1` for object Any (First Match)`
    t =   222.92s         Checking existence of `Any (First Match)`
    t =   222.93s         Capturing element debug description
    t =   223.90s     Checking `Expect predicate `existsNoRetry == 1` for object Any (First Match)`
    t =   223.90s         Checking existence of `Any (First Match)`
    t =   223.91s         Capturing element debug description
    t =   224.98s     Checking `Expect predicate `existsNoRetry == 1` for object Any (First Match)`
    t =   224.98s         Checking existence of `Any (First Match)`
    t =   225.00s         Capturing element debug description
    t =   225.95s     Checking `Expect predicate `existsNoRetry == 1` for object Any (First Match)`
    t =   225.96s         Checking existence of `Any (First Match)`
    t =   225.97s         Capturing element debug description
    t =   226.93s     Checking `Expect predicate `existsNoRetry == 1` for object Any (First Match)`
    t =   226.93s         Checking existence of `Any (First Match)`
    t =   226.94s         Capturing element debug description
    t =   227.91s     Checking `Expect predicate `existsNoRetry == 1` for object Any (First Match)`
    t =   227.91s         Checking existence of `Any (First Match)`
    t =   227.92s         Capturing element debug description
    t =   228.99s     Checking `Expect predicate `existsNoRetry == 1` for object Any (First Match)`
    t =   228.99s         Checking existence of `Any (First Match)`
    t =   229.00s         Capturing element debug description
    t =   229.97s     Checking `Expect predicate `existsNoRetry == 1` for object Any (First Match)`
    t =   229.98s         Checking existence of `Any (First Match)`
    t =   229.99s         Capturing element debug description
    t =   230.95s     Checking `Expect predicate `existsNoRetry == 1` for object Any (First Match)`
    t =   230.95s         Checking existence of `Any (First Match)`
    t =   230.96s         Capturing element debug description
    t =   231.92s     Checking `Expect predicate `existsNoRetry == 1` for object Any (First Match)`
    t =   231.92s         Checking existence of `Any (First Match)`
    t =   231.94s         Capturing element debug description
    t =   232.90s     Checking `Expect predicate `existsNoRetry == 1` for object Any (First Match)`
    t =   232.91s         Checking existence of `Any (First Match)`
    t =   232.92s         Capturing element debug description
    t =   233.99s     Checking `Expect predicate `existsNoRetry == 1` for object Any (First Match)`
    t =   233.99s         Checking existence of `Any (First Match)`
    t =   234.00s         Capturing element debug description
    t =   234.96s     Checking `Expect predicate `existsNoRetry == 1` for object Any (First Match)`
    t =   234.96s         Checking existence of `Any (First Match)`
    t =   234.98s         Capturing element debug description
    t =   235.94s     Checking `Expect predicate `existsNoRetry == 1` for object Any (First Match)`
    t =   235.94s         Checking existence of `Any (First Match)`
    t =   235.95s         Capturing element debug description
    t =   236.91s     Checking `Expect predicate `existsNoRetry == 1` for object Any (First Match)`
    t =   236.91s         Checking existence of `Any (First Match)`
    t =   236.93s         Capturing element debug description
    t =   237.90s     Checking `Expect predicate `existsNoRetry == 1` for object Any (First Match)`
    t =   237.90s         Checking existence of `Any (First Match)`
    t =   237.92s         Capturing element debug description
    t =   238.98s     Checking `Expect predicate `existsNoRetry == 1` for object Any (First Match)`
    t =   238.98s         Checking existence of `Any (First Match)`
    t =   239.00s         Capturing element debug description
    t =   239.96s     Checking `Expect predicate `existsNoRetry == 1` for object Any (First Match)`
    t =   239.96s         Checking existence of `Any (First Match)`
    t =   239.97s         Capturing element debug description
    t =   240.93s     Checking `Expect predicate `existsNoRetry == 1` for object Any (First Match)`
    t =   240.93s         Checking existence of `Any (First Match)`
    t =   240.95s         Capturing element debug description
    t =   241.90s     Checking `Expect predicate `existsNoRetry == 1` for object Any (First Match)`
    t =   241.91s         Checking existence of `Any (First Match)`
    t =   241.92s         Capturing element debug description
    t =   242.00s     Checking existence of `Any (First Match)`
    t =   242.01s Collecting debug information to assist test failure triage
    t =   242.02s     Requesting snapshot of accessibility hierarchy for app with pid 45316
    t =   242.05s Checking existence of `Any (First Match)`
/Users/nstudio/Documents/github/NathanWalker/token-economics/harness/perf/uidriver/InteropCaptureTests.swift:24: error: -[UIDriverUITests.InteropCaptureTests testCaptureInteropResults] : failed - no INTEROPJSON element within 240s; last status: unknown
    t =   242.09s Tear Down
Test Case '-[UIDriverUITests.InteropCaptureTests testCaptureInteropResults]' failed (242.304 seconds).
Test Suite 'InteropCaptureTests' failed at 2026-08-01 20:18:39.299.
	 Executed 1 test, with 1 failure (0 unexpected) in 242.304 (242.305) seconds
Test Suite 'UIDriverUITests.xctest' failed at 2026-08-01 20:18:39.300.
	 Executed 2 tests, with 1 failure (0 unexpected) in 466.510 (466.516) seconds
Test Suite 'All tests' failed at 2026-08-01 20:18:39.301.
	 Executed 2 tests, with 1 failure (0 unexpected) in 466.510 (466.518) seconds
2026-08-01 20:18:48.616 xcodebuild[45160:30654935] [MT] IDETestOperationsObserverDebug: 477.398 elapsed -- Testing started completed.
2026-08-01 20:18:48.616 xcodebuild[45160:30654935] [MT] IDETestOperationsObserverDebug: 0.000 sec, +0.000 sec -- start
2026-08-01 20:18:48.616 xcodebuild[45160:30654935] [MT] IDETestOperationsObserverDebug: 477.398 sec, +477.398 sec -- end

Test session results, code coverage, and logs:
	/Users/nstudio/Library/Developer/Xcode/DerivedData/UIDriver-ekqcqbpucoqmcgbikewqdmafsmmj/Logs/Test/Test-UIDriver-2026.08.01_20-10-50--0700.xcresult

Failing tests:
	InteropCaptureTests.testCaptureInteropResults()

** TEST FAILED **

Testing started
