Command line invocation:
    /Applications/Xcode.app/Contents/Developer/usr/bin/xcodebuild test -project UIDriver.xcodeproj -scheme UIDriver -destination id=7DFF2660-A10C-449E-867A-92863D91663B

--- xcodebuild: WARNING: Using the first of multiple matching destinations:
{ platform:iOS Simulator, arch:arm64, id:7DFF2660-A10C-449E-867A-92863D91663B, OS:26.5, name:iPhone 17 Pro }
{ platform:iOS Simulator, arch:x86_64, id:7DFF2660-A10C-449E-867A-92863D91663B, OS:26.5, name:iPhone 17 Pro }
ComputePackagePrebuildTargetDependencyGraph

Prepare packages

CreateBuildRequest

SendProjectDescription

CreateBuildOperation

ComputeTargetDependencyGraph
note: Building targets in dependency order
note: Target dependency graph (1 target)
    Target 'UIDriverUITests' in project 'UIDriver' (no dependencies)

GatherProvisioningInputs

CreateBuildDescription

ClangStatCache /Applications/Xcode.app/Contents/Developer/Toolchains/XcodeDefault.xctoolchain/usr/bin/clang-stat-cache /Applications/Xcode.app/Contents/Developer/Platforms/iPhoneSimulator.platform/Developer/SDKs/iPhoneSimulator26.5.sdk /Users/nstudio/Library/Developer/Xcode/DerivedData/SDKStatCaches.noindex/iphonesimulator26.5-23F73-688ef53f1462e2c8f657fdc38a81448f6cfe768891a92b912361537c460fe42b.sdkstatcache
    cd /Users/nstudio/Documents/github/NathanWalker/token-economics/harness/perf/uidriver/UIDriver.xcodeproj
    /Applications/Xcode.app/Contents/Developer/Toolchains/XcodeDefault.xctoolchain/usr/bin/clang-stat-cache /Applications/Xcode.app/Contents/Developer/Platforms/iPhoneSimulator.platform/Developer/SDKs/iPhoneSimulator26.5.sdk -o /Users/nstudio/Library/Developer/Xcode/DerivedData/SDKStatCaches.noindex/iphonesimulator26.5-23F73-688ef53f1462e2c8f657fdc38a81448f6cfe768891a92b912361537c460fe42b.sdkstatcache

ProcessInfoPlistFile /Users/nstudio/Library/Developer/Xcode/DerivedData/UIDriver-ekqcqbpucoqmcgbikewqdmafsmmj/Build/Products/Debug-iphonesimulator/UIDriverUITests-Runner.app/PlugIns/UIDriverUITests.xctest/Info.plist /Users/nstudio/Library/Developer/Xcode/DerivedData/UIDriver-ekqcqbpucoqmcgbikewqdmafsmmj/Build/Intermediates.noindex/UIDriver.build/Debug-iphonesimulator/UIDriverUITests.build/empty-UIDriverUITests.plist (in target 'UIDriverUITests' from project 'UIDriver')
    cd /Users/nstudio/Documents/github/NathanWalker/token-economics/harness/perf/uidriver
    builtin-infoPlistUtility /Users/nstudio/Library/Developer/Xcode/DerivedData/UIDriver-ekqcqbpucoqmcgbikewqdmafsmmj/Build/Intermediates.noindex/UIDriver.build/Debug-iphonesimulator/UIDriverUITests.build/empty-UIDriverUITests.plist -producttype com.apple.product-type.bundle.ui-testing -expandbuildsettings -format binary -platform iphonesimulator -additionalcontentfile /Users/nstudio/Library/Developer/Xcode/DerivedData/UIDriver-ekqcqbpucoqmcgbikewqdmafsmmj/Build/Intermediates.noindex/UIDriver.build/Debug-iphonesimulator/UIDriverUITests.build/ProductTypeInfoPlistAdditions.plist -o /Users/nstudio/Library/Developer/Xcode/DerivedData/UIDriver-ekqcqbpucoqmcgbikewqdmafsmmj/Build/Products/Debug-iphonesimulator/UIDriverUITests-Runner.app/PlugIns/UIDriverUITests.xctest/Info.plist

CopySwiftLibs /Users/nstudio/Library/Developer/Xcode/DerivedData/UIDriver-ekqcqbpucoqmcgbikewqdmafsmmj/Build/Products/Debug-iphonesimulator/UIDriverUITests-Runner.app/PlugIns/UIDriverUITests.xctest (in target 'UIDriverUITests' from project 'UIDriver')
    cd /Users/nstudio/Documents/github/NathanWalker/token-economics/harness/perf/uidriver
    builtin-swiftStdLibTool --copy --verbose --scan-executable /Users/nstudio/Library/Developer/Xcode/DerivedData/UIDriver-ekqcqbpucoqmcgbikewqdmafsmmj/Build/Products/Debug-iphonesimulator/UIDriverUITests-Runner.app/PlugIns/UIDriverUITests.xctest/UIDriverUITests --scan-folder /Users/nstudio/Library/Developer/Xcode/DerivedData/UIDriver-ekqcqbpucoqmcgbikewqdmafsmmj/Build/Products/Debug-iphonesimulator/UIDriverUITests-Runner.app/PlugIns/UIDriverUITests.xctest/Frameworks --scan-folder /Users/nstudio/Library/Developer/Xcode/DerivedData/UIDriver-ekqcqbpucoqmcgbikewqdmafsmmj/Build/Products/Debug-iphonesimulator/UIDriverUITests-Runner.app/PlugIns/UIDriverUITests.xctest/PlugIns --scan-folder /Users/nstudio/Library/Developer/Xcode/DerivedData/UIDriver-ekqcqbpucoqmcgbikewqdmafsmmj/Build/Products/Debug-iphonesimulator/UIDriverUITests-Runner.app/PlugIns/UIDriverUITests.xctest/SystemExtensions --scan-folder /Users/nstudio/Library/Developer/Xcode/DerivedData/UIDriver-ekqcqbpucoqmcgbikewqdmafsmmj/Build/Products/Debug-iphonesimulator/UIDriverUITests-Runner.app/PlugIns/UIDriverUITests.xctest/Extensions --platform iphonesimulator --toolchain /var/run/com.apple.security.cryptexd/mnt/com.apple.MobileAsset.MetalToolchain-v17.6.42.0.xRBJyY/Metal.xctoolchain --toolchain /Applications/Xcode.app/Contents/Developer/Toolchains/XcodeDefault.xctoolchain --destination /Users/nstudio/Library/Developer/Xcode/DerivedData/UIDriver-ekqcqbpucoqmcgbikewqdmafsmmj/Build/Products/Debug-iphonesimulator/UIDriverUITests-Runner.app/PlugIns/UIDriverUITests.xctest/Frameworks --strip-bitcode --scan-executable /Applications/Xcode.app/Contents/Developer/Platforms/iPhoneSimulator.platform/Developer/usr/lib/libXCTestSwiftSupport.dylib --strip-bitcode-tool /Applications/Xcode.app/Contents/Developer/Toolchains/XcodeDefault.xctoolchain/usr/bin/bitcode_strip --emit-dependency-info /Users/nstudio/Library/Developer/Xcode/DerivedData/UIDriver-ekqcqbpucoqmcgbikewqdmafsmmj/Build/Intermediates.noindex/UIDriver.build/Debug-iphonesimulator/UIDriverUITests.build/SwiftStdLibToolInputDependencies.dep --filter-for-swift-os
Ignoring --strip-bitcode because --sign was not passed

2026-08-01 20:49:25.865982-0700 UIDriverUITests-Runner[46981:30738070] [Default] Running tests...
    t =      nans Interface orientation changed to Portrait
Test Suite 'All tests' started at 2026-08-01 20:49:26.456.
Test Suite 'UIDriverUITests.xctest' started at 2026-08-01 20:49:26.456.
Test Suite 'FeatureLatencyTests' started at 2026-08-01 20:49:26.456.
Test Case '-[UIDriverUITests.FeatureLatencyTests testFeatureLatencies]' started.
    t =     0.00s Start Test at 2026-08-01 20:49:26.457
    t =     0.02s Set Up
STEP[0s]: iter 0: launch com.nstudio.expobenchmark
    t =     0.02s Open com.nstudio.expobenchmark
    t =     0.02s     Launch com.nstudio.expobenchmark
    t =     0.12s         Setting up automation session
objc[46981]: Class UIAccessibilityLoaderWebShared is implemented in both /Library/Developer/CoreSimulator/Volumes/iOS_23F77/Library/Developer/CoreSimulator/Profiles/Runtimes/iOS 26.5.simruntime/Contents/Resources/RuntimeRoot/System/Library/AccessibilityBundles/WebCore.axbundle/WebCore (0x108bb8310) and /Library/Developer/CoreSimulator/Volumes/iOS_23F77/Library/Developer/CoreSimulator/Profiles/Runtimes/iOS 26.5.simruntime/Contents/Resources/RuntimeRoot/System/Library/AccessibilityBundles/WebKit.axbundle/WebKit (0x108270398). This may cause spurious casting failures and mysterious crashes. One of the duplicates must be removed or renamed.
    t =     0.68s         Wait for com.nstudio.expobenchmark to idle
    t =     1.82s Checking existence of `"Health" Button`
    t =     1.86s Waiting 20.0s for Any (First Match) to exist
    t =     2.92s     Checking `Expect predicate `existsNoRetry == 1` for object Any (First Match)`
    t =     2.92s         Checking existence of `Any (First Match)`
STEP[2s]: iter 0: nav Health
    t =     2.94s Checking existence of `"Health" Button`
    t =     2.95s Tap Any (First Match)
    t =     2.95s     Wait for com.nstudio.expobenchmark to idle
    t =     2.96s     Find the Any (First Match)
    t =     2.97s     Check for interrupting elements affecting "Health" Other
    t =     2.99s     Synthesize event
    t =     3.28s     Wait for com.nstudio.expobenchmark to idle
    t =     4.09s Waiting 10.0s for Any (First Match) to exist
    t =     5.16s     Checking `Expect predicate `existsNoRetry == 1` for object Any (First Match)`
    t =     5.16s         Checking existence of `Any (First Match)`
    t =     5.18s Checking existence of `Any (First Match)`
    t =     5.20s Find the Any (First Match)
STEP[5s]: iter 0: HK authorize
    t =     5.21s Checking existence of `"Request Access" Button`
    t =     5.22s Checking existence of `Any (First Match)`
    t =     5.23s Find the Any (First Match)
    t =     5.25s Tap "Request Access" Other
    t =     5.25s     Wait for com.nstudio.expobenchmark to idle
    t =     5.25s     Find the "Request Access" Other
    t =     5.26s     Check for interrupting elements affecting "Request Access" Other
    t =     5.28s     Synthesize event
    t =     5.58s     Wait for com.nstudio.expobenchmark to idle
    t =     5.58s Waiting 3.0s for Any (First Match) to exist
    t =     6.66s     Checking `Expect predicate `existsNoRetry == 1` for object Any (First Match)`
    t =     6.66s         Checking existence of `Any (First Match)`
    t =     6.71s Find the Any (First Match)
STEP[6s]: health sheet(app): tap 'Turn On All'
    t =     6.75s Tap "Turn On All" StaticText
    t =     6.75s     Wait for com.nstudio.expobenchmark to idle
    t =     6.75s     Find the "Turn On All" StaticText
    t =     6.78s     Check for interrupting elements affecting "Turn On All" StaticText
    t =     6.82s     Synthesize event
    t =     7.11s     Wait for com.nstudio.expobenchmark to idle
    t =     7.12s Waiting 2.0s for "Allow" Button to exist
    t =     8.20s     Checking `Expect predicate `existsNoRetry == 1` for object "Allow" Button`
    t =     8.20s         Checking existence of `"Allow" Button`
    t =     8.23s Find the "Allow" Button
STEP[8s]: health sheet(app): confirm 'Allow'
    t =     8.26s Tap "UIA.Health.Allow.Button" Button
    t =     8.26s     Wait for com.nstudio.expobenchmark to idle
    t =     8.27s     Find the "UIA.Health.Allow.Button" Button
    t =     8.29s     Check for interrupting elements affecting "UIA.Health.Allow.Button" Button
    t =     8.32s     Synthesize event
    t =     8.61s     Wait for com.nstudio.expobenchmark to idle
    t =     8.61s Waiting 15.0s for Any (First Match) to exist
    t =     9.67s     Checking `Expect predicate `existsNoRetry == 1` for object Any (First Match)`
    t =     9.68s         Checking existence of `Any (First Match)`
    t =     9.71s Checking existence of `"Health access: not requested" StaticText`
    t =     9.72s Find the "Health access: not requested" StaticText
    t =     9.73s Waiting 15.0s for Any (First Match) to exist
    t =    10.80s     Checking `Expect predicate `existsNoRetry == 1` for object Any (First Match)`
    t =    10.81s         Checking existence of `Any (First Match)`
    t =    10.83s Checking existence of `Any (First Match)`
    t =    10.84s Find the Any (First Match)
    t =    10.86s Checking existence of `"Log 500 Steps" Button`
    t =    10.87s Checking existence of `Any (First Match)`
    t =    10.88s Find the Any (First Match)
STEP[10s]: iter 0: log 500
    t =    10.90s Tap "Log 500 Steps" Other
    t =    10.90s     Wait for com.nstudio.expobenchmark to idle
    t =    10.90s     Find the "Log 500 Steps" Other
    t =    10.92s     Check for interrupting elements affecting "Log 500 Steps" Other
    t =    10.94s     Synthesize event
    t =    11.24s     Wait for com.nstudio.expobenchmark to idle
    t =    11.25s Checking existence of `"Sat Aug 1 — 32,000 steps (today)" StaticText`
    t =    11.27s Find the "Sat Aug 1 — 32,000 steps (today)" StaticText
    t =    11.28s Checking existence of `"Sat Aug 1 — 32,500 steps (today)" StaticText`
STEP[11s]: iter 0: go home
    t =    11.29s Checking existence of `"Transcribe" Button`
    t =    11.31s Checking existence of `"Health" Button`
    t =    11.32s Checking existence of `Any (First Match)`
    t =    11.34s Checking existence of `Button (Element at index 0)`
    t =    11.35s Find the Button (Element at index 0)
STEP[11s]: goHome: tapping candidate 0
    t =    11.37s Tap "BackButton" Button
    t =    11.37s     Wait for com.nstudio.expobenchmark to idle
    t =    11.37s     Find the "BackButton" Button
    t =    11.38s     Check for interrupting elements affecting "BackButton" Button
    t =    11.40s     Synthesize event
    t =    11.69s     Wait for com.nstudio.expobenchmark to idle
    t =    12.01s Checking existence of `"Transcribe" Button`
    t =    12.02s Waiting 3.0s for Any (First Match) to exist
    t =    13.10s     Checking `Expect predicate `existsNoRetry == 1` for object Any (First Match)`
    t =    13.10s         Checking existence of `Any (First Match)`
STEP[13s]: iter 0: nav Transcribe
    t =    13.12s Checking existence of `"Transcribe" Button`
    t =    13.13s Tap Any (First Match)
    t =    13.13s     Wait for com.nstudio.expobenchmark to idle
    t =    13.13s     Find the Any (First Match)
    t =    13.14s     Check for interrupting elements affecting "Transcribe" Other
    t =    13.16s     Synthesize event
    t =    13.46s     Wait for com.nstudio.expobenchmark to idle
    t =    14.24s Waiting 10.0s for Any (First Match) to exist
    t =    15.32s     Checking `Expect predicate `existsNoRetry == 1` for object Any (First Match)`
    t =    15.32s         Checking existence of `Any (First Match)`
    t =    15.34s Checking existence of `Any (First Match)`
    t =    15.35s Find the Any (First Match)
STEP[15s]: iter 0: speech authorize
    t =    15.37s Checking existence of `"Request Access" Button`
    t =    15.38s Checking existence of `Any (First Match)`
    t =    15.39s Find the Any (First Match)
    t =    15.41s Tap "Request Access" Other
    t =    15.41s     Wait for com.nstudio.expobenchmark to idle
    t =    15.41s     Find the "Request Access" Other
    t =    15.42s     Check for interrupting elements affecting "Request Access" Other
    t =    15.44s     Synthesize event
    t =    15.74s     Wait for com.nstudio.expobenchmark to idle
    t =    15.74s Waiting 3.0s for "Allow" Button to exist
    t =    16.82s     Checking `Expect predicate `existsNoRetry == 1` for object "Allow" Button`
    t =    16.82s         Checking existence of `"Allow" Button`
STEP[16s]: system alert: 'Allow'
    t =    16.85s Tap "Allow" Button
    t =    16.85s     Wait for com.apple.springboard to idle
    t =    16.86s     Find the "Allow" Button
    t =    16.88s     Check for interrupting elements affecting "Allow" Button
    t =    16.91s     Synthesize event
    t =    17.20s     Wait for com.apple.springboard to idle
    t =    17.43s Waiting 15.0s for Any (First Match) to exist
    t =    18.51s     Checking `Expect predicate `existsNoRetry == 1` for object Any (First Match)`
    t =    18.51s         Checking existence of `Any (First Match)`
    t =    18.54s Checking existence of `"Speech access: not requested" StaticText`
    t =    18.55s Find the "Speech access: not requested" StaticText
    t =    18.56s Checking existence of `"Transcribe Sample" Button`
    t =    18.58s Checking existence of `Any (First Match)`
    t =    18.58s Find the Any (First Match)
STEP[18s]: iter 0: transcribe
    t =    18.60s Tap "Transcribe Sample" Other
    t =    18.60s     Wait for com.nstudio.expobenchmark to idle
    t =    18.60s     Find the "Transcribe Sample" Other
    t =    18.61s     Check for interrupting elements affecting "Transcribe Sample" Other
    t =    18.64s     Synthesize event
    t =    18.93s     Wait for com.nstudio.expobenchmark to idle
    t =    18.93s Waiting 45.0s for Any (First Match) to exist
    t =    20.00s     Checking `Expect predicate `existsNoRetry == 1` for object Any (First Match)`
    t =    20.00s         Checking existence of `Any (First Match)`
    t =    20.03s         Capturing element debug description
    t =    21.00s     Checking `Expect predicate `existsNoRetry == 1` for object Any (First Match)`
    t =    21.00s         Checking existence of `Any (First Match)`
    t =    21.03s         Capturing element debug description
    t =    22.00s     Checking `Expect predicate `existsNoRetry == 1` for object Any (First Match)`
    t =    22.00s         Checking existence of `Any (First Match)`
    t =    22.02s         Capturing element debug description
    t =    22.98s     Checking `Expect predicate `existsNoRetry == 1` for object Any (First Match)`
    t =    22.99s         Checking existence of `Any (First Match)`
    t =    23.01s         Capturing element debug description
    t =    23.97s     Checking `Expect predicate `existsNoRetry == 1` for object Any (First Match)`
    t =    23.97s         Checking existence of `Any (First Match)`
    t =    24.00s         Capturing element debug description
    t =    24.95s     Checking `Expect predicate `existsNoRetry == 1` for object Any (First Match)`
    t =    24.96s         Checking existence of `Any (First Match)`
    t =    24.98s         Capturing element debug description
    t =    25.94s     Checking `Expect predicate `existsNoRetry == 1` for object Any (First Match)`
    t =    25.94s         Checking existence of `Any (First Match)`
    t =    25.97s         Capturing element debug description
    t =    26.94s     Checking `Expect predicate `existsNoRetry == 1` for object Any (First Match)`
    t =    26.94s         Checking existence of `Any (First Match)`
    t =    26.97s         Capturing element debug description
    t =    27.94s     Checking `Expect predicate `existsNoRetry == 1` for object Any (First Match)`
    t =    27.94s         Checking existence of `Any (First Match)`
    t =    27.97s         Capturing element debug description
    t =    28.94s     Checking `Expect predicate `existsNoRetry == 1` for object Any (First Match)`
    t =    28.94s         Checking existence of `Any (First Match)`
    t =    28.97s         Capturing element debug description
    t =    29.94s     Checking `Expect predicate `existsNoRetry == 1` for object Any (First Match)`
    t =    29.94s         Checking existence of `Any (First Match)`
    t =    29.97s         Capturing element debug description
    t =    30.93s     Checking `Expect predicate `existsNoRetry == 1` for object Any (First Match)`
    t =    30.93s         Checking existence of `Any (First Match)`
    t =    30.96s         Capturing element debug description
    t =    31.93s     Checking `Expect predicate `existsNoRetry == 1` for object Any (First Match)`
    t =    31.93s         Checking existence of `Any (First Match)`
    t =    31.96s         Capturing element debug description
    t =    33.03s     Checking `Expect predicate `existsNoRetry == 1` for object Any (First Match)`
    t =    33.03s         Checking existence of `Any (First Match)`
    t =    33.06s         Capturing element debug description
    t =    34.00s     Checking `Expect predicate `existsNoRetry == 1` for object Any (First Match)`
    t =    34.00s         Checking existence of `Any (First Match)`
    t =    34.03s         Capturing element debug description
    t =    35.00s     Checking `Expect predicate `existsNoRetry == 1` for object Any (First Match)`
    t =    35.01s         Checking existence of `Any (First Match)`
    t =    35.03s         Capturing element debug description
    t =    35.97s     Checking `Expect predicate `existsNoRetry == 1` for object Any (First Match)`
    t =    35.97s         Checking existence of `Any (First Match)`
    t =    36.00s         Capturing element debug description
    t =    36.96s     Checking `Expect predicate `existsNoRetry == 1` for object Any (First Match)`
    t =    36.97s         Checking existence of `Any (First Match)`
    t =    36.99s         Capturing element debug description
    t =    37.94s     Checking `Expect predicate `existsNoRetry == 1` for object Any (First Match)`
    t =    37.94s         Checking existence of `Any (First Match)`
    t =    37.97s         Capturing element debug description
    t =    39.01s     Checking `Expect predicate `existsNoRetry == 1` for object Any (First Match)`
    t =    39.01s         Checking existence of `Any (First Match)`
    t =    39.04s         Capturing element debug description
    t =    40.00s     Checking `Expect predicate `existsNoRetry == 1` for object Any (First Match)`
    t =    40.01s         Checking existence of `Any (First Match)`
    t =    40.03s         Capturing element debug description
    t =    41.00s     Checking `Expect predicate `existsNoRetry == 1` for object Any (First Match)`
    t =    41.00s         Checking existence of `Any (First Match)`
    t =    41.03s         Capturing element debug description
    t =    41.95s     Checking `Expect predicate `existsNoRetry == 1` for object Any (First Match)`
    t =    41.95s         Checking existence of `Any (First Match)`
    t =    41.97s         Capturing element debug description
    t =    42.94s     Checking `Expect predicate `existsNoRetry == 1` for object Any (First Match)`
    t =    42.94s         Checking existence of `Any (First Match)`
    t =    42.97s         Capturing element debug description
    t =    44.03s     Checking `Expect predicate `existsNoRetry == 1` for object Any (First Match)`
    t =    44.03s         Checking existence of `Any (First Match)`
    t =    44.06s         Capturing element debug description
    t =    45.03s     Checking `Expect predicate `existsNoRetry == 1` for object Any (First Match)`
    t =    45.03s         Checking existence of `Any (First Match)`
    t =    45.05s         Capturing element debug description
    t =    46.00s     Checking `Expect predicate `existsNoRetry == 1` for object Any (First Match)`
    t =    46.00s         Checking existence of `Any (First Match)`
    t =    46.02s         Capturing element debug description
    t =    46.99s     Checking `Expect predicate `existsNoRetry == 1` for object Any (First Match)`
    t =    46.99s         Checking existence of `Any (First Match)`
    t =    47.02s         Capturing element debug description
    t =    47.96s     Checking `Expect predicate `existsNoRetry == 1` for object Any (First Match)`
    t =    47.96s         Checking existence of `Any (First Match)`
    t =    47.99s         Capturing element debug description
    t =    48.95s     Checking `Expect predicate `existsNoRetry == 1` for object Any (First Match)`
    t =    48.95s         Checking existence of `Any (First Match)`
    t =    48.97s         Capturing element debug description
    t =    49.94s     Checking `Expect predicate `existsNoRetry == 1` for object Any (First Match)`
    t =    49.94s         Checking existence of `Any (First Match)`
    t =    49.97s         Capturing element debug description
    t =    50.94s     Checking `Expect predicate `existsNoRetry == 1` for object Any (First Match)`
    t =    50.94s         Checking existence of `Any (First Match)`
    t =    50.97s         Capturing element debug description
    t =    51.94s     Checking `Expect predicate `existsNoRetry == 1` for object Any (First Match)`
    t =    51.94s         Checking existence of `Any (First Match)`
    t =    51.97s         Capturing element debug description
    t =    52.94s     Checking `Expect predicate `existsNoRetry == 1` for object Any (First Match)`
    t =    52.94s         Checking existence of `Any (First Match)`
    t =    52.97s         Capturing element debug description
    t =    53.93s     Checking `Expect predicate `existsNoRetry == 1` for object Any (First Match)`
    t =    53.93s         Checking existence of `Any (First Match)`
    t =    53.96s         Capturing element debug description
    t =    54.93s     Checking `Expect predicate `existsNoRetry == 1` for object Any (First Match)`
    t =    54.93s         Checking existence of `Any (First Match)`
    t =    54.96s         Capturing element debug description
    t =    55.93s     Checking `Expect predicate `existsNoRetry == 1` for object Any (First Match)`
    t =    55.93s         Checking existence of `Any (First Match)`
    t =    55.96s         Capturing element debug description
    t =    57.03s     Checking `Expect predicate `existsNoRetry == 1` for object Any (First Match)`
    t =    57.03s         Checking existence of `Any (First Match)`
    t =    57.05s         Capturing element debug description
    t =    58.01s     Checking `Expect predicate `existsNoRetry == 1` for object Any (First Match)`
    t =    58.01s         Checking existence of `Any (First Match)`
    t =    58.04s         Capturing element debug description
    t =    59.00s     Checking `Expect predicate `existsNoRetry == 1` for object Any (First Match)`
    t =    59.00s         Checking existence of `Any (First Match)`
    t =    59.01s         Capturing element debug description
    t =    59.96s     Checking `Expect predicate `existsNoRetry == 1` for object Any (First Match)`
    t =    59.96s         Checking existence of `Any (First Match)`
    t =    59.98s         Capturing element debug description
    t =    60.94s     Checking `Expect predicate `existsNoRetry == 1` for object Any (First Match)`
    t =    60.94s         Checking existence of `Any (First Match)`
    t =    60.96s         Capturing element debug description
    t =    61.93s     Checking `Expect predicate `existsNoRetry == 1` for object Any (First Match)`
    t =    61.93s         Checking existence of `Any (First Match)`
    t =    61.96s         Capturing element debug description
    t =    62.93s     Checking `Expect predicate `existsNoRetry == 1` for object Any (First Match)`
    t =    62.93s         Checking existence of `Any (First Match)`
    t =    62.96s         Capturing element debug description
    t =    63.95s     Checking `Expect predicate `existsNoRetry == 1` for object Any (First Match)`
    t =    63.95s         Checking existence of `Any (First Match)`
    t =    63.98s         Capturing element debug description
    t =    63.98s     Checking existence of `Any (First Match)`
    t =    63.99s Collecting debug information to assist test failure triage
    t =    63.99s     Requesting snapshot of accessibility hierarchy for app with pid 46985
    t =    64.02s Checking existence of `Any (First Match)`
    t =    64.03s Checking existence of `Any (First Match)`
    t =    64.04s Checking existence of `Any (First Match)`
STEP[64s]: iter 0: done
    t =    64.05s Terminate com.nstudio.expobenchmark:46985
STEP[65s]: iter 1: launch com.nstudio.expobenchmark
    t =    65.15s Open com.nstudio.expobenchmark
    t =    65.15s     Launch com.nstudio.expobenchmark
    t =    65.25s         Setting up automation session
    t =    65.79s         Wait for com.nstudio.expobenchmark to idle
    t =    66.91s Checking existence of `"Health" Button`
    t =    66.95s Waiting 20.0s for Any (First Match) to exist
    t =    68.00s     Checking `Expect predicate `existsNoRetry == 1` for object Any (First Match)`
    t =    68.00s         Checking existence of `Any (First Match)`
STEP[67s]: iter 1: nav Health
    t =    68.02s Checking existence of `"Health" Button`
    t =    68.03s Tap Any (First Match)
    t =    68.03s     Wait for com.nstudio.expobenchmark to idle
    t =    68.03s     Find the Any (First Match)
    t =    68.05s     Check for interrupting elements affecting "Health" Other
    t =    68.07s     Synthesize event
    t =    68.36s     Wait for com.nstudio.expobenchmark to idle
    t =    69.15s Waiting 10.0s for Any (First Match) to exist
    t =    70.21s     Checking `Expect predicate `existsNoRetry == 1` for object Any (First Match)`
    t =    70.21s         Checking existence of `Any (First Match)`
    t =    70.24s Checking existence of `Any (First Match)`
    t =    70.25s Find the Any (First Match)
    t =    70.27s Checking existence of `"Health access: granted" StaticText`
    t =    70.28s Find the "Health access: granted" StaticText
    t =    70.29s Waiting 15.0s for Any (First Match) to exist
    t =    71.35s     Checking `Expect predicate `existsNoRetry == 1` for object Any (First Match)`
    t =    71.35s         Checking existence of `Any (First Match)`
    t =    71.37s Checking existence of `Any (First Match)`
    t =    71.39s Find the Any (First Match)
    t =    71.40s Checking existence of `"Log 500 Steps" Button`
    t =    71.41s Checking existence of `Any (First Match)`
    t =    71.43s Find the Any (First Match)
STEP[71s]: iter 1: log 500
    t =    71.44s Tap "Log 500 Steps" Other
    t =    71.44s     Wait for com.nstudio.expobenchmark to idle
    t =    71.45s     Find the "Log 500 Steps" Other
    t =    71.46s     Check for interrupting elements affecting "Log 500 Steps" Other
    t =    71.48s     Synthesize event
    t =    71.78s     Wait for com.nstudio.expobenchmark to idle
    t =    71.79s Checking existence of `"Sat Aug 1 — 32,500 steps (today)" StaticText`
    t =    71.81s Find the "Sat Aug 1 — 32,500 steps (today)" StaticText
    t =    71.83s Checking existence of `"Sat Aug 1 — 33,000 steps (today)" StaticText`
STEP[71s]: iter 1: go home
    t =    71.84s Checking existence of `"Transcribe" Button`
    t =    71.85s Checking existence of `"Health" Button`
    t =    71.87s Checking existence of `Any (First Match)`
    t =    71.88s Checking existence of `Button (Element at index 0)`
    t =    71.89s Find the Button (Element at index 0)
STEP[71s]: goHome: tapping candidate 0
    t =    71.91s Tap "BackButton" Button
    t =    71.91s     Wait for com.nstudio.expobenchmark to idle
    t =    71.92s     Find the "BackButton" Button
    t =    71.93s     Check for interrupting elements affecting "BackButton" Button
    t =    71.95s     Synthesize event
    t =    72.24s     Wait for com.nstudio.expobenchmark to idle
    t =    72.55s Checking existence of `"Transcribe" Button`
    t =    72.56s Waiting 3.0s for Any (First Match) to exist
    t =    73.61s     Checking `Expect predicate `existsNoRetry == 1` for object Any (First Match)`
    t =    73.61s         Checking existence of `Any (First Match)`
STEP[73s]: iter 1: nav Transcribe
    t =    73.63s Checking existence of `"Transcribe" Button`
    t =    73.64s Tap Any (First Match)
    t =    73.64s     Wait for com.nstudio.expobenchmark to idle
    t =    73.65s     Find the Any (First Match)
    t =    73.66s     Check for interrupting elements affecting "Transcribe" Other
    t =    73.68s     Synthesize event
    t =    73.97s     Wait for com.nstudio.expobenchmark to idle
    t =    74.77s Waiting 10.0s for Any (First Match) to exist
    t =    75.83s     Checking `Expect predicate `existsNoRetry == 1` for object Any (First Match)`
    t =    75.83s         Checking existence of `Any (First Match)`
    t =    75.86s Checking existence of `Any (First Match)`
    t =    75.87s Find the Any (First Match)
    t =    75.89s Checking existence of `"Speech access: granted" StaticText`
    t =    75.90s Find the "Speech access: granted" StaticText
    t =    75.90s Checking existence of `"Transcribe Sample" Button`
    t =    75.92s Checking existence of `Any (First Match)`
    t =    75.93s Find the Any (First Match)
STEP[75s]: iter 1: transcribe
    t =    75.94s Tap "Transcribe Sample" Other
    t =    75.94s     Wait for com.nstudio.expobenchmark to idle
    t =    75.95s     Find the "Transcribe Sample" Other
    t =    75.96s     Check for interrupting elements affecting "Transcribe Sample" Other
    t =    75.98s     Synthesize event
    t =    76.27s     Wait for com.nstudio.expobenchmark to idle
    t =    76.27s Waiting 45.0s for Any (First Match) to exist
    t =    77.31s     Checking `Expect predicate `existsNoRetry == 1` for object Any (First Match)`
    t =    77.32s         Checking existence of `Any (First Match)`
    t =    77.34s         Capturing element debug description
    t =    78.30s     Checking `Expect predicate `existsNoRetry == 1` for object Any (First Match)`
    t =    78.30s         Checking existence of `Any (First Match)`
    t =    78.33s         Capturing element debug description
    t =    79.28s     Checking `Expect predicate `existsNoRetry == 1` for object Any (First Match)`
    t =    79.28s         Checking existence of `Any (First Match)`
    t =    79.30s         Capturing element debug description
    t =    80.37s     Checking `Expect predicate `existsNoRetry == 1` for object Any (First Match)`
    t =    80.37s         Checking existence of `Any (First Match)`
    t =    80.39s         Capturing element debug description
    t =    81.34s     Checking `Expect predicate `existsNoRetry == 1` for object Any (First Match)`
    t =    81.34s         Checking existence of `Any (First Match)`
    t =    81.37s         Capturing element debug description
    t =    82.33s     Checking `Expect predicate `existsNoRetry == 1` for object Any (First Match)`
    t =    82.33s         Checking existence of `Any (First Match)`
    t =    82.35s         Capturing element debug description
    t =    83.31s     Checking `Expect predicate `existsNoRetry == 1` for object Any (First Match)`
    t =    83.32s         Checking existence of `Any (First Match)`
    t =    83.34s         Capturing element debug description
    t =    84.29s     Checking `Expect predicate `existsNoRetry == 1` for object Any (First Match)`
    t =    84.29s         Checking existence of `Any (First Match)`
    t =    84.32s         Capturing element debug description
    t =    85.28s     Checking `Expect predicate `existsNoRetry == 1` for object Any (First Match)`
    t =    85.28s         Checking existence of `Any (First Match)`
    t =    85.30s         Capturing element debug description
    t =    86.37s     Checking `Expect predicate `existsNoRetry == 1` for object Any (First Match)`
    t =    86.37s         Checking existence of `Any (First Match)`
    t =    86.39s         Capturing element debug description
    t =    87.35s     Checking `Expect predicate `existsNoRetry == 1` for object Any (First Match)`
    t =    87.35s         Checking existence of `Any (First Match)`
    t =    87.38s         Capturing element debug description
    t =    88.35s     Checking `Expect predicate `existsNoRetry == 1` for object Any (First Match)`
    t =    88.35s         Checking existence of `Any (First Match)`
    t =    88.37s         Capturing element debug description
    t =    89.35s     Checking `Expect predicate `existsNoRetry == 1` for object Any (First Match)`
    t =    89.35s         Checking existence of `Any (First Match)`
    t =    89.36s         Capturing element debug description
    t =    90.32s     Checking `Expect predicate `existsNoRetry == 1` for object Any (First Match)`
    t =    90.32s         Checking existence of `Any (First Match)`
    t =    90.35s         Capturing element debug description
    t =    91.30s     Checking `Expect predicate `existsNoRetry == 1` for object Any (First Match)`
    t =    91.31s         Checking existence of `Any (First Match)`
    t =    91.33s         Capturing element debug description
    t =    92.30s     Checking `Expect predicate `existsNoRetry == 1` for object Any (First Match)`
    t =    92.30s         Checking existence of `Any (First Match)`
    t =    92.32s         Capturing element debug description
    t =    93.29s     Checking `Expect predicate `existsNoRetry == 1` for object Any (First Match)`
    t =    93.29s         Checking existence of `Any (First Match)`
    t =    93.31s         Capturing element debug description
    t =    94.28s     Checking `Expect predicate `existsNoRetry == 1` for object Any (First Match)`
    t =    94.28s         Checking existence of `Any (First Match)`
    t =    94.31s         Capturing element debug description
    t =    95.28s     Checking `Expect predicate `existsNoRetry == 1` for object Any (First Match)`
    t =    95.28s         Checking existence of `Any (First Match)`
    t =    95.31s         Capturing element debug description
    t =    96.37s     Checking `Expect predicate `existsNoRetry == 1` for object Any (First Match)`
    t =    96.37s         Checking existence of `Any (First Match)`
    t =    96.39s         Capturing element debug description
    t =    97.35s     Checking `Expect predicate `existsNoRetry == 1` for object Any (First Match)`
    t =    97.35s         Checking existence of `Any (First Match)`
    t =    97.38s         Capturing element debug description
    t =    98.34s     Checking `Expect predicate `existsNoRetry == 1` for object Any (First Match)`
    t =    98.34s         Checking existence of `Any (First Match)`
    t =    98.37s         Capturing element debug description
    t =    99.32s     Checking `Expect predicate `existsNoRetry == 1` for object Any (First Match)`
    t =    99.32s         Checking existence of `Any (First Match)`
    t =    99.35s         Capturing element debug description
    t =   100.31s     Checking `Expect predicate `existsNoRetry == 1` for object Any (First Match)`
    t =   100.31s         Checking existence of `Any (First Match)`
    t =   100.34s         Capturing element debug description
    t =   101.30s     Checking `Expect predicate `existsNoRetry == 1` for object Any (First Match)`
    t =   101.30s         Checking existence of `Any (First Match)`
    t =   101.33s         Capturing element debug description
    t =   102.35s     Checking `Expect predicate `existsNoRetry == 1` for object Any (First Match)`
    t =   102.35s         Checking existence of `Any (First Match)`
    t =   102.38s         Capturing element debug description
    t =   103.34s     Checking `Expect predicate `existsNoRetry == 1` for object Any (First Match)`
    t =   103.34s         Checking existence of `Any (First Match)`
    t =   103.36s         Capturing element debug description
    t =   104.32s     Checking `Expect predicate `existsNoRetry == 1` for object Any (First Match)`
    t =   104.32s         Checking existence of `Any (First Match)`
    t =   104.34s         Capturing element debug description
    t =   105.31s     Checking `Expect predicate `existsNoRetry == 1` for object Any (First Match)`
    t =   105.31s         Checking existence of `Any (First Match)`
    t =   105.34s         Capturing element debug description
    t =   106.30s     Checking `Expect predicate `existsNoRetry == 1` for object Any (First Match)`
    t =   106.30s         Checking existence of `Any (First Match)`
    t =   106.32s         Capturing element debug description
    t =   107.28s     Checking `Expect predicate `existsNoRetry == 1` for object Any (First Match)`
    t =   107.28s         Checking existence of `Any (First Match)`
    t =   107.31s         Capturing element debug description
    t =   108.28s     Checking `Expect predicate `existsNoRetry == 1` for object Any (First Match)`
    t =   108.28s         Checking existence of `Any (First Match)`
    t =   108.31s         Capturing element debug description
    t =   109.27s     Checking `Expect predicate `existsNoRetry == 1` for object Any (First Match)`
    t =   109.28s         Checking existence of `Any (First Match)`
    t =   109.30s         Capturing element debug description
    t =   110.27s     Checking `Expect predicate `existsNoRetry == 1` for object Any (First Match)`
    t =   110.27s         Checking existence of `Any (First Match)`
    t =   110.30s         Capturing element debug description
    t =   111.27s     Checking `Expect predicate `existsNoRetry == 1` for object Any (First Match)`
    t =   111.27s         Checking existence of `Any (First Match)`
    t =   111.30s         Capturing element debug description
    t =   112.37s     Checking `Expect predicate `existsNoRetry == 1` for object Any (First Match)`
    t =   112.37s         Checking existence of `Any (First Match)`
    t =   112.39s         Capturing element debug description
    t =   113.35s     Checking `Expect predicate `existsNoRetry == 1` for object Any (First Match)`
    t =   113.35s         Checking existence of `Any (First Match)`
    t =   113.38s         Capturing element debug description
    t =   114.34s     Checking `Expect predicate `existsNoRetry == 1` for object Any (First Match)`
    t =   114.34s         Checking existence of `Any (First Match)`
    t =   114.36s         Capturing element debug description
    t =   115.32s     Checking `Expect predicate `existsNoRetry == 1` for object Any (First Match)`
    t =   115.32s         Checking existence of `Any (First Match)`
    t =   115.35s         Capturing element debug description
    t =   116.30s     Checking `Expect predicate `existsNoRetry == 1` for object Any (First Match)`
    t =   116.31s         Checking existence of `Any (First Match)`
    t =   116.33s         Capturing element debug description
    t =   117.29s     Checking `Expect predicate `existsNoRetry == 1` for object Any (First Match)`
    t =   117.29s         Checking existence of `Any (First Match)`
    t =   117.31s         Capturing element debug description
    t =   118.28s     Checking `Expect predicate `existsNoRetry == 1` for object Any (First Match)`
    t =   118.28s         Checking existence of `Any (First Match)`
    t =   118.31s         Capturing element debug description
    t =   119.27s     Checking `Expect predicate `existsNoRetry == 1` for object Any (First Match)`
    t =   119.28s         Checking existence of `Any (First Match)`
    t =   119.30s         Capturing element debug description
    t =   120.27s     Checking `Expect predicate `existsNoRetry == 1` for object Any (First Match)`
    t =   120.27s         Checking existence of `Any (First Match)`
    t =   120.28s         Capturing element debug description
    t =   121.29s     Checking `Expect predicate `existsNoRetry == 1` for object Any (First Match)`
    t =   121.29s         Checking existence of `Any (First Match)`
    t =   121.31s         Capturing element debug description
    t =   121.31s     Checking existence of `Any (First Match)`
    t =   121.33s Collecting debug information to assist test failure triage
    t =   121.33s     Requesting snapshot of accessibility hierarchy for app with pid 47024
    t =   121.36s Checking existence of `Any (First Match)`
    t =   121.37s Checking existence of `Any (First Match)`
    t =   121.38s Checking existence of `Any (First Match)`
STEP[121s]: iter 1: done
    t =   121.39s Terminate com.nstudio.expobenchmark:47024
STEP[122s]: iter 2: launch com.nstudio.expobenchmark
    t =   122.49s Open com.nstudio.expobenchmark
    t =   122.49s     Launch com.nstudio.expobenchmark
    t =   122.60s         Setting up automation session
    t =   123.13s         Wait for com.nstudio.expobenchmark to idle
    t =   124.26s Checking existence of `"Health" Button`
    t =   124.29s Waiting 20.0s for Any (First Match) to exist
    t =   125.35s     Checking `Expect predicate `existsNoRetry == 1` for object Any (First Match)`
    t =   125.35s         Checking existence of `Any (First Match)`
STEP[125s]: iter 2: nav Health
    t =   125.37s Checking existence of `"Health" Button`
    t =   125.38s Tap Any (First Match)
    t =   125.38s     Wait for com.nstudio.expobenchmark to idle
    t =   125.38s     Find the Any (First Match)
    t =   125.40s     Check for interrupting elements affecting "Health" Other
    t =   125.42s     Synthesize event
    t =   125.71s     Wait for com.nstudio.expobenchmark to idle
    t =   126.52s Waiting 10.0s for Any (First Match) to exist
    t =   127.60s     Checking `Expect predicate `existsNoRetry == 1` for object Any (First Match)`
    t =   127.60s         Checking existence of `Any (First Match)`
    t =   127.62s Checking existence of `Any (First Match)`
    t =   127.64s Find the Any (First Match)
    t =   127.65s Checking existence of `"Health access: granted" StaticText`
    t =   127.66s Find the "Health access: granted" StaticText
    t =   127.68s Waiting 15.0s for Any (First Match) to exist
    t =   128.73s     Checking `Expect predicate `existsNoRetry == 1` for object Any (First Match)`
    t =   128.73s         Checking existence of `Any (First Match)`
    t =   128.76s Checking existence of `Any (First Match)`
    t =   128.77s Find the Any (First Match)
    t =   128.79s Checking existence of `"Log 500 Steps" Button`
    t =   128.80s Checking existence of `Any (First Match)`
    t =   128.81s Find the Any (First Match)
STEP[128s]: iter 2: log 500
    t =   128.83s Tap "Log 500 Steps" Other
    t =   128.83s     Wait for com.nstudio.expobenchmark to idle
    t =   128.83s     Find the "Log 500 Steps" Other
    t =   128.85s     Check for interrupting elements affecting "Log 500 Steps" Other
    t =   128.87s     Synthesize event
    t =   129.17s     Wait for com.nstudio.expobenchmark to idle
    t =   129.18s Checking existence of `"Sat Aug 1 — 33,000 steps (today)" StaticText`
    t =   129.20s Find the "Sat Aug 1 — 33,000 steps (today)" StaticText
    t =   129.21s Checking existence of `"Sat Aug 1 — 33,500 steps (today)" StaticText`
STEP[129s]: iter 2: go home
    t =   129.22s Checking existence of `"Transcribe" Button`
    t =   129.24s Checking existence of `"Health" Button`
    t =   129.25s Checking existence of `Any (First Match)`
    t =   129.27s Checking existence of `Button (Element at index 0)`
    t =   129.28s Find the Button (Element at index 0)
STEP[129s]: goHome: tapping candidate 0
    t =   129.30s Tap "BackButton" Button
    t =   129.30s     Wait for com.nstudio.expobenchmark to idle
    t =   129.30s     Find the "BackButton" Button
    t =   129.32s     Check for interrupting elements affecting "BackButton" Button
    t =   129.33s     Synthesize event
    t =   129.63s     Wait for com.nstudio.expobenchmark to idle
    t =   129.93s Checking existence of `"Transcribe" Button`
    t =   129.94s Waiting 3.0s for Any (First Match) to exist
    t =   131.01s     Checking `Expect predicate `existsNoRetry == 1` for object Any (First Match)`
    t =   131.01s         Checking existence of `Any (First Match)`
STEP[131s]: iter 2: nav Transcribe
    t =   131.03s Checking existence of `"Transcribe" Button`
    t =   131.04s Tap Any (First Match)
    t =   131.04s     Wait for com.nstudio.expobenchmark to idle
    t =   131.04s     Find the Any (First Match)
    t =   131.05s     Check for interrupting elements affecting "Transcribe" Other
    t =   131.08s     Synthesize event
    t =   131.37s     Wait for com.nstudio.expobenchmark to idle
    t =   132.17s Waiting 10.0s for Any (First Match) to exist
    t =   133.25s     Checking `Expect predicate `existsNoRetry == 1` for object Any (First Match)`
    t =   133.25s         Checking existence of `Any (First Match)`
    t =   133.27s Checking existence of `Any (First Match)`
    t =   133.29s Find the Any (First Match)
    t =   133.30s Checking existence of `"Speech access: granted" StaticText`
    t =   133.31s Find the "Speech access: granted" StaticText
    t =   133.32s Checking existence of `"Transcribe Sample" Button`
    t =   133.33s Checking existence of `Any (First Match)`
    t =   133.34s Find the Any (First Match)
STEP[133s]: iter 2: transcribe
    t =   133.36s Tap "Transcribe Sample" Other
    t =   133.36s     Wait for com.nstudio.expobenchmark to idle
    t =   133.36s     Find the "Transcribe Sample" Other
    t =   133.37s     Check for interrupting elements affecting "Transcribe Sample" Other
    t =   133.40s     Synthesize event
    t =   133.69s     Wait for com.nstudio.expobenchmark to idle
    t =   133.69s Waiting 45.0s for Any (First Match) to exist
    t =   134.75s     Checking `Expect predicate `existsNoRetry == 1` for object Any (First Match)`
    t =   134.75s         Checking existence of `Any (First Match)`
    t =   134.77s         Capturing element debug description
    t =   135.73s     Checking `Expect predicate `existsNoRetry == 1` for object Any (First Match)`
    t =   135.74s         Checking existence of `Any (First Match)`
    t =   135.76s         Capturing element debug description
    t =   136.71s     Checking `Expect predicate `existsNoRetry == 1` for object Any (First Match)`
    t =   136.71s         Checking existence of `Any (First Match)`
    t =   136.74s         Capturing element debug description
    t =   137.69s     Checking `Expect predicate `existsNoRetry == 1` for object Any (First Match)`
    t =   137.69s         Checking existence of `Any (First Match)`
    t =   137.72s         Capturing element debug description
    t =   138.78s     Checking `Expect predicate `existsNoRetry == 1` for object Any (First Match)`
    t =   138.78s         Checking existence of `Any (First Match)`
    t =   138.81s         Capturing element debug description
    t =   139.76s     Checking `Expect predicate `existsNoRetry == 1` for object Any (First Match)`
    t =   139.76s         Checking existence of `Any (First Match)`
    t =   139.78s         Capturing element debug description
    t =   140.74s     Checking `Expect predicate `existsNoRetry == 1` for object Any (First Match)`
    t =   140.74s         Checking existence of `Any (First Match)`
    t =   140.76s         Capturing element debug description
    t =   141.71s     Checking `Expect predicate `existsNoRetry == 1` for object Any (First Match)`
    t =   141.71s         Checking existence of `Any (First Match)`
    t =   141.74s         Capturing element debug description
    t =   142.70s     Checking `Expect predicate `existsNoRetry == 1` for object Any (First Match)`
    t =   142.70s         Checking existence of `Any (First Match)`
    t =   142.73s         Capturing element debug description
    t =   143.79s     Checking `Expect predicate `existsNoRetry == 1` for object Any (First Match)`
    t =   143.79s         Checking existence of `Any (First Match)`
    t =   143.81s         Capturing element debug description
    t =   144.76s     Checking `Expect predicate `existsNoRetry == 1` for object Any (First Match)`
    t =   144.76s         Checking existence of `Any (First Match)`
    t =   144.79s         Capturing element debug description
    t =   145.75s     Checking `Expect predicate `existsNoRetry == 1` for object Any (First Match)`
    t =   145.75s         Checking existence of `Any (First Match)`
    t =   145.77s         Capturing element debug description
    t =   146.73s     Checking `Expect predicate `existsNoRetry == 1` for object Any (First Match)`
    t =   146.73s         Checking existence of `Any (First Match)`
    t =   146.76s         Capturing element debug description
    t =   147.72s     Checking `Expect predicate `existsNoRetry == 1` for object Any (First Match)`
    t =   147.72s         Checking existence of `Any (First Match)`
    t =   147.74s         Capturing element debug description
    t =   148.70s     Checking `Expect predicate `existsNoRetry == 1` for object Any (First Match)`
    t =   148.71s         Checking existence of `Any (First Match)`
    t =   148.73s         Capturing element debug description
    t =   149.70s     Checking `Expect predicate `existsNoRetry == 1` for object Any (First Match)`
    t =   149.70s         Checking existence of `Any (First Match)`
    t =   149.73s         Capturing element debug description
    t =   150.70s     Checking `Expect predicate `existsNoRetry == 1` for object Any (First Match)`
    t =   150.70s         Checking existence of `Any (First Match)`
    t =   150.71s         Capturing element debug description
    t =   151.77s     Checking `Expect predicate `existsNoRetry == 1` for object Any (First Match)`
    t =   151.78s         Checking existence of `Any (First Match)`
    t =   151.80s         Capturing element debug description
    t =   152.77s     Checking `Expect predicate `existsNoRetry == 1` for object Any (First Match)`
    t =   152.77s         Checking existence of `Any (First Match)`
    t =   152.80s         Capturing element debug description
    t =   153.76s     Checking `Expect predicate `existsNoRetry == 1` for object Any (First Match)`
    t =   153.76s         Checking existence of `Any (First Match)`
    t =   153.79s         Capturing element debug description
    t =   154.75s     Checking `Expect predicate `existsNoRetry == 1` for object Any (First Match)`
    t =   154.75s         Checking existence of `Any (First Match)`
    t =   154.78s         Capturing element debug description
    t =   155.74s     Checking `Expect predicate `existsNoRetry == 1` for object Any (First Match)`
    t =   155.74s         Checking existence of `Any (First Match)`
    t =   155.77s         Capturing element debug description
    t =   156.73s     Checking `Expect predicate `existsNoRetry == 1` for object Any (First Match)`
    t =   156.73s         Checking existence of `Any (First Match)`
    t =   156.75s         Capturing element debug description
    t =   157.72s     Checking `Expect predicate `existsNoRetry == 1` for object Any (First Match)`
    t =   157.72s         Checking existence of `Any (First Match)`
    t =   157.74s         Capturing element debug description
    t =   158.70s     Checking `Expect predicate `existsNoRetry == 1` for object Any (First Match)`
    t =   158.71s         Checking existence of `Any (First Match)`
    t =   158.73s         Capturing element debug description
    t =   159.76s     Checking `Expect predicate `existsNoRetry == 1` for object Any (First Match)`
    t =   159.76s         Checking existence of `Any (First Match)`
    t =   159.78s         Capturing element debug description
    t =   160.73s     Checking `Expect predicate `existsNoRetry == 1` for object Any (First Match)`
    t =   160.73s         Checking existence of `Any (First Match)`
    t =   160.76s         Capturing element debug description
    t =   161.71s     Checking `Expect predicate `existsNoRetry == 1` for object Any (First Match)`
    t =   161.71s         Checking existence of `Any (First Match)`
    t =   161.74s         Capturing element debug description
    t =   162.71s     Checking `Expect predicate `existsNoRetry == 1` for object Any (First Match)`
    t =   162.71s         Checking existence of `Any (First Match)`
    t =   162.74s         Capturing element debug description
    t =   163.70s     Checking `Expect predicate `existsNoRetry == 1` for object Any (First Match)`
    t =   163.70s         Checking existence of `Any (First Match)`
    t =   163.72s         Capturing element debug description
    t =   164.79s     Checking `Expect predicate `existsNoRetry == 1` for object Any (First Match)`
    t =   164.79s         Checking existence of `Any (First Match)`
    t =   164.81s         Capturing element debug description
    t =   165.77s     Checking `Expect predicate `existsNoRetry == 1` for object Any (First Match)`
    t =   165.77s         Checking existence of `Any (First Match)`
    t =   165.80s         Capturing element debug description
    t =   166.76s     Checking `Expect predicate `existsNoRetry == 1` for object Any (First Match)`
    t =   166.76s         Checking existence of `Any (First Match)`
    t =   166.78s         Capturing element debug description
    t =   167.74s     Checking `Expect predicate `existsNoRetry == 1` for object Any (First Match)`
    t =   167.74s         Checking existence of `Any (First Match)`
    t =   167.76s         Capturing element debug description
    t =   168.73s     Checking `Expect predicate `existsNoRetry == 1` for object Any (First Match)`
    t =   168.73s         Checking existence of `Any (First Match)`
    t =   168.75s         Capturing element debug description
    t =   169.71s     Checking `Expect predicate `existsNoRetry == 1` for object Any (First Match)`
    t =   169.71s         Checking existence of `Any (First Match)`
    t =   169.74s         Capturing element debug description
    t =   170.70s     Checking `Expect predicate `existsNoRetry == 1` for object Any (First Match)`
    t =   170.70s         Checking existence of `Any (First Match)`
    t =   170.73s         Capturing element debug description
    t =   171.70s     Checking `Expect predicate `existsNoRetry == 1` for object Any (First Match)`
    t =   171.70s         Checking existence of `Any (First Match)`
    t =   171.72s         Capturing element debug description
    t =   172.69s     Checking `Expect predicate `existsNoRetry == 1` for object Any (First Match)`
    t =   172.69s         Checking existence of `Any (First Match)`
    t =   172.72s         Capturing element debug description
    t =   173.78s     Checking `Expect predicate `existsNoRetry == 1` for object Any (First Match)`
    t =   173.79s         Checking existence of `Any (First Match)`
    t =   173.81s         Capturing element debug description
    t =   174.77s     Checking `Expect predicate `existsNoRetry == 1` for object Any (First Match)`
    t =   174.77s         Checking existence of `Any (First Match)`
    t =   174.80s         Capturing element debug description
    t =   175.77s     Checking `Expect predicate `existsNoRetry == 1` for object Any (First Match)`
    t =   175.77s         Checking existence of `Any (First Match)`
    t =   175.79s         Capturing element debug description
    t =   176.76s     Checking `Expect predicate `existsNoRetry == 1` for object Any (First Match)`
    t =   176.76s         Checking existence of `Any (First Match)`
    t =   176.79s         Capturing element debug description
    t =   177.75s     Checking `Expect predicate `existsNoRetry == 1` for object Any (First Match)`
    t =   177.75s         Checking existence of `Any (First Match)`
    t =   177.77s         Capturing element debug description
    t =   178.71s     Checking `Expect predicate `existsNoRetry == 1` for object Any (First Match)`
    t =   178.71s         Checking existence of `Any (First Match)`
    t =   178.74s         Capturing element debug description
    t =   178.74s     Checking existence of `Any (First Match)`
    t =   178.75s Collecting debug information to assist test failure triage
    t =   178.75s     Requesting snapshot of accessibility hierarchy for app with pid 47061
    t =   178.78s Checking existence of `Any (First Match)`
    t =   178.79s Checking existence of `Any (First Match)`
    t =   178.80s Checking existence of `Any (First Match)`
STEP[178s]: iter 2: done
    t =   178.81s Terminate com.nstudio.expobenchmark:47061
PERFJSON:{"bundle_id":"com.nstudio.expobenchmark","runs":[{"health_granted":true,"nav_health_ms":2242,"iter":0,"hk_log_roundtrip_ms":395,"speech_granted":true,"speech_state":"unknown: ","hk_rows_ms":1099,"nav_transcribe_ms":2224},{"hk_rows_ms":1080,"nav_health_ms":2222,"health_granted":true,"nav_transcribe_ms":2224,"speech_granted":true,"iter":1,"hk_log_roundtrip_ms":396,"speech_state":"unknown: "},{"iter":2,"speech_granted":true,"nav_transcribe_ms":2243,"speech_state":"unknown: ","nav_health_ms":2252,"health_granted":true,"hk_rows_ms":1084,"hk_log_roundtrip_ms":394}]}
    t =   179.91s Tear Down
Test Case '-[UIDriverUITests.FeatureLatencyTests testFeatureLatencies]' passed (180.036 seconds).
Test Suite 'FeatureLatencyTests' passed at 2026-08-01 20:52:26.494.
	 Executed 1 test, with 0 failures (0 unexpected) in 180.036 (180.038) seconds
Test Suite 'InteropCaptureTests' started at 2026-08-01 20:52:26.496.
Test Case '-[UIDriverUITests.InteropCaptureTests testCaptureInteropResults]' started.
    t =     0.00s Start Test at 2026-08-01 20:52:26.497
    t =     0.01s Set Up
    t =     0.01s Open com.nstudio.expobenchmark
    t =     0.02s     Launch com.nstudio.expobenchmark
    t =     0.12s         Setting up automation session
    t =     0.65s         Wait for com.nstudio.expobenchmark to idle
    t =     1.77s Waiting 240.0s for Any (First Match) to exist
    t =     2.83s     Checking `Expect predicate `existsNoRetry == 1` for object Any (First Match)`
    t =     2.83s         Checking existence of `Any (First Match)`
    t =     2.85s         Capturing element debug description
    t =     3.81s     Checking `Expect predicate `existsNoRetry == 1` for object Any (First Match)`
    t =     3.81s         Checking existence of `Any (First Match)`
    t =     3.83s         Capturing element debug description
    t =     4.79s     Checking `Expect predicate `existsNoRetry == 1` for object Any (First Match)`
    t =     4.79s         Checking existence of `Any (First Match)`
    t =     4.81s         Capturing element debug description
    t =     5.77s     Checking `Expect predicate `existsNoRetry == 1` for object Any (First Match)`
    t =     5.77s         Checking existence of `Any (First Match)`
    t =     5.79s         Capturing element debug description
    t =     6.85s     Checking `Expect predicate `existsNoRetry == 1` for object Any (First Match)`
    t =     6.85s         Checking existence of `Any (First Match)`
    t =     6.87s         Capturing element debug description
    t =     7.83s     Checking `Expect predicate `existsNoRetry == 1` for object Any (First Match)`
    t =     7.83s         Checking existence of `Any (First Match)`
    t =     7.85s         Capturing element debug description
    t =     8.81s     Checking `Expect predicate `existsNoRetry == 1` for object Any (First Match)`
    t =     8.81s         Checking existence of `Any (First Match)`
    t =     8.83s         Capturing element debug description
    t =     9.77s     Checking `Expect predicate `existsNoRetry == 1` for object Any (First Match)`
    t =     9.77s         Checking existence of `Any (First Match)`
    t =     9.79s         Capturing element debug description
    t =    10.84s     Checking `Expect predicate `existsNoRetry == 1` for object Any (First Match)`
    t =    10.85s         Checking existence of `Any (First Match)`
    t =    10.86s         Capturing element debug description
    t =    11.81s     Checking `Expect predicate `existsNoRetry == 1` for object Any (First Match)`
    t =    11.81s         Checking existence of `Any (First Match)`
    t =    11.83s         Capturing element debug description
    t =    12.79s     Checking `Expect predicate `existsNoRetry == 1` for object Any (First Match)`
    t =    12.79s         Checking existence of `Any (First Match)`
    t =    12.81s         Capturing element debug description
    t =    13.86s     Checking `Expect predicate `existsNoRetry == 1` for object Any (First Match)`
    t =    13.87s         Checking existence of `Any (First Match)`
    t =    13.88s         Capturing element debug description
    t =    14.82s     Checking `Expect predicate `existsNoRetry == 1` for object Any (First Match)`
    t =    14.82s         Checking existence of `Any (First Match)`
    t =    14.84s         Capturing element debug description
    t =    15.80s     Checking `Expect predicate `existsNoRetry == 1` for object Any (First Match)`
    t =    15.80s         Checking existence of `Any (First Match)`
    t =    15.82s         Capturing element debug description
    t =    16.78s     Checking `Expect predicate `existsNoRetry == 1` for object Any (First Match)`
    t =    16.78s         Checking existence of `Any (First Match)`
    t =    16.80s         Capturing element debug description
    t =    17.77s     Checking `Expect predicate `existsNoRetry == 1` for object Any (First Match)`
    t =    17.77s         Checking existence of `Any (First Match)`
    t =    17.79s         Capturing element debug description
    t =    18.85s     Checking `Expect predicate `existsNoRetry == 1` for object Any (First Match)`
    t =    18.85s         Checking existence of `Any (First Match)`
    t =    18.87s         Capturing element debug description
    t =    19.83s     Checking `Expect predicate `existsNoRetry == 1` for object Any (First Match)`
    t =    19.83s         Checking existence of `Any (First Match)`
    t =    19.84s         Capturing element debug description
    t =    20.81s     Checking `Expect predicate `existsNoRetry == 1` for object Any (First Match)`
    t =    20.81s         Checking existence of `Any (First Match)`
    t =    20.83s         Capturing element debug description
    t =    21.79s     Checking `Expect predicate `existsNoRetry == 1` for object Any (First Match)`
    t =    21.79s         Checking existence of `Any (First Match)`
    t =    21.80s         Capturing element debug description
    t =    22.86s     Checking `Expect predicate `existsNoRetry == 1` for object Any (First Match)`
    t =    22.87s         Checking existence of `Any (First Match)`
    t =    22.88s         Capturing element debug description
    t =    23.84s     Checking `Expect predicate `existsNoRetry == 1` for object Any (First Match)`
    t =    23.84s         Checking existence of `Any (First Match)`
    t =    23.86s         Capturing element debug description
    t =    24.82s     Checking `Expect predicate `existsNoRetry == 1` for object Any (First Match)`
    t =    24.82s         Checking existence of `Any (First Match)`
    t =    24.84s         Capturing element debug description
    t =    25.80s     Checking `Expect predicate `existsNoRetry == 1` for object Any (First Match)`
    t =    25.80s         Checking existence of `Any (First Match)`
    t =    25.82s         Capturing element debug description
    t =    26.78s     Checking `Expect predicate `existsNoRetry == 1` for object Any (First Match)`
    t =    26.78s         Checking existence of `Any (First Match)`
    t =    26.80s         Capturing element debug description
    t =    27.86s     Checking `Expect predicate `existsNoRetry == 1` for object Any (First Match)`
    t =    27.87s         Checking existence of `Any (First Match)`
    t =    27.88s         Capturing element debug description
    t =    28.84s     Checking `Expect predicate `existsNoRetry == 1` for object Any (First Match)`
    t =    28.84s         Checking existence of `Any (First Match)`
    t =    28.86s         Capturing element debug description
    t =    29.81s     Checking `Expect predicate `existsNoRetry == 1` for object Any (First Match)`
    t =    29.81s         Checking existence of `Any (First Match)`
    t =    29.83s         Capturing element debug description
    t =    30.79s     Checking `Expect predicate `existsNoRetry == 1` for object Any (First Match)`
    t =    30.79s         Checking existence of `Any (First Match)`
    t =    30.81s         Capturing element debug description
    t =    31.77s     Checking `Expect predicate `existsNoRetry == 1` for object Any (First Match)`
    t =    31.78s         Checking existence of `Any (First Match)`
    t =    31.79s         Capturing element debug description
    t =    32.77s     Checking `Expect predicate `existsNoRetry == 1` for object Any (First Match)`
    t =    32.77s         Checking existence of `Any (First Match)`
    t =    32.79s         Capturing element debug description
    t =    33.86s     Checking `Expect predicate `existsNoRetry == 1` for object Any (First Match)`
    t =    33.87s         Checking existence of `Any (First Match)`
    t =    33.88s         Capturing element debug description
    t =    34.84s     Checking `Expect predicate `existsNoRetry == 1` for object Any (First Match)`
    t =    34.84s         Checking existence of `Any (First Match)`
    t =    34.86s         Capturing element debug description
    t =    35.82s     Checking `Expect predicate `existsNoRetry == 1` for object Any (First Match)`
    t =    35.82s         Checking existence of `Any (First Match)`
    t =    35.84s         Capturing element debug description
    t =    36.80s     Checking `Expect predicate `existsNoRetry == 1` for object Any (First Match)`
    t =    36.80s         Checking existence of `Any (First Match)`
    t =    36.82s         Capturing element debug description
    t =    37.79s     Checking `Expect predicate `existsNoRetry == 1` for object Any (First Match)`
    t =    37.79s         Checking existence of `Any (First Match)`
    t =    37.80s         Capturing element debug description
    t =    38.77s     Checking `Expect predicate `existsNoRetry == 1` for object Any (First Match)`
    t =    38.77s         Checking existence of `Any (First Match)`
    t =    38.79s         Capturing element debug description
    t =    39.86s     Checking `Expect predicate `existsNoRetry == 1` for object Any (First Match)`
    t =    39.86s         Checking existence of `Any (First Match)`
    t =    39.88s         Capturing element debug description
    t =    40.84s     Checking `Expect predicate `existsNoRetry == 1` for object Any (First Match)`
    t =    40.84s         Checking existence of `Any (First Match)`
    t =    40.86s         Capturing element debug description
    t =    41.82s     Checking `Expect predicate `existsNoRetry == 1` for object Any (First Match)`
    t =    41.82s         Checking existence of `Any (First Match)`
    t =    41.84s         Capturing element debug description
    t =    42.79s     Checking `Expect predicate `existsNoRetry == 1` for object Any (First Match)`
    t =    42.79s         Checking existence of `Any (First Match)`
    t =    42.81s         Capturing element debug description
    t =    43.78s     Checking `Expect predicate `existsNoRetry == 1` for object Any (First Match)`
    t =    43.78s         Checking existence of `Any (First Match)`
    t =    43.80s         Capturing element debug description
    t =    44.77s     Checking `Expect predicate `existsNoRetry == 1` for object Any (First Match)`
    t =    44.77s         Checking existence of `Any (First Match)`
    t =    44.79s         Capturing element debug description
    t =    45.86s     Checking `Expect predicate `existsNoRetry == 1` for object Any (First Match)`
    t =    45.87s         Checking existence of `Any (First Match)`
    t =    45.88s         Capturing element debug description
    t =    46.84s     Checking `Expect predicate `existsNoRetry == 1` for object Any (First Match)`
    t =    46.85s         Checking existence of `Any (First Match)`
    t =    46.86s         Capturing element debug description
    t =    47.83s     Checking `Expect predicate `existsNoRetry == 1` for object Any (First Match)`
    t =    47.83s         Checking existence of `Any (First Match)`
    t =    47.84s         Capturing element debug description
    t =    48.80s     Checking `Expect predicate `existsNoRetry == 1` for object Any (First Match)`
    t =    48.80s         Checking existence of `Any (First Match)`
    t =    48.82s         Capturing element debug description
    t =    49.78s     Checking `Expect predicate `existsNoRetry == 1` for object Any (First Match)`
    t =    49.78s         Checking existence of `Any (First Match)`
    t =    49.80s         Capturing element debug description
    t =    50.77s     Checking `Expect predicate `existsNoRetry == 1` for object Any (First Match)`
    t =    50.77s         Checking existence of `Any (First Match)`
    t =    50.79s         Capturing element debug description
    t =    51.86s     Checking `Expect predicate `existsNoRetry == 1` for object Any (First Match)`
    t =    51.86s         Checking existence of `Any (First Match)`
    t =    51.87s         Capturing element debug description
    t =    52.83s     Checking `Expect predicate `existsNoRetry == 1` for object Any (First Match)`
    t =    52.83s         Checking existence of `Any (First Match)`
    t =    52.85s         Capturing element debug description
    t =    53.81s     Checking `Expect predicate `existsNoRetry == 1` for object Any (First Match)`
    t =    53.81s         Checking existence of `Any (First Match)`
    t =    53.83s         Capturing element debug description
    t =    54.79s     Checking `Expect predicate `existsNoRetry == 1` for object Any (First Match)`
    t =    54.79s         Checking existence of `Any (First Match)`
    t =    54.81s         Capturing element debug description
    t =    55.78s     Checking `Expect predicate `existsNoRetry == 1` for object Any (First Match)`
    t =    55.78s         Checking existence of `Any (First Match)`
    t =    55.80s         Capturing element debug description
    t =    56.77s     Checking `Expect predicate `existsNoRetry == 1` for object Any (First Match)`
    t =    56.77s         Checking existence of `Any (First Match)`
    t =    56.79s         Capturing element debug description
    t =    57.86s     Checking `Expect predicate `existsNoRetry == 1` for object Any (First Match)`
    t =    57.86s         Checking existence of `Any (First Match)`
    t =    57.88s         Capturing element debug description
    t =    58.84s     Checking `Expect predicate `existsNoRetry == 1` for object Any (First Match)`
    t =    58.84s         Checking existence of `Any (First Match)`
    t =    58.86s         Capturing element debug description
    t =    59.81s     Checking `Expect predicate `existsNoRetry == 1` for object Any (First Match)`
    t =    59.82s         Checking existence of `Any (First Match)`
    t =    59.83s         Capturing element debug description
    t =    60.78s     Checking `Expect predicate `existsNoRetry == 1` for object Any (First Match)`
    t =    60.78s         Checking existence of `Any (First Match)`
    t =    60.80s         Capturing element debug description
    t =    61.77s     Checking `Expect predicate `existsNoRetry == 1` for object Any (First Match)`
    t =    61.77s         Checking existence of `Any (First Match)`
    t =    61.78s         Capturing element debug description
    t =    62.84s     Checking `Expect predicate `existsNoRetry == 1` for object Any (First Match)`
    t =    62.85s         Checking existence of `Any (First Match)`
    t =    62.86s         Capturing element debug description
    t =    63.82s     Checking `Expect predicate `existsNoRetry == 1` for object Any (First Match)`
    t =    63.82s         Checking existence of `Any (First Match)`
    t =    63.84s         Capturing element debug description
    t =    64.79s     Checking `Expect predicate `existsNoRetry == 1` for object Any (First Match)`
    t =    64.79s         Checking existence of `Any (First Match)`
    t =    64.81s         Capturing element debug description
    t =    65.77s     Checking `Expect predicate `existsNoRetry == 1` for object Any (First Match)`
    t =    65.77s         Checking existence of `Any (First Match)`
    t =    65.79s         Capturing element debug description
    t =    66.86s     Checking `Expect predicate `existsNoRetry == 1` for object Any (First Match)`
    t =    66.87s         Checking existence of `Any (First Match)`
    t =    66.88s         Capturing element debug description
    t =    67.84s     Checking `Expect predicate `existsNoRetry == 1` for object Any (First Match)`
    t =    67.85s         Checking existence of `Any (First Match)`
    t =    67.86s         Capturing element debug description
    t =    68.82s     Checking `Expect predicate `existsNoRetry == 1` for object Any (First Match)`
    t =    68.82s         Checking existence of `Any (First Match)`
    t =    68.84s         Capturing element debug description
    t =    69.80s     Checking `Expect predicate `existsNoRetry == 1` for object Any (First Match)`
    t =    69.80s         Checking existence of `Any (First Match)`
    t =    69.82s         Capturing element debug description
    t =    70.78s     Checking `Expect predicate `existsNoRetry == 1` for object Any (First Match)`
    t =    70.78s         Checking existence of `Any (First Match)`
    t =    70.80s         Capturing element debug description
    t =    71.77s     Checking `Expect predicate `existsNoRetry == 1` for object Any (First Match)`
    t =    71.77s         Checking existence of `Any (First Match)`
    t =    71.79s         Capturing element debug description
    t =    72.86s     Checking `Expect predicate `existsNoRetry == 1` for object Any (First Match)`
    t =    72.86s         Checking existence of `Any (First Match)`
    t =    72.87s         Capturing element debug description
    t =    73.83s     Checking `Expect predicate `existsNoRetry == 1` for object Any (First Match)`
    t =    73.83s         Checking existence of `Any (First Match)`
    t =    73.85s         Capturing element debug description
    t =    74.81s     Checking `Expect predicate `existsNoRetry == 1` for object Any (First Match)`
    t =    74.82s         Checking existence of `Any (First Match)`
    t =    74.83s         Capturing element debug description
    t =    75.79s     Checking `Expect predicate `existsNoRetry == 1` for object Any (First Match)`
    t =    75.79s         Checking existence of `Any (First Match)`
    t =    75.81s         Capturing element debug description
    t =    76.78s     Checking `Expect predicate `existsNoRetry == 1` for object Any (First Match)`
    t =    76.78s         Checking existence of `Any (First Match)`
    t =    76.80s         Capturing element debug description
    t =    77.77s     Checking `Expect predicate `existsNoRetry == 1` for object Any (First Match)`
    t =    77.77s         Checking existence of `Any (First Match)`
    t =    77.79s         Capturing element debug description
    t =    78.86s     Checking `Expect predicate `existsNoRetry == 1` for object Any (First Match)`
    t =    78.86s         Checking existence of `Any (First Match)`
    t =    78.88s         Capturing element debug description
    t =    79.84s     Checking `Expect predicate `existsNoRetry == 1` for object Any (First Match)`
    t =    79.84s         Checking existence of `Any (First Match)`
    t =    79.85s         Capturing element debug description
    t =    80.81s     Checking `Expect predicate `existsNoRetry == 1` for object Any (First Match)`
    t =    80.82s         Checking existence of `Any (First Match)`
    t =    80.83s         Capturing element debug description
    t =    81.79s     Checking `Expect predicate `existsNoRetry == 1` for object Any (First Match)`
    t =    81.79s         Checking existence of `Any (First Match)`
    t =    81.81s         Capturing element debug description
    t =    82.78s     Checking `Expect predicate `existsNoRetry == 1` for object Any (First Match)`
    t =    82.78s         Checking existence of `Any (First Match)`
    t =    82.80s         Capturing element debug description
    t =    83.86s     Checking `Expect predicate `existsNoRetry == 1` for object Any (First Match)`
    t =    83.87s         Checking existence of `Any (First Match)`
    t =    83.88s         Capturing element debug description
    t =    84.84s     Checking `Expect predicate `existsNoRetry == 1` for object Any (First Match)`
    t =    84.84s         Checking existence of `Any (First Match)`
    t =    84.87s         Capturing element debug description
    t =    85.83s     Checking `Expect predicate `existsNoRetry == 1` for object Any (First Match)`
    t =    85.83s         Checking existence of `Any (First Match)`
    t =    85.84s         Capturing element debug description
    t =    86.80s     Checking `Expect predicate `existsNoRetry == 1` for object Any (First Match)`
    t =    86.80s         Checking existence of `Any (First Match)`
    t =    86.82s         Capturing element debug description
    t =    87.78s     Checking `Expect predicate `existsNoRetry == 1` for object Any (First Match)`
    t =    87.78s         Checking existence of `Any (First Match)`
    t =    87.80s         Capturing element debug description
    t =    88.77s     Checking `Expect predicate `existsNoRetry == 1` for object Any (First Match)`
    t =    88.77s         Checking existence of `Any (First Match)`
    t =    88.79s         Capturing element debug description
    t =    89.86s     Checking `Expect predicate `existsNoRetry == 1` for object Any (First Match)`
    t =    89.86s         Checking existence of `Any (First Match)`
    t =    89.87s         Capturing element debug description
    t =    90.83s     Checking `Expect predicate `existsNoRetry == 1` for object Any (First Match)`
    t =    90.83s         Checking existence of `Any (First Match)`
    t =    90.85s         Capturing element debug description
    t =    91.81s     Checking `Expect predicate `existsNoRetry == 1` for object Any (First Match)`
    t =    91.81s         Checking existence of `Any (First Match)`
    t =    91.83s         Capturing element debug description
    t =    92.79s     Checking `Expect predicate `existsNoRetry == 1` for object Any (First Match)`
    t =    92.79s         Checking existence of `Any (First Match)`
    t =    92.80s         Capturing element debug description
    t =    93.77s     Checking `Expect predicate `existsNoRetry == 1` for object Any (First Match)`
    t =    93.77s         Checking existence of `Any (First Match)`
    t =    93.79s         Capturing element debug description
    t =    94.86s     Checking `Expect predicate `existsNoRetry == 1` for object Any (First Match)`
    t =    94.86s         Checking existence of `Any (First Match)`
    t =    94.88s         Capturing element debug description
    t =    95.84s     Checking `Expect predicate `existsNoRetry == 1` for object Any (First Match)`
    t =    95.85s         Checking existence of `Any (First Match)`
    t =    95.86s         Capturing element debug description
    t =    96.82s     Checking `Expect predicate `existsNoRetry == 1` for object Any (First Match)`
    t =    96.82s         Checking existence of `Any (First Match)`
    t =    96.84s         Capturing element debug description
    t =    97.80s     Checking `Expect predicate `existsNoRetry == 1` for object Any (First Match)`
    t =    97.80s         Checking existence of `Any (First Match)`
    t =    97.82s         Capturing element debug description
    t =    98.78s     Checking `Expect predicate `existsNoRetry == 1` for object Any (First Match)`
    t =    98.78s         Checking existence of `Any (First Match)`
    t =    98.80s         Capturing element debug description
    t =    99.86s     Checking `Expect predicate `existsNoRetry == 1` for object Any (First Match)`
    t =    99.87s         Checking existence of `Any (First Match)`
    t =    99.88s         Capturing element debug description
    t =   100.84s     Checking `Expect predicate `existsNoRetry == 1` for object Any (First Match)`
    t =   100.84s         Checking existence of `Any (First Match)`
    t =   100.86s         Capturing element debug description
    t =   101.82s     Checking `Expect predicate `existsNoRetry == 1` for object Any (First Match)`
    t =   101.82s         Checking existence of `Any (First Match)`
    t =   101.84s         Capturing element debug description
    t =   102.80s     Checking `Expect predicate `existsNoRetry == 1` for object Any (First Match)`
    t =   102.80s         Checking existence of `Any (First Match)`
    t =   102.82s         Capturing element debug description
    t =   103.78s     Checking `Expect predicate `existsNoRetry == 1` for object Any (First Match)`
    t =   103.78s         Checking existence of `Any (First Match)`
    t =   103.80s         Capturing element debug description
    t =   104.77s     Checking `Expect predicate `existsNoRetry == 1` for object Any (First Match)`
    t =   104.77s         Checking existence of `Any (First Match)`
    t =   104.79s         Capturing element debug description
    t =   105.86s     Checking `Expect predicate `existsNoRetry == 1` for object Any (First Match)`
    t =   105.86s         Checking existence of `Any (First Match)`
    t =   105.88s         Capturing element debug description
    t =   106.84s     Checking `Expect predicate `existsNoRetry == 1` for object Any (First Match)`
    t =   106.84s         Checking existence of `Any (First Match)`
    t =   106.86s         Capturing element debug description
    t =   107.82s     Checking `Expect predicate `existsNoRetry == 1` for object Any (First Match)`
    t =   107.82s         Checking existence of `Any (First Match)`
    t =   107.84s         Capturing element debug description
    t =   108.80s     Checking `Expect predicate `existsNoRetry == 1` for object Any (First Match)`
    t =   108.80s         Checking existence of `Any (First Match)`
    t =   108.82s         Capturing element debug description
    t =   109.78s     Checking `Expect predicate `existsNoRetry == 1` for object Any (First Match)`
    t =   109.78s         Checking existence of `Any (First Match)`
    t =   109.80s         Capturing element debug description
    t =   110.86s     Checking `Expect predicate `existsNoRetry == 1` for object Any (First Match)`
    t =   110.87s         Checking existence of `Any (First Match)`
    t =   110.88s         Capturing element debug description
    t =   111.84s     Checking `Expect predicate `existsNoRetry == 1` for object Any (First Match)`
    t =   111.85s         Checking existence of `Any (First Match)`
    t =   111.87s         Capturing element debug description
    t =   112.83s     Checking `Expect predicate `existsNoRetry == 1` for object Any (First Match)`
    t =   112.83s         Checking existence of `Any (First Match)`
    t =   112.85s         Capturing element debug description
    t =   113.81s     Checking `Expect predicate `existsNoRetry == 1` for object Any (First Match)`
    t =   113.81s         Checking existence of `Any (First Match)`
    t =   113.83s         Capturing element debug description
    t =   114.79s     Checking `Expect predicate `existsNoRetry == 1` for object Any (First Match)`
    t =   114.79s         Checking existence of `Any (First Match)`
    t =   114.81s         Capturing element debug description
    t =   115.77s     Checking `Expect predicate `existsNoRetry == 1` for object Any (First Match)`
    t =   115.77s         Checking existence of `Any (First Match)`
    t =   115.79s         Capturing element debug description
    t =   116.86s     Checking `Expect predicate `existsNoRetry == 1` for object Any (First Match)`
    t =   116.86s         Checking existence of `Any (First Match)`
    t =   116.88s         Capturing element debug description
    t =   117.84s     Checking `Expect predicate `existsNoRetry == 1` for object Any (First Match)`
    t =   117.84s         Checking existence of `Any (First Match)`
    t =   117.86s         Capturing element debug description
    t =   118.82s     Checking `Expect predicate `existsNoRetry == 1` for object Any (First Match)`
    t =   118.82s         Checking existence of `Any (First Match)`
    t =   118.84s         Capturing element debug description
    t =   119.80s     Checking `Expect predicate `existsNoRetry == 1` for object Any (First Match)`
    t =   119.80s         Checking existence of `Any (First Match)`
    t =   119.81s         Capturing element debug description
    t =   120.78s     Checking `Expect predicate `existsNoRetry == 1` for object Any (First Match)`
    t =   120.78s         Checking existence of `Any (First Match)`
    t =   120.80s         Capturing element debug description
    t =   121.86s     Checking `Expect predicate `existsNoRetry == 1` for object Any (First Match)`
    t =   121.87s         Checking existence of `Any (First Match)`
    t =   121.88s         Capturing element debug description
    t =   122.84s     Checking `Expect predicate `existsNoRetry == 1` for object Any (First Match)`
    t =   122.84s         Checking existence of `Any (First Match)`
    t =   122.86s         Capturing element debug description
    t =   123.82s     Checking `Expect predicate `existsNoRetry == 1` for object Any (First Match)`
    t =   123.82s         Checking existence of `Any (First Match)`
    t =   123.83s         Capturing element debug description
    t =   124.79s     Checking `Expect predicate `existsNoRetry == 1` for object Any (First Match)`
    t =   124.79s         Checking existence of `Any (First Match)`
    t =   124.81s         Capturing element debug description
    t =   125.78s     Checking `Expect predicate `existsNoRetry == 1` for object Any (First Match)`
    t =   125.78s         Checking existence of `Any (First Match)`
    t =   125.80s         Capturing element debug description
    t =   126.77s     Checking `Expect predicate `existsNoRetry == 1` for object Any (First Match)`
    t =   126.77s         Checking existence of `Any (First Match)`
    t =   126.79s         Capturing element debug description
    t =   127.86s     Checking `Expect predicate `existsNoRetry == 1` for object Any (First Match)`
    t =   127.86s         Checking existence of `Any (First Match)`
    t =   127.87s         Capturing element debug description
    t =   128.83s     Checking `Expect predicate `existsNoRetry == 1` for object Any (First Match)`
    t =   128.83s         Checking existence of `Any (First Match)`
    t =   128.85s         Capturing element debug description
    t =   129.81s     Checking `Expect predicate `existsNoRetry == 1` for object Any (First Match)`
    t =   129.81s         Checking existence of `Any (First Match)`
    t =   129.83s         Capturing element debug description
    t =   130.78s     Checking `Expect predicate `existsNoRetry == 1` for object Any (First Match)`
    t =   130.79s         Checking existence of `Any (First Match)`
    t =   130.80s         Capturing element debug description
    t =   131.77s     Checking `Expect predicate `existsNoRetry == 1` for object Any (First Match)`
    t =   131.77s         Checking existence of `Any (First Match)`
    t =   131.79s         Capturing element debug description
    t =   132.86s     Checking `Expect predicate `existsNoRetry == 1` for object Any (First Match)`
    t =   132.86s         Checking existence of `Any (First Match)`
    t =   132.87s         Capturing element debug description
    t =   133.83s     Checking `Expect predicate `existsNoRetry == 1` for object Any (First Match)`
    t =   133.83s         Checking existence of `Any (First Match)`
    t =   133.84s         Capturing element debug description
    t =   134.80s     Checking `Expect predicate `existsNoRetry == 1` for object Any (First Match)`
    t =   134.80s         Checking existence of `Any (First Match)`
    t =   134.82s         Capturing element debug description
    t =   135.78s     Checking `Expect predicate `existsNoRetry == 1` for object Any (First Match)`
    t =   135.78s         Checking existence of `Any (First Match)`
    t =   135.80s         Capturing element debug description
    t =   136.77s     Checking `Expect predicate `existsNoRetry == 1` for object Any (First Match)`
    t =   136.77s         Checking existence of `Any (First Match)`
    t =   136.79s         Capturing element debug description
    t =   137.86s     Checking `Expect predicate `existsNoRetry == 1` for object Any (First Match)`
    t =   137.87s         Checking existence of `Any (First Match)`
    t =   137.88s         Capturing element debug description
    t =   138.84s     Checking `Expect predicate `existsNoRetry == 1` for object Any (First Match)`
    t =   138.85s         Checking existence of `Any (First Match)`
    t =   138.86s         Capturing element debug description
    t =   139.82s     Checking `Expect predicate `existsNoRetry == 1` for object Any (First Match)`
    t =   139.82s         Checking existence of `Any (First Match)`
    t =   139.84s         Capturing element debug description
    t =   140.80s     Checking `Expect predicate `existsNoRetry == 1` for object Any (First Match)`
    t =   140.80s         Checking existence of `Any (First Match)`
    t =   140.82s         Capturing element debug description
    t =   141.78s     Checking `Expect predicate `existsNoRetry == 1` for object Any (First Match)`
    t =   141.78s         Checking existence of `Any (First Match)`
    t =   141.80s         Capturing element debug description
    t =   142.77s     Checking `Expect predicate `existsNoRetry == 1` for object Any (First Match)`
    t =   142.77s         Checking existence of `Any (First Match)`
    t =   142.79s         Capturing element debug description
    t =   143.86s     Checking `Expect predicate `existsNoRetry == 1` for object Any (First Match)`
    t =   143.86s         Checking existence of `Any (First Match)`
    t =   143.87s         Capturing element debug description
    t =   144.84s     Checking `Expect predicate `existsNoRetry == 1` for object Any (First Match)`
    t =   144.84s         Checking existence of `Any (First Match)`
    t =   144.86s         Capturing element debug description
    t =   145.81s     Checking `Expect predicate `existsNoRetry == 1` for object Any (First Match)`
    t =   145.82s         Checking existence of `Any (First Match)`
    t =   145.83s         Capturing element debug description
    t =   146.79s     Checking `Expect predicate `existsNoRetry == 1` for object Any (First Match)`
    t =   146.79s         Checking existence of `Any (First Match)`
    t =   146.81s         Capturing element debug description
    t =   147.78s     Checking `Expect predicate `existsNoRetry == 1` for object Any (First Match)`
    t =   147.78s         Checking existence of `Any (First Match)`
    t =   147.80s         Capturing element debug description
    t =   148.77s     Checking `Expect predicate `existsNoRetry == 1` for object Any (First Match)`
    t =   148.77s         Checking existence of `Any (First Match)`
    t =   148.79s         Capturing element debug description
    t =   149.86s     Checking `Expect predicate `existsNoRetry == 1` for object Any (First Match)`
    t =   149.86s         Checking existence of `Any (First Match)`
    t =   149.87s         Capturing element debug description
    t =   150.83s     Checking `Expect predicate `existsNoRetry == 1` for object Any (First Match)`
    t =   150.83s         Checking existence of `Any (First Match)`
    t =   150.85s         Capturing element debug description
    t =   151.84s     Checking `Expect predicate `existsNoRetry == 1` for object Any (First Match)`
    t =   151.84s         Checking existence of `Any (First Match)`
    t =   151.85s         Capturing element debug description
    t =   152.83s     Checking `Expect predicate `existsNoRetry == 1` for object Any (First Match)`
    t =   152.83s         Checking existence of `Any (First Match)`
    t =   152.85s         Capturing element debug description
    t =   153.81s     Checking `Expect predicate `existsNoRetry == 1` for object Any (First Match)`
    t =   153.81s         Checking existence of `Any (First Match)`
    t =   153.83s         Capturing element debug description
    t =   154.80s     Checking `Expect predicate `existsNoRetry == 1` for object Any (First Match)`
    t =   154.80s         Checking existence of `Any (First Match)`
    t =   154.82s         Capturing element debug description
    t =   155.78s     Checking `Expect predicate `existsNoRetry == 1` for object Any (First Match)`
    t =   155.78s         Checking existence of `Any (First Match)`
    t =   155.80s         Capturing element debug description
    t =   156.77s     Checking `Expect predicate `existsNoRetry == 1` for object Any (First Match)`
    t =   156.77s         Checking existence of `Any (First Match)`
    t =   156.79s         Capturing element debug description
    t =   157.86s     Checking `Expect predicate `existsNoRetry == 1` for object Any (First Match)`
    t =   157.86s         Checking existence of `Any (First Match)`
    t =   157.88s         Capturing element debug description
    t =   158.83s     Checking `Expect predicate `existsNoRetry == 1` for object Any (First Match)`
    t =   158.84s         Checking existence of `Any (First Match)`
    t =   158.85s         Capturing element debug description
    t =   159.81s     Checking `Expect predicate `existsNoRetry == 1` for object Any (First Match)`
    t =   159.82s         Checking existence of `Any (First Match)`
    t =   159.83s         Capturing element debug description
    t =   160.79s     Checking `Expect predicate `existsNoRetry == 1` for object Any (First Match)`
    t =   160.79s         Checking existence of `Any (First Match)`
    t =   160.81s         Capturing element debug description
    t =   161.78s     Checking `Expect predicate `existsNoRetry == 1` for object Any (First Match)`
    t =   161.78s         Checking existence of `Any (First Match)`
    t =   161.80s         Capturing element debug description
    t =   162.77s     Checking `Expect predicate `existsNoRetry == 1` for object Any (First Match)`
    t =   162.77s         Checking existence of `Any (First Match)`
    t =   162.79s         Capturing element debug description
    t =   163.86s     Checking `Expect predicate `existsNoRetry == 1` for object Any (First Match)`
    t =   163.87s         Checking existence of `Any (First Match)`
    t =   163.88s         Capturing element debug description
    t =   164.84s     Checking `Expect predicate `existsNoRetry == 1` for object Any (First Match)`
    t =   164.84s         Checking existence of `Any (First Match)`
    t =   164.86s         Capturing element debug description
    t =   165.82s     Checking `Expect predicate `existsNoRetry == 1` for object Any (First Match)`
    t =   165.82s         Checking existence of `Any (First Match)`
    t =   165.84s         Capturing element debug description
    t =   166.80s     Checking `Expect predicate `existsNoRetry == 1` for object Any (First Match)`
    t =   166.80s         Checking existence of `Any (First Match)`
    t =   166.82s         Capturing element debug description
    t =   167.79s     Checking `Expect predicate `existsNoRetry == 1` for object Any (First Match)`
    t =   167.79s         Checking existence of `Any (First Match)`
    t =   167.81s         Capturing element debug description
    t =   168.77s     Checking `Expect predicate `existsNoRetry == 1` for object Any (First Match)`
    t =   168.77s         Checking existence of `Any (First Match)`
    t =   168.79s         Capturing element debug description
    t =   169.86s     Checking `Expect predicate `existsNoRetry == 1` for object Any (First Match)`
    t =   169.86s         Checking existence of `Any (First Match)`
    t =   169.88s         Capturing element debug description
    t =   170.84s     Checking `Expect predicate `existsNoRetry == 1` for object Any (First Match)`
    t =   170.84s         Checking existence of `Any (First Match)`
    t =   170.86s         Capturing element debug description
    t =   171.82s     Checking `Expect predicate `existsNoRetry == 1` for object Any (First Match)`
    t =   171.82s         Checking existence of `Any (First Match)`
    t =   171.84s         Capturing element debug description
    t =   172.80s     Checking `Expect predicate `existsNoRetry == 1` for object Any (First Match)`
    t =   172.80s         Checking existence of `Any (First Match)`
    t =   172.82s         Capturing element debug description
    t =   173.78s     Checking `Expect predicate `existsNoRetry == 1` for object Any (First Match)`
    t =   173.78s         Checking existence of `Any (First Match)`
    t =   173.80s         Capturing element debug description
    t =   174.77s     Checking `Expect predicate `existsNoRetry == 1` for object Any (First Match)`
    t =   174.77s         Checking existence of `Any (First Match)`
    t =   174.78s         Capturing element debug description
    t =   175.85s     Checking `Expect predicate `existsNoRetry == 1` for object Any (First Match)`
    t =   175.85s         Checking existence of `Any (First Match)`
    t =   175.87s         Capturing element debug description
    t =   176.83s     Checking `Expect predicate `existsNoRetry == 1` for object Any (First Match)`
    t =   176.83s         Checking existence of `Any (First Match)`
    t =   176.85s         Capturing element debug description
    t =   177.81s     Checking `Expect predicate `existsNoRetry == 1` for object Any (First Match)`
    t =   177.81s         Checking existence of `Any (First Match)`
    t =   177.82s         Capturing element debug description
    t =   178.79s     Checking `Expect predicate `existsNoRetry == 1` for object Any (First Match)`
    t =   178.79s         Checking existence of `Any (First Match)`
    t =   178.81s         Capturing element debug description
    t =   179.78s     Checking `Expect predicate `existsNoRetry == 1` for object Any (First Match)`
    t =   179.78s         Checking existence of `Any (First Match)`
    t =   179.80s         Capturing element debug description
    t =   180.77s     Checking `Expect predicate `existsNoRetry == 1` for object Any (First Match)`
    t =   180.77s         Checking existence of `Any (First Match)`
    t =   180.79s         Capturing element debug description
    t =   181.86s     Checking `Expect predicate `existsNoRetry == 1` for object Any (First Match)`
    t =   181.86s         Checking existence of `Any (First Match)`
    t =   181.87s         Capturing element debug description
    t =   182.84s     Checking `Expect predicate `existsNoRetry == 1` for object Any (First Match)`
    t =   182.85s         Checking existence of `Any (First Match)`
    t =   182.86s         Capturing element debug description
    t =   183.82s     Checking `Expect predicate `existsNoRetry == 1` for object Any (First Match)`
    t =   183.82s         Checking existence of `Any (First Match)`
    t =   183.84s         Capturing element debug description
    t =   184.80s     Checking `Expect predicate `existsNoRetry == 1` for object Any (First Match)`
    t =   184.80s         Checking existence of `Any (First Match)`
    t =   184.81s         Capturing element debug description
    t =   185.78s     Checking `Expect predicate `existsNoRetry == 1` for object Any (First Match)`
    t =   185.78s         Checking existence of `Any (First Match)`
    t =   185.80s         Capturing element debug description
    t =   186.86s     Checking `Expect predicate `existsNoRetry == 1` for object Any (First Match)`
    t =   186.87s         Checking existence of `Any (First Match)`
    t =   186.88s         Capturing element debug description
    t =   187.85s     Checking `Expect predicate `existsNoRetry == 1` for object Any (First Match)`
    t =   187.85s         Checking existence of `Any (First Match)`
    t =   187.87s         Capturing element debug description
    t =   188.83s     Checking `Expect predicate `existsNoRetry == 1` for object Any (First Match)`
    t =   188.83s         Checking existence of `Any (First Match)`
    t =   188.85s         Capturing element debug description
    t =   189.81s     Checking `Expect predicate `existsNoRetry == 1` for object Any (First Match)`
    t =   189.81s         Checking existence of `Any (First Match)`
    t =   189.82s         Capturing element debug description
    t =   190.79s     Checking `Expect predicate `existsNoRetry == 1` for object Any (First Match)`
    t =   190.79s         Checking existence of `Any (First Match)`
    t =   190.81s         Capturing element debug description
    t =   191.77s     Checking `Expect predicate `existsNoRetry == 1` for object Any (First Match)`
    t =   191.77s         Checking existence of `Any (First Match)`
    t =   191.79s         Capturing element debug description
    t =   192.86s     Checking `Expect predicate `existsNoRetry == 1` for object Any (First Match)`
    t =   192.86s         Checking existence of `Any (First Match)`
    t =   192.88s         Capturing element debug description
    t =   193.84s     Checking `Expect predicate `existsNoRetry == 1` for object Any (First Match)`
    t =   193.84s         Checking existence of `Any (First Match)`
    t =   193.86s         Capturing element debug description
    t =   194.82s     Checking `Expect predicate `existsNoRetry == 1` for object Any (First Match)`
    t =   194.82s         Checking existence of `Any (First Match)`
    t =   194.84s         Capturing element debug description
    t =   195.80s     Checking `Expect predicate `existsNoRetry == 1` for object Any (First Match)`
    t =   195.80s         Checking existence of `Any (First Match)`
    t =   195.82s         Capturing element debug description
    t =   196.78s     Checking `Expect predicate `existsNoRetry == 1` for object Any (First Match)`
    t =   196.78s         Checking existence of `Any (First Match)`
    t =   196.80s         Capturing element debug description
    t =   197.86s     Checking `Expect predicate `existsNoRetry == 1` for object Any (First Match)`
    t =   197.87s         Checking existence of `Any (First Match)`
    t =   197.88s         Capturing element debug description
    t =   198.84s     Checking `Expect predicate `existsNoRetry == 1` for object Any (First Match)`
    t =   198.84s         Checking existence of `Any (First Match)`
    t =   198.86s         Capturing element debug description
    t =   199.83s     Checking `Expect predicate `existsNoRetry == 1` for object Any (First Match)`
    t =   199.83s         Checking existence of `Any (First Match)`
    t =   199.85s         Capturing element debug description
    t =   200.81s     Checking `Expect predicate `existsNoRetry == 1` for object Any (First Match)`
    t =   200.81s         Checking existence of `Any (First Match)`
    t =   200.82s         Capturing element debug description
    t =   201.79s     Checking `Expect predicate `existsNoRetry == 1` for object Any (First Match)`
    t =   201.79s         Checking existence of `Any (First Match)`
    t =   201.81s         Capturing element debug description
    t =   202.77s     Checking `Expect predicate `existsNoRetry == 1` for object Any (First Match)`
    t =   202.77s         Checking existence of `Any (First Match)`
    t =   202.79s         Capturing element debug description
    t =   203.86s     Checking `Expect predicate `existsNoRetry == 1` for object Any (First Match)`
    t =   203.86s         Checking existence of `Any (First Match)`
    t =   203.88s         Capturing element debug description
    t =   204.84s     Checking `Expect predicate `existsNoRetry == 1` for object Any (First Match)`
    t =   204.84s         Checking existence of `Any (First Match)`
    t =   204.86s         Capturing element debug description
    t =   205.82s     Checking `Expect predicate `existsNoRetry == 1` for object Any (First Match)`
    t =   205.82s         Checking existence of `Any (First Match)`
    t =   205.84s         Capturing element debug description
    t =   206.80s     Checking `Expect predicate `existsNoRetry == 1` for object Any (First Match)`
    t =   206.80s         Checking existence of `Any (First Match)`
    t =   206.82s         Capturing element debug description
    t =   207.78s     Checking `Expect predicate `existsNoRetry == 1` for object Any (First Match)`
    t =   207.78s         Checking existence of `Any (First Match)`
    t =   207.80s         Capturing element debug description
    t =   208.77s     Checking `Expect predicate `existsNoRetry == 1` for object Any (First Match)`
    t =   208.77s         Checking existence of `Any (First Match)`
    t =   208.79s         Capturing element debug description
    t =   209.86s     Checking `Expect predicate `existsNoRetry == 1` for object Any (First Match)`
    t =   209.86s         Checking existence of `Any (First Match)`
    t =   209.87s         Capturing element debug description
    t =   210.83s     Checking `Expect predicate `existsNoRetry == 1` for object Any (First Match)`
    t =   210.83s         Checking existence of `Any (First Match)`
    t =   210.85s         Capturing element debug description
    t =   211.81s     Checking `Expect predicate `existsNoRetry == 1` for object Any (First Match)`
    t =   211.81s         Checking existence of `Any (First Match)`
    t =   211.83s         Capturing element debug description
    t =   212.79s     Checking `Expect predicate `existsNoRetry == 1` for object Any (First Match)`
    t =   212.79s         Checking existence of `Any (First Match)`
    t =   212.80s         Capturing element debug description
    t =   213.77s     Checking `Expect predicate `existsNoRetry == 1` for object Any (First Match)`
    t =   213.77s         Checking existence of `Any (First Match)`
    t =   213.79s         Capturing element debug description
    t =   214.86s     Checking `Expect predicate `existsNoRetry == 1` for object Any (First Match)`
    t =   214.86s         Checking existence of `Any (First Match)`
    t =   214.88s         Capturing element debug description
    t =   215.84s     Checking `Expect predicate `existsNoRetry == 1` for object Any (First Match)`
    t =   215.84s         Checking existence of `Any (First Match)`
    t =   215.86s         Capturing element debug description
    t =   216.82s     Checking `Expect predicate `existsNoRetry == 1` for object Any (First Match)`
    t =   216.82s         Checking existence of `Any (First Match)`
    t =   216.84s         Capturing element debug description
    t =   217.80s     Checking `Expect predicate `existsNoRetry == 1` for object Any (First Match)`
    t =   217.80s         Checking existence of `Any (First Match)`
    t =   217.82s         Capturing element debug description
    t =   218.78s     Checking `Expect predicate `existsNoRetry == 1` for object Any (First Match)`
    t =   218.78s         Checking existence of `Any (First Match)`
    t =   218.80s         Capturing element debug description
    t =   219.86s     Checking `Expect predicate `existsNoRetry == 1` for object Any (First Match)`
    t =   219.87s         Checking existence of `Any (First Match)`
    t =   219.88s         Capturing element debug description
    t =   220.84s     Checking `Expect predicate `existsNoRetry == 1` for object Any (First Match)`
    t =   220.84s         Checking existence of `Any (First Match)`
    t =   220.86s         Capturing element debug description
    t =   221.82s     Checking `Expect predicate `existsNoRetry == 1` for object Any (First Match)`
    t =   221.82s         Checking existence of `Any (First Match)`
    t =   221.84s         Capturing element debug description
    t =   222.80s     Checking `Expect predicate `existsNoRetry == 1` for object Any (First Match)`
    t =   222.80s         Checking existence of `Any (First Match)`
    t =   222.82s         Capturing element debug description
    t =   223.78s     Checking `Expect predicate `existsNoRetry == 1` for object Any (First Match)`
    t =   223.78s         Checking existence of `Any (First Match)`
    t =   223.80s         Capturing element debug description
    t =   224.77s     Checking `Expect predicate `existsNoRetry == 1` for object Any (First Match)`
    t =   224.77s         Checking existence of `Any (First Match)`
    t =   224.79s         Capturing element debug description
    t =   225.86s     Checking `Expect predicate `existsNoRetry == 1` for object Any (First Match)`
    t =   225.86s         Checking existence of `Any (First Match)`
    t =   225.87s         Capturing element debug description
    t =   226.83s     Checking `Expect predicate `existsNoRetry == 1` for object Any (First Match)`
    t =   226.83s         Checking existence of `Any (First Match)`
    t =   226.84s         Capturing element debug description
    t =   227.79s     Checking `Expect predicate `existsNoRetry == 1` for object Any (First Match)`
    t =   227.79s         Checking existence of `Any (First Match)`
    t =   227.80s         Capturing element debug description
    t =   228.78s     Checking `Expect predicate `existsNoRetry == 1` for object Any (First Match)`
    t =   228.78s         Checking existence of `Any (First Match)`
    t =   228.80s         Capturing element debug description
    t =   229.77s     Checking `Expect predicate `existsNoRetry == 1` for object Any (First Match)`
    t =   229.77s         Checking existence of `Any (First Match)`
    t =   229.79s         Capturing element debug description
    t =   230.86s     Checking `Expect predicate `existsNoRetry == 1` for object Any (First Match)`
    t =   230.86s         Checking existence of `Any (First Match)`
    t =   230.87s         Capturing element debug description
    t =   231.83s     Checking `Expect predicate `existsNoRetry == 1` for object Any (First Match)`
    t =   231.84s         Checking existence of `Any (First Match)`
    t =   231.85s         Capturing element debug description
    t =   232.81s     Checking `Expect predicate `existsNoRetry == 1` for object Any (First Match)`
    t =   232.81s         Checking existence of `Any (First Match)`
    t =   232.83s         Capturing element debug description
    t =   233.79s     Checking `Expect predicate `existsNoRetry == 1` for object Any (First Match)`
    t =   233.79s         Checking existence of `Any (First Match)`
    t =   233.80s         Capturing element debug description
    t =   234.77s     Checking `Expect predicate `existsNoRetry == 1` for object Any (First Match)`
    t =   234.77s         Checking existence of `Any (First Match)`
    t =   234.79s         Capturing element debug description
    t =   235.86s     Checking `Expect predicate `existsNoRetry == 1` for object Any (First Match)`
    t =   235.86s         Checking existence of `Any (First Match)`
    t =   235.86s         Capturing element debug description
    t =   236.83s     Checking `Expect predicate `existsNoRetry == 1` for object Any (First Match)`
    t =   236.83s         Checking existence of `Any (First Match)`
    t =   236.85s         Capturing element debug description
    t =   237.81s     Checking `Expect predicate `existsNoRetry == 1` for object Any (First Match)`
    t =   237.82s         Checking existence of `Any (First Match)`
    t =   237.83s         Capturing element debug description
    t =   238.79s     Checking `Expect predicate `existsNoRetry == 1` for object Any (First Match)`
    t =   238.80s         Checking existence of `Any (First Match)`
    t =   238.81s         Capturing element debug description
    t =   239.78s     Checking `Expect predicate `existsNoRetry == 1` for object Any (First Match)`
    t =   239.78s         Checking existence of `Any (First Match)`
    t =   239.80s         Capturing element debug description
    t =   240.77s     Checking `Expect predicate `existsNoRetry == 1` for object Any (First Match)`
    t =   240.77s         Checking existence of `Any (First Match)`
    t =   240.79s         Capturing element debug description
    t =   241.86s     Checking `Expect predicate `existsNoRetry == 1` for object Any (First Match)`
    t =   241.86s         Checking existence of `Any (First Match)`
    t =   241.88s         Capturing element debug description
    t =   241.88s     Checking existence of `Any (First Match)`
    t =   241.89s Collecting debug information to assist test failure triage
    t =   241.89s     Requesting snapshot of accessibility hierarchy for app with pid 47102
    t =   241.93s Checking existence of `Any (First Match)`
/Users/nstudio/Documents/github/NathanWalker/token-economics/harness/perf/uidriver/InteropCaptureTests.swift:24: error: -[UIDriverUITests.InteropCaptureTests testCaptureInteropResults] : failed - no INTEROPJSON element within 240s; last status: unknown
    t =   241.97s Tear Down
Test Case '-[UIDriverUITests.InteropCaptureTests testCaptureInteropResults]' failed (242.233 seconds).
Test Suite 'InteropCaptureTests' failed at 2026-08-01 20:56:28.730.
	 Executed 1 test, with 1 failure (0 unexpected) in 242.233 (242.234) seconds
Test Suite 'UIDriverUITests.xctest' failed at 2026-08-01 20:56:28.731.
	 Executed 2 tests, with 1 failure (0 unexpected) in 422.269 (422.275) seconds
Test Suite 'All tests' failed at 2026-08-01 20:56:28.732.
	 Executed 2 tests, with 1 failure (0 unexpected) in 422.269 (422.276) seconds
2026-08-01 20:56:38.090 xcodebuild[46973:30737886] [MT] IDETestOperationsObserverDebug: 433.209 elapsed -- Testing started completed.
2026-08-01 20:56:38.090 xcodebuild[46973:30737886] [MT] IDETestOperationsObserverDebug: 0.000 sec, +0.000 sec -- start
2026-08-01 20:56:38.090 xcodebuild[46973:30737886] [MT] IDETestOperationsObserverDebug: 433.209 sec, +433.209 sec -- end

Test session results, code coverage, and logs:
	/Users/nstudio/Library/Developer/Xcode/DerivedData/UIDriver-ekqcqbpucoqmcgbikewqdmafsmmj/Logs/Test/Test-UIDriver-2026.08.01_20-49-24--0700.xcresult

Failing tests:
	InteropCaptureTests.testCaptureInteropResults()

** TEST FAILED **

Testing started
