Command line invocation:
    /Applications/Xcode.app/Contents/Developer/usr/bin/xcodebuild test -project UIDriver.xcodeproj -scheme UIDriver -destination id=7DFF2660-A10C-449E-867A-92863D91663B

--- xcodebuild: WARNING: Using the first of multiple matching destinations:
{ platform:iOS Simulator, arch:arm64, id:7DFF2660-A10C-449E-867A-92863D91663B, OS:26.5, name:iPhone 17 Pro }
{ platform:iOS Simulator, arch:x86_64, id:7DFF2660-A10C-449E-867A-92863D91663B, OS:26.5, name:iPhone 17 Pro }
ComputePackagePrebuildTargetDependencyGraph

Prepare packages

CreateBuildRequest

SendProjectDescription

CreateBuildOperation

ComputeTargetDependencyGraph
note: Building targets in dependency order
note: Target dependency graph (1 target)
    Target 'UIDriverUITests' in project 'UIDriver' (no dependencies)

GatherProvisioningInputs

CreateBuildDescription

ExecuteExternalTool /Applications/Xcode.app/Contents/Developer/Toolchains/XcodeDefault.xctoolchain/usr/bin/clang -v -E -dM -isysroot /Applications/Xcode.app/Contents/Developer/Platforms/iPhoneSimulator.platform/Developer/SDKs/iPhoneSimulator26.5.sdk -x c -c /dev/null

ExecuteExternalTool /Applications/Xcode.app/Contents/Developer/Toolchains/XcodeDefault.xctoolchain/usr/bin/swiftc --version

ExecuteExternalTool /Applications/Xcode.app/Contents/Developer/Toolchains/XcodeDefault.xctoolchain/usr/bin/ld -version_details

Build description signature: ebf1df6ce5b2180563b42fbc0977bdfb
Build description path: /Users/nstudio/Library/Developer/Xcode/DerivedData/UIDriver-ekqcqbpucoqmcgbikewqdmafsmmj/Build/Intermediates.noindex/XCBuildData/ebf1df6ce5b2180563b42fbc0977bdfb.xcbuilddata
ClangStatCache /Applications/Xcode.app/Contents/Developer/Toolchains/XcodeDefault.xctoolchain/usr/bin/clang-stat-cache /Applications/Xcode.app/Contents/Developer/Platforms/iPhoneSimulator.platform/Developer/SDKs/iPhoneSimulator26.5.sdk /Users/nstudio/Library/Developer/Xcode/DerivedData/SDKStatCaches.noindex/iphonesimulator26.5-23F73-688ef53f1462e2c8f657fdc38a81448f6cfe768891a92b912361537c460fe42b.sdkstatcache
    cd /Users/nstudio/Documents/github/NathanWalker/token-economics/harness/perf/uidriver/UIDriver.xcodeproj
    /Applications/Xcode.app/Contents/Developer/Toolchains/XcodeDefault.xctoolchain/usr/bin/clang-stat-cache /Applications/Xcode.app/Contents/Developer/Platforms/iPhoneSimulator.platform/Developer/SDKs/iPhoneSimulator26.5.sdk -o /Users/nstudio/Library/Developer/Xcode/DerivedData/SDKStatCaches.noindex/iphonesimulator26.5-23F73-688ef53f1462e2c8f657fdc38a81448f6cfe768891a92b912361537c460fe42b.sdkstatcache

ProcessInfoPlistFile /Users/nstudio/Library/Developer/Xcode/DerivedData/UIDriver-ekqcqbpucoqmcgbikewqdmafsmmj/Build/Products/Debug-iphonesimulator/UIDriverUITests-Runner.app/PlugIns/UIDriverUITests.xctest/Info.plist /Users/nstudio/Library/Developer/Xcode/DerivedData/UIDriver-ekqcqbpucoqmcgbikewqdmafsmmj/Build/Intermediates.noindex/UIDriver.build/Debug-iphonesimulator/UIDriverUITests.build/empty-UIDriverUITests.plist (in target 'UIDriverUITests' from project 'UIDriver')
    cd /Users/nstudio/Documents/github/NathanWalker/token-economics/harness/perf/uidriver
    builtin-infoPlistUtility /Users/nstudio/Library/Developer/Xcode/DerivedData/UIDriver-ekqcqbpucoqmcgbikewqdmafsmmj/Build/Intermediates.noindex/UIDriver.build/Debug-iphonesimulator/UIDriverUITests.build/empty-UIDriverUITests.plist -producttype com.apple.product-type.bundle.ui-testing -expandbuildsettings -format binary -platform iphonesimulator -additionalcontentfile /Users/nstudio/Library/Developer/Xcode/DerivedData/UIDriver-ekqcqbpucoqmcgbikewqdmafsmmj/Build/Intermediates.noindex/UIDriver.build/Debug-iphonesimulator/UIDriverUITests.build/ProductTypeInfoPlistAdditions.plist -o /Users/nstudio/Library/Developer/Xcode/DerivedData/UIDriver-ekqcqbpucoqmcgbikewqdmafsmmj/Build/Products/Debug-iphonesimulator/UIDriverUITests-Runner.app/PlugIns/UIDriverUITests.xctest/Info.plist

CopySwiftLibs /Users/nstudio/Library/Developer/Xcode/DerivedData/UIDriver-ekqcqbpucoqmcgbikewqdmafsmmj/Build/Products/Debug-iphonesimulator/UIDriverUITests-Runner.app/PlugIns/UIDriverUITests.xctest (in target 'UIDriverUITests' from project 'UIDriver')
    cd /Users/nstudio/Documents/github/NathanWalker/token-economics/harness/perf/uidriver
    builtin-swiftStdLibTool --copy --verbose --scan-executable /Users/nstudio/Library/Developer/Xcode/DerivedData/UIDriver-ekqcqbpucoqmcgbikewqdmafsmmj/Build/Products/Debug-iphonesimulator/UIDriverUITests-Runner.app/PlugIns/UIDriverUITests.xctest/UIDriverUITests --scan-folder /Users/nstudio/Library/Developer/Xcode/DerivedData/UIDriver-ekqcqbpucoqmcgbikewqdmafsmmj/Build/Products/Debug-iphonesimulator/UIDriverUITests-Runner.app/PlugIns/UIDriverUITests.xctest/Frameworks --scan-folder /Users/nstudio/Library/Developer/Xcode/DerivedData/UIDriver-ekqcqbpucoqmcgbikewqdmafsmmj/Build/Products/Debug-iphonesimulator/UIDriverUITests-Runner.app/PlugIns/UIDriverUITests.xctest/PlugIns --scan-folder /Users/nstudio/Library/Developer/Xcode/DerivedData/UIDriver-ekqcqbpucoqmcgbikewqdmafsmmj/Build/Products/Debug-iphonesimulator/UIDriverUITests-Runner.app/PlugIns/UIDriverUITests.xctest/SystemExtensions --scan-folder /Users/nstudio/Library/Developer/Xcode/DerivedData/UIDriver-ekqcqbpucoqmcgbikewqdmafsmmj/Build/Products/Debug-iphonesimulator/UIDriverUITests-Runner.app/PlugIns/UIDriverUITests.xctest/Extensions --platform iphonesimulator --toolchain /var/run/com.apple.security.cryptexd/mnt/com.apple.MobileAsset.MetalToolchain-v17.6.42.0.xRBJyY/Metal.xctoolchain --toolchain /Applications/Xcode.app/Contents/Developer/Toolchains/XcodeDefault.xctoolchain --destination /Users/nstudio/Library/Developer/Xcode/DerivedData/UIDriver-ekqcqbpucoqmcgbikewqdmafsmmj/Build/Products/Debug-iphonesimulator/UIDriverUITests-Runner.app/PlugIns/UIDriverUITests.xctest/Frameworks --strip-bitcode --scan-executable /Applications/Xcode.app/Contents/Developer/Platforms/iPhoneSimulator.platform/Developer/usr/lib/libXCTestSwiftSupport.dylib --strip-bitcode-tool /Applications/Xcode.app/Contents/Developer/Toolchains/XcodeDefault.xctoolchain/usr/bin/bitcode_strip --emit-dependency-info /Users/nstudio/Library/Developer/Xcode/DerivedData/UIDriver-ekqcqbpucoqmcgbikewqdmafsmmj/Build/Intermediates.noindex/UIDriver.build/Debug-iphonesimulator/UIDriverUITests.build/SwiftStdLibToolInputDependencies.dep --filter-for-swift-os
Ignoring --strip-bitcode because --sign was not passed

2026-08-01 19:53:35.406905-0700 UIDriverUITests-Runner[44350:30620400] [Default] Running tests...
    t =      nans Interface orientation changed to Portrait
Test Suite 'All tests' started at 2026-08-01 19:53:36.001.
Test Suite 'UIDriverUITests.xctest' started at 2026-08-01 19:53:36.001.
Test Suite 'FeatureLatencyTests' started at 2026-08-01 19:53:36.001.
Test Case '-[UIDriverUITests.FeatureLatencyTests testFeatureLatencies]' started.
    t =     0.00s Start Test at 2026-08-01 19:53:36.002
    t =     0.02s Set Up
STEP[0s]: iter 0: launch org.nativescript.nsbenchmark
    t =     0.02s Open org.nativescript.nsbenchmark
    t =     0.02s     Launch org.nativescript.nsbenchmark
    t =     0.11s         Setting up automation session
objc[44350]: Class UIAccessibilityLoaderWebShared is implemented in both /Library/Developer/CoreSimulator/Volumes/iOS_23F77/Library/Developer/CoreSimulator/Profiles/Runtimes/iOS 26.5.simruntime/Contents/Resources/RuntimeRoot/System/Library/AccessibilityBundles/WebCore.axbundle/WebCore (0x1073bc310) and /Library/Developer/CoreSimulator/Volumes/iOS_23F77/Library/Developer/CoreSimulator/Profiles/Runtimes/iOS 26.5.simruntime/Contents/Resources/RuntimeRoot/System/Library/AccessibilityBundles/WebKit.axbundle/WebKit (0x10a218398). This may cause spurious casting failures and mysterious crashes. One of the duplicates must be removed or renamed.
    t =     0.89s         Wait for org.nativescript.nsbenchmark to idle
    t =     2.06s Checking existence of `"Health" Button`
    t =     2.08s Waiting 20.0s for "Health" Button to exist
    t =     3.16s     Checking `Expect predicate `existsNoRetry == 1` for object "Health" Button`
    t =     3.16s         Checking existence of `"Health" Button`
STEP[3s]: iter 0: nav Health
    t =     3.17s Checking existence of `"Health" Button`
    t =     3.18s Tap "Health" Button
    t =     3.18s     Wait for org.nativescript.nsbenchmark to idle
    t =     3.19s     Find the "Health" Button
    t =     3.19s     Check for interrupting elements affecting "Health" Button
    t =     3.20s     Synthesize event
    t =     3.50s     Wait for org.nativescript.nsbenchmark to idle
    t =     3.89s Waiting 10.0s for Any (First Match) to exist
    t =     4.96s     Checking `Expect predicate `existsNoRetry == 1` for object Any (First Match)`
    t =     4.96s         Checking existence of `Any (First Match)`
    t =     4.98s Checking existence of `Any (First Match)`
    t =     4.99s Find the Any (First Match)
STEP[4s]: iter 0: HK authorize
    t =     5.00s Checking existence of `"Request Access" Button`
    t =     5.01s Checking existence of `"Request Access" Button`
    t =     5.02s Find the "Request Access" Button
    t =     5.04s Tap "Request Access" Button
    t =     5.04s     Wait for org.nativescript.nsbenchmark to idle
    t =     5.04s     Find the "Request Access" Button
    t =     5.05s     Check for interrupting elements affecting "Request Access" Button
    t =     5.06s     Synthesize event
    t =     5.35s     Wait for org.nativescript.nsbenchmark to idle
    t =     5.86s Waiting 3.0s for Any (First Match) to exist
    t =     6.94s     Checking `Expect predicate `existsNoRetry == 1` for object Any (First Match)`
    t =     6.94s         Checking existence of `Any (First Match)`
    t =     6.99s Find the Any (First Match)
STEP[7s]: health sheet(app): tap 'Turn On All'
    t =     7.03s Tap "Turn On All" StaticText
    t =     7.03s     Wait for org.nativescript.nsbenchmark to idle
    t =     7.03s     Find the "Turn On All" StaticText
    t =     7.07s     Check for interrupting elements affecting "Turn On All" StaticText
    t =     7.10s     Synthesize event
    t =     7.40s     Wait for org.nativescript.nsbenchmark to idle
    t =     7.40s Waiting 2.0s for "Allow" Button to exist
    t =     8.48s     Checking `Expect predicate `existsNoRetry == 1` for object "Allow" Button`
    t =     8.48s         Checking existence of `"Allow" Button`
    t =     8.53s Find the "Allow" Button
STEP[8s]: health sheet(app): confirm 'Allow'
    t =     8.57s Tap "UIA.Health.Allow.Button" Button
    t =     8.57s     Wait for org.nativescript.nsbenchmark to idle
    t =     8.57s     Find the "UIA.Health.Allow.Button" Button
    t =     8.60s     Check for interrupting elements affecting "UIA.Health.Allow.Button" Button
    t =     8.62s     Synthesize event
    t =     8.91s     Wait for org.nativescript.nsbenchmark to idle
    t =     8.91s Waiting 15.0s for Any (First Match) to exist
    t =     9.98s     Checking `Expect predicate `existsNoRetry == 1` for object Any (First Match)`
    t =     9.98s         Checking existence of `Any (First Match)`
    t =    10.01s Checking existence of `"Health access: not requested" StaticText`
    t =    10.02s Find the "Health access: not requested" StaticText
    t =    10.03s Waiting 15.0s for Any (First Match) to exist
    t =    11.11s     Checking `Expect predicate `existsNoRetry == 1` for object Any (First Match)`
    t =    11.11s         Checking existence of `Any (First Match)`
    t =    11.13s Checking existence of `Any (First Match)`
    t =    11.15s Find the Any (First Match)
    t =    11.16s Checking existence of `"Log 500 Steps" Button`
    t =    11.17s Checking existence of `"Log 500 Steps" Button`
    t =    11.18s Find the "Log 500 Steps" Button
STEP[11s]: iter 0: log 500
    t =    11.19s Tap "Log 500 Steps" Button
    t =    11.19s     Wait for org.nativescript.nsbenchmark to idle
    t =    11.20s     Find the "Log 500 Steps" Button
    t =    11.21s     Check for interrupting elements affecting "Log 500 Steps" Button
    t =    11.22s     Synthesize event
    t =    11.51s     Wait for org.nativescript.nsbenchmark to idle
    t =    11.52s Checking existence of `"Sat Aug 01 2026 — 27500 steps (today)" StaticText`
    t =    11.54s Find the "Sat Aug 01 2026 — 27500 steps (today)" StaticText
    t =    11.62s Checking existence of `"Sat Aug 01 2026 — 27500 steps (today)" StaticText`
    t =    11.63s Find the "Sat Aug 01 2026 — 27500 steps (today)" StaticText
    t =    11.70s Checking existence of `"Sat Aug 01 2026 — 27500 steps (today)" StaticText`
    t =    11.72s Find the "Sat Aug 01 2026 — 27500 steps (today)" StaticText
    t =    11.78s Checking existence of `"Sat Aug 01 2026 — 27500 steps (today)" StaticText`
    t =    11.80s Find the "Sat Aug 01 2026 — 27500 steps (today)" StaticText
    t =    11.87s Checking existence of `"Sat Aug 01 2026 — 27500 steps (today)" StaticText`
    t =    11.89s Find the "Sat Aug 01 2026 — 27500 steps (today)" StaticText
    t =    11.96s Checking existence of `"Sat Aug 01 2026 — 27500 steps (today)" StaticText`
    t =    11.98s Find the "Sat Aug 01 2026 — 27500 steps (today)" StaticText
    t =    12.05s Checking existence of `"Sat Aug 01 2026 — 27500 steps (today)" StaticText`
    t =    12.07s Find the "Sat Aug 01 2026 — 27500 steps (today)" StaticText
    t =    12.14s Checking existence of `"Sat Aug 01 2026 — 27500 steps (today)" StaticText`
    t =    12.15s Find the "Sat Aug 01 2026 — 27500 steps (today)" StaticText
    t =    12.23s Checking existence of `"Sat Aug 01 2026 — 27500 steps (today)" StaticText`
    t =    12.24s Find the "Sat Aug 01 2026 — 27500 steps (today)" StaticText
    t =    12.31s Checking existence of `"Sat Aug 01 2026 — 27500 steps (today)" StaticText`
    t =    12.32s Find the "Sat Aug 01 2026 — 27500 steps (today)" StaticText
    t =    12.39s Checking existence of `"Sat Aug 01 2026 — 27500 steps (today)" StaticText`
    t =    12.41s Find the "Sat Aug 01 2026 — 27500 steps (today)" StaticText
    t =    12.48s Checking existence of `"Sat Aug 01 2026 — 27500 steps (today)" StaticText`
    t =    12.49s Find the "Sat Aug 01 2026 — 27500 steps (today)" StaticText
    t =    12.56s Checking existence of `"Sat Aug 01 2026 — 27500 steps (today)" StaticText`
    t =    12.57s Find the "Sat Aug 01 2026 — 27500 steps (today)" StaticText
    t =    12.65s Checking existence of `"Sat Aug 01 2026 — 27500 steps (today)" StaticText`
    t =    12.66s Find the "Sat Aug 01 2026 — 27500 steps (today)" StaticText
    t =    12.73s Checking existence of `"Sat Aug 01 2026 — 27500 steps (today)" StaticText`
    t =    12.75s Find the "Sat Aug 01 2026 — 27500 steps (today)" StaticText
    t =    12.82s Checking existence of `"Sat Aug 01 2026 — 27500 steps (today)" StaticText`
    t =    12.83s Find the "Sat Aug 01 2026 — 27500 steps (today)" StaticText
    t =    12.90s Checking existence of `"Sat Aug 01 2026 — 27500 steps (today)" StaticText`
    t =    12.92s Find the "Sat Aug 01 2026 — 27500 steps (today)" StaticText
    t =    12.99s Checking existence of `"Sat Aug 01 2026 — 27500 steps (today)" StaticText`
    t =    13.01s Find the "Sat Aug 01 2026 — 27500 steps (today)" StaticText
    t =    13.08s Checking existence of `"Sat Aug 01 2026 — 27500 steps (today)" StaticText`
    t =    13.10s Find the "Sat Aug 01 2026 — 27500 steps (today)" StaticText
    t =    13.17s Checking existence of `"Sat Aug 01 2026 — 27500 steps (today)" StaticText`
    t =    13.18s Find the "Sat Aug 01 2026 — 27500 steps (today)" StaticText
    t =    13.26s Checking existence of `"Sat Aug 01 2026 — 27500 steps (today)" StaticText`
    t =    13.27s Find the "Sat Aug 01 2026 — 27500 steps (today)" StaticText
    t =    13.35s Checking existence of `"Sat Aug 01 2026 — 27500 steps (today)" StaticText`
    t =    13.36s Find the "Sat Aug 01 2026 — 27500 steps (today)" StaticText
    t =    13.44s Checking existence of `"Sat Aug 01 2026 — 27500 steps (today)" StaticText`
    t =    13.45s Find the "Sat Aug 01 2026 — 27500 steps (today)" StaticText
    t =    13.53s Checking existence of `"Sat Aug 01 2026 — 27500 steps (today)" StaticText`
    t =    13.54s Find the "Sat Aug 01 2026 — 27500 steps (today)" StaticText
    t =    13.62s Checking existence of `"Sat Aug 01 2026 — 27500 steps (today)" StaticText`
    t =    13.63s Find the "Sat Aug 01 2026 — 27500 steps (today)" StaticText
    t =    13.70s Checking existence of `"Sat Aug 01 2026 — 27500 steps (today)" StaticText`
    t =    13.72s Find the "Sat Aug 01 2026 — 27500 steps (today)" StaticText
    t =    13.79s Checking existence of `"Sat Aug 01 2026 — 27500 steps (today)" StaticText`
    t =    13.81s Find the "Sat Aug 01 2026 — 27500 steps (today)" StaticText
    t =    13.88s Checking existence of `"Sat Aug 01 2026 — 27500 steps (today)" StaticText`
    t =    13.89s Find the "Sat Aug 01 2026 — 27500 steps (today)" StaticText
    t =    13.97s Checking existence of `"Sat Aug 01 2026 — 27500 steps (today)" StaticText`
    t =    13.98s Find the "Sat Aug 01 2026 — 27500 steps (today)" StaticText
    t =    14.06s Checking existence of `"Sat Aug 01 2026 — 27500 steps (today)" StaticText`
    t =    14.07s Find the "Sat Aug 01 2026 — 27500 steps (today)" StaticText
    t =    14.14s Checking existence of `"Sat Aug 01 2026 — 27500 steps (today)" StaticText`
    t =    14.16s Find the "Sat Aug 01 2026 — 27500 steps (today)" StaticText
    t =    14.23s Checking existence of `"Sat Aug 01 2026 — 27500 steps (today)" StaticText`
    t =    14.24s Find the "Sat Aug 01 2026 — 27500 steps (today)" StaticText
    t =    14.32s Checking existence of `"Sat Aug 01 2026 — 27500 steps (today)" StaticText`
    t =    14.33s Find the "Sat Aug 01 2026 — 27500 steps (today)" StaticText
    t =    14.41s Checking existence of `"Sat Aug 01 2026 — 27500 steps (today)" StaticText`
    t =    14.42s Find the "Sat Aug 01 2026 — 27500 steps (today)" StaticText
    t =    14.49s Checking existence of `"Sat Aug 01 2026 — 27500 steps (today)" StaticText`
    t =    14.50s Find the "Sat Aug 01 2026 — 27500 steps (today)" StaticText
    t =    14.57s Checking existence of `"Sat Aug 01 2026 — 27500 steps (today)" StaticText`
    t =    14.58s Find the "Sat Aug 01 2026 — 27500 steps (today)" StaticText
    t =    14.66s Checking existence of `"Sat Aug 01 2026 — 27500 steps (today)" StaticText`
    t =    14.67s Find the "Sat Aug 01 2026 — 27500 steps (today)" StaticText
    t =    14.74s Checking existence of `"Sat Aug 01 2026 — 27500 steps (today)" StaticText`
    t =    14.76s Find the "Sat Aug 01 2026 — 27500 steps (today)" StaticText
    t =    14.83s Checking existence of `"Sat Aug 01 2026 — 27500 steps (today)" StaticText`
    t =    14.84s Find the "Sat Aug 01 2026 — 27500 steps (today)" StaticText
    t =    14.92s Checking existence of `"Sat Aug 01 2026 — 27500 steps (today)" StaticText`
    t =    14.93s Find the "Sat Aug 01 2026 — 27500 steps (today)" StaticText
    t =    14.99s Checking existence of `"Sat Aug 01 2026 — 27500 steps (today)" StaticText`
    t =    15.00s Find the "Sat Aug 01 2026 — 27500 steps (today)" StaticText
    t =    15.08s Checking existence of `"Sat Aug 01 2026 — 27500 steps (today)" StaticText`
    t =    15.09s Find the "Sat Aug 01 2026 — 27500 steps (today)" StaticText
    t =    15.16s Checking existence of `"Sat Aug 01 2026 — 27500 steps (today)" StaticText`
    t =    15.18s Find the "Sat Aug 01 2026 — 27500 steps (today)" StaticText
    t =    15.25s Checking existence of `"Sat Aug 01 2026 — 27500 steps (today)" StaticText`
    t =    15.26s Find the "Sat Aug 01 2026 — 27500 steps (today)" StaticText
    t =    15.34s Checking existence of `"Sat Aug 01 2026 — 27500 steps (today)" StaticText`
    t =    15.35s Find the "Sat Aug 01 2026 — 27500 steps (today)" StaticText
    t =    15.43s Checking existence of `"Sat Aug 01 2026 — 27500 steps (today)" StaticText`
    t =    15.44s Find the "Sat Aug 01 2026 — 27500 steps (today)" StaticText
    t =    15.51s Checking existence of `"Sat Aug 01 2026 — 27500 steps (today)" StaticText`
    t =    15.52s Find the "Sat Aug 01 2026 — 27500 steps (today)" StaticText
    t =    15.60s Checking existence of `"Sat Aug 01 2026 — 27500 steps (today)" StaticText`
    t =    15.61s Find the "Sat Aug 01 2026 — 27500 steps (today)" StaticText
    t =    15.68s Checking existence of `"Sat Aug 01 2026 — 27500 steps (today)" StaticText`
    t =    15.69s Find the "Sat Aug 01 2026 — 27500 steps (today)" StaticText
    t =    15.76s Checking existence of `"Sat Aug 01 2026 — 27500 steps (today)" StaticText`
    t =    15.78s Find the "Sat Aug 01 2026 — 27500 steps (today)" StaticText
    t =    15.85s Checking existence of `"Sat Aug 01 2026 — 27500 steps (today)" StaticText`
    t =    15.86s Find the "Sat Aug 01 2026 — 27500 steps (today)" StaticText
    t =    15.93s Checking existence of `"Sat Aug 01 2026 — 27500 steps (today)" StaticText`
    t =    15.95s Find the "Sat Aug 01 2026 — 27500 steps (today)" StaticText
    t =    16.02s Checking existence of `"Sat Aug 01 2026 — 27500 steps (today)" StaticText`
    t =    16.03s Find the "Sat Aug 01 2026 — 27500 steps (today)" StaticText
    t =    16.11s Checking existence of `"Sat Aug 01 2026 — 27500 steps (today)" StaticText`
    t =    16.12s Find the "Sat Aug 01 2026 — 27500 steps (today)" StaticText
    t =    16.20s Checking existence of `"Sat Aug 01 2026 — 27500 steps (today)" StaticText`
    t =    16.21s Find the "Sat Aug 01 2026 — 27500 steps (today)" StaticText
    t =    16.28s Checking existence of `"Sat Aug 01 2026 — 27500 steps (today)" StaticText`
    t =    16.30s Find the "Sat Aug 01 2026 — 27500 steps (today)" StaticText
    t =    16.37s Checking existence of `"Sat Aug 01 2026 — 27500 steps (today)" StaticText`
    t =    16.39s Find the "Sat Aug 01 2026 — 27500 steps (today)" StaticText
    t =    16.46s Checking existence of `"Sat Aug 01 2026 — 27500 steps (today)" StaticText`
    t =    16.47s Find the "Sat Aug 01 2026 — 27500 steps (today)" StaticText
    t =    16.55s Checking existence of `"Sat Aug 01 2026 — 27500 steps (today)" StaticText`
    t =    16.56s Find the "Sat Aug 01 2026 — 27500 steps (today)" StaticText
    t =    16.64s Checking existence of `"Sat Aug 01 2026 — 27500 steps (today)" StaticText`
    t =    16.65s Find the "Sat Aug 01 2026 — 27500 steps (today)" StaticText
    t =    16.72s Checking existence of `"Sat Aug 01 2026 — 27500 steps (today)" StaticText`
    t =    16.74s Find the "Sat Aug 01 2026 — 27500 steps (today)" StaticText
    t =    16.81s Checking existence of `"Sat Aug 01 2026 — 27500 steps (today)" StaticText`
    t =    16.83s Find the "Sat Aug 01 2026 — 27500 steps (today)" StaticText
    t =    16.90s Checking existence of `"Sat Aug 01 2026 — 27500 steps (today)" StaticText`
    t =    16.91s Find the "Sat Aug 01 2026 — 27500 steps (today)" StaticText
    t =    16.99s Checking existence of `"Sat Aug 01 2026 — 27500 steps (today)" StaticText`
    t =    17.00s Find the "Sat Aug 01 2026 — 27500 steps (today)" StaticText
    t =    17.08s Checking existence of `"Sat Aug 01 2026 — 27500 steps (today)" StaticText`
    t =    17.09s Find the "Sat Aug 01 2026 — 27500 steps (today)" StaticText
    t =    17.17s Checking existence of `"Sat Aug 01 2026 — 27500 steps (today)" StaticText`
    t =    17.18s Find the "Sat Aug 01 2026 — 27500 steps (today)" StaticText
    t =    17.26s Checking existence of `"Sat Aug 01 2026 — 27500 steps (today)" StaticText`
    t =    17.27s Find the "Sat Aug 01 2026 — 27500 steps (today)" StaticText
    t =    17.34s Checking existence of `"Sat Aug 01 2026 — 27500 steps (today)" StaticText`
    t =    17.36s Find the "Sat Aug 01 2026 — 27500 steps (today)" StaticText
    t =    17.43s Checking existence of `"Sat Aug 01 2026 — 27500 steps (today)" StaticText`
    t =    17.44s Find the "Sat Aug 01 2026 — 27500 steps (today)" StaticText
    t =    17.52s Checking existence of `"Sat Aug 01 2026 — 27500 steps (today)" StaticText`
    t =    17.53s Find the "Sat Aug 01 2026 — 27500 steps (today)" StaticText
    t =    17.61s Checking existence of `"Sat Aug 01 2026 — 27500 steps (today)" StaticText`
    t =    17.62s Find the "Sat Aug 01 2026 — 27500 steps (today)" StaticText
    t =    17.70s Checking existence of `"Sat Aug 01 2026 — 27500 steps (today)" StaticText`
    t =    17.71s Find the "Sat Aug 01 2026 — 27500 steps (today)" StaticText
    t =    17.78s Checking existence of `"Sat Aug 01 2026 — 27500 steps (today)" StaticText`
    t =    17.80s Find the "Sat Aug 01 2026 — 27500 steps (today)" StaticText
    t =    17.87s Checking existence of `"Sat Aug 01 2026 — 27500 steps (today)" StaticText`
    t =    17.89s Find the "Sat Aug 01 2026 — 27500 steps (today)" StaticText
    t =    17.96s Checking existence of `"Sat Aug 01 2026 — 27500 steps (today)" StaticText`
    t =    17.97s Find the "Sat Aug 01 2026 — 27500 steps (today)" StaticText
    t =    18.05s Checking existence of `"Sat Aug 01 2026 — 27500 steps (today)" StaticText`
    t =    18.06s Find the "Sat Aug 01 2026 — 27500 steps (today)" StaticText
    t =    18.14s Checking existence of `"Sat Aug 01 2026 — 27500 steps (today)" StaticText`
    t =    18.15s Find the "Sat Aug 01 2026 — 27500 steps (today)" StaticText
    t =    18.23s Checking existence of `"Sat Aug 01 2026 — 27500 steps (today)" StaticText`
    t =    18.24s Find the "Sat Aug 01 2026 — 27500 steps (today)" StaticText
    t =    18.31s Checking existence of `"Sat Aug 01 2026 — 27500 steps (today)" StaticText`
    t =    18.33s Find the "Sat Aug 01 2026 — 27500 steps (today)" StaticText
    t =    18.40s Checking existence of `"Sat Aug 01 2026 — 27500 steps (today)" StaticText`
    t =    18.42s Find the "Sat Aug 01 2026 — 27500 steps (today)" StaticText
    t =    18.48s Checking existence of `"Sat Aug 01 2026 — 27500 steps (today)" StaticText`
    t =    18.50s Find the "Sat Aug 01 2026 — 27500 steps (today)" StaticText
    t =    18.57s Checking existence of `"Sat Aug 01 2026 — 27500 steps (today)" StaticText`
    t =    18.59s Find the "Sat Aug 01 2026 — 27500 steps (today)" StaticText
    t =    18.66s Checking existence of `"Sat Aug 01 2026 — 27500 steps (today)" StaticText`
    t =    18.67s Find the "Sat Aug 01 2026 — 27500 steps (today)" StaticText
    t =    18.75s Checking existence of `"Sat Aug 01 2026 — 27500 steps (today)" StaticText`
    t =    18.76s Find the "Sat Aug 01 2026 — 27500 steps (today)" StaticText
    t =    18.83s Checking existence of `"Sat Aug 01 2026 — 27500 steps (today)" StaticText`
    t =    18.85s Find the "Sat Aug 01 2026 — 27500 steps (today)" StaticText
    t =    18.92s Checking existence of `"Sat Aug 01 2026 — 27500 steps (today)" StaticText`
    t =    18.93s Find the "Sat Aug 01 2026 — 27500 steps (today)" StaticText
    t =    19.01s Checking existence of `"Sat Aug 01 2026 — 27500 steps (today)" StaticText`
    t =    19.02s Find the "Sat Aug 01 2026 — 27500 steps (today)" StaticText
    t =    19.10s Checking existence of `"Sat Aug 01 2026 — 27500 steps (today)" StaticText`
    t =    19.11s Find the "Sat Aug 01 2026 — 27500 steps (today)" StaticText
    t =    19.18s Checking existence of `"Sat Aug 01 2026 — 27500 steps (today)" StaticText`
    t =    19.20s Find the "Sat Aug 01 2026 — 27500 steps (today)" StaticText
    t =    19.27s Checking existence of `"Sat Aug 01 2026 — 27500 steps (today)" StaticText`
    t =    19.29s Find the "Sat Aug 01 2026 — 27500 steps (today)" StaticText
    t =    19.35s Checking existence of `"Sat Aug 01 2026 — 27500 steps (today)" StaticText`
    t =    19.36s Find the "Sat Aug 01 2026 — 27500 steps (today)" StaticText
    t =    19.44s Checking existence of `"Sat Aug 01 2026 — 27500 steps (today)" StaticText`
    t =    19.45s Find the "Sat Aug 01 2026 — 27500 steps (today)" StaticText
    t =    19.53s Checking existence of `"Sat Aug 01 2026 — 27500 steps (today)" StaticText`
    t =    19.54s Find the "Sat Aug 01 2026 — 27500 steps (today)" StaticText
    t =    19.61s Checking existence of `"Sat Aug 01 2026 — 27500 steps (today)" StaticText`
    t =    19.63s Find the "Sat Aug 01 2026 — 27500 steps (today)" StaticText
    t =    19.69s Checking existence of `"Sat Aug 01 2026 — 27500 steps (today)" StaticText`
    t =    19.71s Find the "Sat Aug 01 2026 — 27500 steps (today)" StaticText
    t =    19.78s Checking existence of `"Sat Aug 01 2026 — 27500 steps (today)" StaticText`
    t =    19.80s Find the "Sat Aug 01 2026 — 27500 steps (today)" StaticText
    t =    19.86s Checking existence of `"Sat Aug 01 2026 — 27500 steps (today)" StaticText`
    t =    19.87s Find the "Sat Aug 01 2026 — 27500 steps (today)" StaticText
    t =    19.95s Checking existence of `"Sat Aug 01 2026 — 27500 steps (today)" StaticText`
    t =    19.96s Find the "Sat Aug 01 2026 — 27500 steps (today)" StaticText
    t =    20.03s Checking existence of `"Sat Aug 01 2026 — 27500 steps (today)" StaticText`
    t =    20.05s Find the "Sat Aug 01 2026 — 27500 steps (today)" StaticText
    t =    20.12s Checking existence of `"Sat Aug 01 2026 — 27500 steps (today)" StaticText`
    t =    20.13s Find the "Sat Aug 01 2026 — 27500 steps (today)" StaticText
    t =    20.21s Checking existence of `"Sat Aug 01 2026 — 27500 steps (today)" StaticText`
    t =    20.22s Find the "Sat Aug 01 2026 — 27500 steps (today)" StaticText
    t =    20.29s Checking existence of `"Sat Aug 01 2026 — 27500 steps (today)" StaticText`
    t =    20.30s Find the "Sat Aug 01 2026 — 27500 steps (today)" StaticText
    t =    20.38s Checking existence of `"Sat Aug 01 2026 — 27500 steps (today)" StaticText`
    t =    20.39s Find the "Sat Aug 01 2026 — 27500 steps (today)" StaticText
    t =    20.47s Checking existence of `"Sat Aug 01 2026 — 27500 steps (today)" StaticText`
    t =    20.48s Find the "Sat Aug 01 2026 — 27500 steps (today)" StaticText
    t =    20.56s Checking existence of `"Sat Aug 01 2026 — 27500 steps (today)" StaticText`
    t =    20.57s Find the "Sat Aug 01 2026 — 27500 steps (today)" StaticText
    t =    20.64s Checking existence of `"Sat Aug 01 2026 — 27500 steps (today)" StaticText`
    t =    20.66s Find the "Sat Aug 01 2026 — 27500 steps (today)" StaticText
    t =    20.73s Checking existence of `"Sat Aug 01 2026 — 27500 steps (today)" StaticText`
    t =    20.75s Find the "Sat Aug 01 2026 — 27500 steps (today)" StaticText
    t =    20.82s Checking existence of `"Sat Aug 01 2026 — 27500 steps (today)" StaticText`
    t =    20.83s Find the "Sat Aug 01 2026 — 27500 steps (today)" StaticText
    t =    20.91s Checking existence of `"Sat Aug 01 2026 — 27500 steps (today)" StaticText`
    t =    20.92s Find the "Sat Aug 01 2026 — 27500 steps (today)" StaticText
    t =    21.00s Checking existence of `"Sat Aug 01 2026 — 27500 steps (today)" StaticText`
    t =    21.01s Find the "Sat Aug 01 2026 — 27500 steps (today)" StaticText
    t =    21.09s Checking existence of `"Sat Aug 01 2026 — 27500 steps (today)" StaticText`
    t =    21.10s Find the "Sat Aug 01 2026 — 27500 steps (today)" StaticText
    t =    21.18s Checking existence of `"Sat Aug 01 2026 — 27500 steps (today)" StaticText`
    t =    21.19s Find the "Sat Aug 01 2026 — 27500 steps (today)" StaticText
    t =    21.27s Checking existence of `"Sat Aug 01 2026 — 27500 steps (today)" StaticText`
    t =    21.28s Find the "Sat Aug 01 2026 — 27500 steps (today)" StaticText
    t =    21.36s Checking existence of `"Sat Aug 01 2026 — 27500 steps (today)" StaticText`
    t =    21.37s Find the "Sat Aug 01 2026 — 27500 steps (today)" StaticText
    t =    21.44s Checking existence of `"Sat Aug 01 2026 — 27500 steps (today)" StaticText`
    t =    21.45s Find the "Sat Aug 01 2026 — 27500 steps (today)" StaticText
    t =    21.52s Checking existence of `"Sat Aug 01 2026 — 27500 steps (today)" StaticText`
    t =    21.53s Find the "Sat Aug 01 2026 — 27500 steps (today)" StaticText
    t =    21.60s Checking existence of `"Sat Aug 01 2026 — 27500 steps (today)" StaticText`
    t =    21.62s Find the "Sat Aug 01 2026 — 27500 steps (today)" StaticText
    t =    21.69s Checking existence of `"Sat Aug 01 2026 — 27500 steps (today)" StaticText`
    t =    21.71s Find the "Sat Aug 01 2026 — 27500 steps (today)" StaticText
    t =    21.78s Checking existence of `"Sat Aug 01 2026 — 27500 steps (today)" StaticText`
    t =    21.80s Find the "Sat Aug 01 2026 — 27500 steps (today)" StaticText
    t =    21.87s Checking existence of `"Sat Aug 01 2026 — 27500 steps (today)" StaticText`
    t =    21.88s Find the "Sat Aug 01 2026 — 27500 steps (today)" StaticText
    t =    21.95s Checking existence of `"Sat Aug 01 2026 — 27500 steps (today)" StaticText`
    t =    21.97s Find the "Sat Aug 01 2026 — 27500 steps (today)" StaticText
    t =    22.04s Checking existence of `"Sat Aug 01 2026 — 27500 steps (today)" StaticText`
    t =    22.06s Find the "Sat Aug 01 2026 — 27500 steps (today)" StaticText
    t =    22.13s Checking existence of `"Sat Aug 01 2026 — 27500 steps (today)" StaticText`
    t =    22.14s Find the "Sat Aug 01 2026 — 27500 steps (today)" StaticText
    t =    22.22s Checking existence of `"Sat Aug 01 2026 — 27500 steps (today)" StaticText`
    t =    22.23s Find the "Sat Aug 01 2026 — 27500 steps (today)" StaticText
    t =    22.30s Checking existence of `"Sat Aug 01 2026 — 27500 steps (today)" StaticText`
    t =    22.32s Find the "Sat Aug 01 2026 — 27500 steps (today)" StaticText
    t =    22.39s Checking existence of `"Sat Aug 01 2026 — 27500 steps (today)" StaticText`
    t =    22.41s Find the "Sat Aug 01 2026 — 27500 steps (today)" StaticText
    t =    22.48s Checking existence of `"Sat Aug 01 2026 — 27500 steps (today)" StaticText`
    t =    22.49s Find the "Sat Aug 01 2026 — 27500 steps (today)" StaticText
    t =    22.56s Checking existence of `"Sat Aug 01 2026 — 27500 steps (today)" StaticText`
    t =    22.58s Find the "Sat Aug 01 2026 — 27500 steps (today)" StaticText
    t =    22.65s Checking existence of `"Sat Aug 01 2026 — 27500 steps (today)" StaticText`
    t =    22.66s Find the "Sat Aug 01 2026 — 27500 steps (today)" StaticText
    t =    22.74s Checking existence of `"Sat Aug 01 2026 — 27500 steps (today)" StaticText`
    t =    22.75s Find the "Sat Aug 01 2026 — 27500 steps (today)" StaticText
    t =    22.83s Checking existence of `"Sat Aug 01 2026 — 27500 steps (today)" StaticText`
    t =    22.84s Find the "Sat Aug 01 2026 — 27500 steps (today)" StaticText
    t =    22.91s Checking existence of `"Sat Aug 01 2026 — 27500 steps (today)" StaticText`
    t =    22.93s Find the "Sat Aug 01 2026 — 27500 steps (today)" StaticText
    t =    23.00s Checking existence of `"Sat Aug 01 2026 — 27500 steps (today)" StaticText`
    t =    23.02s Find the "Sat Aug 01 2026 — 27500 steps (today)" StaticText
    t =    23.09s Checking existence of `"Sat Aug 01 2026 — 27500 steps (today)" StaticText`
    t =    23.10s Find the "Sat Aug 01 2026 — 27500 steps (today)" StaticText
    t =    23.18s Checking existence of `"Sat Aug 01 2026 — 27500 steps (today)" StaticText`
    t =    23.19s Find the "Sat Aug 01 2026 — 27500 steps (today)" StaticText
    t =    23.27s Checking existence of `"Sat Aug 01 2026 — 27500 steps (today)" StaticText`
    t =    23.28s Find the "Sat Aug 01 2026 — 27500 steps (today)" StaticText
    t =    23.35s Checking existence of `"Sat Aug 01 2026 — 27500 steps (today)" StaticText`
    t =    23.37s Find the "Sat Aug 01 2026 — 27500 steps (today)" StaticText
    t =    23.44s Checking existence of `"Sat Aug 01 2026 — 27500 steps (today)" StaticText`
    t =    23.46s Find the "Sat Aug 01 2026 — 27500 steps (today)" StaticText
    t =    23.53s Checking existence of `"Sat Aug 01 2026 — 27500 steps (today)" StaticText`
    t =    23.55s Find the "Sat Aug 01 2026 — 27500 steps (today)" StaticText
    t =    23.63s Checking existence of `"Sat Aug 01 2026 — 27500 steps (today)" StaticText`
    t =    23.64s Find the "Sat Aug 01 2026 — 27500 steps (today)" StaticText
    t =    23.71s Checking existence of `"Sat Aug 01 2026 — 27500 steps (today)" StaticText`
    t =    23.72s Find the "Sat Aug 01 2026 — 27500 steps (today)" StaticText
    t =    23.80s Checking existence of `"Sat Aug 01 2026 — 27500 steps (today)" StaticText`
    t =    23.81s Find the "Sat Aug 01 2026 — 27500 steps (today)" StaticText
    t =    23.88s Checking existence of `"Sat Aug 01 2026 — 27500 steps (today)" StaticText`
    t =    23.90s Find the "Sat Aug 01 2026 — 27500 steps (today)" StaticText
    t =    23.97s Checking existence of `"Sat Aug 01 2026 — 27500 steps (today)" StaticText`
    t =    23.98s Find the "Sat Aug 01 2026 — 27500 steps (today)" StaticText
    t =    24.05s Checking existence of `"Sat Aug 01 2026 — 27500 steps (today)" StaticText`
    t =    24.07s Find the "Sat Aug 01 2026 — 27500 steps (today)" StaticText
    t =    24.14s Checking existence of `"Sat Aug 01 2026 — 27500 steps (today)" StaticText`
    t =    24.16s Find the "Sat Aug 01 2026 — 27500 steps (today)" StaticText
    t =    24.23s Checking existence of `"Sat Aug 01 2026 — 27500 steps (today)" StaticText`
    t =    24.24s Find the "Sat Aug 01 2026 — 27500 steps (today)" StaticText
    t =    24.32s Checking existence of `"Sat Aug 01 2026 — 27500 steps (today)" StaticText`
    t =    24.33s Find the "Sat Aug 01 2026 — 27500 steps (today)" StaticText
    t =    24.40s Checking existence of `"Sat Aug 01 2026 — 27500 steps (today)" StaticText`
    t =    24.41s Find the "Sat Aug 01 2026 — 27500 steps (today)" StaticText
    t =    24.49s Checking existence of `"Sat Aug 01 2026 — 27500 steps (today)" StaticText`
    t =    24.50s Find the "Sat Aug 01 2026 — 27500 steps (today)" StaticText
    t =    24.57s Checking existence of `"Sat Aug 01 2026 — 27500 steps (today)" StaticText`
    t =    24.59s Find the "Sat Aug 01 2026 — 27500 steps (today)" StaticText
    t =    24.66s Checking existence of `"Sat Aug 01 2026 — 27500 steps (today)" StaticText`
    t =    24.67s Find the "Sat Aug 01 2026 — 27500 steps (today)" StaticText
    t =    24.75s Checking existence of `"Sat Aug 01 2026 — 27500 steps (today)" StaticText`
    t =    24.76s Find the "Sat Aug 01 2026 — 27500 steps (today)" StaticText
    t =    24.84s Checking existence of `"Sat Aug 01 2026 — 27500 steps (today)" StaticText`
    t =    24.85s Find the "Sat Aug 01 2026 — 27500 steps (today)" StaticText
    t =    24.92s Checking existence of `"Sat Aug 01 2026 — 27500 steps (today)" StaticText`
    t =    24.93s Find the "Sat Aug 01 2026 — 27500 steps (today)" StaticText
    t =    25.01s Checking existence of `"Sat Aug 01 2026 — 27500 steps (today)" StaticText`
    t =    25.02s Find the "Sat Aug 01 2026 — 27500 steps (today)" StaticText
    t =    25.09s Checking existence of `"Sat Aug 01 2026 — 27500 steps (today)" StaticText`
    t =    25.10s Find the "Sat Aug 01 2026 — 27500 steps (today)" StaticText
    t =    25.18s Checking existence of `"Sat Aug 01 2026 — 27500 steps (today)" StaticText`
    t =    25.19s Find the "Sat Aug 01 2026 — 27500 steps (today)" StaticText
    t =    25.26s Checking existence of `"Sat Aug 01 2026 — 27500 steps (today)" StaticText`
    t =    25.28s Find the "Sat Aug 01 2026 — 27500 steps (today)" StaticText
    t =    25.35s Checking existence of `"Sat Aug 01 2026 — 27500 steps (today)" StaticText`
    t =    25.36s Find the "Sat Aug 01 2026 — 27500 steps (today)" StaticText
    t =    25.43s Checking existence of `"Sat Aug 01 2026 — 27500 steps (today)" StaticText`
    t =    25.45s Find the "Sat Aug 01 2026 — 27500 steps (today)" StaticText
    t =    25.52s Checking existence of `"Sat Aug 01 2026 — 27500 steps (today)" StaticText`
    t =    25.53s Find the "Sat Aug 01 2026 — 27500 steps (today)" StaticText
    t =    25.61s Checking existence of `"Sat Aug 01 2026 — 27500 steps (today)" StaticText`
    t =    25.62s Find the "Sat Aug 01 2026 — 27500 steps (today)" StaticText
    t =    25.70s Checking existence of `"Sat Aug 01 2026 — 27500 steps (today)" StaticText`
    t =    25.71s Find the "Sat Aug 01 2026 — 27500 steps (today)" StaticText
    t =    25.78s Checking existence of `"Sat Aug 01 2026 — 27500 steps (today)" StaticText`
    t =    25.80s Find the "Sat Aug 01 2026 — 27500 steps (today)" StaticText
    t =    25.87s Checking existence of `"Sat Aug 01 2026 — 27500 steps (today)" StaticText`
    t =    25.89s Find the "Sat Aug 01 2026 — 27500 steps (today)" StaticText
    t =    25.96s Checking existence of `"Sat Aug 01 2026 — 27500 steps (today)" StaticText`
    t =    25.97s Find the "Sat Aug 01 2026 — 27500 steps (today)" StaticText
    t =    26.05s Checking existence of `"Sat Aug 01 2026 — 27500 steps (today)" StaticText`
    t =    26.06s Find the "Sat Aug 01 2026 — 27500 steps (today)" StaticText
    t =    26.14s Checking existence of `"Sat Aug 01 2026 — 27500 steps (today)" StaticText`
    t =    26.15s Find the "Sat Aug 01 2026 — 27500 steps (today)" StaticText
    t =    26.23s Checking existence of `"Sat Aug 01 2026 — 27500 steps (today)" StaticText`
    t =    26.24s Find the "Sat Aug 01 2026 — 27500 steps (today)" StaticText
    t =    26.31s Checking existence of `"Sat Aug 01 2026 — 27500 steps (today)" StaticText`
    t =    26.32s Find the "Sat Aug 01 2026 — 27500 steps (today)" StaticText
    t =    26.39s Checking existence of `"Sat Aug 01 2026 — 27500 steps (today)" StaticText`
    t =    26.41s Find the "Sat Aug 01 2026 — 27500 steps (today)" StaticText
    t =    26.48s Checking existence of `"Sat Aug 01 2026 — 27500 steps (today)" StaticText`
    t =    26.49s Find the "Sat Aug 01 2026 — 27500 steps (today)" StaticText
STEP[26s]: iter 0: go home
    t =    26.56s Checking existence of `"Transcribe" Button`
    t =    26.57s Checking existence of `"Health" Button`
    t =    26.59s Checking existence of `Any (First Match)`
    t =    26.60s Checking existence of `Button (Element at index 0)`
    t =    26.61s Find the Button (Element at index 0)
STEP[26s]: goHome: tapping candidate 0
    t =    26.63s Tap "BackButton" Button
    t =    26.63s     Wait for org.nativescript.nsbenchmark to idle
    t =    26.63s     Find the "BackButton" Button
    t =    26.65s     Check for interrupting elements affecting "BackButton" Button
    t =    26.66s     Synthesize event
    t =    26.95s     Wait for org.nativescript.nsbenchmark to idle
    t =    27.61s Checking existence of `"Transcribe" Button`
    t =    27.62s Waiting 3.0s for "Transcribe" Button to exist
    t =    28.70s     Checking `Expect predicate `existsNoRetry == 1` for object "Transcribe" Button`
    t =    28.70s         Checking existence of `"Transcribe" Button`
STEP[28s]: iter 0: nav Transcribe
    t =    28.71s Checking existence of `"Transcribe" Button`
    t =    28.72s Tap "Transcribe" Button
    t =    28.72s     Wait for org.nativescript.nsbenchmark to idle
    t =    28.72s     Find the "Transcribe" Button
    t =    28.73s     Check for interrupting elements affecting "Transcribe" Button
    t =    28.74s     Synthesize event
    t =    29.03s     Wait for org.nativescript.nsbenchmark to idle
    t =    29.37s Waiting 10.0s for Any (First Match) to exist
    t =    30.43s     Checking `Expect predicate `existsNoRetry == 1` for object Any (First Match)`
    t =    30.43s         Checking existence of `Any (First Match)`
    t =    30.45s Checking existence of `Any (First Match)`
    t =    30.46s Find the Any (First Match)
STEP[30s]: iter 0: speech authorize
    t =    30.47s Checking existence of `"Request Access" Button`
    t =    30.48s Checking existence of `"Request Access" Button`
    t =    30.49s Find the "Request Access" Button
    t =    30.50s Tap "Request Access" Button
    t =    30.50s     Wait for org.nativescript.nsbenchmark to idle
    t =    30.51s     Find the "Request Access" Button
    t =    30.51s     Check for interrupting elements affecting "Request Access" Button
    t =    30.53s     Synthesize event
    t =    30.82s     Wait for org.nativescript.nsbenchmark to idle
    t =    30.82s Waiting 3.0s for "Allow" Button to exist
    t =    31.90s     Checking `Expect predicate `existsNoRetry == 1` for object "Allow" Button`
    t =    31.90s         Checking existence of `"Allow" Button`
STEP[31s]: system alert: 'Allow'
    t =    31.93s Tap "Allow" Button
    t =    31.93s     Wait for com.apple.springboard to idle
    t =    31.94s     Find the "Allow" Button
    t =    31.96s     Check for interrupting elements affecting "Allow" Button
    t =    31.99s     Synthesize event
    t =    32.28s     Wait for com.apple.springboard to idle
    t =    32.52s Waiting 15.0s for Any (First Match) to exist
    t =    33.58s     Checking `Expect predicate `existsNoRetry == 1` for object Any (First Match)`
    t =    33.59s         Checking existence of `Any (First Match)`
    t =    33.61s Checking existence of `"Speech access: not requested" StaticText`
    t =    33.62s Find the "Speech access: not requested" StaticText
    t =    33.63s Checking existence of `"Transcribe Sample" Button`
    t =    33.64s Checking existence of `"Transcribe Sample" Button`
    t =    33.65s Find the "Transcribe Sample" Button
STEP[33s]: iter 0: transcribe
    t =    33.67s Tap "Transcribe Sample" Button
    t =    33.67s     Wait for org.nativescript.nsbenchmark to idle
    t =    33.67s     Find the "Transcribe Sample" Button
    t =    33.68s     Check for interrupting elements affecting "Transcribe Sample" Button
    t =    33.69s     Synthesize event
    t =    33.98s     Wait for org.nativescript.nsbenchmark to idle
    t =    33.98s Waiting 45.0s for Any (First Match) to exist
    t =    35.05s     Checking `Expect predicate `existsNoRetry == 1` for object Any (First Match)`
    t =    35.05s         Checking existence of `Any (First Match)`
    t =    35.08s         Capturing element debug description
    t =    36.02s     Checking `Expect predicate `existsNoRetry == 1` for object Any (First Match)`
    t =    36.02s         Checking existence of `Any (First Match)`
    t =    36.04s         Capturing element debug description
    t =    37.01s     Checking `Expect predicate `existsNoRetry == 1` for object Any (First Match)`
    t =    37.01s         Checking existence of `Any (First Match)`
    t =    37.03s         Capturing element debug description
    t =    38.08s     Checking `Expect predicate `existsNoRetry == 1` for object Any (First Match)`
    t =    38.08s         Checking existence of `Any (First Match)`
    t =    38.10s         Capturing element debug description
    t =    39.04s     Checking `Expect predicate `existsNoRetry == 1` for object Any (First Match)`
    t =    39.04s         Checking existence of `Any (First Match)`
    t =    39.07s         Capturing element debug description
    t =    40.02s     Checking `Expect predicate `existsNoRetry == 1` for object Any (First Match)`
    t =    40.02s         Checking existence of `Any (First Match)`
    t =    40.05s         Capturing element debug description
    t =    41.00s     Checking `Expect predicate `existsNoRetry == 1` for object Any (First Match)`
    t =    41.00s         Checking existence of `Any (First Match)`
    t =    41.03s         Capturing element debug description
    t =    42.07s     Checking `Expect predicate `existsNoRetry == 1` for object Any (First Match)`
    t =    42.07s         Checking existence of `Any (First Match)`
    t =    42.09s         Capturing element debug description
    t =    43.00s     Checking `Expect predicate `existsNoRetry == 1` for object Any (First Match)`
    t =    43.00s         Checking existence of `Any (First Match)`
    t =    43.03s         Capturing element debug description
    t =    44.03s     Checking `Expect predicate `existsNoRetry == 1` for object Any (First Match)`
    t =    44.04s         Checking existence of `Any (First Match)`
    t =    44.06s         Capturing element debug description
    t =    45.07s     Checking `Expect predicate `existsNoRetry == 1` for object Any (First Match)`
    t =    45.07s         Checking existence of `Any (First Match)`
    t =    45.09s         Capturing element debug description
    t =    46.00s     Checking `Expect predicate `existsNoRetry == 1` for object Any (First Match)`
    t =    46.00s         Checking existence of `Any (First Match)`
    t =    46.02s         Capturing element debug description
    t =    47.03s     Checking `Expect predicate `existsNoRetry == 1` for object Any (First Match)`
    t =    47.03s         Checking existence of `Any (First Match)`
    t =    47.06s         Capturing element debug description
    t =    48.06s     Checking `Expect predicate `existsNoRetry == 1` for object Any (First Match)`
    t =    48.06s         Checking existence of `Any (First Match)`
    t =    48.09s         Capturing element debug description
    t =    48.99s     Checking `Expect predicate `existsNoRetry == 1` for object Any (First Match)`
    t =    48.99s         Checking existence of `Any (First Match)`
    t =    49.02s         Capturing element debug description
    t =    50.02s     Checking `Expect predicate `existsNoRetry == 1` for object Any (First Match)`
    t =    50.02s         Checking existence of `Any (First Match)`
    t =    50.05s         Capturing element debug description
    t =    51.06s     Checking `Expect predicate `existsNoRetry == 1` for object Any (First Match)`
    t =    51.06s         Checking existence of `Any (First Match)`
    t =    51.09s         Capturing element debug description
    t =    51.99s     Checking `Expect predicate `existsNoRetry == 1` for object Any (First Match)`
    t =    51.99s         Checking existence of `Any (First Match)`
    t =    52.02s         Capturing element debug description
    t =    53.02s     Checking `Expect predicate `existsNoRetry == 1` for object Any (First Match)`
    t =    53.02s         Checking existence of `Any (First Match)`
    t =    53.05s         Capturing element debug description
    t =    54.06s     Checking `Expect predicate `existsNoRetry == 1` for object Any (First Match)`
    t =    54.06s         Checking existence of `Any (First Match)`
    t =    54.08s         Capturing element debug description
    t =    54.99s     Checking `Expect predicate `existsNoRetry == 1` for object Any (First Match)`
    t =    54.99s         Checking existence of `Any (First Match)`
    t =    55.01s         Capturing element debug description
    t =    56.02s     Checking `Expect predicate `existsNoRetry == 1` for object Any (First Match)`
    t =    56.02s         Checking existence of `Any (First Match)`
    t =    56.05s         Capturing element debug description
    t =    57.06s     Checking `Expect predicate `existsNoRetry == 1` for object Any (First Match)`
    t =    57.06s         Checking existence of `Any (First Match)`
    t =    57.08s         Capturing element debug description
    t =    58.04s     Checking `Expect predicate `existsNoRetry == 1` for object Any (First Match)`
    t =    58.04s         Checking existence of `Any (First Match)`
    t =    58.06s         Capturing element debug description
    t =    59.03s     Checking `Expect predicate `existsNoRetry == 1` for object Any (First Match)`
    t =    59.03s         Checking existence of `Any (First Match)`
    t =    59.06s         Capturing element debug description
    t =    60.02s     Checking `Expect predicate `existsNoRetry == 1` for object Any (First Match)`
    t =    60.02s         Checking existence of `Any (First Match)`
    t =    60.04s         Capturing element debug description
    t =    60.98s     Checking `Expect predicate `existsNoRetry == 1` for object Any (First Match)`
    t =    60.98s         Checking existence of `Any (First Match)`
    t =    61.01s         Capturing element debug description
    t =    62.07s     Checking `Expect predicate `existsNoRetry == 1` for object Any (First Match)`
    t =    62.07s         Checking existence of `Any (First Match)`
    t =    62.10s         Capturing element debug description
    t =    63.04s     Checking `Expect predicate `existsNoRetry == 1` for object Any (First Match)`
    t =    63.04s         Checking existence of `Any (First Match)`
    t =    63.07s         Capturing element debug description
    t =    64.01s     Checking `Expect predicate `existsNoRetry == 1` for object Any (First Match)`
    t =    64.01s         Checking existence of `Any (First Match)`
    t =    64.03s         Capturing element debug description
    t =    64.99s     Checking `Expect predicate `existsNoRetry == 1` for object Any (First Match)`
    t =    64.99s         Checking existence of `Any (First Match)`
    t =    65.02s         Capturing element debug description
    t =    66.08s     Checking `Expect predicate `existsNoRetry == 1` for object Any (First Match)`
    t =    66.08s         Checking existence of `Any (First Match)`
    t =    66.09s         Capturing element debug description
    t =    67.05s     Checking `Expect predicate `existsNoRetry == 1` for object Any (First Match)`
    t =    67.05s         Checking existence of `Any (First Match)`
    t =    67.07s         Capturing element debug description
    t =    68.02s     Checking `Expect predicate `existsNoRetry == 1` for object Any (First Match)`
    t =    68.02s         Checking existence of `Any (First Match)`
    t =    68.04s         Capturing element debug description
    t =    68.99s     Checking `Expect predicate `existsNoRetry == 1` for object Any (First Match)`
    t =    68.99s         Checking existence of `Any (First Match)`
    t =    69.02s         Capturing element debug description
    t =    70.07s     Checking `Expect predicate `existsNoRetry == 1` for object Any (First Match)`
    t =    70.07s         Checking existence of `Any (First Match)`
    t =    70.09s         Capturing element debug description
    t =    71.04s     Checking `Expect predicate `existsNoRetry == 1` for object Any (First Match)`
    t =    71.04s         Checking existence of `Any (First Match)`
    t =    71.07s         Capturing element debug description
    t =    72.01s     Checking `Expect predicate `existsNoRetry == 1` for object Any (First Match)`
    t =    72.01s         Checking existence of `Any (First Match)`
    t =    72.03s         Capturing element debug description
    t =    72.99s     Checking `Expect predicate `existsNoRetry == 1` for object Any (First Match)`
    t =    72.99s         Checking existence of `Any (First Match)`
    t =    73.02s         Capturing element debug description
    t =    74.07s     Checking `Expect predicate `existsNoRetry == 1` for object Any (First Match)`
    t =    74.07s         Checking existence of `Any (First Match)`
    t =    74.09s         Capturing element debug description
    t =    75.06s     Checking `Expect predicate `existsNoRetry == 1` for object Any (First Match)`
    t =    75.06s         Checking existence of `Any (First Match)`
    t =    75.09s         Capturing element debug description
    t =    76.05s     Checking `Expect predicate `existsNoRetry == 1` for object Any (First Match)`
    t =    76.05s         Checking existence of `Any (First Match)`
    t =    76.06s         Capturing element debug description
    t =    77.02s     Checking `Expect predicate `existsNoRetry == 1` for object Any (First Match)`
    t =    77.02s         Checking existence of `Any (First Match)`
    t =    77.04s         Capturing element debug description
    t =    78.00s     Checking `Expect predicate `existsNoRetry == 1` for object Any (First Match)`
    t =    78.00s         Checking existence of `Any (First Match)`
    t =    78.03s         Capturing element debug description
    t =    78.99s     Checking `Expect predicate `existsNoRetry == 1` for object Any (First Match)`
    t =    78.99s         Checking existence of `Any (First Match)`
    t =    79.02s         Capturing element debug description
    t =    79.02s     Checking existence of `Any (First Match)`
    t =    79.03s Collecting debug information to assist test failure triage
    t =    79.04s     Requesting snapshot of accessibility hierarchy for app with pid 44355
    t =    79.06s Checking existence of `Any (First Match)`
    t =    79.07s Checking existence of `Any (First Match)`
    t =    79.08s Checking existence of `Any (First Match)`
    t =    79.09s Find the Any (First Match)
STEP[79s]: iter 0: done
    t =    79.10s Terminate org.nativescript.nsbenchmark:44355
STEP[80s]: iter 1: launch org.nativescript.nsbenchmark
    t =    80.19s Open org.nativescript.nsbenchmark
    t =    80.20s     Launch org.nativescript.nsbenchmark
    t =    80.30s         Setting up automation session
    t =    80.92s         Wait for org.nativescript.nsbenchmark to idle
    t =    82.09s Checking existence of `"Health" Button`
    t =    82.11s Waiting 20.0s for "Health" Button to exist
    t =    83.18s     Checking `Expect predicate `existsNoRetry == 1` for object "Health" Button`
    t =    83.18s         Checking existence of `"Health" Button`
STEP[83s]: iter 1: nav Health
    t =    83.20s Checking existence of `"Health" Button`
    t =    83.20s Tap "Health" Button
    t =    83.20s     Wait for org.nativescript.nsbenchmark to idle
    t =    83.21s     Find the "Health" Button
    t =    83.21s     Check for interrupting elements affecting "Health" Button
    t =    83.23s     Synthesize event
    t =    83.52s     Wait for org.nativescript.nsbenchmark to idle
    t =    83.92s Waiting 10.0s for Any (First Match) to exist
    t =    84.98s     Checking `Expect predicate `existsNoRetry == 1` for object Any (First Match)`
    t =    84.98s         Checking existence of `Any (First Match)`
    t =    85.01s Checking existence of `Any (First Match)`
    t =    85.02s Find the Any (First Match)
    t =    85.03s Checking existence of `"Health access: granted" StaticText`
    t =    85.04s Find the "Health access: granted" StaticText
    t =    85.05s Waiting 15.0s for Any (First Match) to exist
    t =    86.12s     Checking `Expect predicate `existsNoRetry == 1` for object Any (First Match)`
    t =    86.13s         Checking existence of `Any (First Match)`
    t =    86.15s Checking existence of `Any (First Match)`
    t =    86.17s Find the Any (First Match)
    t =    86.18s Checking existence of `"Log 500 Steps" Button`
    t =    86.19s Checking existence of `"Log 500 Steps" Button`
    t =    86.20s Find the "Log 500 Steps" Button
STEP[86s]: iter 1: log 500
    t =    86.22s Tap "Log 500 Steps" Button
    t =    86.22s     Wait for org.nativescript.nsbenchmark to idle
    t =    86.22s     Find the "Log 500 Steps" Button
    t =    86.23s     Check for interrupting elements affecting "Log 500 Steps" Button
    t =    86.24s     Synthesize event
    t =    86.54s     Wait for org.nativescript.nsbenchmark to idle
    t =    86.54s Checking existence of `"Sat Aug 01 2026 — 27500 steps (today)" StaticText`
    t =    86.56s Find the "Sat Aug 01 2026 — 27500 steps (today)" StaticText
    t =    86.64s Checking existence of `"Sat Aug 01 2026 — 27500 steps (today)" StaticText`
    t =    86.65s Find the "Sat Aug 01 2026 — 27500 steps (today)" StaticText
    t =    86.73s Checking existence of `"Sat Aug 01 2026 — 27500 steps (today)" StaticText`
    t =    86.74s Find the "Sat Aug 01 2026 — 27500 steps (today)" StaticText
    t =    86.81s Checking existence of `"Sat Aug 01 2026 — 27500 steps (today)" StaticText`
    t =    86.83s Find the "Sat Aug 01 2026 — 27500 steps (today)" StaticText
    t =    86.90s Checking existence of `"Sat Aug 01 2026 — 27500 steps (today)" StaticText`
    t =    86.92s Find the "Sat Aug 01 2026 — 27500 steps (today)" StaticText
    t =    86.99s Checking existence of `"Sat Aug 01 2026 — 27500 steps (today)" StaticText`
    t =    87.00s Find the "Sat Aug 01 2026 — 27500 steps (today)" StaticText
    t =    87.08s Checking existence of `"Sat Aug 01 2026 — 27500 steps (today)" StaticText`
    t =    87.09s Find the "Sat Aug 01 2026 — 27500 steps (today)" StaticText
    t =    87.17s Checking existence of `"Sat Aug 01 2026 — 27500 steps (today)" StaticText`
    t =    87.18s Find the "Sat Aug 01 2026 — 27500 steps (today)" StaticText
    t =    87.26s Checking existence of `"Sat Aug 01 2026 — 27500 steps (today)" StaticText`
    t =    87.27s Find the "Sat Aug 01 2026 — 27500 steps (today)" StaticText
    t =    87.34s Checking existence of `"Sat Aug 01 2026 — 27500 steps (today)" StaticText`
    t =    87.35s Find the "Sat Aug 01 2026 — 27500 steps (today)" StaticText
    t =    87.43s Checking existence of `"Sat Aug 01 2026 — 27500 steps (today)" StaticText`
    t =    87.44s Find the "Sat Aug 01 2026 — 27500 steps (today)" StaticText
    t =    87.51s Checking existence of `"Sat Aug 01 2026 — 27500 steps (today)" StaticText`
    t =    87.53s Find the "Sat Aug 01 2026 — 27500 steps (today)" StaticText
    t =    87.60s Checking existence of `"Sat Aug 01 2026 — 27500 steps (today)" StaticText`
    t =    87.61s Find the "Sat Aug 01 2026 — 27500 steps (today)" StaticText
    t =    87.69s Checking existence of `"Sat Aug 01 2026 — 27500 steps (today)" StaticText`
    t =    87.70s Find the "Sat Aug 01 2026 — 27500 steps (today)" StaticText
    t =    87.77s Checking existence of `"Sat Aug 01 2026 — 27500 steps (today)" StaticText`
    t =    87.79s Find the "Sat Aug 01 2026 — 27500 steps (today)" StaticText
    t =    87.86s Checking existence of `"Sat Aug 01 2026 — 27500 steps (today)" StaticText`
    t =    87.87s Find the "Sat Aug 01 2026 — 27500 steps (today)" StaticText
    t =    87.95s Checking existence of `"Sat Aug 01 2026 — 27500 steps (today)" StaticText`
    t =    87.96s Find the "Sat Aug 01 2026 — 27500 steps (today)" StaticText
    t =    88.04s Checking existence of `"Sat Aug 01 2026 — 27500 steps (today)" StaticText`
    t =    88.05s Find the "Sat Aug 01 2026 — 27500 steps (today)" StaticText
    t =    88.13s Checking existence of `"Sat Aug 01 2026 — 27500 steps (today)" StaticText`
    t =    88.14s Find the "Sat Aug 01 2026 — 27500 steps (today)" StaticText
    t =    88.21s Checking existence of `"Sat Aug 01 2026 — 27500 steps (today)" StaticText`
    t =    88.23s Find the "Sat Aug 01 2026 — 27500 steps (today)" StaticText
    t =    88.30s Checking existence of `"Sat Aug 01 2026 — 27500 steps (today)" StaticText`
    t =    88.32s Find the "Sat Aug 01 2026 — 27500 steps (today)" StaticText
    t =    88.39s Checking existence of `"Sat Aug 01 2026 — 27500 steps (today)" StaticText`
    t =    88.40s Find the "Sat Aug 01 2026 — 27500 steps (today)" StaticText
    t =    88.48s Checking existence of `"Sat Aug 01 2026 — 27500 steps (today)" StaticText`
    t =    88.49s Find the "Sat Aug 01 2026 — 27500 steps (today)" StaticText
    t =    88.56s Checking existence of `"Sat Aug 01 2026 — 27500 steps (today)" StaticText`
    t =    88.57s Find the "Sat Aug 01 2026 — 27500 steps (today)" StaticText
    t =    88.65s Checking existence of `"Sat Aug 01 2026 — 27500 steps (today)" StaticText`
    t =    88.66s Find the "Sat Aug 01 2026 — 27500 steps (today)" StaticText
    t =    88.73s Checking existence of `"Sat Aug 01 2026 — 27500 steps (today)" StaticText`
    t =    88.75s Find the "Sat Aug 01 2026 — 27500 steps (today)" StaticText
    t =    88.82s Checking existence of `"Sat Aug 01 2026 — 27500 steps (today)" StaticText`
    t =    88.84s Find the "Sat Aug 01 2026 — 27500 steps (today)" StaticText
    t =    88.91s Checking existence of `"Sat Aug 01 2026 — 27500 steps (today)" StaticText`
    t =    88.93s Find the "Sat Aug 01 2026 — 27500 steps (today)" StaticText
    t =    89.00s Checking existence of `"Sat Aug 01 2026 — 27500 steps (today)" StaticText`
    t =    89.01s Find the "Sat Aug 01 2026 — 27500 steps (today)" StaticText
    t =    89.09s Checking existence of `"Sat Aug 01 2026 — 27500 steps (today)" StaticText`
    t =    89.10s Find the "Sat Aug 01 2026 — 27500 steps (today)" StaticText
    t =    89.18s Checking existence of `"Sat Aug 01 2026 — 27500 steps (today)" StaticText`
    t =    89.19s Find the "Sat Aug 01 2026 — 27500 steps (today)" StaticText
    t =    89.26s Checking existence of `"Sat Aug 01 2026 — 27500 steps (today)" StaticText`
    t =    89.27s Find the "Sat Aug 01 2026 — 27500 steps (today)" StaticText
    t =    89.35s Checking existence of `"Sat Aug 01 2026 — 27500 steps (today)" StaticText`
    t =    89.36s Find the "Sat Aug 01 2026 — 27500 steps (today)" StaticText
    t =    89.43s Checking existence of `"Sat Aug 01 2026 — 27500 steps (today)" StaticText`
    t =    89.45s Find the "Sat Aug 01 2026 — 27500 steps (today)" StaticText
    t =    89.52s Checking existence of `"Sat Aug 01 2026 — 27500 steps (today)" StaticText`
    t =    89.53s Find the "Sat Aug 01 2026 — 27500 steps (today)" StaticText
    t =    89.61s Checking existence of `"Sat Aug 01 2026 — 27500 steps (today)" StaticText`
    t =    89.62s Find the "Sat Aug 01 2026 — 27500 steps (today)" StaticText
    t =    89.70s Checking existence of `"Sat Aug 01 2026 — 27500 steps (today)" StaticText`
    t =    89.71s Find the "Sat Aug 01 2026 — 27500 steps (today)" StaticText
    t =    89.78s Checking existence of `"Sat Aug 01 2026 — 27500 steps (today)" StaticText`
    t =    89.80s Find the "Sat Aug 01 2026 — 27500 steps (today)" StaticText
    t =    89.87s Checking existence of `"Sat Aug 01 2026 — 27500 steps (today)" StaticText`
    t =    89.88s Find the "Sat Aug 01 2026 — 27500 steps (today)" StaticText
    t =    89.96s Checking existence of `"Sat Aug 01 2026 — 27500 steps (today)" StaticText`
    t =    89.97s Find the "Sat Aug 01 2026 — 27500 steps (today)" StaticText
    t =    90.05s Checking existence of `"Sat Aug 01 2026 — 27500 steps (today)" StaticText`
    t =    90.06s Find the "Sat Aug 01 2026 — 27500 steps (today)" StaticText
    t =    90.13s Checking existence of `"Sat Aug 01 2026 — 27500 steps (today)" StaticText`
    t =    90.15s Find the "Sat Aug 01 2026 — 27500 steps (today)" StaticText
    t =    90.22s Checking existence of `"Sat Aug 01 2026 — 27500 steps (today)" StaticText`
    t =    90.23s Find the "Sat Aug 01 2026 — 27500 steps (today)" StaticText
    t =    90.30s Checking existence of `"Sat Aug 01 2026 — 27500 steps (today)" StaticText`
    t =    90.32s Find the "Sat Aug 01 2026 — 27500 steps (today)" StaticText
    t =    90.39s Checking existence of `"Sat Aug 01 2026 — 27500 steps (today)" StaticText`
    t =    90.41s Find the "Sat Aug 01 2026 — 27500 steps (today)" StaticText
    t =    90.48s Checking existence of `"Sat Aug 01 2026 — 27500 steps (today)" StaticText`
    t =    90.49s Find the "Sat Aug 01 2026 — 27500 steps (today)" StaticText
    t =    90.57s Checking existence of `"Sat Aug 01 2026 — 27500 steps (today)" StaticText`
    t =    90.58s Find the "Sat Aug 01 2026 — 27500 steps (today)" StaticText
    t =    90.65s Checking existence of `"Sat Aug 01 2026 — 27500 steps (today)" StaticText`
    t =    90.66s Find the "Sat Aug 01 2026 — 27500 steps (today)" StaticText
    t =    90.74s Checking existence of `"Sat Aug 01 2026 — 27500 steps (today)" StaticText`
    t =    90.75s Find the "Sat Aug 01 2026 — 27500 steps (today)" StaticText
    t =    90.82s Checking existence of `"Sat Aug 01 2026 — 27500 steps (today)" StaticText`
    t =    90.84s Find the "Sat Aug 01 2026 — 27500 steps (today)" StaticText
    t =    90.91s Checking existence of `"Sat Aug 01 2026 — 27500 steps (today)" StaticText`
    t =    90.93s Find the "Sat Aug 01 2026 — 27500 steps (today)" StaticText
    t =    91.00s Checking existence of `"Sat Aug 01 2026 — 27500 steps (today)" StaticText`
    t =    91.01s Find the "Sat Aug 01 2026 — 27500 steps (today)" StaticText
    t =    91.09s Checking existence of `"Sat Aug 01 2026 — 27500 steps (today)" StaticText`
    t =    91.10s Find the "Sat Aug 01 2026 — 27500 steps (today)" StaticText
    t =    91.17s Checking existence of `"Sat Aug 01 2026 — 27500 steps (today)" StaticText`
    t =    91.18s Find the "Sat Aug 01 2026 — 27500 steps (today)" StaticText
    t =    91.26s Checking existence of `"Sat Aug 01 2026 — 27500 steps (today)" StaticText`
    t =    91.27s Find the "Sat Aug 01 2026 — 27500 steps (today)" StaticText
    t =    91.34s Checking existence of `"Sat Aug 01 2026 — 27500 steps (today)" StaticText`
    t =    91.35s Find the "Sat Aug 01 2026 — 27500 steps (today)" StaticText
    t =    91.42s Checking existence of `"Sat Aug 01 2026 — 27500 steps (today)" StaticText`
    t =    91.44s Find the "Sat Aug 01 2026 — 27500 steps (today)" StaticText
    t =    91.51s Checking existence of `"Sat Aug 01 2026 — 27500 steps (today)" StaticText`
    t =    91.53s Find the "Sat Aug 01 2026 — 27500 steps (today)" StaticText
    t =    91.60s Checking existence of `"Sat Aug 01 2026 — 27500 steps (today)" StaticText`
    t =    91.61s Find the "Sat Aug 01 2026 — 27500 steps (today)" StaticText
    t =    91.68s Checking existence of `"Sat Aug 01 2026 — 27500 steps (today)" StaticText`
    t =    91.70s Find the "Sat Aug 01 2026 — 27500 steps (today)" StaticText
    t =    91.77s Checking existence of `"Sat Aug 01 2026 — 27500 steps (today)" StaticText`
    t =    91.78s Find the "Sat Aug 01 2026 — 27500 steps (today)" StaticText
    t =    91.86s Checking existence of `"Sat Aug 01 2026 — 27500 steps (today)" StaticText`
    t =    91.87s Find the "Sat Aug 01 2026 — 27500 steps (today)" StaticText
    t =    91.94s Checking existence of `"Sat Aug 01 2026 — 27500 steps (today)" StaticText`
    t =    91.96s Find the "Sat Aug 01 2026 — 27500 steps (today)" StaticText
    t =    92.02s Checking existence of `"Sat Aug 01 2026 — 27500 steps (today)" StaticText`
    t =    92.04s Find the "Sat Aug 01 2026 — 27500 steps (today)" StaticText
    t =    92.11s Checking existence of `"Sat Aug 01 2026 — 27500 steps (today)" StaticText`
    t =    92.12s Find the "Sat Aug 01 2026 — 27500 steps (today)" StaticText
    t =    92.20s Checking existence of `"Sat Aug 01 2026 — 27500 steps (today)" StaticText`
    t =    92.21s Find the "Sat Aug 01 2026 — 27500 steps (today)" StaticText
    t =    92.29s Checking existence of `"Sat Aug 01 2026 — 27500 steps (today)" StaticText`
    t =    92.30s Find the "Sat Aug 01 2026 — 27500 steps (today)" StaticText
    t =    92.37s Checking existence of `"Sat Aug 01 2026 — 27500 steps (today)" StaticText`
    t =    92.39s Find the "Sat Aug 01 2026 — 27500 steps (today)" StaticText
    t =    92.46s Checking existence of `"Sat Aug 01 2026 — 27500 steps (today)" StaticText`
    t =    92.47s Find the "Sat Aug 01 2026 — 27500 steps (today)" StaticText
    t =    92.55s Checking existence of `"Sat Aug 01 2026 — 27500 steps (today)" StaticText`
    t =    92.56s Find the "Sat Aug 01 2026 — 27500 steps (today)" StaticText
    t =    92.64s Checking existence of `"Sat Aug 01 2026 — 27500 steps (today)" StaticText`
    t =    92.65s Find the "Sat Aug 01 2026 — 27500 steps (today)" StaticText
    t =    92.73s Checking existence of `"Sat Aug 01 2026 — 27500 steps (today)" StaticText`
    t =    92.74s Find the "Sat Aug 01 2026 — 27500 steps (today)" StaticText
    t =    92.82s Checking existence of `"Sat Aug 01 2026 — 27500 steps (today)" StaticText`
    t =    92.83s Find the "Sat Aug 01 2026 — 27500 steps (today)" StaticText
    t =    92.90s Checking existence of `"Sat Aug 01 2026 — 27500 steps (today)" StaticText`
    t =    92.92s Find the "Sat Aug 01 2026 — 27500 steps (today)" StaticText
    t =    92.99s Checking existence of `"Sat Aug 01 2026 — 27500 steps (today)" StaticText`
    t =    93.00s Find the "Sat Aug 01 2026 — 27500 steps (today)" StaticText
    t =    93.07s Checking existence of `"Sat Aug 01 2026 — 27500 steps (today)" StaticText`
    t =    93.08s Find the "Sat Aug 01 2026 — 27500 steps (today)" StaticText
    t =    93.15s Checking existence of `"Sat Aug 01 2026 — 27500 steps (today)" StaticText`
    t =    93.16s Find the "Sat Aug 01 2026 — 27500 steps (today)" StaticText
    t =    93.24s Checking existence of `"Sat Aug 01 2026 — 27500 steps (today)" StaticText`
    t =    93.25s Find the "Sat Aug 01 2026 — 27500 steps (today)" StaticText
    t =    93.33s Checking existence of `"Sat Aug 01 2026 — 27500 steps (today)" StaticText`
    t =    93.34s Find the "Sat Aug 01 2026 — 27500 steps (today)" StaticText
    t =    93.41s Checking existence of `"Sat Aug 01 2026 — 27500 steps (today)" StaticText`
    t =    93.43s Find the "Sat Aug 01 2026 — 27500 steps (today)" StaticText
    t =    93.50s Checking existence of `"Sat Aug 01 2026 — 27500 steps (today)" StaticText`
    t =    93.51s Find the "Sat Aug 01 2026 — 27500 steps (today)" StaticText
    t =    93.59s Checking existence of `"Sat Aug 01 2026 — 27500 steps (today)" StaticText`
    t =    93.60s Find the "Sat Aug 01 2026 — 27500 steps (today)" StaticText
    t =    93.68s Checking existence of `"Sat Aug 01 2026 — 27500 steps (today)" StaticText`
    t =    93.69s Find the "Sat Aug 01 2026 — 27500 steps (today)" StaticText
    t =    93.77s Checking existence of `"Sat Aug 01 2026 — 27500 steps (today)" StaticText`
    t =    93.78s Find the "Sat Aug 01 2026 — 27500 steps (today)" StaticText
    t =    93.86s Checking existence of `"Sat Aug 01 2026 — 27500 steps (today)" StaticText`
    t =    93.87s Find the "Sat Aug 01 2026 — 27500 steps (today)" StaticText
    t =    93.94s Checking existence of `"Sat Aug 01 2026 — 27500 steps (today)" StaticText`
    t =    93.96s Find the "Sat Aug 01 2026 — 27500 steps (today)" StaticText
    t =    94.03s Checking existence of `"Sat Aug 01 2026 — 27500 steps (today)" StaticText`
    t =    94.05s Find the "Sat Aug 01 2026 — 27500 steps (today)" StaticText
    t =    94.12s Checking existence of `"Sat Aug 01 2026 — 27500 steps (today)" StaticText`
    t =    94.13s Find the "Sat Aug 01 2026 — 27500 steps (today)" StaticText
    t =    94.21s Checking existence of `"Sat Aug 01 2026 — 27500 steps (today)" StaticText`
    t =    94.22s Find the "Sat Aug 01 2026 — 27500 steps (today)" StaticText
    t =    94.30s Checking existence of `"Sat Aug 01 2026 — 27500 steps (today)" StaticText`
    t =    94.31s Find the "Sat Aug 01 2026 — 27500 steps (today)" StaticText
    t =    94.38s Checking existence of `"Sat Aug 01 2026 — 27500 steps (today)" StaticText`
    t =    94.40s Find the "Sat Aug 01 2026 — 27500 steps (today)" StaticText
    t =    94.47s Checking existence of `"Sat Aug 01 2026 — 27500 steps (today)" StaticText`
    t =    94.49s Find the "Sat Aug 01 2026 — 27500 steps (today)" StaticText
    t =    94.56s Checking existence of `"Sat Aug 01 2026 — 27500 steps (today)" StaticText`
    t =    94.57s Find the "Sat Aug 01 2026 — 27500 steps (today)" StaticText
    t =    94.65s Checking existence of `"Sat Aug 01 2026 — 27500 steps (today)" StaticText`
    t =    94.66s Find the "Sat Aug 01 2026 — 27500 steps (today)" StaticText
    t =    94.74s Checking existence of `"Sat Aug 01 2026 — 27500 steps (today)" StaticText`
    t =    94.75s Find the "Sat Aug 01 2026 — 27500 steps (today)" StaticText
    t =    94.83s Checking existence of `"Sat Aug 01 2026 — 27500 steps (today)" StaticText`
    t =    94.84s Find the "Sat Aug 01 2026 — 27500 steps (today)" StaticText
    t =    94.92s Checking existence of `"Sat Aug 01 2026 — 27500 steps (today)" StaticText`
    t =    94.93s Find the "Sat Aug 01 2026 — 27500 steps (today)" StaticText
    t =    95.00s Checking existence of `"Sat Aug 01 2026 — 27500 steps (today)" StaticText`
    t =    95.02s Find the "Sat Aug 01 2026 — 27500 steps (today)" StaticText
    t =    95.09s Checking existence of `"Sat Aug 01 2026 — 27500 steps (today)" StaticText`
    t =    95.10s Find the "Sat Aug 01 2026 — 27500 steps (today)" StaticText
    t =    95.17s Checking existence of `"Sat Aug 01 2026 — 27500 steps (today)" StaticText`
    t =    95.19s Find the "Sat Aug 01 2026 — 27500 steps (today)" StaticText
    t =    95.26s Checking existence of `"Sat Aug 01 2026 — 27500 steps (today)" StaticText`
    t =    95.27s Find the "Sat Aug 01 2026 — 27500 steps (today)" StaticText
    t =    95.35s Checking existence of `"Sat Aug 01 2026 — 27500 steps (today)" StaticText`
    t =    95.36s Find the "Sat Aug 01 2026 — 27500 steps (today)" StaticText
    t =    95.44s Checking existence of `"Sat Aug 01 2026 — 27500 steps (today)" StaticText`
    t =    95.45s Find the "Sat Aug 01 2026 — 27500 steps (today)" StaticText
    t =    95.53s Checking existence of `"Sat Aug 01 2026 — 27500 steps (today)" StaticText`
    t =    95.54s Find the "Sat Aug 01 2026 — 27500 steps (today)" StaticText
    t =    95.61s Checking existence of `"Sat Aug 01 2026 — 27500 steps (today)" StaticText`
    t =    95.63s Find the "Sat Aug 01 2026 — 27500 steps (today)" StaticText
    t =    95.70s Checking existence of `"Sat Aug 01 2026 — 27500 steps (today)" StaticText`
    t =    95.72s Find the "Sat Aug 01 2026 — 27500 steps (today)" StaticText
    t =    95.79s Checking existence of `"Sat Aug 01 2026 — 27500 steps (today)" StaticText`
    t =    95.80s Find the "Sat Aug 01 2026 — 27500 steps (today)" StaticText
    t =    95.88s Checking existence of `"Sat Aug 01 2026 — 27500 steps (today)" StaticText`
    t =    95.89s Find the "Sat Aug 01 2026 — 27500 steps (today)" StaticText
    t =    95.97s Checking existence of `"Sat Aug 01 2026 — 27500 steps (today)" StaticText`
    t =    95.98s Find the "Sat Aug 01 2026 — 27500 steps (today)" StaticText
    t =    96.06s Checking existence of `"Sat Aug 01 2026 — 27500 steps (today)" StaticText`
    t =    96.07s Find the "Sat Aug 01 2026 — 27500 steps (today)" StaticText
    t =    96.14s Checking existence of `"Sat Aug 01 2026 — 27500 steps (today)" StaticText`
    t =    96.16s Find the "Sat Aug 01 2026 — 27500 steps (today)" StaticText
    t =    96.23s Checking existence of `"Sat Aug 01 2026 — 27500 steps (today)" StaticText`
    t =    96.25s Find the "Sat Aug 01 2026 — 27500 steps (today)" StaticText
    t =    96.32s Checking existence of `"Sat Aug 01 2026 — 27500 steps (today)" StaticText`
    t =    96.33s Find the "Sat Aug 01 2026 — 27500 steps (today)" StaticText
    t =    96.41s Checking existence of `"Sat Aug 01 2026 — 27500 steps (today)" StaticText`
    t =    96.42s Find the "Sat Aug 01 2026 — 27500 steps (today)" StaticText
    t =    96.49s Checking existence of `"Sat Aug 01 2026 — 27500 steps (today)" StaticText`
    t =    96.50s Find the "Sat Aug 01 2026 — 27500 steps (today)" StaticText
    t =    96.57s Checking existence of `"Sat Aug 01 2026 — 27500 steps (today)" StaticText`
    t =    96.58s Find the "Sat Aug 01 2026 — 27500 steps (today)" StaticText
    t =    96.66s Checking existence of `"Sat Aug 01 2026 — 27500 steps (today)" StaticText`
    t =    96.67s Find the "Sat Aug 01 2026 — 27500 steps (today)" StaticText
    t =    96.74s Checking existence of `"Sat Aug 01 2026 — 27500 steps (today)" StaticText`
    t =    96.75s Find the "Sat Aug 01 2026 — 27500 steps (today)" StaticText
    t =    96.83s Checking existence of `"Sat Aug 01 2026 — 27500 steps (today)" StaticText`
    t =    96.84s Find the "Sat Aug 01 2026 — 27500 steps (today)" StaticText
    t =    96.92s Checking existence of `"Sat Aug 01 2026 — 27500 steps (today)" StaticText`
    t =    96.93s Find the "Sat Aug 01 2026 — 27500 steps (today)" StaticText
    t =    97.01s Checking existence of `"Sat Aug 01 2026 — 27500 steps (today)" StaticText`
    t =    97.02s Find the "Sat Aug 01 2026 — 27500 steps (today)" StaticText
    t =    97.10s Checking existence of `"Sat Aug 01 2026 — 27500 steps (today)" StaticText`
    t =    97.11s Find the "Sat Aug 01 2026 — 27500 steps (today)" StaticText
    t =    97.19s Checking existence of `"Sat Aug 01 2026 — 27500 steps (today)" StaticText`
    t =    97.20s Find the "Sat Aug 01 2026 — 27500 steps (today)" StaticText
    t =    97.27s Checking existence of `"Sat Aug 01 2026 — 27500 steps (today)" StaticText`
    t =    97.29s Find the "Sat Aug 01 2026 — 27500 steps (today)" StaticText
    t =    97.36s Checking existence of `"Sat Aug 01 2026 — 27500 steps (today)" StaticText`
    t =    97.38s Find the "Sat Aug 01 2026 — 27500 steps (today)" StaticText
    t =    97.45s Checking existence of `"Sat Aug 01 2026 — 27500 steps (today)" StaticText`
    t =    97.46s Find the "Sat Aug 01 2026 — 27500 steps (today)" StaticText
    t =    97.54s Checking existence of `"Sat Aug 01 2026 — 27500 steps (today)" StaticText`
    t =    97.55s Find the "Sat Aug 01 2026 — 27500 steps (today)" StaticText
    t =    97.63s Checking existence of `"Sat Aug 01 2026 — 27500 steps (today)" StaticText`
    t =    97.64s Find the "Sat Aug 01 2026 — 27500 steps (today)" StaticText
    t =    97.71s Checking existence of `"Sat Aug 01 2026 — 27500 steps (today)" StaticText`
    t =    97.72s Find the "Sat Aug 01 2026 — 27500 steps (today)" StaticText
    t =    97.79s Checking existence of `"Sat Aug 01 2026 — 27500 steps (today)" StaticText`
    t =    97.80s Find the "Sat Aug 01 2026 — 27500 steps (today)" StaticText
    t =    97.88s Checking existence of `"Sat Aug 01 2026 — 27500 steps (today)" StaticText`
    t =    97.89s Find the "Sat Aug 01 2026 — 27500 steps (today)" StaticText
    t =    97.97s Checking existence of `"Sat Aug 01 2026 — 27500 steps (today)" StaticText`
    t =    97.98s Find the "Sat Aug 01 2026 — 27500 steps (today)" StaticText
    t =    98.05s Checking existence of `"Sat Aug 01 2026 — 27500 steps (today)" StaticText`
    t =    98.07s Find the "Sat Aug 01 2026 — 27500 steps (today)" StaticText
    t =    98.14s Checking existence of `"Sat Aug 01 2026 — 27500 steps (today)" StaticText`
    t =    98.16s Find the "Sat Aug 01 2026 — 27500 steps (today)" StaticText
    t =    98.23s Checking existence of `"Sat Aug 01 2026 — 27500 steps (today)" StaticText`
    t =    98.24s Find the "Sat Aug 01 2026 — 27500 steps (today)" StaticText
    t =    98.32s Checking existence of `"Sat Aug 01 2026 — 27500 steps (today)" StaticText`
    t =    98.33s Find the "Sat Aug 01 2026 — 27500 steps (today)" StaticText
    t =    98.40s Checking existence of `"Sat Aug 01 2026 — 27500 steps (today)" StaticText`
    t =    98.42s Find the "Sat Aug 01 2026 — 27500 steps (today)" StaticText
    t =    98.49s Checking existence of `"Sat Aug 01 2026 — 27500 steps (today)" StaticText`
    t =    98.50s Find the "Sat Aug 01 2026 — 27500 steps (today)" StaticText
    t =    98.58s Checking existence of `"Sat Aug 01 2026 — 27500 steps (today)" StaticText`
    t =    98.59s Find the "Sat Aug 01 2026 — 27500 steps (today)" StaticText
    t =    98.67s Checking existence of `"Sat Aug 01 2026 — 27500 steps (today)" StaticText`
    t =    98.68s Find the "Sat Aug 01 2026 — 27500 steps (today)" StaticText
    t =    98.75s Checking existence of `"Sat Aug 01 2026 — 27500 steps (today)" StaticText`
    t =    98.76s Find the "Sat Aug 01 2026 — 27500 steps (today)" StaticText
    t =    98.84s Checking existence of `"Sat Aug 01 2026 — 27500 steps (today)" StaticText`
    t =    98.85s Find the "Sat Aug 01 2026 — 27500 steps (today)" StaticText
    t =    98.93s Checking existence of `"Sat Aug 01 2026 — 27500 steps (today)" StaticText`
    t =    98.94s Find the "Sat Aug 01 2026 — 27500 steps (today)" StaticText
    t =    99.01s Checking existence of `"Sat Aug 01 2026 — 27500 steps (today)" StaticText`
    t =    99.02s Find the "Sat Aug 01 2026 — 27500 steps (today)" StaticText
    t =    99.10s Checking existence of `"Sat Aug 01 2026 — 27500 steps (today)" StaticText`
    t =    99.11s Find the "Sat Aug 01 2026 — 27500 steps (today)" StaticText
    t =    99.19s Checking existence of `"Sat Aug 01 2026 — 27500 steps (today)" StaticText`
    t =    99.20s Find the "Sat Aug 01 2026 — 27500 steps (today)" StaticText
    t =    99.27s Checking existence of `"Sat Aug 01 2026 — 27500 steps (today)" StaticText`
    t =    99.29s Find the "Sat Aug 01 2026 — 27500 steps (today)" StaticText
    t =    99.36s Checking existence of `"Sat Aug 01 2026 — 27500 steps (today)" StaticText`
    t =    99.37s Find the "Sat Aug 01 2026 — 27500 steps (today)" StaticText
    t =    99.45s Checking existence of `"Sat Aug 01 2026 — 27500 steps (today)" StaticText`
    t =    99.46s Find the "Sat Aug 01 2026 — 27500 steps (today)" StaticText
    t =    99.54s Checking existence of `"Sat Aug 01 2026 — 27500 steps (today)" StaticText`
    t =    99.55s Find the "Sat Aug 01 2026 — 27500 steps (today)" StaticText
    t =    99.62s Checking existence of `"Sat Aug 01 2026 — 27500 steps (today)" StaticText`
    t =    99.64s Find the "Sat Aug 01 2026 — 27500 steps (today)" StaticText
    t =    99.71s Checking existence of `"Sat Aug 01 2026 — 27500 steps (today)" StaticText`
    t =    99.72s Find the "Sat Aug 01 2026 — 27500 steps (today)" StaticText
    t =    99.80s Checking existence of `"Sat Aug 01 2026 — 27500 steps (today)" StaticText`
    t =    99.81s Find the "Sat Aug 01 2026 — 27500 steps (today)" StaticText
    t =    99.88s Checking existence of `"Sat Aug 01 2026 — 27500 steps (today)" StaticText`
    t =    99.89s Find the "Sat Aug 01 2026 — 27500 steps (today)" StaticText
    t =    99.97s Checking existence of `"Sat Aug 01 2026 — 27500 steps (today)" StaticText`
    t =    99.98s Find the "Sat Aug 01 2026 — 27500 steps (today)" StaticText
    t =   100.06s Checking existence of `"Sat Aug 01 2026 — 27500 steps (today)" StaticText`
    t =   100.07s Find the "Sat Aug 01 2026 — 27500 steps (today)" StaticText
    t =   100.15s Checking existence of `"Sat Aug 01 2026 — 27500 steps (today)" StaticText`
    t =   100.16s Find the "Sat Aug 01 2026 — 27500 steps (today)" StaticText
    t =   100.23s Checking existence of `"Sat Aug 01 2026 — 27500 steps (today)" StaticText`
    t =   100.25s Find the "Sat Aug 01 2026 — 27500 steps (today)" StaticText
    t =   100.32s Checking existence of `"Sat Aug 01 2026 — 27500 steps (today)" StaticText`
    t =   100.34s Find the "Sat Aug 01 2026 — 27500 steps (today)" StaticText
    t =   100.41s Checking existence of `"Sat Aug 01 2026 — 27500 steps (today)" StaticText`
    t =   100.43s Find the "Sat Aug 01 2026 — 27500 steps (today)" StaticText
    t =   100.50s Checking existence of `"Sat Aug 01 2026 — 27500 steps (today)" StaticText`
    t =   100.51s Find the "Sat Aug 01 2026 — 27500 steps (today)" StaticText
    t =   100.59s Checking existence of `"Sat Aug 01 2026 — 27500 steps (today)" StaticText`
    t =   100.60s Find the "Sat Aug 01 2026 — 27500 steps (today)" StaticText
    t =   100.68s Checking existence of `"Sat Aug 01 2026 — 27500 steps (today)" StaticText`
    t =   100.69s Find the "Sat Aug 01 2026 — 27500 steps (today)" StaticText
    t =   100.77s Checking existence of `"Sat Aug 01 2026 — 27500 steps (today)" StaticText`
    t =   100.78s Find the "Sat Aug 01 2026 — 27500 steps (today)" StaticText
    t =   100.85s Checking existence of `"Sat Aug 01 2026 — 27500 steps (today)" StaticText`
    t =   100.87s Find the "Sat Aug 01 2026 — 27500 steps (today)" StaticText
    t =   100.94s Checking existence of `"Sat Aug 01 2026 — 27500 steps (today)" StaticText`
    t =   100.95s Find the "Sat Aug 01 2026 — 27500 steps (today)" StaticText
    t =   101.03s Checking existence of `"Sat Aug 01 2026 — 27500 steps (today)" StaticText`
    t =   101.04s Find the "Sat Aug 01 2026 — 27500 steps (today)" StaticText
    t =   101.12s Checking existence of `"Sat Aug 01 2026 — 27500 steps (today)" StaticText`
    t =   101.13s Find the "Sat Aug 01 2026 — 27500 steps (today)" StaticText
    t =   101.20s Checking existence of `"Sat Aug 01 2026 — 27500 steps (today)" StaticText`
    t =   101.22s Find the "Sat Aug 01 2026 — 27500 steps (today)" StaticText
    t =   101.29s Checking existence of `"Sat Aug 01 2026 — 27500 steps (today)" StaticText`
    t =   101.31s Find the "Sat Aug 01 2026 — 27500 steps (today)" StaticText
    t =   101.37s Checking existence of `"Sat Aug 01 2026 — 27500 steps (today)" StaticText`
    t =   101.39s Find the "Sat Aug 01 2026 — 27500 steps (today)" StaticText
    t =   101.46s Checking existence of `"Sat Aug 01 2026 — 27500 steps (today)" StaticText`
    t =   101.48s Find the "Sat Aug 01 2026 — 27500 steps (today)" StaticText
STEP[101s]: iter 1: go home
    t =   101.55s Checking existence of `"Transcribe" Button`
    t =   101.56s Checking existence of `"Health" Button`
    t =   101.58s Checking existence of `Any (First Match)`
    t =   101.59s Checking existence of `Button (Element at index 0)`
    t =   101.60s Find the Button (Element at index 0)
STEP[101s]: goHome: tapping candidate 0
    t =   101.62s Tap "BackButton" Button
    t =   101.62s     Wait for org.nativescript.nsbenchmark to idle
    t =   101.62s     Find the "BackButton" Button
    t =   101.63s     Check for interrupting elements affecting "BackButton" Button
    t =   101.65s     Synthesize event
    t =   101.94s     Wait for org.nativescript.nsbenchmark to idle
    t =   102.61s Checking existence of `"Transcribe" Button`
    t =   102.62s Waiting 3.0s for "Transcribe" Button to exist
    t =   103.69s     Checking `Expect predicate `existsNoRetry == 1` for object "Transcribe" Button`
    t =   103.69s         Checking existence of `"Transcribe" Button`
STEP[103s]: iter 1: nav Transcribe
    t =   103.71s Checking existence of `"Transcribe" Button`
    t =   103.71s Tap "Transcribe" Button
    t =   103.71s     Wait for org.nativescript.nsbenchmark to idle
    t =   103.72s     Find the "Transcribe" Button
    t =   103.72s     Check for interrupting elements affecting "Transcribe" Button
    t =   103.73s     Synthesize event
    t =   104.03s     Wait for org.nativescript.nsbenchmark to idle
    t =   104.36s Waiting 10.0s for Any (First Match) to exist
    t =   105.42s     Checking `Expect predicate `existsNoRetry == 1` for object Any (First Match)`
    t =   105.43s         Checking existence of `Any (First Match)`
    t =   105.45s Checking existence of `Any (First Match)`
    t =   105.46s Find the Any (First Match)
    t =   105.47s Checking existence of `"Speech access: granted" StaticText`
    t =   105.48s Find the "Speech access: granted" StaticText
    t =   105.49s Checking existence of `"Transcribe Sample" Button`
    t =   105.50s Checking existence of `"Transcribe Sample" Button`
    t =   105.51s Find the "Transcribe Sample" Button
STEP[105s]: iter 1: transcribe
    t =   105.52s Tap "Transcribe Sample" Button
    t =   105.53s     Wait for org.nativescript.nsbenchmark to idle
    t =   105.53s     Find the "Transcribe Sample" Button
    t =   105.54s     Check for interrupting elements affecting "Transcribe Sample" Button
    t =   105.55s     Synthesize event
    t =   105.84s     Wait for org.nativescript.nsbenchmark to idle
    t =   105.84s Waiting 45.0s for Any (First Match) to exist
    t =   106.91s     Checking `Expect predicate `existsNoRetry == 1` for object Any (First Match)`
    t =   106.91s         Checking existence of `Any (First Match)`
    t =   106.93s         Capturing element debug description
    t =   107.89s     Checking `Expect predicate `existsNoRetry == 1` for object Any (First Match)`
    t =   107.89s         Checking existence of `Any (First Match)`
    t =   107.92s         Capturing element debug description
    t =   108.88s     Checking `Expect predicate `existsNoRetry == 1` for object Any (First Match)`
    t =   108.88s         Checking existence of `Any (First Match)`
    t =   108.91s         Capturing element debug description
    t =   109.86s     Checking `Expect predicate `existsNoRetry == 1` for object Any (First Match)`
    t =   109.86s         Checking existence of `Any (First Match)`
    t =   109.88s         Capturing element debug description
    t =   110.85s     Checking `Expect predicate `existsNoRetry == 1` for object Any (First Match)`
    t =   110.85s         Checking existence of `Any (First Match)`
    t =   110.88s         Capturing element debug description
    t =   111.85s     Checking `Expect predicate `existsNoRetry == 1` for object Any (First Match)`
    t =   111.85s         Checking existence of `Any (First Match)`
    t =   111.87s         Capturing element debug description
    t =   112.94s     Checking `Expect predicate `existsNoRetry == 1` for object Any (First Match)`
    t =   112.94s         Checking existence of `Any (First Match)`
    t =   112.97s         Capturing element debug description
    t =   113.91s     Checking `Expect predicate `existsNoRetry == 1` for object Any (First Match)`
    t =   113.91s         Checking existence of `Any (First Match)`
    t =   113.93s         Capturing element debug description
    t =   114.89s     Checking `Expect predicate `existsNoRetry == 1` for object Any (First Match)`
    t =   114.89s         Checking existence of `Any (First Match)`
    t =   114.92s         Capturing element debug description
    t =   115.87s     Checking `Expect predicate `existsNoRetry == 1` for object Any (First Match)`
    t =   115.88s         Checking existence of `Any (First Match)`
    t =   115.90s         Capturing element debug description
    t =   116.94s     Checking `Expect predicate `existsNoRetry == 1` for object Any (First Match)`
    t =   116.94s         Checking existence of `Any (First Match)`
    t =   116.95s         Capturing element debug description
    t =   117.86s     Checking `Expect predicate `existsNoRetry == 1` for object Any (First Match)`
    t =   117.86s         Checking existence of `Any (First Match)`
    t =   117.88s         Capturing element debug description
    t =   118.89s     Checking `Expect predicate `existsNoRetry == 1` for object Any (First Match)`
    t =   118.89s         Checking existence of `Any (First Match)`
    t =   118.92s         Capturing element debug description
    t =   119.92s     Checking `Expect predicate `existsNoRetry == 1` for object Any (First Match)`
    t =   119.92s         Checking existence of `Any (First Match)`
    t =   119.95s         Capturing element debug description
    t =   120.85s     Checking `Expect predicate `existsNoRetry == 1` for object Any (First Match)`
    t =   120.86s         Checking existence of `Any (First Match)`
    t =   120.88s         Capturing element debug description
    t =   121.89s     Checking `Expect predicate `existsNoRetry == 1` for object Any (First Match)`
    t =   121.89s         Checking existence of `Any (First Match)`
    t =   121.91s         Capturing element debug description
    t =   122.92s     Checking `Expect predicate `existsNoRetry == 1` for object Any (First Match)`
    t =   122.92s         Checking existence of `Any (First Match)`
    t =   122.95s         Capturing element debug description
    t =   123.85s     Checking `Expect predicate `existsNoRetry == 1` for object Any (First Match)`
    t =   123.85s         Checking existence of `Any (First Match)`
    t =   123.88s         Capturing element debug description
    t =   124.88s     Checking `Expect predicate `existsNoRetry == 1` for object Any (First Match)`
    t =   124.88s         Checking existence of `Any (First Match)`
    t =   124.91s         Capturing element debug description
    t =   125.91s     Checking `Expect predicate `existsNoRetry == 1` for object Any (First Match)`
    t =   125.91s         Checking existence of `Any (First Match)`
    t =   125.94s         Capturing element debug description
    t =   126.84s     Checking `Expect predicate `existsNoRetry == 1` for object Any (First Match)`
    t =   126.85s         Checking existence of `Any (First Match)`
    t =   126.87s         Capturing element debug description
    t =   127.87s     Checking `Expect predicate `existsNoRetry == 1` for object Any (First Match)`
    t =   127.88s         Checking existence of `Any (First Match)`
    t =   127.90s         Capturing element debug description
    t =   128.90s     Checking `Expect predicate `existsNoRetry == 1` for object Any (First Match)`
    t =   128.90s         Checking existence of `Any (First Match)`
    t =   128.93s         Capturing element debug description
    t =   129.94s     Checking `Expect predicate `existsNoRetry == 1` for object Any (First Match)`
    t =   129.94s         Checking existence of `Any (First Match)`
    t =   129.95s         Capturing element debug description
    t =   130.86s     Checking `Expect predicate `existsNoRetry == 1` for object Any (First Match)`
    t =   130.86s         Checking existence of `Any (First Match)`
    t =   130.88s         Capturing element debug description
    t =   131.89s     Checking `Expect predicate `existsNoRetry == 1` for object Any (First Match)`
    t =   131.89s         Checking existence of `Any (First Match)`
    t =   131.92s         Capturing element debug description
    t =   132.87s     Checking `Expect predicate `existsNoRetry == 1` for object Any (First Match)`
    t =   132.87s         Checking existence of `Any (First Match)`
    t =   132.90s         Capturing element debug description
    t =   133.86s     Checking `Expect predicate `existsNoRetry == 1` for object Any (First Match)`
    t =   133.87s         Checking existence of `Any (First Match)`
    t =   133.89s         Capturing element debug description
    t =   134.85s     Checking `Expect predicate `existsNoRetry == 1` for object Any (First Match)`
    t =   134.85s         Checking existence of `Any (First Match)`
    t =   134.87s         Capturing element debug description
    t =   135.93s     Checking `Expect predicate `existsNoRetry == 1` for object Any (First Match)`
    t =   135.93s         Checking existence of `Any (First Match)`
    t =   135.96s         Capturing element debug description
    t =   136.92s     Checking `Expect predicate `existsNoRetry == 1` for object Any (First Match)`
    t =   136.92s         Checking existence of `Any (First Match)`
    t =   136.95s         Capturing element debug description
    t =   137.92s     Checking `Expect predicate `existsNoRetry == 1` for object Any (First Match)`
    t =   137.92s         Checking existence of `Any (First Match)`
    t =   137.94s         Capturing element debug description
    t =   138.91s     Checking `Expect predicate `existsNoRetry == 1` for object Any (First Match)`
    t =   138.91s         Checking existence of `Any (First Match)`
    t =   138.93s         Capturing element debug description
    t =   139.89s     Checking `Expect predicate `existsNoRetry == 1` for object Any (First Match)`
    t =   139.89s         Checking existence of `Any (First Match)`
    t =   139.91s         Capturing element debug description
    t =   140.87s     Checking `Expect predicate `existsNoRetry == 1` for object Any (First Match)`
    t =   140.87s         Checking existence of `Any (First Match)`
    t =   140.90s         Capturing element debug description
    t =   141.86s     Checking `Expect predicate `existsNoRetry == 1` for object Any (First Match)`
    t =   141.86s         Checking existence of `Any (First Match)`
    t =   141.88s         Capturing element debug description
    t =   142.91s     Checking `Expect predicate `existsNoRetry == 1` for object Any (First Match)`
    t =   142.91s         Checking existence of `Any (First Match)`
    t =   142.94s         Capturing element debug description
    t =   144.00s     Checking `Expect predicate `existsNoRetry == 1` for object Any (First Match)`
    t =   144.00s         Checking existence of `Any (First Match)`
    t =   144.02s         Capturing element debug description
    t =   144.98s     Checking `Expect predicate `existsNoRetry == 1` for object Any (First Match)`
    t =   144.99s         Checking existence of `Any (First Match)`
    t =   145.01s         Capturing element debug description
    t =   145.97s     Checking `Expect predicate `existsNoRetry == 1` for object Any (First Match)`
    t =   145.97s         Checking existence of `Any (First Match)`
    t =   146.00s         Capturing element debug description
    t =   146.95s     Checking `Expect predicate `existsNoRetry == 1` for object Any (First Match)`
    t =   146.95s         Checking existence of `Any (First Match)`
    t =   146.97s         Capturing element debug description
    t =   147.94s     Checking `Expect predicate `existsNoRetry == 1` for object Any (First Match)`
    t =   147.94s         Checking existence of `Any (First Match)`
    t =   147.96s         Capturing element debug description
    t =   148.91s     Checking `Expect predicate `existsNoRetry == 1` for object Any (First Match)`
    t =   148.91s         Checking existence of `Any (First Match)`
    t =   148.94s         Capturing element debug description
    t =   149.91s     Checking `Expect predicate `existsNoRetry == 1` for object Any (First Match)`
    t =   149.91s         Checking existence of `Any (First Match)`
    t =   149.93s         Capturing element debug description
    t =   150.91s     Checking `Expect predicate `existsNoRetry == 1` for object Any (First Match)`
    t =   150.91s         Checking existence of `Any (First Match)`
    t =   150.93s         Capturing element debug description
    t =   150.93s     Checking existence of `Any (First Match)`
    t =   150.95s Collecting debug information to assist test failure triage
    t =   150.95s     Requesting snapshot of accessibility hierarchy for app with pid 44406
    t =   150.97s Checking existence of `Any (First Match)`
    t =   150.98s Checking existence of `Any (First Match)`
    t =   150.99s Checking existence of `Any (First Match)`
    t =   151.00s Find the Any (First Match)
STEP[150s]: iter 1: done
    t =   151.01s Terminate org.nativescript.nsbenchmark:44406
STEP[152s]: iter 2: launch org.nativescript.nsbenchmark
    t =   152.08s Open org.nativescript.nsbenchmark
    t =   152.08s     Launch org.nativescript.nsbenchmark
    t =   152.19s         Setting up automation session
    t =   152.80s         Wait for org.nativescript.nsbenchmark to idle
    t =   153.97s Checking existence of `"Health" Button`
    t =   154.00s Waiting 20.0s for "Health" Button to exist
    t =   155.06s     Checking `Expect predicate `existsNoRetry == 1` for object "Health" Button`
    t =   155.07s         Checking existence of `"Health" Button`
STEP[155s]: iter 2: nav Health
    t =   155.08s Checking existence of `"Health" Button`
    t =   155.09s Tap "Health" Button
    t =   155.09s     Wait for org.nativescript.nsbenchmark to idle
    t =   155.09s     Find the "Health" Button
    t =   155.09s     Check for interrupting elements affecting "Health" Button
    t =   155.11s     Synthesize event
    t =   155.40s     Wait for org.nativescript.nsbenchmark to idle
    t =   155.82s Waiting 10.0s for Any (First Match) to exist
    t =   156.89s     Checking `Expect predicate `existsNoRetry == 1` for object Any (First Match)`
    t =   156.89s         Checking existence of `Any (First Match)`
    t =   156.92s Checking existence of `Any (First Match)`
    t =   156.93s Find the Any (First Match)
    t =   156.95s Checking existence of `"Health access: granted" StaticText`
    t =   156.96s Find the "Health access: granted" StaticText
    t =   156.97s Waiting 15.0s for Any (First Match) to exist
    t =   158.04s     Checking `Expect predicate `existsNoRetry == 1` for object Any (First Match)`
    t =   158.04s         Checking existence of `Any (First Match)`
    t =   158.06s Checking existence of `Any (First Match)`
    t =   158.08s Find the Any (First Match)
    t =   158.09s Checking existence of `"Log 500 Steps" Button`
    t =   158.10s Checking existence of `"Log 500 Steps" Button`
    t =   158.11s Find the "Log 500 Steps" Button
STEP[158s]: iter 2: log 500
    t =   158.13s Tap "Log 500 Steps" Button
    t =   158.13s     Wait for org.nativescript.nsbenchmark to idle
    t =   158.13s     Find the "Log 500 Steps" Button
    t =   158.14s     Check for interrupting elements affecting "Log 500 Steps" Button
    t =   158.16s     Synthesize event
    t =   158.46s     Wait for org.nativescript.nsbenchmark to idle
    t =   158.47s Checking existence of `"Sat Aug 01 2026 — 27500 steps (today)" StaticText`
    t =   158.49s Find the "Sat Aug 01 2026 — 27500 steps (today)" StaticText
    t =   158.56s Checking existence of `"Sat Aug 01 2026 — 27500 steps (today)" StaticText`
    t =   158.58s Find the "Sat Aug 01 2026 — 27500 steps (today)" StaticText
    t =   158.65s Checking existence of `"Sat Aug 01 2026 — 27500 steps (today)" StaticText`
    t =   158.67s Find the "Sat Aug 01 2026 — 27500 steps (today)" StaticText
    t =   158.74s Checking existence of `"Sat Aug 01 2026 — 27500 steps (today)" StaticText`
    t =   158.75s Find the "Sat Aug 01 2026 — 27500 steps (today)" StaticText
    t =   158.83s Checking existence of `"Sat Aug 01 2026 — 27500 steps (today)" StaticText`
    t =   158.84s Find the "Sat Aug 01 2026 — 27500 steps (today)" StaticText
    t =   158.92s Checking existence of `"Sat Aug 01 2026 — 27500 steps (today)" StaticText`
    t =   158.93s Find the "Sat Aug 01 2026 — 27500 steps (today)" StaticText
    t =   159.00s Checking existence of `"Sat Aug 01 2026 — 27500 steps (today)" StaticText`
    t =   159.01s Find the "Sat Aug 01 2026 — 27500 steps (today)" StaticText
    t =   159.09s Checking existence of `"Sat Aug 01 2026 — 27500 steps (today)" StaticText`
    t =   159.10s Find the "Sat Aug 01 2026 — 27500 steps (today)" StaticText
    t =   159.18s Checking existence of `"Sat Aug 01 2026 — 27500 steps (today)" StaticText`
    t =   159.19s Find the "Sat Aug 01 2026 — 27500 steps (today)" StaticText
    t =   159.27s Checking existence of `"Sat Aug 01 2026 — 27500 steps (today)" StaticText`
    t =   159.28s Find the "Sat Aug 01 2026 — 27500 steps (today)" StaticText
    t =   159.35s Checking existence of `"Sat Aug 01 2026 — 27500 steps (today)" StaticText`
    t =   159.37s Find the "Sat Aug 01 2026 — 27500 steps (today)" StaticText
    t =   159.44s Checking existence of `"Sat Aug 01 2026 — 27500 steps (today)" StaticText`
    t =   159.45s Find the "Sat Aug 01 2026 — 27500 steps (today)" StaticText
    t =   159.52s Checking existence of `"Sat Aug 01 2026 — 27500 steps (today)" StaticText`
    t =   159.54s Find the "Sat Aug 01 2026 — 27500 steps (today)" StaticText
    t =   159.61s Checking existence of `"Sat Aug 01 2026 — 27500 steps (today)" StaticText`
    t =   159.63s Find the "Sat Aug 01 2026 — 27500 steps (today)" StaticText
    t =   159.70s Checking existence of `"Sat Aug 01 2026 — 27500 steps (today)" StaticText`
    t =   159.72s Find the "Sat Aug 01 2026 — 27500 steps (today)" StaticText
    t =   159.78s Checking existence of `"Sat Aug 01 2026 — 27500 steps (today)" StaticText`
    t =   159.79s Find the "Sat Aug 01 2026 — 27500 steps (today)" StaticText
    t =   159.87s Checking existence of `"Sat Aug 01 2026 — 27500 steps (today)" StaticText`
    t =   159.88s Find the "Sat Aug 01 2026 — 27500 steps (today)" StaticText
    t =   159.96s Checking existence of `"Sat Aug 01 2026 — 27500 steps (today)" StaticText`
    t =   159.97s Find the "Sat Aug 01 2026 — 27500 steps (today)" StaticText
    t =   160.05s Checking existence of `"Sat Aug 01 2026 — 27500 steps (today)" StaticText`
    t =   160.06s Find the "Sat Aug 01 2026 — 27500 steps (today)" StaticText
    t =   160.14s Checking existence of `"Sat Aug 01 2026 — 27500 steps (today)" StaticText`
    t =   160.15s Find the "Sat Aug 01 2026 — 27500 steps (today)" StaticText
    t =   160.23s Checking existence of `"Sat Aug 01 2026 — 27500 steps (today)" StaticText`
    t =   160.24s Find the "Sat Aug 01 2026 — 27500 steps (today)" StaticText
    t =   160.31s Checking existence of `"Sat Aug 01 2026 — 27500 steps (today)" StaticText`
    t =   160.33s Find the "Sat Aug 01 2026 — 27500 steps (today)" StaticText
    t =   160.40s Checking existence of `"Sat Aug 01 2026 — 27500 steps (today)" StaticText`
    t =   160.42s Find the "Sat Aug 01 2026 — 27500 steps (today)" StaticText
    t =   160.49s Checking existence of `"Sat Aug 01 2026 — 27500 steps (today)" StaticText`
    t =   160.51s Find the "Sat Aug 01 2026 — 27500 steps (today)" StaticText
    t =   160.58s Checking existence of `"Sat Aug 01 2026 — 27500 steps (today)" StaticText`
    t =   160.59s Find the "Sat Aug 01 2026 — 27500 steps (today)" StaticText
    t =   160.67s Checking existence of `"Sat Aug 01 2026 — 27500 steps (today)" StaticText`
    t =   160.68s Find the "Sat Aug 01 2026 — 27500 steps (today)" StaticText
    t =   160.75s Checking existence of `"Sat Aug 01 2026 — 27500 steps (today)" StaticText`
    t =   160.76s Find the "Sat Aug 01 2026 — 27500 steps (today)" StaticText
    t =   160.83s Checking existence of `"Sat Aug 01 2026 — 27500 steps (today)" StaticText`
    t =   160.85s Find the "Sat Aug 01 2026 — 27500 steps (today)" StaticText
    t =   160.92s Checking existence of `"Sat Aug 01 2026 — 27500 steps (today)" StaticText`
    t =   160.93s Find the "Sat Aug 01 2026 — 27500 steps (today)" StaticText
    t =   161.01s Checking existence of `"Sat Aug 01 2026 — 27500 steps (today)" StaticText`
    t =   161.02s Find the "Sat Aug 01 2026 — 27500 steps (today)" StaticText
    t =   161.10s Checking existence of `"Sat Aug 01 2026 — 27500 steps (today)" StaticText`
    t =   161.11s Find the "Sat Aug 01 2026 — 27500 steps (today)" StaticText
    t =   161.19s Checking existence of `"Sat Aug 01 2026 — 27500 steps (today)" StaticText`
    t =   161.20s Find the "Sat Aug 01 2026 — 27500 steps (today)" StaticText
    t =   161.28s Checking existence of `"Sat Aug 01 2026 — 27500 steps (today)" StaticText`
    t =   161.29s Find the "Sat Aug 01 2026 — 27500 steps (today)" StaticText
    t =   161.37s Checking existence of `"Sat Aug 01 2026 — 27500 steps (today)" StaticText`
    t =   161.38s Find the "Sat Aug 01 2026 — 27500 steps (today)" StaticText
    t =   161.46s Checking existence of `"Sat Aug 01 2026 — 27500 steps (today)" StaticText`
    t =   161.47s Find the "Sat Aug 01 2026 — 27500 steps (today)" StaticText
    t =   161.55s Checking existence of `"Sat Aug 01 2026 — 27500 steps (today)" StaticText`
    t =   161.56s Find the "Sat Aug 01 2026 — 27500 steps (today)" StaticText
    t =   161.64s Checking existence of `"Sat Aug 01 2026 — 27500 steps (today)" StaticText`
    t =   161.65s Find the "Sat Aug 01 2026 — 27500 steps (today)" StaticText
    t =   161.72s Checking existence of `"Sat Aug 01 2026 — 27500 steps (today)" StaticText`
    t =   161.73s Find the "Sat Aug 01 2026 — 27500 steps (today)" StaticText
    t =   161.81s Checking existence of `"Sat Aug 01 2026 — 27500 steps (today)" StaticText`
    t =   161.82s Find the "Sat Aug 01 2026 — 27500 steps (today)" StaticText
    t =   161.90s Checking existence of `"Sat Aug 01 2026 — 27500 steps (today)" StaticText`
    t =   161.91s Find the "Sat Aug 01 2026 — 27500 steps (today)" StaticText
    t =   161.99s Checking existence of `"Sat Aug 01 2026 — 27500 steps (today)" StaticText`
    t =   162.00s Find the "Sat Aug 01 2026 — 27500 steps (today)" StaticText
    t =   162.07s Checking existence of `"Sat Aug 01 2026 — 27500 steps (today)" StaticText`
    t =   162.09s Find the "Sat Aug 01 2026 — 27500 steps (today)" StaticText
    t =   162.16s Checking existence of `"Sat Aug 01 2026 — 27500 steps (today)" StaticText`
    t =   162.17s Find the "Sat Aug 01 2026 — 27500 steps (today)" StaticText
    t =   162.25s Checking existence of `"Sat Aug 01 2026 — 27500 steps (today)" StaticText`
    t =   162.26s Find the "Sat Aug 01 2026 — 27500 steps (today)" StaticText
    t =   162.34s Checking existence of `"Sat Aug 01 2026 — 27500 steps (today)" StaticText`
    t =   162.35s Find the "Sat Aug 01 2026 — 27500 steps (today)" StaticText
    t =   162.43s Checking existence of `"Sat Aug 01 2026 — 27500 steps (today)" StaticText`
    t =   162.44s Find the "Sat Aug 01 2026 — 27500 steps (today)" StaticText
    t =   162.51s Checking existence of `"Sat Aug 01 2026 — 27500 steps (today)" StaticText`
    t =   162.53s Find the "Sat Aug 01 2026 — 27500 steps (today)" StaticText
    t =   162.59s Checking existence of `"Sat Aug 01 2026 — 27500 steps (today)" StaticText`
    t =   162.60s Find the "Sat Aug 01 2026 — 27500 steps (today)" StaticText
    t =   162.68s Checking existence of `"Sat Aug 01 2026 — 27500 steps (today)" StaticText`
    t =   162.69s Find the "Sat Aug 01 2026 — 27500 steps (today)" StaticText
    t =   162.77s Checking existence of `"Sat Aug 01 2026 — 27500 steps (today)" StaticText`
    t =   162.78s Find the "Sat Aug 01 2026 — 27500 steps (today)" StaticText
    t =   162.85s Checking existence of `"Sat Aug 01 2026 — 27500 steps (today)" StaticText`
    t =   162.86s Find the "Sat Aug 01 2026 — 27500 steps (today)" StaticText
    t =   162.93s Checking existence of `"Sat Aug 01 2026 — 27500 steps (today)" StaticText`
    t =   162.95s Find the "Sat Aug 01 2026 — 27500 steps (today)" StaticText
    t =   163.02s Checking existence of `"Sat Aug 01 2026 — 27500 steps (today)" StaticText`
    t =   163.04s Find the "Sat Aug 01 2026 — 27500 steps (today)" StaticText
    t =   163.11s Checking existence of `"Sat Aug 01 2026 — 27500 steps (today)" StaticText`
    t =   163.13s Find the "Sat Aug 01 2026 — 27500 steps (today)" StaticText
    t =   163.20s Checking existence of `"Sat Aug 01 2026 — 27500 steps (today)" StaticText`
    t =   163.22s Find the "Sat Aug 01 2026 — 27500 steps (today)" StaticText
    t =   163.29s Checking existence of `"Sat Aug 01 2026 — 27500 steps (today)" StaticText`
    t =   163.30s Find the "Sat Aug 01 2026 — 27500 steps (today)" StaticText
    t =   163.38s Checking existence of `"Sat Aug 01 2026 — 27500 steps (today)" StaticText`
    t =   163.39s Find the "Sat Aug 01 2026 — 27500 steps (today)" StaticText
    t =   163.46s Checking existence of `"Sat Aug 01 2026 — 27500 steps (today)" StaticText`
    t =   163.47s Find the "Sat Aug 01 2026 — 27500 steps (today)" StaticText
    t =   163.55s Checking existence of `"Sat Aug 01 2026 — 27500 steps (today)" StaticText`
    t =   163.56s Find the "Sat Aug 01 2026 — 27500 steps (today)" StaticText
    t =   163.63s Checking existence of `"Sat Aug 01 2026 — 27500 steps (today)" StaticText`
    t =   163.65s Find the "Sat Aug 01 2026 — 27500 steps (today)" StaticText
    t =   163.72s Checking existence of `"Sat Aug 01 2026 — 27500 steps (today)" StaticText`
    t =   163.74s Find the "Sat Aug 01 2026 — 27500 steps (today)" StaticText
    t =   163.81s Checking existence of `"Sat Aug 01 2026 — 27500 steps (today)" StaticText`
    t =   163.82s Find the "Sat Aug 01 2026 — 27500 steps (today)" StaticText
    t =   163.90s Checking existence of `"Sat Aug 01 2026 — 27500 steps (today)" StaticText`
    t =   163.91s Find the "Sat Aug 01 2026 — 27500 steps (today)" StaticText
    t =   163.99s Checking existence of `"Sat Aug 01 2026 — 27500 steps (today)" StaticText`
    t =   164.00s Find the "Sat Aug 01 2026 — 27500 steps (today)" StaticText
    t =   164.08s Checking existence of `"Sat Aug 01 2026 — 27500 steps (today)" StaticText`
    t =   164.09s Find the "Sat Aug 01 2026 — 27500 steps (today)" StaticText
    t =   164.17s Checking existence of `"Sat Aug 01 2026 — 27500 steps (today)" StaticText`
    t =   164.18s Find the "Sat Aug 01 2026 — 27500 steps (today)" StaticText
    t =   164.25s Checking existence of `"Sat Aug 01 2026 — 27500 steps (today)" StaticText`
    t =   164.27s Find the "Sat Aug 01 2026 — 27500 steps (today)" StaticText
    t =   164.34s Checking existence of `"Sat Aug 01 2026 — 27500 steps (today)" StaticText`
    t =   164.36s Find the "Sat Aug 01 2026 — 27500 steps (today)" StaticText
    t =   164.43s Checking existence of `"Sat Aug 01 2026 — 27500 steps (today)" StaticText`
    t =   164.44s Find the "Sat Aug 01 2026 — 27500 steps (today)" StaticText
    t =   164.52s Checking existence of `"Sat Aug 01 2026 — 27500 steps (today)" StaticText`
    t =   164.53s Find the "Sat Aug 01 2026 — 27500 steps (today)" StaticText
    t =   164.61s Checking existence of `"Sat Aug 01 2026 — 27500 steps (today)" StaticText`
    t =   164.62s Find the "Sat Aug 01 2026 — 27500 steps (today)" StaticText
    t =   164.69s Checking existence of `"Sat Aug 01 2026 — 27500 steps (today)" StaticText`
    t =   164.71s Find the "Sat Aug 01 2026 — 27500 steps (today)" StaticText
    t =   164.78s Checking existence of `"Sat Aug 01 2026 — 27500 steps (today)" StaticText`
    t =   164.79s Find the "Sat Aug 01 2026 — 27500 steps (today)" StaticText
    t =   164.87s Checking existence of `"Sat Aug 01 2026 — 27500 steps (today)" StaticText`
    t =   164.88s Find the "Sat Aug 01 2026 — 27500 steps (today)" StaticText
    t =   164.95s Checking existence of `"Sat Aug 01 2026 — 27500 steps (today)" StaticText`
    t =   164.96s Find the "Sat Aug 01 2026 — 27500 steps (today)" StaticText
    t =   165.03s Checking existence of `"Sat Aug 01 2026 — 27500 steps (today)" StaticText`
    t =   165.05s Find the "Sat Aug 01 2026 — 27500 steps (today)" StaticText
    t =   165.12s Checking existence of `"Sat Aug 01 2026 — 27500 steps (today)" StaticText`
    t =   165.14s Find the "Sat Aug 01 2026 — 27500 steps (today)" StaticText
    t =   165.20s Checking existence of `"Sat Aug 01 2026 — 27500 steps (today)" StaticText`
    t =   165.21s Find the "Sat Aug 01 2026 — 27500 steps (today)" StaticText
    t =   165.29s Checking existence of `"Sat Aug 01 2026 — 27500 steps (today)" StaticText`
    t =   165.30s Find the "Sat Aug 01 2026 — 27500 steps (today)" StaticText
    t =   165.37s Checking existence of `"Sat Aug 01 2026 — 27500 steps (today)" StaticText`
    t =   165.38s Find the "Sat Aug 01 2026 — 27500 steps (today)" StaticText
    t =   165.46s Checking existence of `"Sat Aug 01 2026 — 27500 steps (today)" StaticText`
    t =   165.47s Find the "Sat Aug 01 2026 — 27500 steps (today)" StaticText
    t =   165.55s Checking existence of `"Sat Aug 01 2026 — 27500 steps (today)" StaticText`
    t =   165.56s Find the "Sat Aug 01 2026 — 27500 steps (today)" StaticText
    t =   165.64s Checking existence of `"Sat Aug 01 2026 — 27500 steps (today)" StaticText`
    t =   165.65s Find the "Sat Aug 01 2026 — 27500 steps (today)" StaticText
    t =   165.73s Checking existence of `"Sat Aug 01 2026 — 27500 steps (today)" StaticText`
    t =   165.74s Find the "Sat Aug 01 2026 — 27500 steps (today)" StaticText
    t =   165.81s Checking existence of `"Sat Aug 01 2026 — 27500 steps (today)" StaticText`
    t =   165.83s Find the "Sat Aug 01 2026 — 27500 steps (today)" StaticText
    t =   165.90s Checking existence of `"Sat Aug 01 2026 — 27500 steps (today)" StaticText`
    t =   165.91s Find the "Sat Aug 01 2026 — 27500 steps (today)" StaticText
    t =   165.99s Checking existence of `"Sat Aug 01 2026 — 27500 steps (today)" StaticText`
    t =   166.00s Find the "Sat Aug 01 2026 — 27500 steps (today)" StaticText
    t =   166.07s Checking existence of `"Sat Aug 01 2026 — 27500 steps (today)" StaticText`
    t =   166.09s Find the "Sat Aug 01 2026 — 27500 steps (today)" StaticText
    t =   166.16s Checking existence of `"Sat Aug 01 2026 — 27500 steps (today)" StaticText`
    t =   166.18s Find the "Sat Aug 01 2026 — 27500 steps (today)" StaticText
    t =   166.25s Checking existence of `"Sat Aug 01 2026 — 27500 steps (today)" StaticText`
    t =   166.26s Find the "Sat Aug 01 2026 — 27500 steps (today)" StaticText
    t =   166.33s Checking existence of `"Sat Aug 01 2026 — 27500 steps (today)" StaticText`
    t =   166.34s Find the "Sat Aug 01 2026 — 27500 steps (today)" StaticText
    t =   166.42s Checking existence of `"Sat Aug 01 2026 — 27500 steps (today)" StaticText`
    t =   166.43s Find the "Sat Aug 01 2026 — 27500 steps (today)" StaticText
    t =   166.50s Checking existence of `"Sat Aug 01 2026 — 27500 steps (today)" StaticText`
    t =   166.51s Find the "Sat Aug 01 2026 — 27500 steps (today)" StaticText
    t =   166.59s Checking existence of `"Sat Aug 01 2026 — 27500 steps (today)" StaticText`
    t =   166.60s Find the "Sat Aug 01 2026 — 27500 steps (today)" StaticText
    t =   166.68s Checking existence of `"Sat Aug 01 2026 — 27500 steps (today)" StaticText`
    t =   166.69s Find the "Sat Aug 01 2026 — 27500 steps (today)" StaticText
    t =   166.77s Checking existence of `"Sat Aug 01 2026 — 27500 steps (today)" StaticText`
    t =   166.78s Find the "Sat Aug 01 2026 — 27500 steps (today)" StaticText
    t =   166.86s Checking existence of `"Sat Aug 01 2026 — 27500 steps (today)" StaticText`
    t =   166.87s Find the "Sat Aug 01 2026 — 27500 steps (today)" StaticText
    t =   166.94s Checking existence of `"Sat Aug 01 2026 — 27500 steps (today)" StaticText`
    t =   166.96s Find the "Sat Aug 01 2026 — 27500 steps (today)" StaticText
    t =   167.03s Checking existence of `"Sat Aug 01 2026 — 27500 steps (today)" StaticText`
    t =   167.05s Find the "Sat Aug 01 2026 — 27500 steps (today)" StaticText
    t =   167.12s Checking existence of `"Sat Aug 01 2026 — 27500 steps (today)" StaticText`
    t =   167.13s Find the "Sat Aug 01 2026 — 27500 steps (today)" StaticText
    t =   167.20s Checking existence of `"Sat Aug 01 2026 — 27500 steps (today)" StaticText`
    t =   167.22s Find the "Sat Aug 01 2026 — 27500 steps (today)" StaticText
    t =   167.28s Checking existence of `"Sat Aug 01 2026 — 27500 steps (today)" StaticText`
    t =   167.30s Find the "Sat Aug 01 2026 — 27500 steps (today)" StaticText
    t =   167.37s Checking existence of `"Sat Aug 01 2026 — 27500 steps (today)" StaticText`
    t =   167.39s Find the "Sat Aug 01 2026 — 27500 steps (today)" StaticText
    t =   167.45s Checking existence of `"Sat Aug 01 2026 — 27500 steps (today)" StaticText`
    t =   167.47s Find the "Sat Aug 01 2026 — 27500 steps (today)" StaticText
    t =   167.54s Checking existence of `"Sat Aug 01 2026 — 27500 steps (today)" StaticText`
    t =   167.55s Find the "Sat Aug 01 2026 — 27500 steps (today)" StaticText
    t =   167.62s Checking existence of `"Sat Aug 01 2026 — 27500 steps (today)" StaticText`
    t =   167.64s Find the "Sat Aug 01 2026 — 27500 steps (today)" StaticText
    t =   167.71s Checking existence of `"Sat Aug 01 2026 — 27500 steps (today)" StaticText`
    t =   167.73s Find the "Sat Aug 01 2026 — 27500 steps (today)" StaticText
    t =   167.80s Checking existence of `"Sat Aug 01 2026 — 27500 steps (today)" StaticText`
    t =   167.81s Find the "Sat Aug 01 2026 — 27500 steps (today)" StaticText
    t =   167.88s Checking existence of `"Sat Aug 01 2026 — 27500 steps (today)" StaticText`
    t =   167.89s Find the "Sat Aug 01 2026 — 27500 steps (today)" StaticText
    t =   167.97s Checking existence of `"Sat Aug 01 2026 — 27500 steps (today)" StaticText`
    t =   167.98s Find the "Sat Aug 01 2026 — 27500 steps (today)" StaticText
    t =   168.05s Checking existence of `"Sat Aug 01 2026 — 27500 steps (today)" StaticText`
    t =   168.06s Find the "Sat Aug 01 2026 — 27500 steps (today)" StaticText
    t =   168.12s Checking existence of `"Sat Aug 01 2026 — 27500 steps (today)" StaticText`
    t =   168.14s Find the "Sat Aug 01 2026 — 27500 steps (today)" StaticText
    t =   168.21s Checking existence of `"Sat Aug 01 2026 — 27500 steps (today)" StaticText`
    t =   168.22s Find the "Sat Aug 01 2026 — 27500 steps (today)" StaticText
    t =   168.30s Checking existence of `"Sat Aug 01 2026 — 27500 steps (today)" StaticText`
    t =   168.31s Find the "Sat Aug 01 2026 — 27500 steps (today)" StaticText
    t =   168.38s Checking existence of `"Sat Aug 01 2026 — 27500 steps (today)" StaticText`
    t =   168.39s Find the "Sat Aug 01 2026 — 27500 steps (today)" StaticText
    t =   168.47s Checking existence of `"Sat Aug 01 2026 — 27500 steps (today)" StaticText`
    t =   168.48s Find the "Sat Aug 01 2026 — 27500 steps (today)" StaticText
    t =   168.55s Checking existence of `"Sat Aug 01 2026 — 27500 steps (today)" StaticText`
    t =   168.57s Find the "Sat Aug 01 2026 — 27500 steps (today)" StaticText
    t =   168.64s Checking existence of `"Sat Aug 01 2026 — 27500 steps (today)" StaticText`
    t =   168.66s Find the "Sat Aug 01 2026 — 27500 steps (today)" StaticText
    t =   168.73s Checking existence of `"Sat Aug 01 2026 — 27500 steps (today)" StaticText`
    t =   168.74s Find the "Sat Aug 01 2026 — 27500 steps (today)" StaticText
    t =   168.82s Checking existence of `"Sat Aug 01 2026 — 27500 steps (today)" StaticText`
    t =   168.83s Find the "Sat Aug 01 2026 — 27500 steps (today)" StaticText
    t =   168.91s Checking existence of `"Sat Aug 01 2026 — 27500 steps (today)" StaticText`
    t =   168.92s Find the "Sat Aug 01 2026 — 27500 steps (today)" StaticText
    t =   168.99s Checking existence of `"Sat Aug 01 2026 — 27500 steps (today)" StaticText`
    t =   169.01s Find the "Sat Aug 01 2026 — 27500 steps (today)" StaticText
    t =   169.08s Checking existence of `"Sat Aug 01 2026 — 27500 steps (today)" StaticText`
    t =   169.09s Find the "Sat Aug 01 2026 — 27500 steps (today)" StaticText
    t =   169.17s Checking existence of `"Sat Aug 01 2026 — 27500 steps (today)" StaticText`
    t =   169.18s Find the "Sat Aug 01 2026 — 27500 steps (today)" StaticText
    t =   169.26s Checking existence of `"Sat Aug 01 2026 — 27500 steps (today)" StaticText`
    t =   169.27s Find the "Sat Aug 01 2026 — 27500 steps (today)" StaticText
    t =   169.34s Checking existence of `"Sat Aug 01 2026 — 27500 steps (today)" StaticText`
    t =   169.35s Find the "Sat Aug 01 2026 — 27500 steps (today)" StaticText
    t =   169.43s Checking existence of `"Sat Aug 01 2026 — 27500 steps (today)" StaticText`
    t =   169.44s Find the "Sat Aug 01 2026 — 27500 steps (today)" StaticText
    t =   169.52s Checking existence of `"Sat Aug 01 2026 — 27500 steps (today)" StaticText`
    t =   169.53s Find the "Sat Aug 01 2026 — 27500 steps (today)" StaticText
    t =   169.60s Checking existence of `"Sat Aug 01 2026 — 27500 steps (today)" StaticText`
    t =   169.61s Find the "Sat Aug 01 2026 — 27500 steps (today)" StaticText
    t =   169.69s Checking existence of `"Sat Aug 01 2026 — 27500 steps (today)" StaticText`
    t =   169.70s Find the "Sat Aug 01 2026 — 27500 steps (today)" StaticText
    t =   169.77s Checking existence of `"Sat Aug 01 2026 — 27500 steps (today)" StaticText`
    t =   169.78s Find the "Sat Aug 01 2026 — 27500 steps (today)" StaticText
    t =   169.86s Checking existence of `"Sat Aug 01 2026 — 27500 steps (today)" StaticText`
    t =   169.87s Find the "Sat Aug 01 2026 — 27500 steps (today)" StaticText
    t =   169.95s Checking existence of `"Sat Aug 01 2026 — 27500 steps (today)" StaticText`
    t =   169.96s Find the "Sat Aug 01 2026 — 27500 steps (today)" StaticText
    t =   170.03s Checking existence of `"Sat Aug 01 2026 — 27500 steps (today)" StaticText`
    t =   170.04s Find the "Sat Aug 01 2026 — 27500 steps (today)" StaticText
    t =   170.12s Checking existence of `"Sat Aug 01 2026 — 27500 steps (today)" StaticText`
    t =   170.13s Find the "Sat Aug 01 2026 — 27500 steps (today)" StaticText
    t =   170.20s Checking existence of `"Sat Aug 01 2026 — 27500 steps (today)" StaticText`
    t =   170.22s Find the "Sat Aug 01 2026 — 27500 steps (today)" StaticText
    t =   170.29s Checking existence of `"Sat Aug 01 2026 — 27500 steps (today)" StaticText`
    t =   170.30s Find the "Sat Aug 01 2026 — 27500 steps (today)" StaticText
    t =   170.38s Checking existence of `"Sat Aug 01 2026 — 27500 steps (today)" StaticText`
    t =   170.39s Find the "Sat Aug 01 2026 — 27500 steps (today)" StaticText
    t =   170.46s Checking existence of `"Sat Aug 01 2026 — 27500 steps (today)" StaticText`
    t =   170.47s Find the "Sat Aug 01 2026 — 27500 steps (today)" StaticText
    t =   170.55s Checking existence of `"Sat Aug 01 2026 — 27500 steps (today)" StaticText`
    t =   170.56s Find the "Sat Aug 01 2026 — 27500 steps (today)" StaticText
    t =   170.63s Checking existence of `"Sat Aug 01 2026 — 27500 steps (today)" StaticText`
    t =   170.64s Find the "Sat Aug 01 2026 — 27500 steps (today)" StaticText
    t =   170.72s Checking existence of `"Sat Aug 01 2026 — 27500 steps (today)" StaticText`
    t =   170.73s Find the "Sat Aug 01 2026 — 27500 steps (today)" StaticText
    t =   170.80s Checking existence of `"Sat Aug 01 2026 — 27500 steps (today)" StaticText`
    t =   170.81s Find the "Sat Aug 01 2026 — 27500 steps (today)" StaticText
    t =   170.89s Checking existence of `"Sat Aug 01 2026 — 27500 steps (today)" StaticText`
    t =   170.90s Find the "Sat Aug 01 2026 — 27500 steps (today)" StaticText
    t =   170.98s Checking existence of `"Sat Aug 01 2026 — 27500 steps (today)" StaticText`
    t =   170.99s Find the "Sat Aug 01 2026 — 27500 steps (today)" StaticText
    t =   171.06s Checking existence of `"Sat Aug 01 2026 — 27500 steps (today)" StaticText`
    t =   171.08s Find the "Sat Aug 01 2026 — 27500 steps (today)" StaticText
    t =   171.15s Checking existence of `"Sat Aug 01 2026 — 27500 steps (today)" StaticText`
    t =   171.16s Find the "Sat Aug 01 2026 — 27500 steps (today)" StaticText
    t =   171.24s Checking existence of `"Sat Aug 01 2026 — 27500 steps (today)" StaticText`
    t =   171.25s Find the "Sat Aug 01 2026 — 27500 steps (today)" StaticText
    t =   171.32s Checking existence of `"Sat Aug 01 2026 — 27500 steps (today)" StaticText`
    t =   171.34s Find the "Sat Aug 01 2026 — 27500 steps (today)" StaticText
    t =   171.41s Checking existence of `"Sat Aug 01 2026 — 27500 steps (today)" StaticText`
    t =   171.43s Find the "Sat Aug 01 2026 — 27500 steps (today)" StaticText
    t =   171.50s Checking existence of `"Sat Aug 01 2026 — 27500 steps (today)" StaticText`
    t =   171.51s Find the "Sat Aug 01 2026 — 27500 steps (today)" StaticText
    t =   171.59s Checking existence of `"Sat Aug 01 2026 — 27500 steps (today)" StaticText`
    t =   171.60s Find the "Sat Aug 01 2026 — 27500 steps (today)" StaticText
    t =   171.67s Checking existence of `"Sat Aug 01 2026 — 27500 steps (today)" StaticText`
    t =   171.68s Find the "Sat Aug 01 2026 — 27500 steps (today)" StaticText
    t =   171.76s Checking existence of `"Sat Aug 01 2026 — 27500 steps (today)" StaticText`
    t =   171.77s Find the "Sat Aug 01 2026 — 27500 steps (today)" StaticText
    t =   171.85s Checking existence of `"Sat Aug 01 2026 — 27500 steps (today)" StaticText`
    t =   171.86s Find the "Sat Aug 01 2026 — 27500 steps (today)" StaticText
    t =   171.93s Checking existence of `"Sat Aug 01 2026 — 27500 steps (today)" StaticText`
    t =   171.94s Find the "Sat Aug 01 2026 — 27500 steps (today)" StaticText
    t =   172.02s Checking existence of `"Sat Aug 01 2026 — 27500 steps (today)" StaticText`
    t =   172.03s Find the "Sat Aug 01 2026 — 27500 steps (today)" StaticText
    t =   172.10s Checking existence of `"Sat Aug 01 2026 — 27500 steps (today)" StaticText`
    t =   172.12s Find the "Sat Aug 01 2026 — 27500 steps (today)" StaticText
    t =   172.19s Checking existence of `"Sat Aug 01 2026 — 27500 steps (today)" StaticText`
    t =   172.21s Find the "Sat Aug 01 2026 — 27500 steps (today)" StaticText
    t =   172.28s Checking existence of `"Sat Aug 01 2026 — 27500 steps (today)" StaticText`
    t =   172.30s Find the "Sat Aug 01 2026 — 27500 steps (today)" StaticText
    t =   172.37s Checking existence of `"Sat Aug 01 2026 — 27500 steps (today)" StaticText`
    t =   172.38s Find the "Sat Aug 01 2026 — 27500 steps (today)" StaticText
    t =   172.46s Checking existence of `"Sat Aug 01 2026 — 27500 steps (today)" StaticText`
    t =   172.47s Find the "Sat Aug 01 2026 — 27500 steps (today)" StaticText
    t =   172.55s Checking existence of `"Sat Aug 01 2026 — 27500 steps (today)" StaticText`
    t =   172.56s Find the "Sat Aug 01 2026 — 27500 steps (today)" StaticText
    t =   172.64s Checking existence of `"Sat Aug 01 2026 — 27500 steps (today)" StaticText`
    t =   172.65s Find the "Sat Aug 01 2026 — 27500 steps (today)" StaticText
    t =   172.72s Checking existence of `"Sat Aug 01 2026 — 27500 steps (today)" StaticText`
    t =   172.74s Find the "Sat Aug 01 2026 — 27500 steps (today)" StaticText
    t =   172.81s Checking existence of `"Sat Aug 01 2026 — 27500 steps (today)" StaticText`
    t =   172.83s Find the "Sat Aug 01 2026 — 27500 steps (today)" StaticText
    t =   172.90s Checking existence of `"Sat Aug 01 2026 — 27500 steps (today)" StaticText`
    t =   172.91s Find the "Sat Aug 01 2026 — 27500 steps (today)" StaticText
    t =   172.99s Checking existence of `"Sat Aug 01 2026 — 27500 steps (today)" StaticText`
    t =   173.00s Find the "Sat Aug 01 2026 — 27500 steps (today)" StaticText
    t =   173.08s Checking existence of `"Sat Aug 01 2026 — 27500 steps (today)" StaticText`
    t =   173.09s Find the "Sat Aug 01 2026 — 27500 steps (today)" StaticText
    t =   173.17s Checking existence of `"Sat Aug 01 2026 — 27500 steps (today)" StaticText`
    t =   173.18s Find the "Sat Aug 01 2026 — 27500 steps (today)" StaticText
    t =   173.26s Checking existence of `"Sat Aug 01 2026 — 27500 steps (today)" StaticText`
    t =   173.27s Find the "Sat Aug 01 2026 — 27500 steps (today)" StaticText
    t =   173.34s Checking existence of `"Sat Aug 01 2026 — 27500 steps (today)" StaticText`
    t =   173.36s Find the "Sat Aug 01 2026 — 27500 steps (today)" StaticText
    t =   173.43s Checking existence of `"Sat Aug 01 2026 — 27500 steps (today)" StaticText`
    t =   173.44s Find the "Sat Aug 01 2026 — 27500 steps (today)" StaticText
STEP[173s]: iter 2: go home
    t =   173.52s Checking existence of `"Transcribe" Button`
    t =   173.53s Checking existence of `"Health" Button`
    t =   173.55s Checking existence of `Any (First Match)`
    t =   173.56s Checking existence of `Button (Element at index 0)`
    t =   173.57s Find the Button (Element at index 0)
STEP[173s]: goHome: tapping candidate 0
    t =   173.59s Tap "BackButton" Button
    t =   173.59s     Wait for org.nativescript.nsbenchmark to idle
    t =   173.59s     Find the "BackButton" Button
    t =   173.61s     Check for interrupting elements affecting "BackButton" Button
    t =   173.62s     Synthesize event
    t =   173.91s     Wait for org.nativescript.nsbenchmark to idle
    t =   174.58s Checking existence of `"Transcribe" Button`
    t =   174.59s Waiting 3.0s for "Transcribe" Button to exist
    t =   175.67s     Checking `Expect predicate `existsNoRetry == 1` for object "Transcribe" Button`
    t =   175.67s         Checking existence of `"Transcribe" Button`
STEP[175s]: iter 2: nav Transcribe
    t =   175.69s Checking existence of `"Transcribe" Button`
    t =   175.69s Tap "Transcribe" Button
    t =   175.69s     Wait for org.nativescript.nsbenchmark to idle
    t =   175.70s     Find the "Transcribe" Button
    t =   175.70s     Check for interrupting elements affecting "Transcribe" Button
    t =   175.71s     Synthesize event
    t =   176.01s     Wait for org.nativescript.nsbenchmark to idle
    t =   176.33s Waiting 10.0s for Any (First Match) to exist
    t =   177.40s     Checking `Expect predicate `existsNoRetry == 1` for object Any (First Match)`
    t =   177.40s         Checking existence of `Any (First Match)`
    t =   177.42s Checking existence of `Any (First Match)`
    t =   177.43s Find the Any (First Match)
    t =   177.44s Checking existence of `"Speech access: granted" StaticText`
    t =   177.45s Find the "Speech access: granted" StaticText
    t =   177.46s Checking existence of `"Transcribe Sample" Button`
    t =   177.47s Checking existence of `"Transcribe Sample" Button`
    t =   177.48s Find the "Transcribe Sample" Button
STEP[177s]: iter 2: transcribe
    t =   177.50s Tap "Transcribe Sample" Button
    t =   177.50s     Wait for org.nativescript.nsbenchmark to idle
    t =   177.50s     Find the "Transcribe Sample" Button
    t =   177.51s     Check for interrupting elements affecting "Transcribe Sample" Button
    t =   177.52s     Synthesize event
    t =   177.81s     Wait for org.nativescript.nsbenchmark to idle
    t =   177.81s Waiting 45.0s for Any (First Match) to exist
    t =   178.88s     Checking `Expect predicate `existsNoRetry == 1` for object Any (First Match)`
    t =   178.88s         Checking existence of `Any (First Match)`
    t =   178.91s         Capturing element debug description
    t =   179.87s     Checking `Expect predicate `existsNoRetry == 1` for object Any (First Match)`
    t =   179.87s         Checking existence of `Any (First Match)`
    t =   179.90s         Capturing element debug description
    t =   180.86s     Checking `Expect predicate `existsNoRetry == 1` for object Any (First Match)`
    t =   180.86s         Checking existence of `Any (First Match)`
    t =   180.88s         Capturing element debug description
    t =   181.84s     Checking `Expect predicate `existsNoRetry == 1` for object Any (First Match)`
    t =   181.84s         Checking existence of `Any (First Match)`
    t =   181.86s         Capturing element debug description
    t =   182.82s     Checking `Expect predicate `existsNoRetry == 1` for object Any (First Match)`
    t =   182.82s         Checking existence of `Any (First Match)`
    t =   182.85s         Capturing element debug description
    t =   183.82s     Checking `Expect predicate `existsNoRetry == 1` for object Any (First Match)`
    t =   183.82s         Checking existence of `Any (First Match)`
    t =   183.85s         Capturing element debug description
    t =   184.82s     Checking `Expect predicate `existsNoRetry == 1` for object Any (First Match)`
    t =   184.82s         Checking existence of `Any (First Match)`
    t =   184.85s         Capturing element debug description
    t =   185.91s     Checking `Expect predicate `existsNoRetry == 1` for object Any (First Match)`
    t =   185.91s         Checking existence of `Any (First Match)`
    t =   185.93s         Capturing element debug description
    t =   186.90s     Checking `Expect predicate `existsNoRetry == 1` for object Any (First Match)`
    t =   186.90s         Checking existence of `Any (First Match)`
    t =   186.92s         Capturing element debug description
    t =   187.88s     Checking `Expect predicate `existsNoRetry == 1` for object Any (First Match)`
    t =   187.88s         Checking existence of `Any (First Match)`
    t =   187.91s         Capturing element debug description
    t =   188.85s     Checking `Expect predicate `existsNoRetry == 1` for object Any (First Match)`
    t =   188.85s         Checking existence of `Any (First Match)`
    t =   188.87s         Capturing element debug description
    t =   189.88s     Checking `Expect predicate `existsNoRetry == 1` for object Any (First Match)`
    t =   189.88s         Checking existence of `Any (First Match)`
    t =   189.90s         Capturing element debug description
    t =   190.91s     Checking `Expect predicate `existsNoRetry == 1` for object Any (First Match)`
    t =   190.91s         Checking existence of `Any (First Match)`
    t =   190.94s         Capturing element debug description
    t =   191.84s     Checking `Expect predicate `existsNoRetry == 1` for object Any (First Match)`
    t =   191.84s         Checking existence of `Any (First Match)`
    t =   191.87s         Capturing element debug description
    t =   192.87s     Checking `Expect predicate `existsNoRetry == 1` for object Any (First Match)`
    t =   192.87s         Checking existence of `Any (First Match)`
    t =   192.91s         Capturing element debug description
    t =   193.91s     Checking `Expect predicate `existsNoRetry == 1` for object Any (First Match)`
    t =   193.91s         Checking existence of `Any (First Match)`
    t =   193.94s         Capturing element debug description
    t =   194.85s     Checking `Expect predicate `existsNoRetry == 1` for object Any (First Match)`
    t =   194.85s         Checking existence of `Any (First Match)`
    t =   194.87s         Capturing element debug description
    t =   195.88s     Checking `Expect predicate `existsNoRetry == 1` for object Any (First Match)`
    t =   195.88s         Checking existence of `Any (First Match)`
    t =   195.90s         Capturing element debug description
    t =   196.91s     Checking `Expect predicate `existsNoRetry == 1` for object Any (First Match)`
    t =   196.91s         Checking existence of `Any (First Match)`
    t =   196.93s         Capturing element debug description
    t =   197.84s     Checking `Expect predicate `existsNoRetry == 1` for object Any (First Match)`
    t =   197.84s         Checking existence of `Any (First Match)`
    t =   197.86s         Capturing element debug description
    t =   198.87s     Checking `Expect predicate `existsNoRetry == 1` for object Any (First Match)`
    t =   198.87s         Checking existence of `Any (First Match)`
    t =   198.89s         Capturing element debug description
    t =   199.90s     Checking `Expect predicate `existsNoRetry == 1` for object Any (First Match)`
    t =   199.90s         Checking existence of `Any (First Match)`
    t =   199.92s         Capturing element debug description
    t =   200.83s     Checking `Expect predicate `existsNoRetry == 1` for object Any (First Match)`
    t =   200.83s         Checking existence of `Any (First Match)`
    t =   200.85s         Capturing element debug description
    t =   201.86s     Checking `Expect predicate `existsNoRetry == 1` for object Any (First Match)`
    t =   201.86s         Checking existence of `Any (First Match)`
    t =   201.89s         Capturing element debug description
    t =   202.89s     Checking `Expect predicate `existsNoRetry == 1` for object Any (First Match)`
    t =   202.89s         Checking existence of `Any (First Match)`
    t =   202.92s         Capturing element debug description
    t =   203.83s     Checking `Expect predicate `existsNoRetry == 1` for object Any (First Match)`
    t =   203.83s         Checking existence of `Any (First Match)`
    t =   203.85s         Capturing element debug description
    t =   204.82s     Checking `Expect predicate `existsNoRetry == 1` for object Any (First Match)`
    t =   204.82s         Checking existence of `Any (First Match)`
    t =   204.85s         Capturing element debug description
    t =   205.82s     Checking `Expect predicate `existsNoRetry == 1` for object Any (First Match)`
    t =   205.82s         Checking existence of `Any (First Match)`
    t =   205.85s         Capturing element debug description
    t =   206.90s     Checking `Expect predicate `existsNoRetry == 1` for object Any (First Match)`
    t =   206.91s         Checking existence of `Any (First Match)`
    t =   206.93s         Capturing element debug description
    t =   207.88s     Checking `Expect predicate `existsNoRetry == 1` for object Any (First Match)`
    t =   207.88s         Checking existence of `Any (First Match)`
    t =   207.90s         Capturing element debug description
    t =   208.86s     Checking `Expect predicate `existsNoRetry == 1` for object Any (First Match)`
    t =   208.86s         Checking existence of `Any (First Match)`
    t =   208.88s         Capturing element debug description
    t =   209.85s     Checking `Expect predicate `existsNoRetry == 1` for object Any (First Match)`
    t =   209.85s         Checking existence of `Any (First Match)`
    t =   209.87s         Capturing element debug description
    t =   210.83s     Checking `Expect predicate `existsNoRetry == 1` for object Any (First Match)`
    t =   210.84s         Checking existence of `Any (First Match)`
    t =   210.86s         Capturing element debug description
    t =   211.82s     Checking `Expect predicate `existsNoRetry == 1` for object Any (First Match)`
    t =   211.82s         Checking existence of `Any (First Match)`
    t =   211.85s         Capturing element debug description
    t =   212.90s     Checking `Expect predicate `existsNoRetry == 1` for object Any (First Match)`
    t =   212.91s         Checking existence of `Any (First Match)`
    t =   212.93s         Capturing element debug description
    t =   213.89s     Checking `Expect predicate `existsNoRetry == 1` for object Any (First Match)`
    t =   213.89s         Checking existence of `Any (First Match)`
    t =   213.92s         Capturing element debug description
    t =   214.88s     Checking `Expect predicate `existsNoRetry == 1` for object Any (First Match)`
    t =   214.88s         Checking existence of `Any (First Match)`
    t =   214.91s         Capturing element debug description
    t =   215.85s     Checking `Expect predicate `existsNoRetry == 1` for object Any (First Match)`
    t =   215.85s         Checking existence of `Any (First Match)`
    t =   215.87s         Capturing element debug description
    t =   216.83s     Checking `Expect predicate `existsNoRetry == 1` for object Any (First Match)`
    t =   216.83s         Checking existence of `Any (First Match)`
    t =   216.85s         Capturing element debug description
    t =   217.82s     Checking `Expect predicate `existsNoRetry == 1` for object Any (First Match)`
    t =   217.82s         Checking existence of `Any (First Match)`
    t =   217.85s         Capturing element debug description
    t =   218.90s     Checking `Expect predicate `existsNoRetry == 1` for object Any (First Match)`
    t =   218.90s         Checking existence of `Any (First Match)`
    t =   218.92s         Capturing element debug description
    t =   219.88s     Checking `Expect predicate `existsNoRetry == 1` for object Any (First Match)`
    t =   219.88s         Checking existence of `Any (First Match)`
    t =   219.90s         Capturing element debug description
    t =   220.85s     Checking `Expect predicate `existsNoRetry == 1` for object Any (First Match)`
    t =   220.86s         Checking existence of `Any (First Match)`
    t =   220.88s         Capturing element debug description
    t =   221.85s     Checking `Expect predicate `existsNoRetry == 1` for object Any (First Match)`
    t =   221.85s         Checking existence of `Any (First Match)`
    t =   221.87s         Capturing element debug description
    t =   222.83s     Checking `Expect predicate `existsNoRetry == 1` for object Any (First Match)`
    t =   222.84s         Checking existence of `Any (First Match)`
    t =   222.86s         Capturing element debug description
    t =   222.86s     Checking existence of `Any (First Match)`
    t =   222.88s Collecting debug information to assist test failure triage
    t =   222.88s     Requesting snapshot of accessibility hierarchy for app with pid 44461
    t =   222.90s Checking existence of `Any (First Match)`
    t =   222.91s Checking existence of `Any (First Match)`
    t =   222.92s Checking existence of `Any (First Match)`
    t =   222.93s Find the Any (First Match)
STEP[222s]: iter 2: done
    t =   222.94s Terminate org.nativescript.nsbenchmark:44461
PERFJSON:{"runs":[{"nav_transcribe_ms":1733,"health_granted":true,"error_hk_log":true,"iter":0,"speech_granted":true,"speech_state":"init_or_task_failed: Transcription failed: Failed to initialize recognizer","nav_health_ms":1804,"hk_rows_ms":1102},{"health_granted":true,"error_hk_log":true,"hk_rows_ms":1097,"iter":1,"nav_transcribe_ms":1739,"nav_health_ms":1809,"speech_granted":true,"speech_state":"init_or_task_failed: Transcription failed: Failed to initialize recognizer"},{"hk_rows_ms":1089,"speech_state":"init_or_task_failed: Transcription failed: Failed to initialize recognizer","health_granted":true,"speech_granted":true,"nav_transcribe_ms":1733,"error_hk_log":true,"iter":2,"nav_health_ms":1839}],"bundle_id":"org.nativescript.nsbenchmark"}
    t =   224.04s Tear Down
Test Case '-[UIDriverUITests.FeatureLatencyTests testFeatureLatencies]' passed (224.113 seconds).
Test Suite 'FeatureLatencyTests' passed at 2026-08-01 19:57:20.117.
	 Executed 1 test, with 0 failures (0 unexpected) in 224.113 (224.115) seconds
Test Suite 'InteropCaptureTests' started at 2026-08-01 19:57:20.117.
Test Case '-[UIDriverUITests.InteropCaptureTests testCaptureInteropResults]' started.
    t =     0.00s Start Test at 2026-08-01 19:57:20.117
    t =     0.01s Set Up
    t =     0.01s Open org.nativescript.nsbenchmark
    t =     0.01s     Launch org.nativescript.nsbenchmark
    t =     0.11s         Setting up automation session
    t =     0.73s         Wait for org.nativescript.nsbenchmark to idle
    t =     1.90s Waiting 240.0s for Any (First Match) to exist
    t =     2.96s     Checking `Expect predicate `existsNoRetry == 1` for object Any (First Match)`
    t =     2.97s         Checking existence of `Any (First Match)`
    t =     2.99s         Capturing element debug description
    t =     3.95s     Checking `Expect predicate `existsNoRetry == 1` for object Any (First Match)`
    t =     3.95s         Checking existence of `Any (First Match)`
    t =     3.96s         Capturing element debug description
    t =     4.92s     Checking `Expect predicate `existsNoRetry == 1` for object Any (First Match)`
    t =     4.92s         Checking existence of `Any (First Match)`
    t =     4.93s         Capturing element debug description
    t =     5.90s     Checking `Expect predicate `existsNoRetry == 1` for object Any (First Match)`
    t =     5.90s         Checking existence of `Any (First Match)`
    t =     5.91s         Capturing element debug description
    t =     6.98s     Checking `Expect predicate `existsNoRetry == 1` for object Any (First Match)`
    t =     6.98s         Checking existence of `Any (First Match)`
    t =     6.99s         Capturing element debug description
    t =     7.96s     Checking `Expect predicate `existsNoRetry == 1` for object Any (First Match)`
    t =     7.96s         Checking existence of `Any (First Match)`
    t =     7.98s         Capturing element debug description
    t =     8.94s     Checking `Expect predicate `existsNoRetry == 1` for object Any (First Match)`
    t =     8.94s         Checking existence of `Any (First Match)`
    t =     8.95s         Capturing element debug description
    t =     9.91s     Checking `Expect predicate `existsNoRetry == 1` for object Any (First Match)`
    t =     9.91s         Checking existence of `Any (First Match)`
    t =     9.92s         Capturing element debug description
    t =    10.98s     Checking `Expect predicate `existsNoRetry == 1` for object Any (First Match)`
    t =    10.98s         Checking existence of `Any (First Match)`
    t =    10.99s         Capturing element debug description
    t =    11.96s     Checking `Expect predicate `existsNoRetry == 1` for object Any (First Match)`
    t =    11.96s         Checking existence of `Any (First Match)`
    t =    11.97s         Capturing element debug description
    t =    12.93s     Checking `Expect predicate `existsNoRetry == 1` for object Any (First Match)`
    t =    12.93s         Checking existence of `Any (First Match)`
    t =    12.94s         Capturing element debug description
    t =    13.91s     Checking `Expect predicate `existsNoRetry == 1` for object Any (First Match)`
    t =    13.91s         Checking existence of `Any (First Match)`
    t =    13.92s         Capturing element debug description
    t =    14.98s     Checking `Expect predicate `existsNoRetry == 1` for object Any (First Match)`
    t =    14.98s         Checking existence of `Any (First Match)`
    t =    14.99s         Capturing element debug description
    t =    15.95s     Checking `Expect predicate `existsNoRetry == 1` for object Any (First Match)`
    t =    15.95s         Checking existence of `Any (First Match)`
    t =    15.96s         Capturing element debug description
    t =    16.93s     Checking `Expect predicate `existsNoRetry == 1` for object Any (First Match)`
    t =    16.93s         Checking existence of `Any (First Match)`
    t =    16.94s         Capturing element debug description
    t =    17.91s     Checking `Expect predicate `existsNoRetry == 1` for object Any (First Match)`
    t =    17.91s         Checking existence of `Any (First Match)`
    t =    17.92s         Capturing element debug description
    t =    18.98s     Checking `Expect predicate `existsNoRetry == 1` for object Any (First Match)`
    t =    18.98s         Checking existence of `Any (First Match)`
    t =    19.00s         Capturing element debug description
    t =    19.96s     Checking `Expect predicate `existsNoRetry == 1` for object Any (First Match)`
    t =    19.96s         Checking existence of `Any (First Match)`
    t =    19.97s         Capturing element debug description
    t =    20.93s     Checking `Expect predicate `existsNoRetry == 1` for object Any (First Match)`
    t =    20.93s         Checking existence of `Any (First Match)`
    t =    20.94s         Capturing element debug description
    t =    21.91s     Checking `Expect predicate `existsNoRetry == 1` for object Any (First Match)`
    t =    21.91s         Checking existence of `Any (First Match)`
    t =    21.92s         Capturing element debug description
    t =    22.99s     Checking `Expect predicate `existsNoRetry == 1` for object Any (First Match)`
    t =    22.99s         Checking existence of `Any (First Match)`
    t =    23.00s         Capturing element debug description
    t =    23.97s     Checking `Expect predicate `existsNoRetry == 1` for object Any (First Match)`
    t =    23.97s         Checking existence of `Any (First Match)`
    t =    23.99s         Capturing element debug description
    t =    24.96s     Checking `Expect predicate `existsNoRetry == 1` for object Any (First Match)`
    t =    24.96s         Checking existence of `Any (First Match)`
    t =    24.97s         Capturing element debug description
    t =    25.93s     Checking `Expect predicate `existsNoRetry == 1` for object Any (First Match)`
    t =    25.93s         Checking existence of `Any (First Match)`
    t =    25.94s         Capturing element debug description
    t =    26.90s     Checking `Expect predicate `existsNoRetry == 1` for object Any (First Match)`
    t =    26.91s         Checking existence of `Any (First Match)`
    t =    26.92s         Capturing element debug description
    t =    27.99s     Checking `Expect predicate `existsNoRetry == 1` for object Any (First Match)`
    t =    27.99s         Checking existence of `Any (First Match)`
    t =    28.00s         Capturing element debug description
    t =    28.97s     Checking `Expect predicate `existsNoRetry == 1` for object Any (First Match)`
    t =    28.97s         Checking existence of `Any (First Match)`
    t =    28.99s         Capturing element debug description
    t =    29.95s     Checking `Expect predicate `existsNoRetry == 1` for object Any (First Match)`
    t =    29.95s         Checking existence of `Any (First Match)`
    t =    29.96s         Capturing element debug description
    t =    30.92s     Checking `Expect predicate `existsNoRetry == 1` for object Any (First Match)`
    t =    30.92s         Checking existence of `Any (First Match)`
    t =    30.94s         Capturing element debug description
    t =    31.90s     Checking `Expect predicate `existsNoRetry == 1` for object Any (First Match)`
    t =    31.91s         Checking existence of `Any (First Match)`
    t =    31.92s         Capturing element debug description
    t =    32.90s     Checking `Expect predicate `existsNoRetry == 1` for object Any (First Match)`
    t =    32.90s         Checking existence of `Any (First Match)`
    t =    32.91s         Capturing element debug description
    t =    33.98s     Checking `Expect predicate `existsNoRetry == 1` for object Any (First Match)`
    t =    33.98s         Checking existence of `Any (First Match)`
    t =    33.99s         Capturing element debug description
    t =    34.96s     Checking `Expect predicate `existsNoRetry == 1` for object Any (First Match)`
    t =    34.96s         Checking existence of `Any (First Match)`
    t =    34.98s         Capturing element debug description
    t =    35.94s     Checking `Expect predicate `existsNoRetry == 1` for object Any (First Match)`
    t =    35.94s         Checking existence of `Any (First Match)`
    t =    35.95s         Capturing element debug description
    t =    36.91s     Checking `Expect predicate `existsNoRetry == 1` for object Any (First Match)`
    t =    36.91s         Checking existence of `Any (First Match)`
    t =    36.93s         Capturing element debug description
    t =    37.90s     Checking `Expect predicate `existsNoRetry == 1` for object Any (First Match)`
    t =    37.90s         Checking existence of `Any (First Match)`
    t =    37.91s         Capturing element debug description
    t =    38.98s     Checking `Expect predicate `existsNoRetry == 1` for object Any (First Match)`
    t =    38.98s         Checking existence of `Any (First Match)`
    t =    38.99s         Capturing element debug description
    t =    39.95s     Checking `Expect predicate `existsNoRetry == 1` for object Any (First Match)`
    t =    39.96s         Checking existence of `Any (First Match)`
    t =    39.97s         Capturing element debug description
    t =    40.93s     Checking `Expect predicate `existsNoRetry == 1` for object Any (First Match)`
    t =    40.93s         Checking existence of `Any (First Match)`
    t =    40.94s         Capturing element debug description
    t =    41.90s     Checking `Expect predicate `existsNoRetry == 1` for object Any (First Match)`
    t =    41.91s         Checking existence of `Any (First Match)`
    t =    41.92s         Capturing element debug description
    t =    42.99s     Checking `Expect predicate `existsNoRetry == 1` for object Any (First Match)`
    t =    42.99s         Checking existence of `Any (First Match)`
    t =    43.00s         Capturing element debug description
    t =    43.96s     Checking `Expect predicate `existsNoRetry == 1` for object Any (First Match)`
    t =    43.96s         Checking existence of `Any (First Match)`
    t =    43.98s         Capturing element debug description
    t =    44.94s     Checking `Expect predicate `existsNoRetry == 1` for object Any (First Match)`
    t =    44.94s         Checking existence of `Any (First Match)`
    t =    44.95s         Capturing element debug description
    t =    45.91s     Checking `Expect predicate `existsNoRetry == 1` for object Any (First Match)`
    t =    45.91s         Checking existence of `Any (First Match)`
    t =    45.92s         Capturing element debug description
    t =    46.99s     Checking `Expect predicate `existsNoRetry == 1` for object Any (First Match)`
    t =    46.99s         Checking existence of `Any (First Match)`
    t =    47.00s         Capturing element debug description
    t =    47.96s     Checking `Expect predicate `existsNoRetry == 1` for object Any (First Match)`
    t =    47.96s         Checking existence of `Any (First Match)`
    t =    47.98s         Capturing element debug description
    t =    48.94s     Checking `Expect predicate `existsNoRetry == 1` for object Any (First Match)`
    t =    48.94s         Checking existence of `Any (First Match)`
    t =    48.95s         Capturing element debug description
    t =    49.91s     Checking `Expect predicate `existsNoRetry == 1` for object Any (First Match)`
    t =    49.91s         Checking existence of `Any (First Match)`
    t =    49.93s         Capturing element debug description
    t =    50.90s     Checking `Expect predicate `existsNoRetry == 1` for object Any (First Match)`
    t =    50.90s         Checking existence of `Any (First Match)`
    t =    50.91s         Capturing element debug description
    t =    51.98s     Checking `Expect predicate `existsNoRetry == 1` for object Any (First Match)`
    t =    51.98s         Checking existence of `Any (First Match)`
    t =    51.99s         Capturing element debug description
    t =    52.96s     Checking `Expect predicate `existsNoRetry == 1` for object Any (First Match)`
    t =    52.96s         Checking existence of `Any (First Match)`
    t =    52.97s         Capturing element debug description
    t =    53.93s     Checking `Expect predicate `existsNoRetry == 1` for object Any (First Match)`
    t =    53.93s         Checking existence of `Any (First Match)`
    t =    53.94s         Capturing element debug description
    t =    54.90s     Checking `Expect predicate `existsNoRetry == 1` for object Any (First Match)`
    t =    54.91s         Checking existence of `Any (First Match)`
    t =    54.92s         Capturing element debug description
    t =    55.99s     Checking `Expect predicate `existsNoRetry == 1` for object Any (First Match)`
    t =    55.99s         Checking existence of `Any (First Match)`
    t =    56.00s         Capturing element debug description
    t =    56.96s     Checking `Expect predicate `existsNoRetry == 1` for object Any (First Match)`
    t =    56.96s         Checking existence of `Any (First Match)`
    t =    56.98s         Capturing element debug description
    t =    57.94s     Checking `Expect predicate `existsNoRetry == 1` for object Any (First Match)`
    t =    57.94s         Checking existence of `Any (First Match)`
    t =    57.95s         Capturing element debug description
    t =    58.91s     Checking `Expect predicate `existsNoRetry == 1` for object Any (First Match)`
    t =    58.91s         Checking existence of `Any (First Match)`
    t =    58.93s         Capturing element debug description
    t =    59.99s     Checking `Expect predicate `existsNoRetry == 1` for object Any (First Match)`
    t =    59.99s         Checking existence of `Any (First Match)`
    t =    60.00s         Capturing element debug description
    t =    60.95s     Checking `Expect predicate `existsNoRetry == 1` for object Any (First Match)`
    t =    60.95s         Checking existence of `Any (First Match)`
    t =    60.97s         Capturing element debug description
    t =    61.93s     Checking `Expect predicate `existsNoRetry == 1` for object Any (First Match)`
    t =    61.93s         Checking existence of `Any (First Match)`
    t =    61.94s         Capturing element debug description
    t =    62.91s     Checking `Expect predicate `existsNoRetry == 1` for object Any (First Match)`
    t =    62.91s         Checking existence of `Any (First Match)`
    t =    62.93s         Capturing element debug description
    t =    63.90s     Checking `Expect predicate `existsNoRetry == 1` for object Any (First Match)`
    t =    63.90s         Checking existence of `Any (First Match)`
    t =    63.91s         Capturing element debug description
    t =    64.99s     Checking `Expect predicate `existsNoRetry == 1` for object Any (First Match)`
    t =    64.99s         Checking existence of `Any (First Match)`
    t =    65.00s         Capturing element debug description
    t =    65.97s     Checking `Expect predicate `existsNoRetry == 1` for object Any (First Match)`
    t =    65.97s         Checking existence of `Any (First Match)`
    t =    65.99s         Capturing element debug description
    t =    66.95s     Checking `Expect predicate `existsNoRetry == 1` for object Any (First Match)`
    t =    66.96s         Checking existence of `Any (First Match)`
    t =    66.97s         Capturing element debug description
    t =    67.93s     Checking `Expect predicate `existsNoRetry == 1` for object Any (First Match)`
    t =    67.93s         Checking existence of `Any (First Match)`
    t =    67.94s         Capturing element debug description
    t =    68.91s     Checking `Expect predicate `existsNoRetry == 1` for object Any (First Match)`
    t =    68.91s         Checking existence of `Any (First Match)`
    t =    68.93s         Capturing element debug description
    t =    69.90s     Checking `Expect predicate `existsNoRetry == 1` for object Any (First Match)`
    t =    69.90s         Checking existence of `Any (First Match)`
    t =    69.91s         Capturing element debug description
    t =    70.98s     Checking `Expect predicate `existsNoRetry == 1` for object Any (First Match)`
    t =    70.98s         Checking existence of `Any (First Match)`
    t =    70.99s         Capturing element debug description
    t =    71.95s     Checking `Expect predicate `existsNoRetry == 1` for object Any (First Match)`
    t =    71.96s         Checking existence of `Any (First Match)`
    t =    71.97s         Capturing element debug description
    t =    72.93s     Checking `Expect predicate `existsNoRetry == 1` for object Any (First Match)`
    t =    72.93s         Checking existence of `Any (First Match)`
    t =    72.94s         Capturing element debug description
    t =    73.90s     Checking `Expect predicate `existsNoRetry == 1` for object Any (First Match)`
    t =    73.91s         Checking existence of `Any (First Match)`
    t =    73.92s         Capturing element debug description
    t =    74.99s     Checking `Expect predicate `existsNoRetry == 1` for object Any (First Match)`
    t =    74.99s         Checking existence of `Any (First Match)`
    t =    75.00s         Capturing element debug description
    t =    75.96s     Checking `Expect predicate `existsNoRetry == 1` for object Any (First Match)`
    t =    75.96s         Checking existence of `Any (First Match)`
    t =    75.98s         Capturing element debug description
    t =    76.94s     Checking `Expect predicate `existsNoRetry == 1` for object Any (First Match)`
    t =    76.94s         Checking existence of `Any (First Match)`
    t =    76.95s         Capturing element debug description
    t =    77.91s     Checking `Expect predicate `existsNoRetry == 1` for object Any (First Match)`
    t =    77.91s         Checking existence of `Any (First Match)`
    t =    77.93s         Capturing element debug description
    t =    78.90s     Checking `Expect predicate `existsNoRetry == 1` for object Any (First Match)`
    t =    78.90s         Checking existence of `Any (First Match)`
    t =    78.91s         Capturing element debug description
    t =    79.98s     Checking `Expect predicate `existsNoRetry == 1` for object Any (First Match)`
    t =    79.98s         Checking existence of `Any (First Match)`
    t =    79.99s         Capturing element debug description
    t =    80.95s     Checking `Expect predicate `existsNoRetry == 1` for object Any (First Match)`
    t =    80.96s         Checking existence of `Any (First Match)`
    t =    80.97s         Capturing element debug description
    t =    81.93s     Checking `Expect predicate `existsNoRetry == 1` for object Any (First Match)`
    t =    81.93s         Checking existence of `Any (First Match)`
    t =    81.94s         Capturing element debug description
    t =    82.90s     Checking `Expect predicate `existsNoRetry == 1` for object Any (First Match)`
    t =    82.91s         Checking existence of `Any (First Match)`
    t =    82.92s         Capturing element debug description
    t =    83.99s     Checking `Expect predicate `existsNoRetry == 1` for object Any (First Match)`
    t =    83.99s         Checking existence of `Any (First Match)`
    t =    84.00s         Capturing element debug description
    t =    84.96s     Checking `Expect predicate `existsNoRetry == 1` for object Any (First Match)`
    t =    84.96s         Checking existence of `Any (First Match)`
    t =    84.98s         Capturing element debug description
    t =    85.94s     Checking `Expect predicate `existsNoRetry == 1` for object Any (First Match)`
    t =    85.94s         Checking existence of `Any (First Match)`
    t =    85.95s         Capturing element debug description
    t =    86.92s     Checking `Expect predicate `existsNoRetry == 1` for object Any (First Match)`
    t =    86.92s         Checking existence of `Any (First Match)`
    t =    86.93s         Capturing element debug description
    t =    87.90s     Checking `Expect predicate `existsNoRetry == 1` for object Any (First Match)`
    t =    87.91s         Checking existence of `Any (First Match)`
    t =    87.92s         Capturing element debug description
    t =    88.99s     Checking `Expect predicate `existsNoRetry == 1` for object Any (First Match)`
    t =    88.99s         Checking existence of `Any (First Match)`
    t =    89.00s         Capturing element debug description
    t =    89.96s     Checking `Expect predicate `existsNoRetry == 1` for object Any (First Match)`
    t =    89.96s         Checking existence of `Any (First Match)`
    t =    89.98s         Capturing element debug description
    t =    90.94s     Checking `Expect predicate `existsNoRetry == 1` for object Any (First Match)`
    t =    90.94s         Checking existence of `Any (First Match)`
    t =    90.95s         Capturing element debug description
    t =    91.91s     Checking `Expect predicate `existsNoRetry == 1` for object Any (First Match)`
    t =    91.91s         Checking existence of `Any (First Match)`
    t =    91.93s         Capturing element debug description
    t =    92.90s     Checking `Expect predicate `existsNoRetry == 1` for object Any (First Match)`
    t =    92.90s         Checking existence of `Any (First Match)`
    t =    92.91s         Capturing element debug description
    t =    93.98s     Checking `Expect predicate `existsNoRetry == 1` for object Any (First Match)`
    t =    93.98s         Checking existence of `Any (First Match)`
    t =    93.99s         Capturing element debug description
    t =    94.96s     Checking `Expect predicate `existsNoRetry == 1` for object Any (First Match)`
    t =    94.96s         Checking existence of `Any (First Match)`
    t =    94.97s         Capturing element debug description
    t =    95.93s     Checking `Expect predicate `existsNoRetry == 1` for object Any (First Match)`
    t =    95.93s         Checking existence of `Any (First Match)`
    t =    95.94s         Capturing element debug description
    t =    96.90s     Checking `Expect predicate `existsNoRetry == 1` for object Any (First Match)`
    t =    96.90s         Checking existence of `Any (First Match)`
    t =    96.91s         Capturing element debug description
    t =    97.98s     Checking `Expect predicate `existsNoRetry == 1` for object Any (First Match)`
    t =    97.98s         Checking existence of `Any (First Match)`
    t =    98.00s         Capturing element debug description
    t =    98.95s     Checking `Expect predicate `existsNoRetry == 1` for object Any (First Match)`
    t =    98.96s         Checking existence of `Any (First Match)`
    t =    98.97s         Capturing element debug description
    t =    99.93s     Checking `Expect predicate `existsNoRetry == 1` for object Any (First Match)`
    t =    99.93s         Checking existence of `Any (First Match)`
    t =    99.94s         Capturing element debug description
    t =   100.91s     Checking `Expect predicate `existsNoRetry == 1` for object Any (First Match)`
    t =   100.91s         Checking existence of `Any (First Match)`
    t =   100.93s         Capturing element debug description
    t =   101.90s     Checking `Expect predicate `existsNoRetry == 1` for object Any (First Match)`
    t =   101.91s         Checking existence of `Any (First Match)`
    t =   101.92s         Capturing element debug description
    t =   102.99s     Checking `Expect predicate `existsNoRetry == 1` for object Any (First Match)`
    t =   102.99s         Checking existence of `Any (First Match)`
    t =   103.00s         Capturing element debug description
    t =   103.96s     Checking `Expect predicate `existsNoRetry == 1` for object Any (First Match)`
    t =   103.96s         Checking existence of `Any (First Match)`
    t =   103.97s         Capturing element debug description
    t =   104.94s     Checking `Expect predicate `existsNoRetry == 1` for object Any (First Match)`
    t =   104.94s         Checking existence of `Any (First Match)`
    t =   104.95s         Capturing element debug description
    t =   105.91s     Checking `Expect predicate `existsNoRetry == 1` for object Any (First Match)`
    t =   105.91s         Checking existence of `Any (First Match)`
    t =   105.93s         Capturing element debug description
    t =   106.90s     Checking `Expect predicate `existsNoRetry == 1` for object Any (First Match)`
    t =   106.90s         Checking existence of `Any (First Match)`
    t =   106.90s         Capturing element debug description
    t =   107.97s     Checking `Expect predicate `existsNoRetry == 1` for object Any (First Match)`
    t =   107.97s         Checking existence of `Any (First Match)`
    t =   107.99s         Capturing element debug description
    t =   108.95s     Checking `Expect predicate `existsNoRetry == 1` for object Any (First Match)`
    t =   108.95s         Checking existence of `Any (First Match)`
    t =   108.96s         Capturing element debug description
    t =   109.92s     Checking `Expect predicate `existsNoRetry == 1` for object Any (First Match)`
    t =   109.92s         Checking existence of `Any (First Match)`
    t =   109.93s         Capturing element debug description
    t =   110.90s     Checking `Expect predicate `existsNoRetry == 1` for object Any (First Match)`
    t =   110.91s         Checking existence of `Any (First Match)`
    t =   110.92s         Capturing element debug description
    t =   111.99s     Checking `Expect predicate `existsNoRetry == 1` for object Any (First Match)`
    t =   111.99s         Checking existence of `Any (First Match)`
    t =   112.00s         Capturing element debug description
    t =   112.96s     Checking `Expect predicate `existsNoRetry == 1` for object Any (First Match)`
    t =   112.96s         Checking existence of `Any (First Match)`
    t =   112.98s         Capturing element debug description
    t =   113.94s     Checking `Expect predicate `existsNoRetry == 1` for object Any (First Match)`
    t =   113.94s         Checking existence of `Any (First Match)`
    t =   113.95s         Capturing element debug description
    t =   114.91s     Checking `Expect predicate `existsNoRetry == 1` for object Any (First Match)`
    t =   114.91s         Checking existence of `Any (First Match)`
    t =   114.93s         Capturing element debug description
    t =   115.90s     Checking `Expect predicate `existsNoRetry == 1` for object Any (First Match)`
    t =   115.90s         Checking existence of `Any (First Match)`
    t =   115.91s         Capturing element debug description
    t =   116.97s     Checking `Expect predicate `existsNoRetry == 1` for object Any (First Match)`
    t =   116.98s         Checking existence of `Any (First Match)`
    t =   116.99s         Capturing element debug description
    t =   117.95s     Checking `Expect predicate `existsNoRetry == 1` for object Any (First Match)`
    t =   117.95s         Checking existence of `Any (First Match)`
    t =   117.96s         Capturing element debug description
    t =   118.92s     Checking `Expect predicate `existsNoRetry == 1` for object Any (First Match)`
    t =   118.92s         Checking existence of `Any (First Match)`
    t =   118.93s         Capturing element debug description
    t =   119.90s     Checking `Expect predicate `existsNoRetry == 1` for object Any (First Match)`
    t =   119.91s         Checking existence of `Any (First Match)`
    t =   119.92s         Capturing element debug description
    t =   120.99s     Checking `Expect predicate `existsNoRetry == 1` for object Any (First Match)`
    t =   120.99s         Checking existence of `Any (First Match)`
    t =   121.00s         Capturing element debug description
    t =   121.96s     Checking `Expect predicate `existsNoRetry == 1` for object Any (First Match)`
    t =   121.96s         Checking existence of `Any (First Match)`
    t =   121.97s         Capturing element debug description
    t =   122.94s     Checking `Expect predicate `existsNoRetry == 1` for object Any (First Match)`
    t =   122.94s         Checking existence of `Any (First Match)`
    t =   122.95s         Capturing element debug description
    t =   123.91s     Checking `Expect predicate `existsNoRetry == 1` for object Any (First Match)`
    t =   123.91s         Checking existence of `Any (First Match)`
    t =   123.93s         Capturing element debug description
    t =   124.90s     Checking `Expect predicate `existsNoRetry == 1` for object Any (First Match)`
    t =   124.90s         Checking existence of `Any (First Match)`
    t =   124.91s         Capturing element debug description
    t =   125.98s     Checking `Expect predicate `existsNoRetry == 1` for object Any (First Match)`
    t =   125.98s         Checking existence of `Any (First Match)`
    t =   125.99s         Capturing element debug description
    t =   126.96s     Checking `Expect predicate `existsNoRetry == 1` for object Any (First Match)`
    t =   126.96s         Checking existence of `Any (First Match)`
    t =   126.98s         Capturing element debug description
    t =   127.93s     Checking `Expect predicate `existsNoRetry == 1` for object Any (First Match)`
    t =   127.93s         Checking existence of `Any (First Match)`
    t =   127.95s         Capturing element debug description
    t =   128.91s     Checking `Expect predicate `existsNoRetry == 1` for object Any (First Match)`
    t =   128.91s         Checking existence of `Any (First Match)`
    t =   128.93s         Capturing element debug description
    t =   129.90s     Checking `Expect predicate `existsNoRetry == 1` for object Any (First Match)`
    t =   129.90s         Checking existence of `Any (First Match)`
    t =   129.91s         Capturing element debug description
    t =   130.98s     Checking `Expect predicate `existsNoRetry == 1` for object Any (First Match)`
    t =   130.98s         Checking existence of `Any (First Match)`
    t =   130.99s         Capturing element debug description
    t =   131.95s     Checking `Expect predicate `existsNoRetry == 1` for object Any (First Match)`
    t =   131.96s         Checking existence of `Any (First Match)`
    t =   131.97s         Capturing element debug description
    t =   132.93s     Checking `Expect predicate `existsNoRetry == 1` for object Any (First Match)`
    t =   132.93s         Checking existence of `Any (First Match)`
    t =   132.94s         Capturing element debug description
    t =   133.90s     Checking `Expect predicate `existsNoRetry == 1` for object Any (First Match)`
    t =   133.90s         Checking existence of `Any (First Match)`
    t =   133.92s         Capturing element debug description
    t =   134.99s     Checking `Expect predicate `existsNoRetry == 1` for object Any (First Match)`
    t =   134.99s         Checking existence of `Any (First Match)`
    t =   135.00s         Capturing element debug description
    t =   135.96s     Checking `Expect predicate `existsNoRetry == 1` for object Any (First Match)`
    t =   135.96s         Checking existence of `Any (First Match)`
    t =   135.98s         Capturing element debug description
    t =   136.94s     Checking `Expect predicate `existsNoRetry == 1` for object Any (First Match)`
    t =   136.94s         Checking existence of `Any (First Match)`
    t =   136.95s         Capturing element debug description
    t =   137.91s     Checking `Expect predicate `existsNoRetry == 1` for object Any (First Match)`
    t =   137.91s         Checking existence of `Any (First Match)`
    t =   137.93s         Capturing element debug description
    t =   138.90s     Checking `Expect predicate `existsNoRetry == 1` for object Any (First Match)`
    t =   138.90s         Checking existence of `Any (First Match)`
    t =   138.91s         Capturing element debug description
    t =   139.97s     Checking `Expect predicate `existsNoRetry == 1` for object Any (First Match)`
    t =   139.98s         Checking existence of `Any (First Match)`
    t =   139.99s         Capturing element debug description
    t =   140.95s     Checking `Expect predicate `existsNoRetry == 1` for object Any (First Match)`
    t =   140.96s         Checking existence of `Any (First Match)`
    t =   140.97s         Capturing element debug description
    t =   141.93s     Checking `Expect predicate `existsNoRetry == 1` for object Any (First Match)`
    t =   141.93s         Checking existence of `Any (First Match)`
    t =   141.94s         Capturing element debug description
    t =   142.90s     Checking `Expect predicate `existsNoRetry == 1` for object Any (First Match)`
    t =   142.90s         Checking existence of `Any (First Match)`
    t =   142.92s         Capturing element debug description
    t =   143.99s     Checking `Expect predicate `existsNoRetry == 1` for object Any (First Match)`
    t =   143.99s         Checking existence of `Any (First Match)`
    t =   144.00s         Capturing element debug description
    t =   144.96s     Checking `Expect predicate `existsNoRetry == 1` for object Any (First Match)`
    t =   144.96s         Checking existence of `Any (First Match)`
    t =   144.97s         Capturing element debug description
    t =   145.94s     Checking `Expect predicate `existsNoRetry == 1` for object Any (First Match)`
    t =   145.94s         Checking existence of `Any (First Match)`
    t =   145.95s         Capturing element debug description
    t =   146.91s     Checking `Expect predicate `existsNoRetry == 1` for object Any (First Match)`
    t =   146.91s         Checking existence of `Any (First Match)`
    t =   146.93s         Capturing element debug description
    t =   147.90s     Checking `Expect predicate `existsNoRetry == 1` for object Any (First Match)`
    t =   147.90s         Checking existence of `Any (First Match)`
    t =   147.90s         Capturing element debug description
    t =   148.97s     Checking `Expect predicate `existsNoRetry == 1` for object Any (First Match)`
    t =   148.97s         Checking existence of `Any (First Match)`
    t =   148.98s         Capturing element debug description
    t =   149.95s     Checking `Expect predicate `existsNoRetry == 1` for object Any (First Match)`
    t =   149.95s         Checking existence of `Any (First Match)`
    t =   149.96s         Capturing element debug description
    t =   150.92s     Checking `Expect predicate `existsNoRetry == 1` for object Any (First Match)`
    t =   150.92s         Checking existence of `Any (First Match)`
    t =   150.93s         Capturing element debug description
    t =   151.90s     Checking `Expect predicate `existsNoRetry == 1` for object Any (First Match)`
    t =   151.90s         Checking existence of `Any (First Match)`
    t =   151.92s         Capturing element debug description
    t =   152.99s     Checking `Expect predicate `existsNoRetry == 1` for object Any (First Match)`
    t =   152.99s         Checking existence of `Any (First Match)`
    t =   153.00s         Capturing element debug description
    t =   153.96s     Checking `Expect predicate `existsNoRetry == 1` for object Any (First Match)`
    t =   153.96s         Checking existence of `Any (First Match)`
    t =   153.98s         Capturing element debug description
    t =   154.94s     Checking `Expect predicate `existsNoRetry == 1` for object Any (First Match)`
    t =   154.94s         Checking existence of `Any (First Match)`
    t =   154.95s         Capturing element debug description
    t =   155.91s     Checking `Expect predicate `existsNoRetry == 1` for object Any (First Match)`
    t =   155.91s         Checking existence of `Any (First Match)`
    t =   155.93s         Capturing element debug description
    t =   156.90s     Checking `Expect predicate `existsNoRetry == 1` for object Any (First Match)`
    t =   156.90s         Checking existence of `Any (First Match)`
    t =   156.91s         Capturing element debug description
    t =   157.98s     Checking `Expect predicate `existsNoRetry == 1` for object Any (First Match)`
    t =   157.98s         Checking existence of `Any (First Match)`
    t =   157.99s         Capturing element debug description
    t =   158.95s     Checking `Expect predicate `existsNoRetry == 1` for object Any (First Match)`
    t =   158.95s         Checking existence of `Any (First Match)`
    t =   158.96s         Capturing element debug description
    t =   159.92s     Checking `Expect predicate `existsNoRetry == 1` for object Any (First Match)`
    t =   159.92s         Checking existence of `Any (First Match)`
    t =   159.94s         Capturing element debug description
    t =   160.91s     Checking `Expect predicate `existsNoRetry == 1` for object Any (First Match)`
    t =   160.91s         Checking existence of `Any (First Match)`
    t =   160.93s         Capturing element debug description
    t =   161.90s     Checking `Expect predicate `existsNoRetry == 1` for object Any (First Match)`
    t =   161.90s         Checking existence of `Any (First Match)`
    t =   161.92s         Capturing element debug description
    t =   162.99s     Checking `Expect predicate `existsNoRetry == 1` for object Any (First Match)`
    t =   162.99s         Checking existence of `Any (First Match)`
    t =   163.00s         Capturing element debug description
    t =   163.96s     Checking `Expect predicate `existsNoRetry == 1` for object Any (First Match)`
    t =   163.96s         Checking existence of `Any (First Match)`
    t =   163.98s         Capturing element debug description
    t =   164.94s     Checking `Expect predicate `existsNoRetry == 1` for object Any (First Match)`
    t =   164.94s         Checking existence of `Any (First Match)`
    t =   164.95s         Capturing element debug description
    t =   165.91s     Checking `Expect predicate `existsNoRetry == 1` for object Any (First Match)`
    t =   165.91s         Checking existence of `Any (First Match)`
    t =   165.93s         Capturing element debug description
    t =   166.89s     Checking `Expect predicate `existsNoRetry == 1` for object Any (First Match)`
    t =   166.90s         Checking existence of `Any (First Match)`
    t =   166.91s         Capturing element debug description
    t =   167.97s     Checking `Expect predicate `existsNoRetry == 1` for object Any (First Match)`
    t =   167.97s         Checking existence of `Any (First Match)`
    t =   167.98s         Capturing element debug description
    t =   168.94s     Checking `Expect predicate `existsNoRetry == 1` for object Any (First Match)`
    t =   168.94s         Checking existence of `Any (First Match)`
    t =   168.96s         Capturing element debug description
    t =   169.92s     Checking `Expect predicate `existsNoRetry == 1` for object Any (First Match)`
    t =   169.92s         Checking existence of `Any (First Match)`
    t =   169.93s         Capturing element debug description
    t =   170.90s     Checking `Expect predicate `existsNoRetry == 1` for object Any (First Match)`
    t =   170.90s         Checking existence of `Any (First Match)`
    t =   170.92s         Capturing element debug description
    t =   171.99s     Checking `Expect predicate `existsNoRetry == 1` for object Any (First Match)`
    t =   171.99s         Checking existence of `Any (First Match)`
    t =   172.00s         Capturing element debug description
    t =   172.96s     Checking `Expect predicate `existsNoRetry == 1` for object Any (First Match)`
    t =   172.96s         Checking existence of `Any (First Match)`
    t =   172.98s         Capturing element debug description
    t =   173.94s     Checking `Expect predicate `existsNoRetry == 1` for object Any (First Match)`
    t =   173.94s         Checking existence of `Any (First Match)`
    t =   173.95s         Capturing element debug description
    t =   174.91s     Checking `Expect predicate `existsNoRetry == 1` for object Any (First Match)`
    t =   174.91s         Checking existence of `Any (First Match)`
    t =   174.92s         Capturing element debug description
    t =   175.99s     Checking `Expect predicate `existsNoRetry == 1` for object Any (First Match)`
    t =   175.99s         Checking existence of `Any (First Match)`
    t =   176.00s         Capturing element debug description
    t =   176.96s     Checking `Expect predicate `existsNoRetry == 1` for object Any (First Match)`
    t =   176.96s         Checking existence of `Any (First Match)`
    t =   176.97s         Capturing element debug description
    t =   177.94s     Checking `Expect predicate `existsNoRetry == 1` for object Any (First Match)`
    t =   177.94s         Checking existence of `Any (First Match)`
    t =   177.95s         Capturing element debug description
    t =   178.91s     Checking `Expect predicate `existsNoRetry == 1` for object Any (First Match)`
    t =   178.91s         Checking existence of `Any (First Match)`
    t =   178.93s         Capturing element debug description
    t =   179.89s     Checking `Expect predicate `existsNoRetry == 1` for object Any (First Match)`
    t =   179.90s         Checking existence of `Any (First Match)`
    t =   179.91s         Capturing element debug description
    t =   180.98s     Checking `Expect predicate `existsNoRetry == 1` for object Any (First Match)`
    t =   180.98s         Checking existence of `Any (First Match)`
    t =   180.99s         Capturing element debug description
    t =   181.95s     Checking `Expect predicate `existsNoRetry == 1` for object Any (First Match)`
    t =   181.95s         Checking existence of `Any (First Match)`
    t =   181.97s         Capturing element debug description
    t =   182.93s     Checking `Expect predicate `existsNoRetry == 1` for object Any (First Match)`
    t =   182.93s         Checking existence of `Any (First Match)`
    t =   182.94s         Capturing element debug description
    t =   183.90s     Checking `Expect predicate `existsNoRetry == 1` for object Any (First Match)`
    t =   183.90s         Checking existence of `Any (First Match)`
    t =   183.92s         Capturing element debug description
    t =   184.99s     Checking `Expect predicate `existsNoRetry == 1` for object Any (First Match)`
    t =   184.99s         Checking existence of `Any (First Match)`
    t =   185.00s         Capturing element debug description
    t =   185.96s     Checking `Expect predicate `existsNoRetry == 1` for object Any (First Match)`
    t =   185.96s         Checking existence of `Any (First Match)`
    t =   185.98s         Capturing element debug description
    t =   186.94s     Checking `Expect predicate `existsNoRetry == 1` for object Any (First Match)`
    t =   186.94s         Checking existence of `Any (First Match)`
    t =   186.95s         Capturing element debug description
    t =   187.91s     Checking `Expect predicate `existsNoRetry == 1` for object Any (First Match)`
    t =   187.91s         Checking existence of `Any (First Match)`
    t =   187.93s         Capturing element debug description
    t =   188.89s     Checking `Expect predicate `existsNoRetry == 1` for object Any (First Match)`
    t =   188.90s         Checking existence of `Any (First Match)`
    t =   188.91s         Capturing element debug description
    t =   189.98s     Checking `Expect predicate `existsNoRetry == 1` for object Any (First Match)`
    t =   189.98s         Checking existence of `Any (First Match)`
    t =   189.99s         Capturing element debug description
    t =   190.95s     Checking `Expect predicate `existsNoRetry == 1` for object Any (First Match)`
    t =   190.95s         Checking existence of `Any (First Match)`
    t =   190.97s         Capturing element debug description
    t =   191.93s     Checking `Expect predicate `existsNoRetry == 1` for object Any (First Match)`
    t =   191.93s         Checking existence of `Any (First Match)`
    t =   191.94s         Capturing element debug description
    t =   192.91s     Checking `Expect predicate `existsNoRetry == 1` for object Any (First Match)`
    t =   192.91s         Checking existence of `Any (First Match)`
    t =   192.93s         Capturing element debug description
    t =   193.90s     Checking `Expect predicate `existsNoRetry == 1` for object Any (First Match)`
    t =   193.90s         Checking existence of `Any (First Match)`
    t =   193.91s         Capturing element debug description
    t =   194.98s     Checking `Expect predicate `existsNoRetry == 1` for object Any (First Match)`
    t =   194.98s         Checking existence of `Any (First Match)`
    t =   195.00s         Capturing element debug description
    t =   195.96s     Checking `Expect predicate `existsNoRetry == 1` for object Any (First Match)`
    t =   195.96s         Checking existence of `Any (First Match)`
    t =   195.97s         Capturing element debug description
    t =   196.94s     Checking `Expect predicate `existsNoRetry == 1` for object Any (First Match)`
    t =   196.94s         Checking existence of `Any (First Match)`
    t =   196.95s         Capturing element debug description
    t =   197.91s     Checking `Expect predicate `existsNoRetry == 1` for object Any (First Match)`
    t =   197.91s         Checking existence of `Any (First Match)`
    t =   197.93s         Capturing element debug description
    t =   198.99s     Checking `Expect predicate `existsNoRetry == 1` for object Any (First Match)`
    t =   199.00s         Checking existence of `Any (First Match)`
    t =   199.01s         Capturing element debug description
    t =   199.97s     Checking `Expect predicate `existsNoRetry == 1` for object Any (First Match)`
    t =   199.97s         Checking existence of `Any (First Match)`
    t =   199.98s         Capturing element debug description
    t =   200.94s     Checking `Expect predicate `existsNoRetry == 1` for object Any (First Match)`
    t =   200.94s         Checking existence of `Any (First Match)`
    t =   200.95s         Capturing element debug description
    t =   201.92s     Checking `Expect predicate `existsNoRetry == 1` for object Any (First Match)`
    t =   201.92s         Checking existence of `Any (First Match)`
    t =   201.93s         Capturing element debug description
    t =   202.90s     Checking `Expect predicate `existsNoRetry == 1` for object Any (First Match)`
    t =   202.90s         Checking existence of `Any (First Match)`
    t =   202.91s         Capturing element debug description
    t =   203.98s     Checking `Expect predicate `existsNoRetry == 1` for object Any (First Match)`
    t =   203.98s         Checking existence of `Any (First Match)`
    t =   203.99s         Capturing element debug description
    t =   204.95s     Checking `Expect predicate `existsNoRetry == 1` for object Any (First Match)`
    t =   204.95s         Checking existence of `Any (First Match)`
    t =   204.97s         Capturing element debug description
    t =   205.93s     Checking `Expect predicate `existsNoRetry == 1` for object Any (First Match)`
    t =   205.93s         Checking existence of `Any (First Match)`
    t =   205.94s         Capturing element debug description
    t =   206.90s     Checking `Expect predicate `existsNoRetry == 1` for object Any (First Match)`
    t =   206.90s         Checking existence of `Any (First Match)`
    t =   206.92s         Capturing element debug description
    t =   207.99s     Checking `Expect predicate `existsNoRetry == 1` for object Any (First Match)`
    t =   207.99s         Checking existence of `Any (First Match)`
    t =   208.00s         Capturing element debug description
    t =   208.96s     Checking `Expect predicate `existsNoRetry == 1` for object Any (First Match)`
    t =   208.96s         Checking existence of `Any (First Match)`
    t =   208.96s         Capturing element debug description
    t =   209.92s     Checking `Expect predicate `existsNoRetry == 1` for object Any (First Match)`
    t =   209.92s         Checking existence of `Any (First Match)`
    t =   209.93s         Capturing element debug description
    t =   210.90s     Checking `Expect predicate `existsNoRetry == 1` for object Any (First Match)`
    t =   210.90s         Checking existence of `Any (First Match)`
    t =   210.91s         Capturing element debug description
    t =   211.99s     Checking `Expect predicate `existsNoRetry == 1` for object Any (First Match)`
    t =   211.99s         Checking existence of `Any (First Match)`
    t =   212.00s         Capturing element debug description
    t =   212.96s     Checking `Expect predicate `existsNoRetry == 1` for object Any (First Match)`
    t =   212.96s         Checking existence of `Any (First Match)`
    t =   212.98s         Capturing element debug description
    t =   213.94s     Checking `Expect predicate `existsNoRetry == 1` for object Any (First Match)`
    t =   213.94s         Checking existence of `Any (First Match)`
    t =   213.95s         Capturing element debug description
    t =   214.92s     Checking `Expect predicate `existsNoRetry == 1` for object Any (First Match)`
    t =   214.92s         Checking existence of `Any (First Match)`
    t =   214.93s         Capturing element debug description
    t =   215.90s     Checking `Expect predicate `existsNoRetry == 1` for object Any (First Match)`
    t =   215.90s         Checking existence of `Any (First Match)`
    t =   215.92s         Capturing element debug description
    t =   216.99s     Checking `Expect predicate `existsNoRetry == 1` for object Any (First Match)`
    t =   216.99s         Checking existence of `Any (First Match)`
    t =   217.00s         Capturing element debug description
    t =   217.96s     Checking `Expect predicate `existsNoRetry == 1` for object Any (First Match)`
    t =   217.96s         Checking existence of `Any (First Match)`
    t =   217.98s         Capturing element debug description
    t =   218.94s     Checking `Expect predicate `existsNoRetry == 1` for object Any (First Match)`
    t =   218.94s         Checking existence of `Any (First Match)`
    t =   218.95s         Capturing element debug description
    t =   219.91s     Checking `Expect predicate `existsNoRetry == 1` for object Any (First Match)`
    t =   219.91s         Checking existence of `Any (First Match)`
    t =   219.92s         Capturing element debug description
    t =   220.90s     Checking `Expect predicate `existsNoRetry == 1` for object Any (First Match)`
    t =   220.90s         Checking existence of `Any (First Match)`
    t =   220.92s         Capturing element debug description
    t =   221.99s     Checking `Expect predicate `existsNoRetry == 1` for object Any (First Match)`
    t =   221.99s         Checking existence of `Any (First Match)`
    t =   222.00s         Capturing element debug description
    t =   222.96s     Checking `Expect predicate `existsNoRetry == 1` for object Any (First Match)`
    t =   222.97s         Checking existence of `Any (First Match)`
    t =   222.98s         Capturing element debug description
    t =   223.94s     Checking `Expect predicate `existsNoRetry == 1` for object Any (First Match)`
    t =   223.94s         Checking existence of `Any (First Match)`
    t =   223.96s         Capturing element debug description
    t =   224.92s     Checking `Expect predicate `existsNoRetry == 1` for object Any (First Match)`
    t =   224.92s         Checking existence of `Any (First Match)`
    t =   224.93s         Capturing element debug description
    t =   225.90s     Checking `Expect predicate `existsNoRetry == 1` for object Any (First Match)`
    t =   225.90s         Checking existence of `Any (First Match)`
    t =   225.91s         Capturing element debug description
    t =   226.98s     Checking `Expect predicate `existsNoRetry == 1` for object Any (First Match)`
    t =   226.98s         Checking existence of `Any (First Match)`
    t =   227.00s         Capturing element debug description
    t =   227.95s     Checking `Expect predicate `existsNoRetry == 1` for object Any (First Match)`
    t =   227.95s         Checking existence of `Any (First Match)`
    t =   227.97s         Capturing element debug description
    t =   228.93s     Checking `Expect predicate `existsNoRetry == 1` for object Any (First Match)`
    t =   228.93s         Checking existence of `Any (First Match)`
    t =   228.94s         Capturing element debug description
    t =   229.90s     Checking `Expect predicate `existsNoRetry == 1` for object Any (First Match)`
    t =   229.90s         Checking existence of `Any (First Match)`
    t =   229.92s         Capturing element debug description
    t =   230.99s     Checking `Expect predicate `existsNoRetry == 1` for object Any (First Match)`
    t =   230.99s         Checking existence of `Any (First Match)`
    t =   231.00s         Capturing element debug description
    t =   231.96s     Checking `Expect predicate `existsNoRetry == 1` for object Any (First Match)`
    t =   231.96s         Checking existence of `Any (First Match)`
    t =   231.97s         Capturing element debug description
    t =   232.93s     Checking `Expect predicate `existsNoRetry == 1` for object Any (First Match)`
    t =   232.93s         Checking existence of `Any (First Match)`
    t =   232.94s         Capturing element debug description
    t =   233.91s     Checking `Expect predicate `existsNoRetry == 1` for object Any (First Match)`
    t =   233.91s         Checking existence of `Any (First Match)`
    t =   233.92s         Capturing element debug description
    t =   234.99s     Checking `Expect predicate `existsNoRetry == 1` for object Any (First Match)`
    t =   234.99s         Checking existence of `Any (First Match)`
    t =   235.00s         Capturing element debug description
    t =   235.96s     Checking `Expect predicate `existsNoRetry == 1` for object Any (First Match)`
    t =   235.97s         Checking existence of `Any (First Match)`
    t =   235.98s         Capturing element debug description
    t =   236.94s     Checking `Expect predicate `existsNoRetry == 1` for object Any (First Match)`
    t =   236.94s         Checking existence of `Any (First Match)`
    t =   236.95s         Capturing element debug description
    t =   237.92s     Checking `Expect predicate `existsNoRetry == 1` for object Any (First Match)`
    t =   237.92s         Checking existence of `Any (First Match)`
    t =   237.93s         Capturing element debug description
    t =   238.90s     Checking `Expect predicate `existsNoRetry == 1` for object Any (First Match)`
    t =   238.90s         Checking existence of `Any (First Match)`
    t =   238.92s         Capturing element debug description
    t =   239.99s     Checking `Expect predicate `existsNoRetry == 1` for object Any (First Match)`
    t =   239.99s         Checking existence of `Any (First Match)`
    t =   240.00s         Capturing element debug description
    t =   240.97s     Checking `Expect predicate `existsNoRetry == 1` for object Any (First Match)`
    t =   240.97s         Checking existence of `Any (First Match)`
    t =   240.98s         Capturing element debug description
    t =   241.95s     Checking `Expect predicate `existsNoRetry == 1` for object Any (First Match)`
    t =   241.95s         Checking existence of `Any (First Match)`
    t =   241.97s         Capturing element debug description
    t =   242.00s     Checking existence of `Any (First Match)`
    t =   242.01s Collecting debug information to assist test failure triage
    t =   242.01s     Requesting snapshot of accessibility hierarchy for app with pid 44515
    t =   242.04s Checking existence of `Any (First Match)`
/Users/nstudio/Documents/github/NathanWalker/token-economics/harness/perf/uidriver/InteropCaptureTests.swift:24: error: -[UIDriverUITests.InteropCaptureTests testCaptureInteropResults] : failed - no INTEROPJSON element within 240s; last status: unknown
    t =   242.08s Tear Down
Test Case '-[UIDriverUITests.InteropCaptureTests testCaptureInteropResults]' failed (242.294 seconds).
Test Suite 'InteropCaptureTests' failed at 2026-08-01 20:01:22.412.
	 Executed 1 test, with 1 failure (0 unexpected) in 242.294 (242.295) seconds
Test Suite 'UIDriverUITests.xctest' failed at 2026-08-01 20:01:22.413.
	 Executed 2 tests, with 1 failure (0 unexpected) in 466.408 (466.412) seconds
Test Suite 'All tests' failed at 2026-08-01 20:01:22.414.
	 Executed 2 tests, with 1 failure (0 unexpected) in 466.408 (466.413) seconds
2026-08-01 20:01:31.983 xcodebuild[44342:30620226] [MT] IDETestOperationsObserverDebug: 477.572 elapsed -- Testing started completed.
2026-08-01 20:01:31.983 xcodebuild[44342:30620226] [MT] IDETestOperationsObserverDebug: 0.000 sec, +0.000 sec -- start
2026-08-01 20:01:31.983 xcodebuild[44342:30620226] [MT] IDETestOperationsObserverDebug: 477.572 sec, +477.572 sec -- end

Test session results, code coverage, and logs:
	/Users/nstudio/Library/Developer/Xcode/DerivedData/UIDriver-ekqcqbpucoqmcgbikewqdmafsmmj/Logs/Test/Test-UIDriver-2026.08.01_19-53-33--0700.xcresult

Failing tests:
	InteropCaptureTests.testCaptureInteropResults()

** TEST FAILED **

Testing started
