Command line invocation:
    /Applications/Xcode.app/Contents/Developer/usr/bin/xcodebuild test -project UIDriver.xcodeproj -scheme UIDriver -destination id=7DFF2660-A10C-449E-867A-92863D91663B

--- xcodebuild: WARNING: Using the first of multiple matching destinations:
{ platform:iOS Simulator, arch:arm64, id:7DFF2660-A10C-449E-867A-92863D91663B, OS:26.5, name:iPhone 17 Pro }
{ platform:iOS Simulator, arch:x86_64, id:7DFF2660-A10C-449E-867A-92863D91663B, OS:26.5, name:iPhone 17 Pro }
ComputePackagePrebuildTargetDependencyGraph

Prepare packages

CreateBuildRequest

SendProjectDescription

CreateBuildOperation

ComputeTargetDependencyGraph
note: Building targets in dependency order
note: Target dependency graph (1 target)
    Target 'UIDriverUITests' in project 'UIDriver' (no dependencies)

GatherProvisioningInputs

CreateBuildDescription

ClangStatCache /Applications/Xcode.app/Contents/Developer/Toolchains/XcodeDefault.xctoolchain/usr/bin/clang-stat-cache /Applications/Xcode.app/Contents/Developer/Platforms/iPhoneSimulator.platform/Developer/SDKs/iPhoneSimulator26.5.sdk /Users/nstudio/Library/Developer/Xcode/DerivedData/SDKStatCaches.noindex/iphonesimulator26.5-23F73-688ef53f1462e2c8f657fdc38a81448f6cfe768891a92b912361537c460fe42b.sdkstatcache
    cd /Users/nstudio/Documents/github/NathanWalker/token-economics/harness/perf/uidriver/UIDriver.xcodeproj
    /Applications/Xcode.app/Contents/Developer/Toolchains/XcodeDefault.xctoolchain/usr/bin/clang-stat-cache /Applications/Xcode.app/Contents/Developer/Platforms/iPhoneSimulator.platform/Developer/SDKs/iPhoneSimulator26.5.sdk -o /Users/nstudio/Library/Developer/Xcode/DerivedData/SDKStatCaches.noindex/iphonesimulator26.5-23F73-688ef53f1462e2c8f657fdc38a81448f6cfe768891a92b912361537c460fe42b.sdkstatcache

ProcessInfoPlistFile /Users/nstudio/Library/Developer/Xcode/DerivedData/UIDriver-ekqcqbpucoqmcgbikewqdmafsmmj/Build/Products/Debug-iphonesimulator/UIDriverUITests-Runner.app/PlugIns/UIDriverUITests.xctest/Info.plist /Users/nstudio/Library/Developer/Xcode/DerivedData/UIDriver-ekqcqbpucoqmcgbikewqdmafsmmj/Build/Intermediates.noindex/UIDriver.build/Debug-iphonesimulator/UIDriverUITests.build/empty-UIDriverUITests.plist (in target 'UIDriverUITests' from project 'UIDriver')
    cd /Users/nstudio/Documents/github/NathanWalker/token-economics/harness/perf/uidriver
    builtin-infoPlistUtility /Users/nstudio/Library/Developer/Xcode/DerivedData/UIDriver-ekqcqbpucoqmcgbikewqdmafsmmj/Build/Intermediates.noindex/UIDriver.build/Debug-iphonesimulator/UIDriverUITests.build/empty-UIDriverUITests.plist -producttype com.apple.product-type.bundle.ui-testing -expandbuildsettings -format binary -platform iphonesimulator -additionalcontentfile /Users/nstudio/Library/Developer/Xcode/DerivedData/UIDriver-ekqcqbpucoqmcgbikewqdmafsmmj/Build/Intermediates.noindex/UIDriver.build/Debug-iphonesimulator/UIDriverUITests.build/ProductTypeInfoPlistAdditions.plist -o /Users/nstudio/Library/Developer/Xcode/DerivedData/UIDriver-ekqcqbpucoqmcgbikewqdmafsmmj/Build/Products/Debug-iphonesimulator/UIDriverUITests-Runner.app/PlugIns/UIDriverUITests.xctest/Info.plist

CopySwiftLibs /Users/nstudio/Library/Developer/Xcode/DerivedData/UIDriver-ekqcqbpucoqmcgbikewqdmafsmmj/Build/Products/Debug-iphonesimulator/UIDriverUITests-Runner.app/PlugIns/UIDriverUITests.xctest (in target 'UIDriverUITests' from project 'UIDriver')
    cd /Users/nstudio/Documents/github/NathanWalker/token-economics/harness/perf/uidriver
    builtin-swiftStdLibTool --copy --verbose --scan-executable /Users/nstudio/Library/Developer/Xcode/DerivedData/UIDriver-ekqcqbpucoqmcgbikewqdmafsmmj/Build/Products/Debug-iphonesimulator/UIDriverUITests-Runner.app/PlugIns/UIDriverUITests.xctest/UIDriverUITests --scan-folder /Users/nstudio/Library/Developer/Xcode/DerivedData/UIDriver-ekqcqbpucoqmcgbikewqdmafsmmj/Build/Products/Debug-iphonesimulator/UIDriverUITests-Runner.app/PlugIns/UIDriverUITests.xctest/Frameworks --scan-folder /Users/nstudio/Library/Developer/Xcode/DerivedData/UIDriver-ekqcqbpucoqmcgbikewqdmafsmmj/Build/Products/Debug-iphonesimulator/UIDriverUITests-Runner.app/PlugIns/UIDriverUITests.xctest/PlugIns --scan-folder /Users/nstudio/Library/Developer/Xcode/DerivedData/UIDriver-ekqcqbpucoqmcgbikewqdmafsmmj/Build/Products/Debug-iphonesimulator/UIDriverUITests-Runner.app/PlugIns/UIDriverUITests.xctest/SystemExtensions --scan-folder /Users/nstudio/Library/Developer/Xcode/DerivedData/UIDriver-ekqcqbpucoqmcgbikewqdmafsmmj/Build/Products/Debug-iphonesimulator/UIDriverUITests-Runner.app/PlugIns/UIDriverUITests.xctest/Extensions --platform iphonesimulator --toolchain /var/run/com.apple.security.cryptexd/mnt/com.apple.MobileAsset.MetalToolchain-v17.6.42.0.xRBJyY/Metal.xctoolchain --toolchain /Applications/Xcode.app/Contents/Developer/Toolchains/XcodeDefault.xctoolchain --destination /Users/nstudio/Library/Developer/Xcode/DerivedData/UIDriver-ekqcqbpucoqmcgbikewqdmafsmmj/Build/Products/Debug-iphonesimulator/UIDriverUITests-Runner.app/PlugIns/UIDriverUITests.xctest/Frameworks --strip-bitcode --scan-executable /Applications/Xcode.app/Contents/Developer/Platforms/iPhoneSimulator.platform/Developer/usr/lib/libXCTestSwiftSupport.dylib --strip-bitcode-tool /Applications/Xcode.app/Contents/Developer/Toolchains/XcodeDefault.xctoolchain/usr/bin/bitcode_strip --emit-dependency-info /Users/nstudio/Library/Developer/Xcode/DerivedData/UIDriver-ekqcqbpucoqmcgbikewqdmafsmmj/Build/Intermediates.noindex/UIDriver.build/Debug-iphonesimulator/UIDriverUITests.build/SwiftStdLibToolInputDependencies.dep --filter-for-swift-os
Ignoring --strip-bitcode because --sign was not passed

2026-08-01 21:04:02.000735-0700 UIDriverUITests-Runner[47680:30770874] [Default] Running tests...
    t =      nans Interface orientation changed to Portrait
Test Suite 'All tests' started at 2026-08-01 21:04:02.586.
Test Suite 'UIDriverUITests.xctest' started at 2026-08-01 21:04:02.587.
Test Suite 'FeatureLatencyTests' started at 2026-08-01 21:04:02.587.
Test Case '-[UIDriverUITests.FeatureLatencyTests testFeatureLatencies]' started.
    t =     0.00s Start Test at 2026-08-01 21:04:02.588
    t =     0.02s Set Up
STEP[0s]: iter 0: launch com.nstudio.expobenchmark
    t =     0.02s Open com.nstudio.expobenchmark
    t =     0.02s     Launch com.nstudio.expobenchmark
    t =     0.11s         Setting up automation session
objc[47680]: Class UIAccessibilityLoaderWebShared is implemented in both /Library/Developer/CoreSimulator/Volumes/iOS_23F77/Library/Developer/CoreSimulator/Profiles/Runtimes/iOS 26.5.simruntime/Contents/Resources/RuntimeRoot/System/Library/AccessibilityBundles/WebCore.axbundle/WebCore (0x10a828310) and /Library/Developer/CoreSimulator/Volumes/iOS_23F77/Library/Developer/CoreSimulator/Profiles/Runtimes/iOS 26.5.simruntime/Contents/Resources/RuntimeRoot/System/Library/AccessibilityBundles/WebKit.axbundle/WebKit (0x10a8d0398). This may cause spurious casting failures and mysterious crashes. One of the duplicates must be removed or renamed.
    t =     0.68s         Wait for com.nstudio.expobenchmark to idle
    t =     1.81s Checking existence of `"Health" Button`
    t =     1.85s Waiting 20.0s for Any (First Match) to exist
    t =     2.91s     Checking `Expect predicate `existsNoRetry == 1` for object Any (First Match)`
    t =     2.91s         Checking existence of `Any (First Match)`
STEP[2s]: iter 0: nav Health
    t =     2.93s Checking existence of `"Health" Button`
    t =     2.94s Tap Any (First Match)
    t =     2.94s     Wait for com.nstudio.expobenchmark to idle
    t =     2.94s     Find the Any (First Match)
    t =     2.95s     Check for interrupting elements affecting "Health" Other
    t =     2.97s     Synthesize event
    t =     3.26s     Wait for com.nstudio.expobenchmark to idle
    t =     3.62s Waiting 10.0s for Any (First Match) to exist
    t =     4.69s     Checking `Expect predicate `existsNoRetry == 1` for object Any (First Match)`
    t =     4.69s         Checking existence of `Any (First Match)`
    t =     4.72s Checking existence of `Any (First Match)`
    t =     4.73s Find the Any (First Match)
STEP[4s]: iter 0: HK authorize
    t =     4.75s Checking existence of `"Request Access" Button`
    t =     4.76s Checking existence of `Any (First Match)`
    t =     4.77s Find the Any (First Match)
    t =     4.79s Tap "Request Access" Other
    t =     4.79s     Wait for com.nstudio.expobenchmark to idle
    t =     4.79s     Find the "Request Access" Other
    t =     4.81s     Check for interrupting elements affecting "Request Access" Other
    t =     4.83s     Synthesize event
    t =     5.12s     Wait for com.nstudio.expobenchmark to idle
    t =     5.13s Waiting 3.0s for Any (First Match) to exist
    t =     6.21s     Checking `Expect predicate `existsNoRetry == 1` for object Any (First Match)`
    t =     6.21s         Checking existence of `Any (First Match)`
    t =     6.27s Find the Any (First Match)
STEP[6s]: health sheet(app): tap 'Turn On All'
    t =     6.31s Tap "Turn On All" StaticText
    t =     6.31s     Wait for com.nstudio.expobenchmark to idle
    t =     6.31s     Find the "Turn On All" StaticText
    t =     6.34s     Check for interrupting elements affecting "Turn On All" StaticText
    t =     6.38s     Synthesize event
    t =     6.68s     Wait for com.nstudio.expobenchmark to idle
    t =     6.68s Waiting 2.0s for "Allow" Button to exist
    t =     7.76s     Checking `Expect predicate `existsNoRetry == 1` for object "Allow" Button`
    t =     7.76s         Checking existence of `"Allow" Button`
    t =     7.81s Find the "Allow" Button
STEP[7s]: health sheet(app): confirm 'Allow'
    t =     7.84s Tap "UIA.Health.Allow.Button" Button
    t =     7.84s     Wait for com.nstudio.expobenchmark to idle
    t =     7.84s     Find the "UIA.Health.Allow.Button" Button
    t =     7.87s     Check for interrupting elements affecting "UIA.Health.Allow.Button" Button
    t =     7.90s     Synthesize event
    t =     8.19s     Wait for com.nstudio.expobenchmark to idle
    t =     8.19s Waiting 15.0s for Any (First Match) to exist
    t =     9.26s     Checking `Expect predicate `existsNoRetry == 1` for object Any (First Match)`
    t =     9.26s         Checking existence of `Any (First Match)`
    t =     9.29s Checking existence of `"Health access: not requested" StaticText`
    t =     9.30s Find the "Health access: not requested" StaticText
    t =     9.32s Waiting 15.0s for Any (First Match) to exist
    t =    10.40s     Checking `Expect predicate `existsNoRetry == 1` for object Any (First Match)`
    t =    10.40s         Checking existence of `Any (First Match)`
    t =    10.42s Checking existence of `Any (First Match)`
    t =    10.44s Find the Any (First Match)
    t =    10.46s Checking existence of `"Log 500 Steps" Button`
    t =    10.47s Checking existence of `Any (First Match)`
    t =    10.48s Find the Any (First Match)
STEP[10s]: iter 0: log 500
    t =    10.50s Tap "Log 500 Steps" Other
    t =    10.50s     Wait for com.nstudio.expobenchmark to idle
    t =    10.51s     Find the "Log 500 Steps" Other
    t =    10.52s     Check for interrupting elements affecting "Log 500 Steps" Other
    t =    10.55s     Synthesize event
    t =    10.84s     Wait for com.nstudio.expobenchmark to idle
    t =    10.85s Checking existence of `"Sat Aug 1 — 59,500 steps (today)" StaticText`
    t =    10.87s Find the "Sat Aug 1 — 59,500 steps (today)" StaticText
    t =    10.89s Checking existence of `"Sat Aug 1 — 60,000 steps (today)" StaticText`
STEP[10s]: iter 0: go home
    t =    10.90s Checking existence of `"Transcribe" Button`
    t =    10.92s Checking existence of `"Health" Button`
    t =    10.93s Checking existence of `Any (First Match)`
    t =    10.95s Checking existence of `Button (Element at index 0)`
    t =    10.96s Find the Button (Element at index 0)
STEP[10s]: goHome: tapping candidate 0
    t =    10.98s Tap "BackButton" Button
    t =    10.98s     Wait for com.nstudio.expobenchmark to idle
    t =    10.98s     Find the "BackButton" Button
    t =    11.00s     Check for interrupting elements affecting "BackButton" Button
    t =    11.02s     Synthesize event
    t =    11.31s     Wait for com.nstudio.expobenchmark to idle
    t =    11.97s Checking existence of `"Transcribe" Button`
    t =    11.99s Waiting 3.0s for Any (First Match) to exist
    t =    13.06s     Checking `Expect predicate `existsNoRetry == 1` for object Any (First Match)`
    t =    13.06s         Checking existence of `Any (First Match)`
STEP[13s]: iter 0: nav Transcribe
    t =    13.08s Checking existence of `"Transcribe" Button`
    t =    13.08s Tap Any (First Match)
    t =    13.08s     Wait for com.nstudio.expobenchmark to idle
    t =    13.09s     Find the Any (First Match)
    t =    13.09s     Check for interrupting elements affecting "Transcribe" Other
    t =    13.12s     Synthesize event
    t =    13.41s     Wait for com.nstudio.expobenchmark to idle
    t =    13.73s Waiting 10.0s for Any (First Match) to exist
    t =    14.81s     Checking `Expect predicate `existsNoRetry == 1` for object Any (First Match)`
    t =    14.81s         Checking existence of `Any (First Match)`
    t =    14.83s Checking existence of `Any (First Match)`
    t =    14.85s Find the Any (First Match)
STEP[14s]: iter 0: speech authorize
    t =    14.86s Checking existence of `"Request Access" Button`
    t =    14.87s Checking existence of `Any (First Match)`
    t =    14.88s Find the Any (First Match)
    t =    14.90s Tap "Request Access" Other
    t =    14.90s     Wait for com.nstudio.expobenchmark to idle
    t =    14.90s     Find the "Request Access" Other
    t =    14.92s     Check for interrupting elements affecting "Request Access" Other
    t =    14.94s     Synthesize event
    t =    15.24s     Wait for com.nstudio.expobenchmark to idle
    t =    15.24s Waiting 3.0s for "Allow" Button to exist
    t =    16.32s     Checking `Expect predicate `existsNoRetry == 1` for object "Allow" Button`
    t =    16.32s         Checking existence of `"Allow" Button`
STEP[16s]: system alert: 'Allow'
    t =    16.36s Tap "Allow" Button
    t =    16.36s     Wait for com.apple.springboard to idle
    t =    16.36s     Find the "Allow" Button
    t =    16.38s     Check for interrupting elements affecting "Allow" Button
    t =    16.41s     Synthesize event
    t =    16.71s     Wait for com.apple.springboard to idle
    t =    16.94s Waiting 15.0s for Any (First Match) to exist
    t =    18.02s     Checking `Expect predicate `existsNoRetry == 1` for object Any (First Match)`
    t =    18.02s         Checking existence of `Any (First Match)`
    t =    18.05s Checking existence of `"Speech access: not requested" StaticText`
    t =    18.07s Find the "Speech access: not requested" StaticText
    t =    18.08s Checking existence of `"Transcribe Sample" Button`
    t =    18.09s Checking existence of `Any (First Match)`
    t =    18.10s Find the Any (First Match)
STEP[18s]: iter 0: transcribe
    t =    18.12s Tap "Transcribe Sample" Other
    t =    18.12s     Wait for com.nstudio.expobenchmark to idle
    t =    18.12s     Find the "Transcribe Sample" Other
    t =    18.14s     Check for interrupting elements affecting "Transcribe Sample" Other
    t =    18.16s     Synthesize event
    t =    18.46s     Wait for com.nstudio.expobenchmark to idle
    t =    18.46s Waiting 45.0s for Any (First Match) to exist
    t =    19.53s     Checking `Expect predicate `existsNoRetry == 1` for object Any (First Match)`
    t =    19.53s         Checking existence of `Any (First Match)`
    t =    19.56s         Capturing element debug description
    t =    20.52s     Checking `Expect predicate `existsNoRetry == 1` for object Any (First Match)`
    t =    20.52s         Checking existence of `Any (First Match)`
    t =    20.55s         Capturing element debug description
    t =    21.52s     Checking `Expect predicate `existsNoRetry == 1` for object Any (First Match)`
    t =    21.52s         Checking existence of `Any (First Match)`
    t =    21.55s         Capturing element debug description
    t =    22.51s     Checking `Expect predicate `existsNoRetry == 1` for object Any (First Match)`
    t =    22.51s         Checking existence of `Any (First Match)`
    t =    22.53s         Capturing element debug description
    t =    23.51s     Checking `Expect predicate `existsNoRetry == 1` for object Any (First Match)`
    t =    23.51s         Checking existence of `Any (First Match)`
    t =    23.53s         Capturing element debug description
    t =    24.49s     Checking `Expect predicate `existsNoRetry == 1` for object Any (First Match)`
    t =    24.49s         Checking existence of `Any (First Match)`
    t =    24.52s         Capturing element debug description
    t =    25.48s     Checking `Expect predicate `existsNoRetry == 1` for object Any (First Match)`
    t =    25.48s         Checking existence of `Any (First Match)`
    t =    25.51s         Capturing element debug description
    t =    26.48s     Checking `Expect predicate `existsNoRetry == 1` for object Any (First Match)`
    t =    26.48s         Checking existence of `Any (First Match)`
    t =    26.50s         Capturing element debug description
    t =    27.47s     Checking `Expect predicate `existsNoRetry == 1` for object Any (First Match)`
    t =    27.47s         Checking existence of `Any (First Match)`
    t =    27.50s         Capturing element debug description
    t =    28.47s     Checking `Expect predicate `existsNoRetry == 1` for object Any (First Match)`
    t =    28.47s         Checking existence of `Any (First Match)`
    t =    28.49s         Capturing element debug description
    t =    29.47s     Checking `Expect predicate `existsNoRetry == 1` for object Any (First Match)`
    t =    29.47s         Checking existence of `Any (First Match)`
    t =    29.49s         Capturing element debug description
    t =    30.54s     Checking `Expect predicate `existsNoRetry == 1` for object Any (First Match)`
    t =    30.54s         Checking existence of `Any (First Match)`
    t =    30.57s         Capturing element debug description
    t =    31.53s     Checking `Expect predicate `existsNoRetry == 1` for object Any (First Match)`
    t =    31.53s         Checking existence of `Any (First Match)`
    t =    31.55s         Capturing element debug description
    t =    32.51s     Checking `Expect predicate `existsNoRetry == 1` for object Any (First Match)`
    t =    32.52s         Checking existence of `Any (First Match)`
    t =    32.54s         Capturing element debug description
    t =    33.50s     Checking `Expect predicate `existsNoRetry == 1` for object Any (First Match)`
    t =    33.50s         Checking existence of `Any (First Match)`
    t =    33.52s         Capturing element debug description
    t =    34.49s     Checking `Expect predicate `existsNoRetry == 1` for object Any (First Match)`
    t =    34.50s         Checking existence of `Any (First Match)`
    t =    34.52s         Capturing element debug description
    t =    35.47s     Checking `Expect predicate `existsNoRetry == 1` for object Any (First Match)`
    t =    35.47s         Checking existence of `Any (First Match)`
    t =    35.50s         Capturing element debug description
    t =    36.47s     Checking `Expect predicate `existsNoRetry == 1` for object Any (First Match)`
    t =    36.47s         Checking existence of `Any (First Match)`
    t =    36.50s         Capturing element debug description
    t =    37.55s     Checking `Expect predicate `existsNoRetry == 1` for object Any (First Match)`
    t =    37.55s         Checking existence of `Any (First Match)`
    t =    37.58s         Capturing element debug description
    t =    38.53s     Checking `Expect predicate `existsNoRetry == 1` for object Any (First Match)`
    t =    38.53s         Checking existence of `Any (First Match)`
    t =    38.55s         Capturing element debug description
    t =    39.52s     Checking `Expect predicate `existsNoRetry == 1` for object Any (First Match)`
    t =    39.52s         Checking existence of `Any (First Match)`
    t =    39.53s         Capturing element debug description
    t =    40.50s     Checking `Expect predicate `existsNoRetry == 1` for object Any (First Match)`
    t =    40.50s         Checking existence of `Any (First Match)`
    t =    40.52s         Capturing element debug description
    t =    41.55s     Checking `Expect predicate `existsNoRetry == 1` for object Any (First Match)`
    t =    41.55s         Checking existence of `Any (First Match)`
    t =    41.57s         Capturing element debug description
    t =    42.55s     Checking `Expect predicate `existsNoRetry == 1` for object Any (First Match)`
    t =    42.55s         Checking existence of `Any (First Match)`
    t =    42.58s         Capturing element debug description
    t =    43.53s     Checking `Expect predicate `existsNoRetry == 1` for object Any (First Match)`
    t =    43.53s         Checking existence of `Any (First Match)`
    t =    43.55s         Capturing element debug description
    t =    44.52s     Checking `Expect predicate `existsNoRetry == 1` for object Any (First Match)`
    t =    44.52s         Checking existence of `Any (First Match)`
    t =    44.55s         Capturing element debug description
    t =    45.50s     Checking `Expect predicate `existsNoRetry == 1` for object Any (First Match)`
    t =    45.50s         Checking existence of `Any (First Match)`
    t =    45.52s         Capturing element debug description
    t =    46.49s     Checking `Expect predicate `existsNoRetry == 1` for object Any (First Match)`
    t =    46.49s         Checking existence of `Any (First Match)`
    t =    46.51s         Capturing element debug description
    t =    47.46s     Checking `Expect predicate `existsNoRetry == 1` for object Any (First Match)`
    t =    47.47s         Checking existence of `Any (First Match)`
    t =    47.49s         Capturing element debug description
    t =    48.55s     Checking `Expect predicate `existsNoRetry == 1` for object Any (First Match)`
    t =    48.55s         Checking existence of `Any (First Match)`
    t =    48.57s         Capturing element debug description
    t =    49.54s     Checking `Expect predicate `existsNoRetry == 1` for object Any (First Match)`
    t =    49.54s         Checking existence of `Any (First Match)`
    t =    49.55s         Capturing element debug description
    t =    50.51s     Checking `Expect predicate `existsNoRetry == 1` for object Any (First Match)`
    t =    50.52s         Checking existence of `Any (First Match)`
    t =    50.54s         Capturing element debug description
    t =    51.51s     Checking `Expect predicate `existsNoRetry == 1` for object Any (First Match)`
    t =    51.51s         Checking existence of `Any (First Match)`
    t =    51.53s         Capturing element debug description
    t =    52.50s     Checking `Expect predicate `existsNoRetry == 1` for object Any (First Match)`
    t =    52.50s         Checking existence of `Any (First Match)`
    t =    52.52s         Capturing element debug description
    t =    53.48s     Checking `Expect predicate `existsNoRetry == 1` for object Any (First Match)`
    t =    53.48s         Checking existence of `Any (First Match)`
    t =    53.51s         Capturing element debug description
    t =    54.47s     Checking `Expect predicate `existsNoRetry == 1` for object Any (First Match)`
    t =    54.47s         Checking existence of `Any (First Match)`
    t =    54.50s         Capturing element debug description
    t =    55.46s     Checking `Expect predicate `existsNoRetry == 1` for object Any (First Match)`
    t =    55.47s         Checking existence of `Any (First Match)`
    t =    55.49s         Capturing element debug description
    t =    56.56s     Checking `Expect predicate `existsNoRetry == 1` for object Any (First Match)`
    t =    56.56s         Checking existence of `Any (First Match)`
    t =    56.58s         Capturing element debug description
    t =    57.54s     Checking `Expect predicate `existsNoRetry == 1` for object Any (First Match)`
    t =    57.54s         Checking existence of `Any (First Match)`
    t =    57.56s         Capturing element debug description
    t =    58.52s     Checking `Expect predicate `existsNoRetry == 1` for object Any (First Match)`
    t =    58.52s         Checking existence of `Any (First Match)`
    t =    58.55s         Capturing element debug description
    t =    59.51s     Checking `Expect predicate `existsNoRetry == 1` for object Any (First Match)`
    t =    59.51s         Checking existence of `Any (First Match)`
    t =    59.53s         Capturing element debug description
    t =    60.49s     Checking `Expect predicate `existsNoRetry == 1` for object Any (First Match)`
    t =    60.49s         Checking existence of `Any (First Match)`
    t =    60.51s         Capturing element debug description
    t =    61.47s     Checking `Expect predicate `existsNoRetry == 1` for object Any (First Match)`
    t =    61.47s         Checking existence of `Any (First Match)`
    t =    61.50s         Capturing element debug description
    t =    62.47s     Checking `Expect predicate `existsNoRetry == 1` for object Any (First Match)`
    t =    62.47s         Checking existence of `Any (First Match)`
    t =    62.50s         Capturing element debug description
    t =    63.48s     Checking `Expect predicate `existsNoRetry == 1` for object Any (First Match)`
    t =    63.48s         Checking existence of `Any (First Match)`
    t =    63.50s         Capturing element debug description
    t =    63.50s     Checking existence of `Any (First Match)`
    t =    63.52s Collecting debug information to assist test failure triage
    t =    63.52s     Requesting snapshot of accessibility hierarchy for app with pid 47684
    t =    63.54s Checking existence of `Any (First Match)`
    t =    63.56s Checking existence of `Any (First Match)`
    t =    63.57s Checking existence of `Any (First Match)`
    t =    63.58s Find the Any (First Match)
STEP[63s]: iter 0: done
    t =    63.59s Terminate com.nstudio.expobenchmark:47684
STEP[64s]: iter 1: launch com.nstudio.expobenchmark
    t =    64.69s Open com.nstudio.expobenchmark
    t =    64.69s     Launch com.nstudio.expobenchmark
    t =    64.79s         Setting up automation session
    t =    65.33s         Wait for com.nstudio.expobenchmark to idle
    t =    66.45s Checking existence of `"Health" Button`
    t =    66.49s Waiting 20.0s for Any (First Match) to exist
    t =    67.53s     Checking `Expect predicate `existsNoRetry == 1` for object Any (First Match)`
    t =    67.53s         Checking existence of `Any (First Match)`
STEP[67s]: iter 1: nav Health
    t =    67.55s Checking existence of `"Health" Button`
    t =    67.56s Tap Any (First Match)
    t =    67.56s     Wait for com.nstudio.expobenchmark to idle
    t =    67.56s     Find the Any (First Match)
    t =    67.57s     Check for interrupting elements affecting "Health" Other
    t =    67.59s     Synthesize event
    t =    67.88s     Wait for com.nstudio.expobenchmark to idle
    t =    68.23s Waiting 10.0s for Any (First Match) to exist
    t =    69.31s     Checking `Expect predicate `existsNoRetry == 1` for object Any (First Match)`
    t =    69.31s         Checking existence of `Any (First Match)`
    t =    69.34s Checking existence of `Any (First Match)`
    t =    69.35s Find the Any (First Match)
    t =    69.37s Checking existence of `"Health access: granted" StaticText`
    t =    69.38s Find the "Health access: granted" StaticText
    t =    69.39s Waiting 15.0s for Any (First Match) to exist
    t =    70.45s     Checking `Expect predicate `existsNoRetry == 1` for object Any (First Match)`
    t =    70.45s         Checking existence of `Any (First Match)`
    t =    70.47s Checking existence of `Any (First Match)`
    t =    70.49s Find the Any (First Match)
    t =    70.50s Checking existence of `"Log 500 Steps" Button`
    t =    70.52s Checking existence of `Any (First Match)`
    t =    70.53s Find the Any (First Match)
STEP[70s]: iter 1: log 500
    t =    70.55s Tap "Log 500 Steps" Other
    t =    70.55s     Wait for com.nstudio.expobenchmark to idle
    t =    70.56s     Find the "Log 500 Steps" Other
    t =    70.57s     Check for interrupting elements affecting "Log 500 Steps" Other
    t =    70.60s     Synthesize event
    t =    70.89s     Wait for com.nstudio.expobenchmark to idle
    t =    70.91s Checking existence of `"Sat Aug 1 — 60,000 steps (today)" StaticText`
    t =    70.93s Find the "Sat Aug 1 — 60,000 steps (today)" StaticText
    t =    70.94s Checking existence of `"Sat Aug 1 — 60,500 steps (today)" StaticText`
STEP[70s]: iter 1: go home
    t =    70.96s Checking existence of `"Transcribe" Button`
    t =    70.97s Checking existence of `"Health" Button`
    t =    70.99s Checking existence of `Any (First Match)`
    t =    71.00s Checking existence of `Button (Element at index 0)`
    t =    71.01s Find the Button (Element at index 0)
STEP[71s]: goHome: tapping candidate 0
    t =    71.03s Tap "BackButton" Button
    t =    71.04s     Wait for com.nstudio.expobenchmark to idle
    t =    71.04s     Find the "BackButton" Button
    t =    71.05s     Check for interrupting elements affecting "BackButton" Button
    t =    71.07s     Synthesize event
    t =    71.36s     Wait for com.nstudio.expobenchmark to idle
    t =    72.01s Checking existence of `"Transcribe" Button`
    t =    72.02s Waiting 3.0s for Any (First Match) to exist
    t =    73.09s     Checking `Expect predicate `existsNoRetry == 1` for object Any (First Match)`
    t =    73.09s         Checking existence of `Any (First Match)`
STEP[73s]: iter 1: nav Transcribe
    t =    73.11s Checking existence of `"Transcribe" Button`
    t =    73.11s Tap Any (First Match)
    t =    73.11s     Wait for com.nstudio.expobenchmark to idle
    t =    73.12s     Find the Any (First Match)
    t =    73.13s     Check for interrupting elements affecting "Transcribe" Other
    t =    73.15s     Synthesize event
    t =    73.44s     Wait for com.nstudio.expobenchmark to idle
    t =    73.77s Waiting 10.0s for Any (First Match) to exist
    t =    74.84s     Checking `Expect predicate `existsNoRetry == 1` for object Any (First Match)`
    t =    74.84s         Checking existence of `Any (First Match)`
    t =    74.87s Checking existence of `Any (First Match)`
    t =    74.88s Find the Any (First Match)
    t =    74.90s Checking existence of `"Speech access: granted" StaticText`
    t =    74.91s Find the "Speech access: granted" StaticText
    t =    74.92s Checking existence of `"Transcribe Sample" Button`
    t =    74.93s Checking existence of `Any (First Match)`
    t =    74.94s Find the Any (First Match)
STEP[74s]: iter 1: transcribe
    t =    74.96s Tap "Transcribe Sample" Other
    t =    74.96s     Wait for com.nstudio.expobenchmark to idle
    t =    74.96s     Find the "Transcribe Sample" Other
    t =    74.98s     Check for interrupting elements affecting "Transcribe Sample" Other
    t =    75.00s     Synthesize event
    t =    75.29s     Wait for com.nstudio.expobenchmark to idle
    t =    75.30s Waiting 45.0s for Any (First Match) to exist
    t =    76.35s     Checking `Expect predicate `existsNoRetry == 1` for object Any (First Match)`
    t =    76.35s         Checking existence of `Any (First Match)`
    t =    76.38s         Capturing element debug description
    t =    77.31s     Checking `Expect predicate `existsNoRetry == 1` for object Any (First Match)`
    t =    77.32s         Checking existence of `Any (First Match)`
    t =    77.34s         Capturing element debug description
    t =    78.31s     Checking `Expect predicate `existsNoRetry == 1` for object Any (First Match)`
    t =    78.31s         Checking existence of `Any (First Match)`
    t =    78.33s         Capturing element debug description
    t =    79.38s     Checking `Expect predicate `existsNoRetry == 1` for object Any (First Match)`
    t =    79.38s         Checking existence of `Any (First Match)`
    t =    79.41s         Capturing element debug description
    t =    80.36s     Checking `Expect predicate `existsNoRetry == 1` for object Any (First Match)`
    t =    80.36s         Checking existence of `Any (First Match)`
    t =    80.37s         Capturing element debug description
    t =    81.33s     Checking `Expect predicate `existsNoRetry == 1` for object Any (First Match)`
    t =    81.33s         Checking existence of `Any (First Match)`
    t =    81.35s         Capturing element debug description
    t =    82.31s     Checking `Expect predicate `existsNoRetry == 1` for object Any (First Match)`
    t =    82.31s         Checking existence of `Any (First Match)`
    t =    82.33s         Capturing element debug description
    t =    83.30s     Checking `Expect predicate `existsNoRetry == 1` for object Any (First Match)`
    t =    83.31s         Checking existence of `Any (First Match)`
    t =    83.33s         Capturing element debug description
    t =    84.38s     Checking `Expect predicate `existsNoRetry == 1` for object Any (First Match)`
    t =    84.38s         Checking existence of `Any (First Match)`
    t =    84.41s         Capturing element debug description
    t =    85.37s     Checking `Expect predicate `existsNoRetry == 1` for object Any (First Match)`
    t =    85.37s         Checking existence of `Any (First Match)`
    t =    85.40s         Capturing element debug description
    t =    86.36s     Checking `Expect predicate `existsNoRetry == 1` for object Any (First Match)`
    t =    86.37s         Checking existence of `Any (First Match)`
    t =    86.39s         Capturing element debug description
    t =    87.35s     Checking `Expect predicate `existsNoRetry == 1` for object Any (First Match)`
    t =    87.35s         Checking existence of `Any (First Match)`
    t =    87.38s         Capturing element debug description
    t =    88.34s     Checking `Expect predicate `existsNoRetry == 1` for object Any (First Match)`
    t =    88.34s         Checking existence of `Any (First Match)`
    t =    88.37s         Capturing element debug description
    t =    89.33s     Checking `Expect predicate `existsNoRetry == 1` for object Any (First Match)`
    t =    89.33s         Checking existence of `Any (First Match)`
    t =    89.36s         Capturing element debug description
    t =    90.31s     Checking `Expect predicate `existsNoRetry == 1` for object Any (First Match)`
    t =    90.31s         Checking existence of `Any (First Match)`
    t =    90.33s         Capturing element debug description
    t =    91.30s     Checking `Expect predicate `existsNoRetry == 1` for object Any (First Match)`
    t =    91.30s         Checking existence of `Any (First Match)`
    t =    91.32s         Capturing element debug description
    t =    92.39s     Checking `Expect predicate `existsNoRetry == 1` for object Any (First Match)`
    t =    92.39s         Checking existence of `Any (First Match)`
    t =    92.41s         Capturing element debug description
    t =    93.37s     Checking `Expect predicate `existsNoRetry == 1` for object Any (First Match)`
    t =    93.37s         Checking existence of `Any (First Match)`
    t =    93.40s         Capturing element debug description
    t =    94.35s     Checking `Expect predicate `existsNoRetry == 1` for object Any (First Match)`
    t =    94.35s         Checking existence of `Any (First Match)`
    t =    94.37s         Capturing element debug description
    t =    95.33s     Checking `Expect predicate `existsNoRetry == 1` for object Any (First Match)`
    t =    95.33s         Checking existence of `Any (First Match)`
    t =    95.36s         Capturing element debug description
    t =    96.31s     Checking `Expect predicate `existsNoRetry == 1` for object Any (First Match)`
    t =    96.32s         Checking existence of `Any (First Match)`
    t =    96.34s         Capturing element debug description
    t =    97.31s     Checking `Expect predicate `existsNoRetry == 1` for object Any (First Match)`
    t =    97.31s         Checking existence of `Any (First Match)`
    t =    97.34s         Capturing element debug description
    t =    98.39s     Checking `Expect predicate `existsNoRetry == 1` for object Any (First Match)`
    t =    98.39s         Checking existence of `Any (First Match)`
    t =    98.41s         Capturing element debug description
    t =    99.38s     Checking `Expect predicate `existsNoRetry == 1` for object Any (First Match)`
    t =    99.38s         Checking existence of `Any (First Match)`
    t =    99.41s         Capturing element debug description
    t =   100.36s     Checking `Expect predicate `existsNoRetry == 1` for object Any (First Match)`
    t =   100.36s         Checking existence of `Any (First Match)`
    t =   100.38s         Capturing element debug description
    t =   101.32s     Checking `Expect predicate `existsNoRetry == 1` for object Any (First Match)`
    t =   101.32s         Checking existence of `Any (First Match)`
    t =   101.35s         Capturing element debug description
    t =   102.30s     Checking `Expect predicate `existsNoRetry == 1` for object Any (First Match)`
    t =   102.31s         Checking existence of `Any (First Match)`
    t =   102.33s         Capturing element debug description
    t =   103.31s     Checking `Expect predicate `existsNoRetry == 1` for object Any (First Match)`
    t =   103.31s         Checking existence of `Any (First Match)`
    t =   103.33s         Capturing element debug description
    t =   104.39s     Checking `Expect predicate `existsNoRetry == 1` for object Any (First Match)`
    t =   104.39s         Checking existence of `Any (First Match)`
    t =   104.41s         Capturing element debug description
    t =   105.36s     Checking `Expect predicate `existsNoRetry == 1` for object Any (First Match)`
    t =   105.37s         Checking existence of `Any (First Match)`
    t =   105.39s         Capturing element debug description
    t =   106.35s     Checking `Expect predicate `existsNoRetry == 1` for object Any (First Match)`
    t =   106.35s         Checking existence of `Any (First Match)`
    t =   106.37s         Capturing element debug description
    t =   107.34s     Checking `Expect predicate `existsNoRetry == 1` for object Any (First Match)`
    t =   107.34s         Checking existence of `Any (First Match)`
    t =   107.37s         Capturing element debug description
    t =   108.33s     Checking `Expect predicate `existsNoRetry == 1` for object Any (First Match)`
    t =   108.33s         Checking existence of `Any (First Match)`
    t =   108.35s         Capturing element debug description
    t =   109.32s     Checking `Expect predicate `existsNoRetry == 1` for object Any (First Match)`
    t =   109.32s         Checking existence of `Any (First Match)`
    t =   109.35s         Capturing element debug description
    t =   110.31s     Checking `Expect predicate `existsNoRetry == 1` for object Any (First Match)`
    t =   110.31s         Checking existence of `Any (First Match)`
    t =   110.33s         Capturing element debug description
    t =   111.30s     Checking `Expect predicate `existsNoRetry == 1` for object Any (First Match)`
    t =   111.30s         Checking existence of `Any (First Match)`
    t =   111.32s         Capturing element debug description
    t =   112.39s     Checking `Expect predicate `existsNoRetry == 1` for object Any (First Match)`
    t =   112.39s         Checking existence of `Any (First Match)`
    t =   112.41s         Capturing element debug description
    t =   113.37s     Checking `Expect predicate `existsNoRetry == 1` for object Any (First Match)`
    t =   113.37s         Checking existence of `Any (First Match)`
    t =   113.40s         Capturing element debug description
    t =   114.36s     Checking `Expect predicate `existsNoRetry == 1` for object Any (First Match)`
    t =   114.36s         Checking existence of `Any (First Match)`
    t =   114.38s         Capturing element debug description
    t =   115.35s     Checking `Expect predicate `existsNoRetry == 1` for object Any (First Match)`
    t =   115.35s         Checking existence of `Any (First Match)`
    t =   115.37s         Capturing element debug description
    t =   116.33s     Checking `Expect predicate `existsNoRetry == 1` for object Any (First Match)`
    t =   116.33s         Checking existence of `Any (First Match)`
    t =   116.35s         Capturing element debug description
    t =   117.31s     Checking `Expect predicate `existsNoRetry == 1` for object Any (First Match)`
    t =   117.32s         Checking existence of `Any (First Match)`
    t =   117.34s         Capturing element debug description
    t =   118.31s     Checking `Expect predicate `existsNoRetry == 1` for object Any (First Match)`
    t =   118.31s         Checking existence of `Any (First Match)`
    t =   118.33s         Capturing element debug description
    t =   119.30s     Checking `Expect predicate `existsNoRetry == 1` for object Any (First Match)`
    t =   119.30s         Checking existence of `Any (First Match)`
    t =   119.33s         Capturing element debug description
    t =   120.31s     Checking `Expect predicate `existsNoRetry == 1` for object Any (First Match)`
    t =   120.31s         Checking existence of `Any (First Match)`
    t =   120.34s         Capturing element debug description
    t =   120.34s     Checking existence of `Any (First Match)`
    t =   120.36s Collecting debug information to assist test failure triage
    t =   120.36s     Requesting snapshot of accessibility hierarchy for app with pid 47721
    t =   120.38s Checking existence of `Any (First Match)`
    t =   120.39s Checking existence of `Any (First Match)`
    t =   120.40s Checking existence of `Any (First Match)`
    t =   120.41s Find the Any (First Match)
STEP[120s]: iter 1: done
    t =   120.43s Terminate com.nstudio.expobenchmark:47721
STEP[121s]: iter 2: launch com.nstudio.expobenchmark
    t =   121.52s Open com.nstudio.expobenchmark
    t =   121.52s     Launch com.nstudio.expobenchmark
    t =   121.63s         Setting up automation session
    t =   122.15s         Wait for com.nstudio.expobenchmark to idle
    t =   123.28s Checking existence of `"Health" Button`
    t =   123.31s Waiting 20.0s for Any (First Match) to exist
    t =   124.38s     Checking `Expect predicate `existsNoRetry == 1` for object Any (First Match)`
    t =   124.38s         Checking existence of `Any (First Match)`
STEP[124s]: iter 2: nav Health
    t =   124.40s Checking existence of `"Health" Button`
    t =   124.41s Tap Any (First Match)
    t =   124.41s     Wait for com.nstudio.expobenchmark to idle
    t =   124.41s     Find the Any (First Match)
    t =   124.42s     Check for interrupting elements affecting "Health" Other
    t =   124.44s     Synthesize event
    t =   124.74s     Wait for com.nstudio.expobenchmark to idle
    t =   125.09s Waiting 10.0s for Any (First Match) to exist
    t =   126.16s     Checking `Expect predicate `existsNoRetry == 1` for object Any (First Match)`
    t =   126.16s         Checking existence of `Any (First Match)`
    t =   126.19s Checking existence of `Any (First Match)`
    t =   126.20s Find the Any (First Match)
    t =   126.22s Checking existence of `"Health access: granted" StaticText`
    t =   126.23s Find the "Health access: granted" StaticText
    t =   126.24s Waiting 15.0s for Any (First Match) to exist
    t =   127.32s     Checking `Expect predicate `existsNoRetry == 1` for object Any (First Match)`
    t =   127.32s         Checking existence of `Any (First Match)`
    t =   127.35s Checking existence of `Any (First Match)`
    t =   127.37s Find the Any (First Match)
    t =   127.38s Checking existence of `"Log 500 Steps" Button`
    t =   127.40s Checking existence of `Any (First Match)`
    t =   127.41s Find the Any (First Match)
STEP[127s]: iter 2: log 500
    t =   127.43s Tap "Log 500 Steps" Other
    t =   127.43s     Wait for com.nstudio.expobenchmark to idle
    t =   127.43s     Find the "Log 500 Steps" Other
    t =   127.45s     Check for interrupting elements affecting "Log 500 Steps" Other
    t =   127.48s     Synthesize event
    t =   127.77s     Wait for com.nstudio.expobenchmark to idle
    t =   127.78s Checking existence of `"Sat Aug 1 — 60,500 steps (today)" StaticText`
    t =   127.80s Find the "Sat Aug 1 — 60,500 steps (today)" StaticText
    t =   127.82s Checking existence of `"Sat Aug 1 — 61,000 steps (today)" StaticText`
STEP[127s]: iter 2: go home
    t =   127.83s Checking existence of `"Transcribe" Button`
    t =   127.85s Checking existence of `"Health" Button`
    t =   127.86s Checking existence of `Any (First Match)`
    t =   127.88s Checking existence of `Button (Element at index 0)`
    t =   127.89s Find the Button (Element at index 0)
STEP[127s]: goHome: tapping candidate 0
    t =   127.91s Tap "BackButton" Button
    t =   127.91s     Wait for com.nstudio.expobenchmark to idle
    t =   127.91s     Find the "BackButton" Button
    t =   127.93s     Check for interrupting elements affecting "BackButton" Button
    t =   127.94s     Synthesize event
    t =   128.24s     Wait for com.nstudio.expobenchmark to idle
    t =   128.87s Checking existence of `"Transcribe" Button`
    t =   128.89s Waiting 3.0s for Any (First Match) to exist
    t =   129.96s     Checking `Expect predicate `existsNoRetry == 1` for object Any (First Match)`
    t =   129.96s         Checking existence of `Any (First Match)`
STEP[129s]: iter 2: nav Transcribe
    t =   129.98s Checking existence of `"Transcribe" Button`
    t =   129.98s Tap Any (First Match)
    t =   129.98s     Wait for com.nstudio.expobenchmark to idle
    t =   129.99s     Find the Any (First Match)
    t =   130.00s     Check for interrupting elements affecting "Transcribe" Other
    t =   130.02s     Synthesize event
    t =   130.31s     Wait for com.nstudio.expobenchmark to idle
    t =   130.64s Waiting 10.0s for Any (First Match) to exist
    t =   131.68s     Checking `Expect predicate `existsNoRetry == 1` for object Any (First Match)`
    t =   131.69s         Checking existence of `Any (First Match)`
    t =   131.71s Checking existence of `Any (First Match)`
    t =   131.73s Find the Any (First Match)
    t =   131.74s Checking existence of `"Speech access: granted" StaticText`
    t =   131.75s Find the "Speech access: granted" StaticText
    t =   131.77s Checking existence of `"Transcribe Sample" Button`
    t =   131.78s Checking existence of `Any (First Match)`
    t =   131.79s Find the Any (First Match)
STEP[131s]: iter 2: transcribe
    t =   131.81s Tap "Transcribe Sample" Other
    t =   131.81s     Wait for com.nstudio.expobenchmark to idle
    t =   131.81s     Find the "Transcribe Sample" Other
    t =   131.82s     Check for interrupting elements affecting "Transcribe Sample" Other
    t =   131.85s     Synthesize event
    t =   132.14s     Wait for com.nstudio.expobenchmark to idle
    t =   132.14s Waiting 45.0s for Any (First Match) to exist
    t =   133.21s     Checking `Expect predicate `existsNoRetry == 1` for object Any (First Match)`
    t =   133.21s         Checking existence of `Any (First Match)`
    t =   133.23s         Capturing element debug description
    t =   134.18s     Checking `Expect predicate `existsNoRetry == 1` for object Any (First Match)`
    t =   134.18s         Checking existence of `Any (First Match)`
    t =   134.21s         Capturing element debug description
    t =   135.18s     Checking `Expect predicate `existsNoRetry == 1` for object Any (First Match)`
    t =   135.18s         Checking existence of `Any (First Match)`
    t =   135.21s         Capturing element debug description
    t =   136.15s     Checking `Expect predicate `existsNoRetry == 1` for object Any (First Match)`
    t =   136.15s         Checking existence of `Any (First Match)`
    t =   136.17s         Capturing element debug description
    t =   137.15s     Checking `Expect predicate `existsNoRetry == 1` for object Any (First Match)`
    t =   137.15s         Checking existence of `Any (First Match)`
    t =   137.17s         Capturing element debug description
    t =   138.15s     Checking `Expect predicate `existsNoRetry == 1` for object Any (First Match)`
    t =   138.15s         Checking existence of `Any (First Match)`
    t =   138.17s         Capturing element debug description
    t =   139.24s     Checking `Expect predicate `existsNoRetry == 1` for object Any (First Match)`
    t =   139.24s         Checking existence of `Any (First Match)`
    t =   139.26s         Capturing element debug description
    t =   140.22s     Checking `Expect predicate `existsNoRetry == 1` for object Any (First Match)`
    t =   140.22s         Checking existence of `Any (First Match)`
    t =   140.25s         Capturing element debug description
    t =   141.21s     Checking `Expect predicate `existsNoRetry == 1` for object Any (First Match)`
    t =   141.21s         Checking existence of `Any (First Match)`
    t =   141.24s         Capturing element debug description
    t =   142.20s     Checking `Expect predicate `existsNoRetry == 1` for object Any (First Match)`
    t =   142.20s         Checking existence of `Any (First Match)`
    t =   142.22s         Capturing element debug description
    t =   143.19s     Checking `Expect predicate `existsNoRetry == 1` for object Any (First Match)`
    t =   143.19s         Checking existence of `Any (First Match)`
    t =   143.22s         Capturing element debug description
    t =   144.18s     Checking `Expect predicate `existsNoRetry == 1` for object Any (First Match)`
    t =   144.18s         Checking existence of `Any (First Match)`
    t =   144.20s         Capturing element debug description
    t =   145.16s     Checking `Expect predicate `existsNoRetry == 1` for object Any (First Match)`
    t =   145.17s         Checking existence of `Any (First Match)`
    t =   145.19s         Capturing element debug description
    t =   146.15s     Checking `Expect predicate `existsNoRetry == 1` for object Any (First Match)`
    t =   146.15s         Checking existence of `Any (First Match)`
    t =   146.18s         Capturing element debug description
    t =   147.15s     Checking `Expect predicate `existsNoRetry == 1` for object Any (First Match)`
    t =   147.15s         Checking existence of `Any (First Match)`
    t =   147.18s         Capturing element debug description
    t =   148.15s     Checking `Expect predicate `existsNoRetry == 1` for object Any (First Match)`
    t =   148.15s         Checking existence of `Any (First Match)`
    t =   148.17s         Capturing element debug description
    t =   149.24s     Checking `Expect predicate `existsNoRetry == 1` for object Any (First Match)`
    t =   149.24s         Checking existence of `Any (First Match)`
    t =   149.27s         Capturing element debug description
    t =   150.23s     Checking `Expect predicate `existsNoRetry == 1` for object Any (First Match)`
    t =   150.23s         Checking existence of `Any (First Match)`
    t =   150.25s         Capturing element debug description
    t =   151.20s     Checking `Expect predicate `existsNoRetry == 1` for object Any (First Match)`
    t =   151.20s         Checking existence of `Any (First Match)`
    t =   151.21s         Capturing element debug description
    t =   152.17s     Checking `Expect predicate `existsNoRetry == 1` for object Any (First Match)`
    t =   152.17s         Checking existence of `Any (First Match)`
    t =   152.20s         Capturing element debug description
    t =   153.16s     Checking `Expect predicate `existsNoRetry == 1` for object Any (First Match)`
    t =   153.17s         Checking existence of `Any (First Match)`
    t =   153.19s         Capturing element debug description
    t =   154.15s     Checking `Expect predicate `existsNoRetry == 1` for object Any (First Match)`
    t =   154.15s         Checking existence of `Any (First Match)`
    t =   154.18s         Capturing element debug description
    t =   155.23s     Checking `Expect predicate `existsNoRetry == 1` for object Any (First Match)`
    t =   155.23s         Checking existence of `Any (First Match)`
    t =   155.25s         Capturing element debug description
    t =   156.22s     Checking `Expect predicate `existsNoRetry == 1` for object Any (First Match)`
    t =   156.22s         Checking existence of `Any (First Match)`
    t =   156.25s         Capturing element debug description
    t =   157.20s     Checking `Expect predicate `existsNoRetry == 1` for object Any (First Match)`
    t =   157.20s         Checking existence of `Any (First Match)`
    t =   157.22s         Capturing element debug description
    t =   158.16s     Checking `Expect predicate `existsNoRetry == 1` for object Any (First Match)`
    t =   158.16s         Checking existence of `Any (First Match)`
    t =   158.18s         Capturing element debug description
    t =   159.24s     Checking `Expect predicate `existsNoRetry == 1` for object Any (First Match)`
    t =   159.24s         Checking existence of `Any (First Match)`
    t =   159.27s         Capturing element debug description
    t =   160.24s     Checking `Expect predicate `existsNoRetry == 1` for object Any (First Match)`
    t =   160.24s         Checking existence of `Any (First Match)`
    t =   160.26s         Capturing element debug description
    t =   161.22s     Checking `Expect predicate `existsNoRetry == 1` for object Any (First Match)`
    t =   161.22s         Checking existence of `Any (First Match)`
    t =   161.24s         Capturing element debug description
    t =   162.19s     Checking `Expect predicate `existsNoRetry == 1` for object Any (First Match)`
    t =   162.19s         Checking existence of `Any (First Match)`
    t =   162.21s         Capturing element debug description
    t =   163.17s     Checking `Expect predicate `existsNoRetry == 1` for object Any (First Match)`
    t =   163.17s         Checking existence of `Any (First Match)`
    t =   163.20s         Capturing element debug description
    t =   164.16s     Checking `Expect predicate `existsNoRetry == 1` for object Any (First Match)`
    t =   164.16s         Checking existence of `Any (First Match)`
    t =   164.18s         Capturing element debug description
    t =   165.15s     Checking `Expect predicate `existsNoRetry == 1` for object Any (First Match)`
    t =   165.15s         Checking existence of `Any (First Match)`
    t =   165.18s         Capturing element debug description
    t =   166.15s     Checking `Expect predicate `existsNoRetry == 1` for object Any (First Match)`
    t =   166.15s         Checking existence of `Any (First Match)`
    t =   166.17s         Capturing element debug description
    t =   167.15s     Checking `Expect predicate `existsNoRetry == 1` for object Any (First Match)`
    t =   167.15s         Checking existence of `Any (First Match)`
    t =   167.18s         Capturing element debug description
    t =   168.15s     Checking `Expect predicate `existsNoRetry == 1` for object Any (First Match)`
    t =   168.15s         Checking existence of `Any (First Match)`
    t =   168.17s         Capturing element debug description
    t =   169.15s     Checking `Expect predicate `existsNoRetry == 1` for object Any (First Match)`
    t =   169.15s         Checking existence of `Any (First Match)`
    t =   169.18s         Capturing element debug description
    t =   170.15s     Checking `Expect predicate `existsNoRetry == 1` for object Any (First Match)`
    t =   170.15s         Checking existence of `Any (First Match)`
    t =   170.18s         Capturing element debug description
    t =   171.15s     Checking `Expect predicate `existsNoRetry == 1` for object Any (First Match)`
    t =   171.15s         Checking existence of `Any (First Match)`
    t =   171.17s         Capturing element debug description
    t =   172.15s     Checking `Expect predicate `existsNoRetry == 1` for object Any (First Match)`
    t =   172.15s         Checking existence of `Any (First Match)`
    t =   172.16s         Capturing element debug description
    t =   173.23s     Checking `Expect predicate `existsNoRetry == 1` for object Any (First Match)`
    t =   173.23s         Checking existence of `Any (First Match)`
    t =   173.25s         Capturing element debug description
    t =   174.21s     Checking `Expect predicate `existsNoRetry == 1` for object Any (First Match)`
    t =   174.21s         Checking existence of `Any (First Match)`
    t =   174.23s         Capturing element debug description
    t =   175.19s     Checking `Expect predicate `existsNoRetry == 1` for object Any (First Match)`
    t =   175.19s         Checking existence of `Any (First Match)`
    t =   175.20s         Capturing element debug description
    t =   176.17s     Checking `Expect predicate `existsNoRetry == 1` for object Any (First Match)`
    t =   176.17s         Checking existence of `Any (First Match)`
    t =   176.20s         Capturing element debug description
    t =   177.16s     Checking `Expect predicate `existsNoRetry == 1` for object Any (First Match)`
    t =   177.16s         Checking existence of `Any (First Match)`
    t =   177.19s         Capturing element debug description
    t =   177.19s     Checking existence of `Any (First Match)`
    t =   177.20s Collecting debug information to assist test failure triage
    t =   177.20s     Requesting snapshot of accessibility hierarchy for app with pid 47756
    t =   177.23s Checking existence of `Any (First Match)`
    t =   177.24s Checking existence of `Any (First Match)`
    t =   177.25s Checking existence of `Any (First Match)`
    t =   177.26s Find the Any (First Match)
STEP[177s]: iter 2: done
    t =   177.27s Terminate com.nstudio.expobenchmark:47756
PERFJSON:{"bundle_id":"com.nstudio.expobenchmark","runs":[{"speech_state":"init_or_task_failed: Failed to initialize recognizer","iter":0,"nav_transcribe_ms":1757,"hk_log_roundtrip_ms":400,"nav_health_ms":1789,"hk_rows_ms":1105,"speech_granted":true,"health_granted":true},{"nav_health_ms":1791,"hk_rows_ms":1079,"iter":1,"hk_log_roundtrip_ms":403,"health_granted":true,"nav_transcribe_ms":1762,"speech_state":"init_or_task_failed: Failed to initialize recognizer","speech_granted":true},{"speech_state":"init_or_task_failed: Failed to initialize recognizer","nav_transcribe_ms":1735,"nav_health_ms":1786,"health_granted":true,"hk_log_roundtrip_ms":402,"hk_rows_ms":1104,"iter":2,"speech_granted":true}]}
    t =   178.35s Tear Down
Test Case '-[UIDriverUITests.FeatureLatencyTests testFeatureLatencies]' passed (178.468 seconds).
Test Suite 'FeatureLatencyTests' passed at 2026-08-01 21:07:01.058.
	 Executed 1 test, with 0 failures (0 unexpected) in 178.468 (178.471) seconds
Test Suite 'InteropCaptureTests' started at 2026-08-01 21:07:01.059.
Test Case '-[UIDriverUITests.InteropCaptureTests testCaptureInteropResults]' started.
    t =     0.00s Start Test at 2026-08-01 21:07:01.060
    t =     0.01s Set Up
    t =     0.01s Open com.nstudio.expobenchmark
    t =     0.02s     Launch com.nstudio.expobenchmark
    t =     0.11s         Setting up automation session
    t =     0.65s         Wait for com.nstudio.expobenchmark to idle
    t =     1.77s Waiting 240.0s for Any (First Match) to exist
    t =     2.80s     Checking `Expect predicate `existsNoRetry == 1` for object Any (First Match)`
    t =     2.80s         Checking existence of `Any (First Match)`
    t =     2.82s         Capturing element debug description
    t =     3.85s     Checking `Expect predicate `existsNoRetry == 1` for object Any (First Match)`
    t =     3.85s         Checking existence of `Any (First Match)`
    t =     3.86s         Capturing element debug description
    t =     4.78s     Checking `Expect predicate `existsNoRetry == 1` for object Any (First Match)`
    t =     4.79s         Checking existence of `Any (First Match)`
    t =     4.80s         Capturing element debug description
    t =     5.83s     Checking `Expect predicate `existsNoRetry == 1` for object Any (First Match)`
    t =     5.83s         Checking existence of `Any (First Match)`
    t =     5.85s         Capturing element debug description
    t =     6.77s     Checking `Expect predicate `existsNoRetry == 1` for object Any (First Match)`
    t =     6.78s         Checking existence of `Any (First Match)`
    t =     6.79s         Capturing element debug description
    t =     7.82s     Checking `Expect predicate `existsNoRetry == 1` for object Any (First Match)`
    t =     7.82s         Checking existence of `Any (First Match)`
    t =     7.83s         Capturing element debug description
    t =     8.86s     Checking `Expect predicate `existsNoRetry == 1` for object Any (First Match)`
    t =     8.87s         Checking existence of `Any (First Match)`
    t =     8.88s         Capturing element debug description
    t =     9.80s     Checking `Expect predicate `existsNoRetry == 1` for object Any (First Match)`
    t =     9.80s         Checking existence of `Any (First Match)`
    t =     9.82s         Capturing element debug description
    t =    10.84s     Checking `Expect predicate `existsNoRetry == 1` for object Any (First Match)`
    t =    10.84s         Checking existence of `Any (First Match)`
    t =    10.86s         Capturing element debug description
    t =    11.77s     Checking `Expect predicate `existsNoRetry == 1` for object Any (First Match)`
    t =    11.77s         Checking existence of `Any (First Match)`
    t =    11.79s         Capturing element debug description
    t =    12.82s     Checking `Expect predicate `existsNoRetry == 1` for object Any (First Match)`
    t =    12.82s         Checking existence of `Any (First Match)`
    t =    12.84s         Capturing element debug description
    t =    13.87s     Checking `Expect predicate `existsNoRetry == 1` for object Any (First Match)`
    t =    13.87s         Checking existence of `Any (First Match)`
    t =    13.87s         Capturing element debug description
    t =    14.78s     Checking `Expect predicate `existsNoRetry == 1` for object Any (First Match)`
    t =    14.79s         Checking existence of `Any (First Match)`
    t =    14.80s         Capturing element debug description
    t =    15.83s     Checking `Expect predicate `existsNoRetry == 1` for object Any (First Match)`
    t =    15.83s         Checking existence of `Any (First Match)`
    t =    15.85s         Capturing element debug description
    t =    16.77s     Checking `Expect predicate `existsNoRetry == 1` for object Any (First Match)`
    t =    16.77s         Checking existence of `Any (First Match)`
    t =    16.79s         Capturing element debug description
    t =    17.81s     Checking `Expect predicate `existsNoRetry == 1` for object Any (First Match)`
    t =    17.81s         Checking existence of `Any (First Match)`
    t =    17.83s         Capturing element debug description
    t =    18.86s     Checking `Expect predicate `existsNoRetry == 1` for object Any (First Match)`
    t =    18.86s         Checking existence of `Any (First Match)`
    t =    18.88s         Capturing element debug description
    t =    19.80s     Checking `Expect predicate `existsNoRetry == 1` for object Any (First Match)`
    t =    19.80s         Checking existence of `Any (First Match)`
    t =    19.82s         Capturing element debug description
    t =    20.83s     Checking `Expect predicate `existsNoRetry == 1` for object Any (First Match)`
    t =    20.83s         Checking existence of `Any (First Match)`
    t =    20.85s         Capturing element debug description
    t =    21.78s     Checking `Expect predicate `existsNoRetry == 1` for object Any (First Match)`
    t =    21.78s         Checking existence of `Any (First Match)`
    t =    21.80s         Capturing element debug description
    t =    22.82s     Checking `Expect predicate `existsNoRetry == 1` for object Any (First Match)`
    t =    22.82s         Checking existence of `Any (First Match)`
    t =    22.84s         Capturing element debug description
    t =    23.86s     Checking `Expect predicate `existsNoRetry == 1` for object Any (First Match)`
    t =    23.86s         Checking existence of `Any (First Match)`
    t =    23.88s         Capturing element debug description
    t =    24.81s     Checking `Expect predicate `existsNoRetry == 1` for object Any (First Match)`
    t =    24.81s         Checking existence of `Any (First Match)`
    t =    24.83s         Capturing element debug description
    t =    25.85s     Checking `Expect predicate `existsNoRetry == 1` for object Any (First Match)`
    t =    25.85s         Checking existence of `Any (First Match)`
    t =    25.87s         Capturing element debug description
    t =    26.77s     Checking `Expect predicate `existsNoRetry == 1` for object Any (First Match)`
    t =    26.77s         Checking existence of `Any (First Match)`
    t =    26.79s         Capturing element debug description
    t =    27.82s     Checking `Expect predicate `existsNoRetry == 1` for object Any (First Match)`
    t =    27.82s         Checking existence of `Any (First Match)`
    t =    27.84s         Capturing element debug description
    t =    28.87s     Checking `Expect predicate `existsNoRetry == 1` for object Any (First Match)`
    t =    28.87s         Checking existence of `Any (First Match)`
    t =    28.89s         Capturing element debug description
    t =    29.80s     Checking `Expect predicate `existsNoRetry == 1` for object Any (First Match)`
    t =    29.80s         Checking existence of `Any (First Match)`
    t =    29.82s         Capturing element debug description
    t =    30.83s     Checking `Expect predicate `existsNoRetry == 1` for object Any (First Match)`
    t =    30.83s         Checking existence of `Any (First Match)`
    t =    30.85s         Capturing element debug description
    t =    31.77s     Checking `Expect predicate `existsNoRetry == 1` for object Any (First Match)`
    t =    31.77s         Checking existence of `Any (First Match)`
    t =    31.79s         Capturing element debug description
    t =    32.82s     Checking `Expect predicate `existsNoRetry == 1` for object Any (First Match)`
    t =    32.82s         Checking existence of `Any (First Match)`
    t =    32.83s         Capturing element debug description
    t =    33.86s     Checking `Expect predicate `existsNoRetry == 1` for object Any (First Match)`
    t =    33.86s         Checking existence of `Any (First Match)`
    t =    33.88s         Capturing element debug description
    t =    34.80s     Checking `Expect predicate `existsNoRetry == 1` for object Any (First Match)`
    t =    34.80s         Checking existence of `Any (First Match)`
    t =    34.82s         Capturing element debug description
    t =    35.83s     Checking `Expect predicate `existsNoRetry == 1` for object Any (First Match)`
    t =    35.83s         Checking existence of `Any (First Match)`
    t =    35.85s         Capturing element debug description
    t =    36.78s     Checking `Expect predicate `existsNoRetry == 1` for object Any (First Match)`
    t =    36.78s         Checking existence of `Any (First Match)`
    t =    36.80s         Capturing element debug description
    t =    37.82s     Checking `Expect predicate `existsNoRetry == 1` for object Any (First Match)`
    t =    37.82s         Checking existence of `Any (First Match)`
    t =    37.84s         Capturing element debug description
    t =    38.86s     Checking `Expect predicate `existsNoRetry == 1` for object Any (First Match)`
    t =    38.86s         Checking existence of `Any (First Match)`
    t =    38.88s         Capturing element debug description
    t =    39.80s     Checking `Expect predicate `existsNoRetry == 1` for object Any (First Match)`
    t =    39.80s         Checking existence of `Any (First Match)`
    t =    39.82s         Capturing element debug description
    t =    40.83s     Checking `Expect predicate `existsNoRetry == 1` for object Any (First Match)`
    t =    40.84s         Checking existence of `Any (First Match)`
    t =    40.85s         Capturing element debug description
    t =    41.77s     Checking `Expect predicate `existsNoRetry == 1` for object Any (First Match)`
    t =    41.78s         Checking existence of `Any (First Match)`
    t =    41.79s         Capturing element debug description
    t =    42.81s     Checking `Expect predicate `existsNoRetry == 1` for object Any (First Match)`
    t =    42.82s         Checking existence of `Any (First Match)`
    t =    42.83s         Capturing element debug description
    t =    43.85s     Checking `Expect predicate `existsNoRetry == 1` for object Any (First Match)`
    t =    43.85s         Checking existence of `Any (First Match)`
    t =    43.87s         Capturing element debug description
    t =    44.78s     Checking `Expect predicate `existsNoRetry == 1` for object Any (First Match)`
    t =    44.78s         Checking existence of `Any (First Match)`
    t =    44.80s         Capturing element debug description
    t =    45.81s     Checking `Expect predicate `existsNoRetry == 1` for object Any (First Match)`
    t =    45.82s         Checking existence of `Any (First Match)`
    t =    45.83s         Capturing element debug description
    t =    46.86s     Checking `Expect predicate `existsNoRetry == 1` for object Any (First Match)`
    t =    46.86s         Checking existence of `Any (First Match)`
    t =    46.87s         Capturing element debug description
    t =    47.79s     Checking `Expect predicate `existsNoRetry == 1` for object Any (First Match)`
    t =    47.79s         Checking existence of `Any (First Match)`
    t =    47.81s         Capturing element debug description
    t =    48.83s     Checking `Expect predicate `existsNoRetry == 1` for object Any (First Match)`
    t =    48.83s         Checking existence of `Any (First Match)`
    t =    48.85s         Capturing element debug description
    t =    49.77s     Checking `Expect predicate `existsNoRetry == 1` for object Any (First Match)`
    t =    49.78s         Checking existence of `Any (First Match)`
    t =    49.79s         Capturing element debug description
    t =    50.81s     Checking `Expect predicate `existsNoRetry == 1` for object Any (First Match)`
    t =    50.81s         Checking existence of `Any (First Match)`
    t =    50.83s         Capturing element debug description
    t =    51.85s     Checking `Expect predicate `existsNoRetry == 1` for object Any (First Match)`
    t =    51.85s         Checking existence of `Any (First Match)`
    t =    51.87s         Capturing element debug description
    t =    52.78s     Checking `Expect predicate `existsNoRetry == 1` for object Any (First Match)`
    t =    52.78s         Checking existence of `Any (First Match)`
    t =    52.80s         Capturing element debug description
    t =    53.82s     Checking `Expect predicate `existsNoRetry == 1` for object Any (First Match)`
    t =    53.82s         Checking existence of `Any (First Match)`
    t =    53.83s         Capturing element debug description
    t =    54.85s     Checking `Expect predicate `existsNoRetry == 1` for object Any (First Match)`
    t =    54.85s         Checking existence of `Any (First Match)`
    t =    54.86s         Capturing element debug description
    t =    55.77s     Checking `Expect predicate `existsNoRetry == 1` for object Any (First Match)`
    t =    55.77s         Checking existence of `Any (First Match)`
    t =    55.79s         Capturing element debug description
    t =    56.81s     Checking `Expect predicate `existsNoRetry == 1` for object Any (First Match)`
    t =    56.81s         Checking existence of `Any (First Match)`
    t =    56.83s         Capturing element debug description
    t =    57.84s     Checking `Expect predicate `existsNoRetry == 1` for object Any (First Match)`
    t =    57.84s         Checking existence of `Any (First Match)`
    t =    57.86s         Capturing element debug description
    t =    58.78s     Checking `Expect predicate `existsNoRetry == 1` for object Any (First Match)`
    t =    58.78s         Checking existence of `Any (First Match)`
    t =    58.80s         Capturing element debug description
    t =    59.82s     Checking `Expect predicate `existsNoRetry == 1` for object Any (First Match)`
    t =    59.82s         Checking existence of `Any (First Match)`
    t =    59.84s         Capturing element debug description
    t =    60.86s     Checking `Expect predicate `existsNoRetry == 1` for object Any (First Match)`
    t =    60.86s         Checking existence of `Any (First Match)`
    t =    60.88s         Capturing element debug description
    t =    61.80s     Checking `Expect predicate `existsNoRetry == 1` for object Any (First Match)`
    t =    61.80s         Checking existence of `Any (First Match)`
    t =    61.81s         Capturing element debug description
    t =    62.84s     Checking `Expect predicate `existsNoRetry == 1` for object Any (First Match)`
    t =    62.84s         Checking existence of `Any (First Match)`
    t =    62.86s         Capturing element debug description
    t =    63.78s     Checking `Expect predicate `existsNoRetry == 1` for object Any (First Match)`
    t =    63.78s         Checking existence of `Any (First Match)`
    t =    63.80s         Capturing element debug description
    t =    64.81s     Checking `Expect predicate `existsNoRetry == 1` for object Any (First Match)`
    t =    64.82s         Checking existence of `Any (First Match)`
    t =    64.82s         Capturing element debug description
    t =    65.82s     Checking `Expect predicate `existsNoRetry == 1` for object Any (First Match)`
    t =    65.83s         Checking existence of `Any (First Match)`
    t =    65.84s         Capturing element debug description
    t =    66.78s     Checking `Expect predicate `existsNoRetry == 1` for object Any (First Match)`
    t =    66.78s         Checking existence of `Any (First Match)`
    t =    66.79s         Capturing element debug description
    t =    67.82s     Checking `Expect predicate `existsNoRetry == 1` for object Any (First Match)`
    t =    67.82s         Checking existence of `Any (First Match)`
    t =    67.84s         Capturing element debug description
    t =    68.86s     Checking `Expect predicate `existsNoRetry == 1` for object Any (First Match)`
    t =    68.86s         Checking existence of `Any (First Match)`
    t =    68.88s         Capturing element debug description
    t =    69.79s     Checking `Expect predicate `existsNoRetry == 1` for object Any (First Match)`
    t =    69.79s         Checking existence of `Any (First Match)`
    t =    69.81s         Capturing element debug description
    t =    70.79s     Checking `Expect predicate `existsNoRetry == 1` for object Any (First Match)`
    t =    70.79s         Checking existence of `Any (First Match)`
    t =    70.81s         Capturing element debug description
    t =    71.82s     Checking `Expect predicate `existsNoRetry == 1` for object Any (First Match)`
    t =    71.82s         Checking existence of `Any (First Match)`
    t =    71.84s         Capturing element debug description
    t =    72.86s     Checking `Expect predicate `existsNoRetry == 1` for object Any (First Match)`
    t =    72.86s         Checking existence of `Any (First Match)`
    t =    72.88s         Capturing element debug description
    t =    73.79s     Checking `Expect predicate `existsNoRetry == 1` for object Any (First Match)`
    t =    73.79s         Checking existence of `Any (First Match)`
    t =    73.81s         Capturing element debug description
    t =    74.81s     Checking `Expect predicate `existsNoRetry == 1` for object Any (First Match)`
    t =    74.81s         Checking existence of `Any (First Match)`
    t =    74.83s         Capturing element debug description
    t =    75.83s     Checking `Expect predicate `existsNoRetry == 1` for object Any (First Match)`
    t =    75.83s         Checking existence of `Any (First Match)`
    t =    75.85s         Capturing element debug description
    t =    76.86s     Checking `Expect predicate `existsNoRetry == 1` for object Any (First Match)`
    t =    76.86s         Checking existence of `Any (First Match)`
    t =    76.88s         Capturing element debug description
    t =    77.81s     Checking `Expect predicate `existsNoRetry == 1` for object Any (First Match)`
    t =    77.81s         Checking existence of `Any (First Match)`
    t =    77.83s         Capturing element debug description
    t =    78.85s     Checking `Expect predicate `existsNoRetry == 1` for object Any (First Match)`
    t =    78.85s         Checking existence of `Any (First Match)`
    t =    78.87s         Capturing element debug description
    t =    79.79s     Checking `Expect predicate `existsNoRetry == 1` for object Any (First Match)`
    t =    79.79s         Checking existence of `Any (First Match)`
    t =    79.80s         Capturing element debug description
    t =    80.81s     Checking `Expect predicate `existsNoRetry == 1` for object Any (First Match)`
    t =    80.81s         Checking existence of `Any (First Match)`
    t =    80.83s         Capturing element debug description
    t =    81.84s     Checking `Expect predicate `existsNoRetry == 1` for object Any (First Match)`
    t =    81.85s         Checking existence of `Any (First Match)`
    t =    81.86s         Capturing element debug description
    t =    82.78s     Checking `Expect predicate `existsNoRetry == 1` for object Any (First Match)`
    t =    82.78s         Checking existence of `Any (First Match)`
    t =    82.80s         Capturing element debug description
    t =    83.81s     Checking `Expect predicate `existsNoRetry == 1` for object Any (First Match)`
    t =    83.81s         Checking existence of `Any (First Match)`
    t =    83.83s         Capturing element debug description
    t =    84.84s     Checking `Expect predicate `existsNoRetry == 1` for object Any (First Match)`
    t =    84.84s         Checking existence of `Any (First Match)`
    t =    84.86s         Capturing element debug description
    t =    85.78s     Checking `Expect predicate `existsNoRetry == 1` for object Any (First Match)`
    t =    85.78s         Checking existence of `Any (First Match)`
    t =    85.80s         Capturing element debug description
    t =    86.81s     Checking `Expect predicate `existsNoRetry == 1` for object Any (First Match)`
    t =    86.81s         Checking existence of `Any (First Match)`
    t =    86.83s         Capturing element debug description
    t =    87.85s     Checking `Expect predicate `existsNoRetry == 1` for object Any (First Match)`
    t =    87.85s         Checking existence of `Any (First Match)`
    t =    87.87s         Capturing element debug description
    t =    88.79s     Checking `Expect predicate `existsNoRetry == 1` for object Any (First Match)`
    t =    88.79s         Checking existence of `Any (First Match)`
    t =    88.81s         Capturing element debug description
    t =    89.82s     Checking `Expect predicate `existsNoRetry == 1` for object Any (First Match)`
    t =    89.82s         Checking existence of `Any (First Match)`
    t =    89.84s         Capturing element debug description
    t =    90.86s     Checking `Expect predicate `existsNoRetry == 1` for object Any (First Match)`
    t =    90.86s         Checking existence of `Any (First Match)`
    t =    90.88s         Capturing element debug description
    t =    91.79s     Checking `Expect predicate `existsNoRetry == 1` for object Any (First Match)`
    t =    91.79s         Checking existence of `Any (First Match)`
    t =    91.81s         Capturing element debug description
    t =    92.81s     Checking `Expect predicate `existsNoRetry == 1` for object Any (First Match)`
    t =    92.81s         Checking existence of `Any (First Match)`
    t =    92.83s         Capturing element debug description
    t =    93.86s     Checking `Expect predicate `existsNoRetry == 1` for object Any (First Match)`
    t =    93.86s         Checking existence of `Any (First Match)`
    t =    93.88s         Capturing element debug description
    t =    94.79s     Checking `Expect predicate `existsNoRetry == 1` for object Any (First Match)`
    t =    94.79s         Checking existence of `Any (First Match)`
    t =    94.81s         Capturing element debug description
    t =    95.82s     Checking `Expect predicate `existsNoRetry == 1` for object Any (First Match)`
    t =    95.82s         Checking existence of `Any (First Match)`
    t =    95.83s         Capturing element debug description
    t =    96.86s     Checking `Expect predicate `existsNoRetry == 1` for object Any (First Match)`
    t =    96.86s         Checking existence of `Any (First Match)`
    t =    96.88s         Capturing element debug description
    t =    97.79s     Checking `Expect predicate `existsNoRetry == 1` for object Any (First Match)`
    t =    97.79s         Checking existence of `Any (First Match)`
    t =    97.81s         Capturing element debug description
    t =    98.82s     Checking `Expect predicate `existsNoRetry == 1` for object Any (First Match)`
    t =    98.82s         Checking existence of `Any (First Match)`
    t =    98.84s         Capturing element debug description
    t =    99.86s     Checking `Expect predicate `existsNoRetry == 1` for object Any (First Match)`
    t =    99.86s         Checking existence of `Any (First Match)`
    t =    99.88s         Capturing element debug description
    t =   100.80s     Checking `Expect predicate `existsNoRetry == 1` for object Any (First Match)`
    t =   100.80s         Checking existence of `Any (First Match)`
    t =   100.82s         Capturing element debug description
    t =   101.84s     Checking `Expect predicate `existsNoRetry == 1` for object Any (First Match)`
    t =   101.84s         Checking existence of `Any (First Match)`
    t =   101.86s         Capturing element debug description
    t =   102.78s     Checking `Expect predicate `existsNoRetry == 1` for object Any (First Match)`
    t =   102.78s         Checking existence of `Any (First Match)`
    t =   102.80s         Capturing element debug description
    t =   103.81s     Checking `Expect predicate `existsNoRetry == 1` for object Any (First Match)`
    t =   103.81s         Checking existence of `Any (First Match)`
    t =   103.83s         Capturing element debug description
    t =   104.86s     Checking `Expect predicate `existsNoRetry == 1` for object Any (First Match)`
    t =   104.86s         Checking existence of `Any (First Match)`
    t =   104.88s         Capturing element debug description
    t =   105.79s     Checking `Expect predicate `existsNoRetry == 1` for object Any (First Match)`
    t =   105.79s         Checking existence of `Any (First Match)`
    t =   105.80s         Capturing element debug description
    t =   106.81s     Checking `Expect predicate `existsNoRetry == 1` for object Any (First Match)`
    t =   106.81s         Checking existence of `Any (First Match)`
    t =   106.83s         Capturing element debug description
    t =   107.86s     Checking `Expect predicate `existsNoRetry == 1` for object Any (First Match)`
    t =   107.86s         Checking existence of `Any (First Match)`
    t =   107.88s         Capturing element debug description
    t =   108.79s     Checking `Expect predicate `existsNoRetry == 1` for object Any (First Match)`
    t =   108.79s         Checking existence of `Any (First Match)`
    t =   108.81s         Capturing element debug description
    t =   109.83s     Checking `Expect predicate `existsNoRetry == 1` for object Any (First Match)`
    t =   109.83s         Checking existence of `Any (First Match)`
    t =   109.85s         Capturing element debug description
    t =   110.86s     Checking `Expect predicate `existsNoRetry == 1` for object Any (First Match)`
    t =   110.86s         Checking existence of `Any (First Match)`
    t =   110.88s         Capturing element debug description
    t =   111.79s     Checking `Expect predicate `existsNoRetry == 1` for object Any (First Match)`
    t =   111.79s         Checking existence of `Any (First Match)`
    t =   111.81s         Capturing element debug description
    t =   112.81s     Checking `Expect predicate `existsNoRetry == 1` for object Any (First Match)`
    t =   112.82s         Checking existence of `Any (First Match)`
    t =   112.83s         Capturing element debug description
    t =   113.86s     Checking `Expect predicate `existsNoRetry == 1` for object Any (First Match)`
    t =   113.86s         Checking existence of `Any (First Match)`
    t =   113.87s         Capturing element debug description
    t =   114.79s     Checking `Expect predicate `existsNoRetry == 1` for object Any (First Match)`
    t =   114.79s         Checking existence of `Any (First Match)`
    t =   114.81s         Capturing element debug description
    t =   115.83s     Checking `Expect predicate `existsNoRetry == 1` for object Any (First Match)`
    t =   115.83s         Checking existence of `Any (First Match)`
    t =   115.84s         Capturing element debug description
    t =   116.86s     Checking `Expect predicate `existsNoRetry == 1` for object Any (First Match)`
    t =   116.86s         Checking existence of `Any (First Match)`
    t =   116.88s         Capturing element debug description
    t =   117.79s     Checking `Expect predicate `existsNoRetry == 1` for object Any (First Match)`
    t =   117.79s         Checking existence of `Any (First Match)`
    t =   117.81s         Capturing element debug description
    t =   118.82s     Checking `Expect predicate `existsNoRetry == 1` for object Any (First Match)`
    t =   118.82s         Checking existence of `Any (First Match)`
    t =   118.84s         Capturing element debug description
    t =   119.86s     Checking `Expect predicate `existsNoRetry == 1` for object Any (First Match)`
    t =   119.86s         Checking existence of `Any (First Match)`
    t =   119.88s         Capturing element debug description
    t =   120.79s     Checking `Expect predicate `existsNoRetry == 1` for object Any (First Match)`
    t =   120.79s         Checking existence of `Any (First Match)`
    t =   120.81s         Capturing element debug description
    t =   121.82s     Checking `Expect predicate `existsNoRetry == 1` for object Any (First Match)`
    t =   121.82s         Checking existence of `Any (First Match)`
    t =   121.84s         Capturing element debug description
    t =   122.86s     Checking `Expect predicate `existsNoRetry == 1` for object Any (First Match)`
    t =   122.86s         Checking existence of `Any (First Match)`
    t =   122.88s         Capturing element debug description
    t =   123.79s     Checking `Expect predicate `existsNoRetry == 1` for object Any (First Match)`
    t =   123.79s         Checking existence of `Any (First Match)`
    t =   123.81s         Capturing element debug description
    t =   124.83s     Checking `Expect predicate `existsNoRetry == 1` for object Any (First Match)`
    t =   124.83s         Checking existence of `Any (First Match)`
    t =   124.85s         Capturing element debug description
    t =   125.87s     Checking `Expect predicate `existsNoRetry == 1` for object Any (First Match)`
    t =   125.87s         Checking existence of `Any (First Match)`
    t =   125.89s         Capturing element debug description
    t =   126.81s     Checking `Expect predicate `existsNoRetry == 1` for object Any (First Match)`
    t =   126.81s         Checking existence of `Any (First Match)`
    t =   126.83s         Capturing element debug description
    t =   127.84s     Checking `Expect predicate `existsNoRetry == 1` for object Any (First Match)`
    t =   127.85s         Checking existence of `Any (First Match)`
    t =   127.86s         Capturing element debug description
    t =   128.77s     Checking `Expect predicate `existsNoRetry == 1` for object Any (First Match)`
    t =   128.78s         Checking existence of `Any (First Match)`
    t =   128.80s         Capturing element debug description
    t =   129.81s     Checking `Expect predicate `existsNoRetry == 1` for object Any (First Match)`
    t =   129.81s         Checking existence of `Any (First Match)`
    t =   129.83s         Capturing element debug description
    t =   130.82s     Checking `Expect predicate `existsNoRetry == 1` for object Any (First Match)`
    t =   130.82s         Checking existence of `Any (First Match)`
    t =   130.84s         Capturing element debug description
    t =   131.86s     Checking `Expect predicate `existsNoRetry == 1` for object Any (First Match)`
    t =   131.87s         Checking existence of `Any (First Match)`
    t =   131.88s         Capturing element debug description
    t =   132.79s     Checking `Expect predicate `existsNoRetry == 1` for object Any (First Match)`
    t =   132.79s         Checking existence of `Any (First Match)`
    t =   132.81s         Capturing element debug description
    t =   133.82s     Checking `Expect predicate `existsNoRetry == 1` for object Any (First Match)`
    t =   133.83s         Checking existence of `Any (First Match)`
    t =   133.84s         Capturing element debug description
    t =   134.77s     Checking `Expect predicate `existsNoRetry == 1` for object Any (First Match)`
    t =   134.78s         Checking existence of `Any (First Match)`
    t =   134.79s         Capturing element debug description
    t =   135.81s     Checking `Expect predicate `existsNoRetry == 1` for object Any (First Match)`
    t =   135.81s         Checking existence of `Any (First Match)`
    t =   135.83s         Capturing element debug description
    t =   136.86s     Checking `Expect predicate `existsNoRetry == 1` for object Any (First Match)`
    t =   136.86s         Checking existence of `Any (First Match)`
    t =   136.88s         Capturing element debug description
    t =   137.79s     Checking `Expect predicate `existsNoRetry == 1` for object Any (First Match)`
    t =   137.79s         Checking existence of `Any (First Match)`
    t =   137.81s         Capturing element debug description
    t =   138.81s     Checking `Expect predicate `existsNoRetry == 1` for object Any (First Match)`
    t =   138.81s         Checking existence of `Any (First Match)`
    t =   138.83s         Capturing element debug description
    t =   139.81s     Checking `Expect predicate `existsNoRetry == 1` for object Any (First Match)`
    t =   139.81s         Checking existence of `Any (First Match)`
    t =   139.83s         Capturing element debug description
    t =   140.86s     Checking `Expect predicate `existsNoRetry == 1` for object Any (First Match)`
    t =   140.86s         Checking existence of `Any (First Match)`
    t =   140.88s         Capturing element debug description
    t =   141.79s     Checking `Expect predicate `existsNoRetry == 1` for object Any (First Match)`
    t =   141.79s         Checking existence of `Any (First Match)`
    t =   141.81s         Capturing element debug description
    t =   142.81s     Checking `Expect predicate `existsNoRetry == 1` for object Any (First Match)`
    t =   142.81s         Checking existence of `Any (First Match)`
    t =   142.83s         Capturing element debug description
    t =   143.81s     Checking `Expect predicate `existsNoRetry == 1` for object Any (First Match)`
    t =   143.81s         Checking existence of `Any (First Match)`
    t =   143.83s         Capturing element debug description
    t =   144.82s     Checking `Expect predicate `existsNoRetry == 1` for object Any (First Match)`
    t =   144.82s         Checking existence of `Any (First Match)`
    t =   144.84s         Capturing element debug description
    t =   145.87s     Checking `Expect predicate `existsNoRetry == 1` for object Any (First Match)`
    t =   145.87s         Checking existence of `Any (First Match)`
    t =   145.88s         Capturing element debug description
    t =   146.79s     Checking `Expect predicate `existsNoRetry == 1` for object Any (First Match)`
    t =   146.79s         Checking existence of `Any (First Match)`
    t =   146.81s         Capturing element debug description
    t =   147.82s     Checking `Expect predicate `existsNoRetry == 1` for object Any (First Match)`
    t =   147.83s         Checking existence of `Any (First Match)`
    t =   147.84s         Capturing element debug description
    t =   148.77s     Checking `Expect predicate `existsNoRetry == 1` for object Any (First Match)`
    t =   148.78s         Checking existence of `Any (First Match)`
    t =   148.79s         Capturing element debug description
    t =   149.81s     Checking `Expect predicate `existsNoRetry == 1` for object Any (First Match)`
    t =   149.81s         Checking existence of `Any (First Match)`
    t =   149.83s         Capturing element debug description
    t =   150.85s     Checking `Expect predicate `existsNoRetry == 1` for object Any (First Match)`
    t =   150.85s         Checking existence of `Any (First Match)`
    t =   150.87s         Capturing element debug description
    t =   151.77s     Checking `Expect predicate `existsNoRetry == 1` for object Any (First Match)`
    t =   151.77s         Checking existence of `Any (First Match)`
    t =   151.79s         Capturing element debug description
    t =   152.81s     Checking `Expect predicate `existsNoRetry == 1` for object Any (First Match)`
    t =   152.82s         Checking existence of `Any (First Match)`
    t =   152.83s         Capturing element debug description
    t =   153.87s     Checking `Expect predicate `existsNoRetry == 1` for object Any (First Match)`
    t =   153.87s         Checking existence of `Any (First Match)`
    t =   153.89s         Capturing element debug description
    t =   154.82s     Checking `Expect predicate `existsNoRetry == 1` for object Any (First Match)`
    t =   154.82s         Checking existence of `Any (First Match)`
    t =   154.84s         Capturing element debug description
    t =   155.78s     Checking `Expect predicate `existsNoRetry == 1` for object Any (First Match)`
    t =   155.78s         Checking existence of `Any (First Match)`
    t =   155.80s         Capturing element debug description
    t =   156.83s     Checking `Expect predicate `existsNoRetry == 1` for object Any (First Match)`
    t =   156.83s         Checking existence of `Any (First Match)`
    t =   156.85s         Capturing element debug description
    t =   157.78s     Checking `Expect predicate `existsNoRetry == 1` for object Any (First Match)`
    t =   157.79s         Checking existence of `Any (First Match)`
    t =   157.80s         Capturing element debug description
    t =   158.84s     Checking `Expect predicate `existsNoRetry == 1` for object Any (First Match)`
    t =   158.84s         Checking existence of `Any (First Match)`
    t =   158.86s         Capturing element debug description
    t =   159.78s     Checking `Expect predicate `existsNoRetry == 1` for object Any (First Match)`
    t =   159.78s         Checking existence of `Any (First Match)`
    t =   159.80s         Capturing element debug description
    t =   160.82s     Checking `Expect predicate `existsNoRetry == 1` for object Any (First Match)`
    t =   160.82s         Checking existence of `Any (First Match)`
    t =   160.84s         Capturing element debug description
    t =   161.87s     Checking `Expect predicate `existsNoRetry == 1` for object Any (First Match)`
    t =   161.87s         Checking existence of `Any (First Match)`
    t =   161.89s         Capturing element debug description
    t =   162.82s     Checking `Expect predicate `existsNoRetry == 1` for object Any (First Match)`
    t =   162.82s         Checking existence of `Any (First Match)`
    t =   162.84s         Capturing element debug description
    t =   163.77s     Checking `Expect predicate `existsNoRetry == 1` for object Any (First Match)`
    t =   163.78s         Checking existence of `Any (First Match)`
    t =   163.79s         Capturing element debug description
    t =   164.83s     Checking `Expect predicate `existsNoRetry == 1` for object Any (First Match)`
    t =   164.83s         Checking existence of `Any (First Match)`
    t =   164.85s         Capturing element debug description
    t =   165.78s     Checking `Expect predicate `existsNoRetry == 1` for object Any (First Match)`
    t =   165.78s         Checking existence of `Any (First Match)`
    t =   165.80s         Capturing element debug description
    t =   166.81s     Checking `Expect predicate `existsNoRetry == 1` for object Any (First Match)`
    t =   166.81s         Checking existence of `Any (First Match)`
    t =   166.82s         Capturing element debug description
    t =   167.83s     Checking `Expect predicate `existsNoRetry == 1` for object Any (First Match)`
    t =   167.84s         Checking existence of `Any (First Match)`
    t =   167.85s         Capturing element debug description
    t =   168.77s     Checking `Expect predicate `existsNoRetry == 1` for object Any (First Match)`
    t =   168.77s         Checking existence of `Any (First Match)`
    t =   168.79s         Capturing element debug description
    t =   169.82s     Checking `Expect predicate `existsNoRetry == 1` for object Any (First Match)`
    t =   169.82s         Checking existence of `Any (First Match)`
    t =   169.84s         Capturing element debug description
    t =   170.86s     Checking `Expect predicate `existsNoRetry == 1` for object Any (First Match)`
    t =   170.86s         Checking existence of `Any (First Match)`
    t =   170.88s         Capturing element debug description
    t =   171.79s     Checking `Expect predicate `existsNoRetry == 1` for object Any (First Match)`
    t =   171.79s         Checking existence of `Any (First Match)`
    t =   171.81s         Capturing element debug description
    t =   172.83s     Checking `Expect predicate `existsNoRetry == 1` for object Any (First Match)`
    t =   172.84s         Checking existence of `Any (First Match)`
    t =   172.86s         Capturing element debug description
    t =   173.77s     Checking `Expect predicate `existsNoRetry == 1` for object Any (First Match)`
    t =   173.78s         Checking existence of `Any (First Match)`
    t =   173.79s         Capturing element debug description
    t =   174.79s     Checking `Expect predicate `existsNoRetry == 1` for object Any (First Match)`
    t =   174.79s         Checking existence of `Any (First Match)`
    t =   174.81s         Capturing element debug description
    t =   175.84s     Checking `Expect predicate `existsNoRetry == 1` for object Any (First Match)`
    t =   175.84s         Checking existence of `Any (First Match)`
    t =   175.86s         Capturing element debug description
    t =   176.78s     Checking `Expect predicate `existsNoRetry == 1` for object Any (First Match)`
    t =   176.78s         Checking existence of `Any (First Match)`
    t =   176.80s         Capturing element debug description
    t =   177.81s     Checking `Expect predicate `existsNoRetry == 1` for object Any (First Match)`
    t =   177.81s         Checking existence of `Any (First Match)`
    t =   177.83s         Capturing element debug description
    t =   178.83s     Checking `Expect predicate `existsNoRetry == 1` for object Any (First Match)`
    t =   178.84s         Checking existence of `Any (First Match)`
    t =   178.85s         Capturing element debug description
    t =   179.77s     Checking `Expect predicate `existsNoRetry == 1` for object Any (First Match)`
    t =   179.78s         Checking existence of `Any (First Match)`
    t =   179.79s         Capturing element debug description
    t =   180.81s     Checking `Expect predicate `existsNoRetry == 1` for object Any (First Match)`
    t =   180.81s         Checking existence of `Any (First Match)`
    t =   180.83s         Capturing element debug description
    t =   181.82s     Checking `Expect predicate `existsNoRetry == 1` for object Any (First Match)`
    t =   181.82s         Checking existence of `Any (First Match)`
    t =   181.84s         Capturing element debug description
    t =   182.86s     Checking `Expect predicate `existsNoRetry == 1` for object Any (First Match)`
    t =   182.86s         Checking existence of `Any (First Match)`
    t =   182.88s         Capturing element debug description
    t =   183.79s     Checking `Expect predicate `existsNoRetry == 1` for object Any (First Match)`
    t =   183.79s         Checking existence of `Any (First Match)`
    t =   183.81s         Capturing element debug description
    t =   184.83s     Checking `Expect predicate `existsNoRetry == 1` for object Any (First Match)`
    t =   184.83s         Checking existence of `Any (First Match)`
    t =   184.84s         Capturing element debug description
    t =   185.77s     Checking `Expect predicate `existsNoRetry == 1` for object Any (First Match)`
    t =   185.77s         Checking existence of `Any (First Match)`
    t =   185.79s         Capturing element debug description
    t =   186.82s     Checking `Expect predicate `existsNoRetry == 1` for object Any (First Match)`
    t =   186.82s         Checking existence of `Any (First Match)`
    t =   186.84s         Capturing element debug description
    t =   187.86s     Checking `Expect predicate `existsNoRetry == 1` for object Any (First Match)`
    t =   187.86s         Checking existence of `Any (First Match)`
    t =   187.88s         Capturing element debug description
    t =   188.79s     Checking `Expect predicate `existsNoRetry == 1` for object Any (First Match)`
    t =   188.79s         Checking existence of `Any (First Match)`
    t =   188.81s         Capturing element debug description
    t =   189.83s     Checking `Expect predicate `existsNoRetry == 1` for object Any (First Match)`
    t =   189.83s         Checking existence of `Any (First Match)`
    t =   189.85s         Capturing element debug description
    t =   190.86s     Checking `Expect predicate `existsNoRetry == 1` for object Any (First Match)`
    t =   190.86s         Checking existence of `Any (First Match)`
    t =   190.88s         Capturing element debug description
    t =   191.79s     Checking `Expect predicate `existsNoRetry == 1` for object Any (First Match)`
    t =   191.80s         Checking existence of `Any (First Match)`
    t =   191.81s         Capturing element debug description
    t =   192.84s     Checking `Expect predicate `existsNoRetry == 1` for object Any (First Match)`
    t =   192.84s         Checking existence of `Any (First Match)`
    t =   192.86s         Capturing element debug description
    t =   193.77s     Checking `Expect predicate `existsNoRetry == 1` for object Any (First Match)`
    t =   193.77s         Checking existence of `Any (First Match)`
    t =   193.79s         Capturing element debug description
    t =   194.81s     Checking `Expect predicate `existsNoRetry == 1` for object Any (First Match)`
    t =   194.81s         Checking existence of `Any (First Match)`
    t =   194.83s         Capturing element debug description
    t =   195.85s     Checking `Expect predicate `existsNoRetry == 1` for object Any (First Match)`
    t =   195.85s         Checking existence of `Any (First Match)`
    t =   195.87s         Capturing element debug description
    t =   196.79s     Checking `Expect predicate `existsNoRetry == 1` for object Any (First Match)`
    t =   196.79s         Checking existence of `Any (First Match)`
    t =   196.81s         Capturing element debug description
    t =   197.82s     Checking `Expect predicate `existsNoRetry == 1` for object Any (First Match)`
    t =   197.82s         Checking existence of `Any (First Match)`
    t =   197.84s         Capturing element debug description
    t =   198.86s     Checking `Expect predicate `existsNoRetry == 1` for object Any (First Match)`
    t =   198.86s         Checking existence of `Any (First Match)`
    t =   198.88s         Capturing element debug description
    t =   199.79s     Checking `Expect predicate `existsNoRetry == 1` for object Any (First Match)`
    t =   199.79s         Checking existence of `Any (First Match)`
    t =   199.81s         Capturing element debug description
    t =   200.82s     Checking `Expect predicate `existsNoRetry == 1` for object Any (First Match)`
    t =   200.82s         Checking existence of `Any (First Match)`
    t =   200.84s         Capturing element debug description
    t =   201.86s     Checking `Expect predicate `existsNoRetry == 1` for object Any (First Match)`
    t =   201.86s         Checking existence of `Any (First Match)`
    t =   201.88s         Capturing element debug description
    t =   202.80s     Checking `Expect predicate `existsNoRetry == 1` for object Any (First Match)`
    t =   202.80s         Checking existence of `Any (First Match)`
    t =   202.81s         Capturing element debug description
    t =   203.83s     Checking `Expect predicate `existsNoRetry == 1` for object Any (First Match)`
    t =   203.83s         Checking existence of `Any (First Match)`
    t =   203.85s         Capturing element debug description
    t =   204.77s     Checking `Expect predicate `existsNoRetry == 1` for object Any (First Match)`
    t =   204.77s         Checking existence of `Any (First Match)`
    t =   204.79s         Capturing element debug description
    t =   205.79s     Checking `Expect predicate `existsNoRetry == 1` for object Any (First Match)`
    t =   205.79s         Checking existence of `Any (First Match)`
    t =   205.81s         Capturing element debug description
    t =   206.84s     Checking `Expect predicate `existsNoRetry == 1` for object Any (First Match)`
    t =   206.84s         Checking existence of `Any (First Match)`
    t =   206.86s         Capturing element debug description
    t =   207.78s     Checking `Expect predicate `existsNoRetry == 1` for object Any (First Match)`
    t =   207.78s         Checking existence of `Any (First Match)`
    t =   207.80s         Capturing element debug description
    t =   208.83s     Checking `Expect predicate `existsNoRetry == 1` for object Any (First Match)`
    t =   208.83s         Checking existence of `Any (First Match)`
    t =   208.85s         Capturing element debug description
    t =   209.86s     Checking `Expect predicate `existsNoRetry == 1` for object Any (First Match)`
    t =   209.86s         Checking existence of `Any (First Match)`
    t =   209.88s         Capturing element debug description
    t =   210.81s     Checking `Expect predicate `existsNoRetry == 1` for object Any (First Match)`
    t =   210.81s         Checking existence of `Any (First Match)`
    t =   210.83s         Capturing element debug description
    t =   211.84s     Checking `Expect predicate `existsNoRetry == 1` for object Any (First Match)`
    t =   211.84s         Checking existence of `Any (First Match)`
    t =   211.86s         Capturing element debug description
    t =   212.78s     Checking `Expect predicate `existsNoRetry == 1` for object Any (First Match)`
    t =   212.78s         Checking existence of `Any (First Match)`
    t =   212.80s         Capturing element debug description
    t =   213.81s     Checking `Expect predicate `existsNoRetry == 1` for object Any (First Match)`
    t =   213.81s         Checking existence of `Any (First Match)`
    t =   213.83s         Capturing element debug description
    t =   214.84s     Checking `Expect predicate `existsNoRetry == 1` for object Any (First Match)`
    t =   214.84s         Checking existence of `Any (First Match)`
    t =   214.86s         Capturing element debug description
    t =   215.78s     Checking `Expect predicate `existsNoRetry == 1` for object Any (First Match)`
    t =   215.78s         Checking existence of `Any (First Match)`
    t =   215.80s         Capturing element debug description
    t =   216.81s     Checking `Expect predicate `existsNoRetry == 1` for object Any (First Match)`
    t =   216.81s         Checking existence of `Any (First Match)`
    t =   216.83s         Capturing element debug description
    t =   217.86s     Checking `Expect predicate `existsNoRetry == 1` for object Any (First Match)`
    t =   217.86s         Checking existence of `Any (First Match)`
    t =   217.87s         Capturing element debug description
    t =   218.78s     Checking `Expect predicate `existsNoRetry == 1` for object Any (First Match)`
    t =   218.78s         Checking existence of `Any (First Match)`
    t =   218.80s         Capturing element debug description
    t =   219.81s     Checking `Expect predicate `existsNoRetry == 1` for object Any (First Match)`
    t =   219.81s         Checking existence of `Any (First Match)`
    t =   219.83s         Capturing element debug description
    t =   220.82s     Checking `Expect predicate `existsNoRetry == 1` for object Any (First Match)`
    t =   220.82s         Checking existence of `Any (First Match)`
    t =   220.84s         Capturing element debug description
    t =   221.86s     Checking `Expect predicate `existsNoRetry == 1` for object Any (First Match)`
    t =   221.86s         Checking existence of `Any (First Match)`
    t =   221.88s         Capturing element debug description
    t =   222.79s     Checking `Expect predicate `existsNoRetry == 1` for object Any (First Match)`
    t =   222.79s         Checking existence of `Any (First Match)`
    t =   222.81s         Capturing element debug description
    t =   223.81s     Checking `Expect predicate `existsNoRetry == 1` for object Any (First Match)`
    t =   223.81s         Checking existence of `Any (First Match)`
    t =   223.83s         Capturing element debug description
    t =   224.86s     Checking `Expect predicate `existsNoRetry == 1` for object Any (First Match)`
    t =   224.86s         Checking existence of `Any (First Match)`
    t =   224.87s         Capturing element debug description
    t =   225.79s     Checking `Expect predicate `existsNoRetry == 1` for object Any (First Match)`
    t =   225.79s         Checking existence of `Any (First Match)`
    t =   225.81s         Capturing element debug description
    t =   226.84s     Checking `Expect predicate `existsNoRetry == 1` for object Any (First Match)`
    t =   226.84s         Checking existence of `Any (First Match)`
    t =   226.86s         Capturing element debug description
    t =   227.78s     Checking `Expect predicate `existsNoRetry == 1` for object Any (First Match)`
    t =   227.78s         Checking existence of `Any (First Match)`
    t =   227.79s         Capturing element debug description
    t =   228.81s     Checking `Expect predicate `existsNoRetry == 1` for object Any (First Match)`
    t =   228.81s         Checking existence of `Any (First Match)`
    t =   228.83s         Capturing element debug description
    t =   229.84s     Checking `Expect predicate `existsNoRetry == 1` for object Any (First Match)`
    t =   229.84s         Checking existence of `Any (First Match)`
    t =   229.86s         Capturing element debug description
    t =   230.78s     Checking `Expect predicate `existsNoRetry == 1` for object Any (First Match)`
    t =   230.79s         Checking existence of `Any (First Match)`
    t =   230.80s         Capturing element debug description
    t =   231.79s     Checking `Expect predicate `existsNoRetry == 1` for object Any (First Match)`
    t =   231.79s         Checking existence of `Any (First Match)`
    t =   231.81s         Capturing element debug description
    t =   232.81s     Checking `Expect predicate `existsNoRetry == 1` for object Any (First Match)`
    t =   232.81s         Checking existence of `Any (First Match)`
    t =   232.83s         Capturing element debug description
    t =   233.86s     Checking `Expect predicate `existsNoRetry == 1` for object Any (First Match)`
    t =   233.86s         Checking existence of `Any (First Match)`
    t =   233.88s         Capturing element debug description
    t =   234.79s     Checking `Expect predicate `existsNoRetry == 1` for object Any (First Match)`
    t =   234.79s         Checking existence of `Any (First Match)`
    t =   234.81s         Capturing element debug description
    t =   235.84s     Checking `Expect predicate `existsNoRetry == 1` for object Any (First Match)`
    t =   235.84s         Checking existence of `Any (First Match)`
    t =   235.86s         Capturing element debug description
    t =   236.78s     Checking `Expect predicate `existsNoRetry == 1` for object Any (First Match)`
    t =   236.78s         Checking existence of `Any (First Match)`
    t =   236.80s         Capturing element debug description
    t =   237.81s     Checking `Expect predicate `existsNoRetry == 1` for object Any (First Match)`
    t =   237.82s         Checking existence of `Any (First Match)`
    t =   237.83s         Capturing element debug description
    t =   238.85s     Checking `Expect predicate `existsNoRetry == 1` for object Any (First Match)`
    t =   238.85s         Checking existence of `Any (First Match)`
    t =   238.87s         Capturing element debug description
    t =   239.78s     Checking `Expect predicate `existsNoRetry == 1` for object Any (First Match)`
    t =   239.78s         Checking existence of `Any (First Match)`
    t =   239.80s         Capturing element debug description
    t =   240.81s     Checking `Expect predicate `existsNoRetry == 1` for object Any (First Match)`
    t =   240.81s         Checking existence of `Any (First Match)`
    t =   240.83s         Capturing element debug description
    t =   241.86s     Checking `Expect predicate `existsNoRetry == 1` for object Any (First Match)`
    t =   241.86s         Checking existence of `Any (First Match)`
    t =   241.88s         Capturing element debug description
    t =   241.88s     Checking existence of `Any (First Match)`
    t =   241.89s Collecting debug information to assist test failure triage
    t =   241.89s     Requesting snapshot of accessibility hierarchy for app with pid 47790
    t =   241.92s Checking existence of `Any (First Match)`
/Users/nstudio/Documents/github/NathanWalker/token-economics/harness/perf/uidriver/InteropCaptureTests.swift:24: error: -[UIDriverUITests.InteropCaptureTests testCaptureInteropResults] : failed - no INTEROPJSON element within 240s; last status: unknown
    t =   241.96s Tear Down
Test Case '-[UIDriverUITests.InteropCaptureTests testCaptureInteropResults]' failed (242.187 seconds).
Test Suite 'InteropCaptureTests' failed at 2026-08-01 21:11:03.248.
	 Executed 1 test, with 1 failure (0 unexpected) in 242.187 (242.189) seconds
Test Suite 'UIDriverUITests.xctest' failed at 2026-08-01 21:11:03.249.
	 Executed 2 tests, with 1 failure (0 unexpected) in 420.655 (420.662) seconds
Test Suite 'All tests' failed at 2026-08-01 21:11:03.250.
	 Executed 2 tests, with 1 failure (0 unexpected) in 420.655 (420.664) seconds
2026-08-01 21:11:12.393 xcodebuild[47672:30770689] [MT] IDETestOperationsObserverDebug: 431.376 elapsed -- Testing started completed.
2026-08-01 21:11:12.393 xcodebuild[47672:30770689] [MT] IDETestOperationsObserverDebug: 0.000 sec, +0.000 sec -- start
2026-08-01 21:11:12.393 xcodebuild[47672:30770689] [MT] IDETestOperationsObserverDebug: 431.376 sec, +431.376 sec -- end

Test session results, code coverage, and logs:
	/Users/nstudio/Library/Developer/Xcode/DerivedData/UIDriver-ekqcqbpucoqmcgbikewqdmafsmmj/Logs/Test/Test-UIDriver-2026.08.01_21-04-00--0700.xcresult

Failing tests:
	InteropCaptureTests.testCaptureInteropResults()

** TEST FAILED **

Testing started
