Command line invocation:
    /Applications/Xcode.app/Contents/Developer/usr/bin/xcodebuild test -project UIDriver.xcodeproj -scheme UIDriver -destination id=7DFF2660-A10C-449E-867A-92863D91663B

--- xcodebuild: WARNING: Using the first of multiple matching destinations:
{ platform:iOS Simulator, arch:arm64, id:7DFF2660-A10C-449E-867A-92863D91663B, OS:26.5, name:iPhone 17 Pro }
{ platform:iOS Simulator, arch:x86_64, id:7DFF2660-A10C-449E-867A-92863D91663B, OS:26.5, name:iPhone 17 Pro }
ComputePackagePrebuildTargetDependencyGraph

Prepare packages

CreateBuildRequest

SendProjectDescription

CreateBuildOperation

ComputeTargetDependencyGraph
note: Building targets in dependency order
note: Target dependency graph (1 target)
    Target 'UIDriverUITests' in project 'UIDriver' (no dependencies)

GatherProvisioningInputs

CreateBuildDescription

ClangStatCache /Applications/Xcode.app/Contents/Developer/Toolchains/XcodeDefault.xctoolchain/usr/bin/clang-stat-cache /Applications/Xcode.app/Contents/Developer/Platforms/iPhoneSimulator.platform/Developer/SDKs/iPhoneSimulator26.5.sdk /Users/nstudio/Library/Developer/Xcode/DerivedData/SDKStatCaches.noindex/iphonesimulator26.5-23F73-688ef53f1462e2c8f657fdc38a81448f6cfe768891a92b912361537c460fe42b.sdkstatcache
    cd /Users/nstudio/Documents/github/NathanWalker/token-economics/harness/perf/uidriver/UIDriver.xcodeproj
    /Applications/Xcode.app/Contents/Developer/Toolchains/XcodeDefault.xctoolchain/usr/bin/clang-stat-cache /Applications/Xcode.app/Contents/Developer/Platforms/iPhoneSimulator.platform/Developer/SDKs/iPhoneSimulator26.5.sdk -o /Users/nstudio/Library/Developer/Xcode/DerivedData/SDKStatCaches.noindex/iphonesimulator26.5-23F73-688ef53f1462e2c8f657fdc38a81448f6cfe768891a92b912361537c460fe42b.sdkstatcache

ProcessInfoPlistFile /Users/nstudio/Library/Developer/Xcode/DerivedData/UIDriver-ekqcqbpucoqmcgbikewqdmafsmmj/Build/Products/Debug-iphonesimulator/UIDriverUITests-Runner.app/PlugIns/UIDriverUITests.xctest/Info.plist /Users/nstudio/Library/Developer/Xcode/DerivedData/UIDriver-ekqcqbpucoqmcgbikewqdmafsmmj/Build/Intermediates.noindex/UIDriver.build/Debug-iphonesimulator/UIDriverUITests.build/empty-UIDriverUITests.plist (in target 'UIDriverUITests' from project 'UIDriver')
    cd /Users/nstudio/Documents/github/NathanWalker/token-economics/harness/perf/uidriver
    builtin-infoPlistUtility /Users/nstudio/Library/Developer/Xcode/DerivedData/UIDriver-ekqcqbpucoqmcgbikewqdmafsmmj/Build/Intermediates.noindex/UIDriver.build/Debug-iphonesimulator/UIDriverUITests.build/empty-UIDriverUITests.plist -producttype com.apple.product-type.bundle.ui-testing -expandbuildsettings -format binary -platform iphonesimulator -additionalcontentfile /Users/nstudio/Library/Developer/Xcode/DerivedData/UIDriver-ekqcqbpucoqmcgbikewqdmafsmmj/Build/Intermediates.noindex/UIDriver.build/Debug-iphonesimulator/UIDriverUITests.build/ProductTypeInfoPlistAdditions.plist -o /Users/nstudio/Library/Developer/Xcode/DerivedData/UIDriver-ekqcqbpucoqmcgbikewqdmafsmmj/Build/Products/Debug-iphonesimulator/UIDriverUITests-Runner.app/PlugIns/UIDriverUITests.xctest/Info.plist

CopySwiftLibs /Users/nstudio/Library/Developer/Xcode/DerivedData/UIDriver-ekqcqbpucoqmcgbikewqdmafsmmj/Build/Products/Debug-iphonesimulator/UIDriverUITests-Runner.app/PlugIns/UIDriverUITests.xctest (in target 'UIDriverUITests' from project 'UIDriver')
    cd /Users/nstudio/Documents/github/NathanWalker/token-economics/harness/perf/uidriver
    builtin-swiftStdLibTool --copy --verbose --scan-executable /Users/nstudio/Library/Developer/Xcode/DerivedData/UIDriver-ekqcqbpucoqmcgbikewqdmafsmmj/Build/Products/Debug-iphonesimulator/UIDriverUITests-Runner.app/PlugIns/UIDriverUITests.xctest/UIDriverUITests --scan-folder /Users/nstudio/Library/Developer/Xcode/DerivedData/UIDriver-ekqcqbpucoqmcgbikewqdmafsmmj/Build/Products/Debug-iphonesimulator/UIDriverUITests-Runner.app/PlugIns/UIDriverUITests.xctest/Frameworks --scan-folder /Users/nstudio/Library/Developer/Xcode/DerivedData/UIDriver-ekqcqbpucoqmcgbikewqdmafsmmj/Build/Products/Debug-iphonesimulator/UIDriverUITests-Runner.app/PlugIns/UIDriverUITests.xctest/PlugIns --scan-folder /Users/nstudio/Library/Developer/Xcode/DerivedData/UIDriver-ekqcqbpucoqmcgbikewqdmafsmmj/Build/Products/Debug-iphonesimulator/UIDriverUITests-Runner.app/PlugIns/UIDriverUITests.xctest/SystemExtensions --scan-folder /Users/nstudio/Library/Developer/Xcode/DerivedData/UIDriver-ekqcqbpucoqmcgbikewqdmafsmmj/Build/Products/Debug-iphonesimulator/UIDriverUITests-Runner.app/PlugIns/UIDriverUITests.xctest/Extensions --platform iphonesimulator --toolchain /var/run/com.apple.security.cryptexd/mnt/com.apple.MobileAsset.MetalToolchain-v17.6.42.0.xRBJyY/Metal.xctoolchain --toolchain /Applications/Xcode.app/Contents/Developer/Toolchains/XcodeDefault.xctoolchain --destination /Users/nstudio/Library/Developer/Xcode/DerivedData/UIDriver-ekqcqbpucoqmcgbikewqdmafsmmj/Build/Products/Debug-iphonesimulator/UIDriverUITests-Runner.app/PlugIns/UIDriverUITests.xctest/Frameworks --strip-bitcode --scan-executable /Applications/Xcode.app/Contents/Developer/Platforms/iPhoneSimulator.platform/Developer/usr/lib/libXCTestSwiftSupport.dylib --strip-bitcode-tool /Applications/Xcode.app/Contents/Developer/Toolchains/XcodeDefault.xctoolchain/usr/bin/bitcode_strip --emit-dependency-info /Users/nstudio/Library/Developer/Xcode/DerivedData/UIDriver-ekqcqbpucoqmcgbikewqdmafsmmj/Build/Intermediates.noindex/UIDriver.build/Debug-iphonesimulator/UIDriverUITests.build/SwiftStdLibToolInputDependencies.dep --filter-for-swift-os
Ignoring --strip-bitcode because --sign was not passed

2026-08-01 20:34:09.768624-0700 UIDriverUITests-Runner[46226:30704241] [Default] Running tests...
    t =      nans Interface orientation changed to Portrait
Test Suite 'All tests' started at 2026-08-01 20:34:10.335.
Test Suite 'UIDriverUITests.xctest' started at 2026-08-01 20:34:10.336.
Test Suite 'FeatureLatencyTests' started at 2026-08-01 20:34:10.336.
Test Case '-[UIDriverUITests.FeatureLatencyTests testFeatureLatencies]' started.
    t =     0.00s Start Test at 2026-08-01 20:34:10.336
    t =     0.02s Set Up
STEP[0s]: iter 0: launch com.nstudio.expobenchmark
    t =     0.02s Open com.nstudio.expobenchmark
    t =     0.02s     Launch com.nstudio.expobenchmark
    t =     0.12s         Setting up automation session
objc[46226]: Class UIAccessibilityLoaderWebShared is implemented in both /Library/Developer/CoreSimulator/Volumes/iOS_23F77/Library/Developer/CoreSimulator/Profiles/Runtimes/iOS 26.5.simruntime/Contents/Resources/RuntimeRoot/System/Library/AccessibilityBundles/WebCore.axbundle/WebCore (0x10826c310) and /Library/Developer/CoreSimulator/Volumes/iOS_23F77/Library/Developer/CoreSimulator/Profiles/Runtimes/iOS 26.5.simruntime/Contents/Resources/RuntimeRoot/System/Library/AccessibilityBundles/WebKit.axbundle/WebKit (0x108314398). This may cause spurious casting failures and mysterious crashes. One of the duplicates must be removed or renamed.
    t =     0.66s         Wait for com.nstudio.expobenchmark to idle
    t =     1.78s Checking existence of `"Health" Button`
    t =     1.82s Waiting 20.0s for Any (First Match) to exist
    t =     2.82s     Checking `Expect predicate `existsNoRetry == 1` for object Any (First Match)`
    t =     2.82s         Checking existence of `Any (First Match)`
STEP[2s]: iter 0: nav Health
    t =     2.84s Checking existence of `"Health" Button`
    t =     2.85s Tap Any (First Match)
    t =     2.85s     Wait for com.nstudio.expobenchmark to idle
    t =     2.86s     Find the Any (First Match)
    t =     2.87s     Check for interrupting elements affecting "Health" Other
    t =     2.89s     Synthesize event
    t =     3.18s     Wait for com.nstudio.expobenchmark to idle
    t =     3.99s Waiting 10.0s for Any (First Match) to exist
    t =     5.01s     Checking `Expect predicate `existsNoRetry == 1` for object Any (First Match)`
    t =     5.01s         Checking existence of `Any (First Match)`
    t =     5.04s Checking existence of `Any (First Match)`
    t =     5.05s Find the Any (First Match)
STEP[5s]: iter 0: HK authorize
    t =     5.06s Checking existence of `"Request Access" Button`
    t =     5.08s Checking existence of `Any (First Match)`
    t =     5.09s Find the Any (First Match)
    t =     5.10s Tap "Request Access" Other
    t =     5.10s     Wait for com.nstudio.expobenchmark to idle
    t =     5.10s     Find the "Request Access" Other
    t =     5.11s     Check for interrupting elements affecting "Request Access" Other
    t =     5.14s     Synthesize event
    t =     5.42s     Wait for com.nstudio.expobenchmark to idle
    t =     5.93s Waiting 3.0s for Any (First Match) to exist
    t =     6.99s     Checking `Expect predicate `existsNoRetry == 1` for object Any (First Match)`
    t =     6.99s         Checking existence of `Any (First Match)`
    t =     7.02s Find the Any (First Match)
STEP[7s]: health sheet(app): tap 'Turn On All'
    t =     7.06s Tap "Turn On All" StaticText
    t =     7.06s     Wait for com.nstudio.expobenchmark to idle
    t =     7.06s     Find the "Turn On All" StaticText
    t =     7.09s     Check for interrupting elements affecting "Turn On All" StaticText
    t =     7.12s     Synthesize event
    t =     7.42s     Wait for com.nstudio.expobenchmark to idle
    t =     7.43s Waiting 2.0s for "Allow" Button to exist
    t =     8.46s     Checking `Expect predicate `existsNoRetry == 1` for object "Allow" Button`
    t =     8.46s         Checking existence of `"Allow" Button`
    t =     8.50s Find the "Allow" Button
STEP[8s]: health sheet(app): confirm 'Allow'
    t =     8.53s Tap "UIA.Health.Allow.Button" Button
    t =     8.53s     Wait for com.nstudio.expobenchmark to idle
    t =     8.53s     Find the "UIA.Health.Allow.Button" Button
    t =     8.56s     Check for interrupting elements affecting "UIA.Health.Allow.Button" Button
    t =     8.58s     Synthesize event
    t =     8.87s     Wait for com.nstudio.expobenchmark to idle
    t =     8.88s Waiting 15.0s for Any (First Match) to exist
    t =     9.94s     Checking `Expect predicate `existsNoRetry == 1` for object Any (First Match)`
    t =     9.94s         Checking existence of `Any (First Match)`
    t =     9.97s Checking existence of `"Health access: not requested" StaticText`
    t =     9.98s Find the "Health access: not requested" StaticText
    t =     9.99s Waiting 15.0s for Any (First Match) to exist
    t =    11.04s     Checking `Expect predicate `existsNoRetry == 1` for object Any (First Match)`
    t =    11.04s         Checking existence of `Any (First Match)`
    t =    11.07s Checking existence of `Any (First Match)`
    t =    11.08s Find the Any (First Match)
    t =    11.09s Checking existence of `"Log 500 Steps" Button`
    t =    11.11s Checking existence of `Any (First Match)`
    t =    11.12s Find the Any (First Match)
STEP[11s]: iter 0: log 500
    t =    11.13s Tap "Log 500 Steps" Other
    t =    11.13s     Wait for com.nstudio.expobenchmark to idle
    t =    11.13s     Find the "Log 500 Steps" Other
    t =    11.15s     Check for interrupting elements affecting "Log 500 Steps" Other
    t =    11.17s     Synthesize event
    t =    11.46s     Wait for com.nstudio.expobenchmark to idle
    t =    11.47s Checking existence of `"Sat Aug 1 — 30,500 steps (today)" StaticText`
    t =    11.49s Find the "Sat Aug 1 — 30,500 steps (today)" StaticText
    t =    11.50s Checking existence of `"Sat Aug 1 — 31,000 steps (today)" StaticText`
STEP[11s]: iter 0: go home
    t =    11.52s Checking existence of `"Transcribe" Button`
    t =    11.53s Checking existence of `"Health" Button`
    t =    11.54s Checking existence of `Any (First Match)`
    t =    11.55s Checking existence of `Button (Element at index 0)`
    t =    11.56s Find the Button (Element at index 0)
STEP[11s]: goHome: tapping candidate 0
    t =    11.58s Tap "BackButton" Button
    t =    11.58s     Wait for com.nstudio.expobenchmark to idle
    t =    11.59s     Find the "BackButton" Button
    t =    11.60s     Check for interrupting elements affecting "BackButton" Button
    t =    11.61s     Synthesize event
    t =    11.90s     Wait for com.nstudio.expobenchmark to idle
    t =    12.24s Checking existence of `"Transcribe" Button`
    t =    12.25s Waiting 3.0s for Any (First Match) to exist
    t =    13.28s     Checking `Expect predicate `existsNoRetry == 1` for object Any (First Match)`
    t =    13.28s         Checking existence of `Any (First Match)`
STEP[13s]: iter 0: nav Transcribe
    t =    13.30s Checking existence of `"Transcribe" Button`
    t =    13.31s Tap Any (First Match)
    t =    13.31s     Wait for com.nstudio.expobenchmark to idle
    t =    13.31s     Find the Any (First Match)
    t =    13.32s     Check for interrupting elements affecting "Transcribe" Other
    t =    13.34s     Synthesize event
    t =    13.63s     Wait for com.nstudio.expobenchmark to idle
    t =    14.41s Waiting 10.0s for Any (First Match) to exist
    t =    15.47s     Checking `Expect predicate `existsNoRetry == 1` for object Any (First Match)`
    t =    15.47s         Checking existence of `Any (First Match)`
    t =    15.49s Checking existence of `Any (First Match)`
    t =    15.51s Find the Any (First Match)
STEP[15s]: iter 0: speech authorize
    t =    15.52s Checking existence of `"Request Access" Button`
    t =    15.53s Checking existence of `Any (First Match)`
    t =    15.54s Find the Any (First Match)
    t =    15.55s Tap "Request Access" Other
    t =    15.55s     Wait for com.nstudio.expobenchmark to idle
    t =    15.55s     Find the "Request Access" Other
    t =    15.57s     Check for interrupting elements affecting "Request Access" Other
    t =    15.59s     Synthesize event
    t =    15.87s     Wait for com.nstudio.expobenchmark to idle
    t =    15.88s Waiting 3.0s for "Allow" Button to exist
    t =    16.93s     Checking `Expect predicate `existsNoRetry == 1` for object "Allow" Button`
    t =    16.93s         Checking existence of `"Allow" Button`
STEP[16s]: system alert: 'Allow'
    t =    16.97s Tap "Allow" Button
    t =    16.97s     Wait for com.apple.springboard to idle
    t =    16.97s     Find the "Allow" Button
    t =    16.99s     Check for interrupting elements affecting "Allow" Button
    t =    17.02s     Synthesize event
    t =    17.31s     Wait for com.apple.springboard to idle
    t =    17.55s Waiting 15.0s for Any (First Match) to exist
    t =    18.61s     Checking `Expect predicate `existsNoRetry == 1` for object Any (First Match)`
    t =    18.61s         Checking existence of `Any (First Match)`
    t =    18.64s Checking existence of `"Speech access: not requested" StaticText`
    t =    18.65s Find the "Speech access: not requested" StaticText
    t =    18.66s Checking existence of `"Transcribe Sample" Button`
    t =    18.67s Checking existence of `Any (First Match)`
    t =    18.68s Find the Any (First Match)
STEP[18s]: iter 0: transcribe
    t =    18.70s Tap "Transcribe Sample" Other
    t =    18.70s     Wait for com.nstudio.expobenchmark to idle
    t =    18.70s     Find the "Transcribe Sample" Other
    t =    18.71s     Check for interrupting elements affecting "Transcribe Sample" Other
    t =    18.73s     Synthesize event
    t =    19.01s     Wait for com.nstudio.expobenchmark to idle
    t =    19.02s Waiting 45.0s for Any (First Match) to exist
    t =    20.06s     Checking `Expect predicate `existsNoRetry == 1` for object Any (First Match)`
    t =    20.06s         Checking existence of `Any (First Match)`
    t =    20.09s         Capturing element debug description
    t =    21.02s     Checking `Expect predicate `existsNoRetry == 1` for object Any (First Match)`
    t =    21.03s         Checking existence of `Any (First Match)`
    t =    21.05s         Capturing element debug description
    t =    22.09s     Checking `Expect predicate `existsNoRetry == 1` for object Any (First Match)`
    t =    22.09s         Checking existence of `Any (First Match)`
    t =    22.11s         Capturing element debug description
    t =    23.06s     Checking `Expect predicate `existsNoRetry == 1` for object Any (First Match)`
    t =    23.06s         Checking existence of `Any (First Match)`
    t =    23.09s         Capturing element debug description
    t =    24.02s     Checking `Expect predicate `existsNoRetry == 1` for object Any (First Match)`
    t =    24.02s         Checking existence of `Any (First Match)`
    t =    24.05s         Capturing element debug description
    t =    25.07s     Checking `Expect predicate `existsNoRetry == 1` for object Any (First Match)`
    t =    25.08s         Checking existence of `Any (First Match)`
    t =    25.10s         Capturing element debug description
    t =    26.04s     Checking `Expect predicate `existsNoRetry == 1` for object Any (First Match)`
    t =    26.05s         Checking existence of `Any (First Match)`
    t =    26.07s         Capturing element debug description
    t =    27.08s     Checking `Expect predicate `existsNoRetry == 1` for object Any (First Match)`
    t =    27.08s         Checking existence of `Any (First Match)`
    t =    27.10s         Capturing element debug description
    t =    28.04s     Checking `Expect predicate `existsNoRetry == 1` for object Any (First Match)`
    t =    28.05s         Checking existence of `Any (First Match)`
    t =    28.07s         Capturing element debug description
    t =    29.02s     Checking `Expect predicate `existsNoRetry == 1` for object Any (First Match)`
    t =    29.02s         Checking existence of `Any (First Match)`
    t =    29.05s         Capturing element debug description
    t =    30.07s     Checking `Expect predicate `existsNoRetry == 1` for object Any (First Match)`
    t =    30.07s         Checking existence of `Any (First Match)`
    t =    30.09s         Capturing element debug description
    t =    31.02s     Checking `Expect predicate `existsNoRetry == 1` for object Any (First Match)`
    t =    31.02s         Checking existence of `Any (First Match)`
    t =    31.04s         Capturing element debug description
    t =    32.07s     Checking `Expect predicate `existsNoRetry == 1` for object Any (First Match)`
    t =    32.07s         Checking existence of `Any (First Match)`
    t =    32.10s         Capturing element debug description
    t =    33.02s     Checking `Expect predicate `existsNoRetry == 1` for object Any (First Match)`
    t =    33.02s         Checking existence of `Any (First Match)`
    t =    33.05s         Capturing element debug description
    t =    34.07s     Checking `Expect predicate `existsNoRetry == 1` for object Any (First Match)`
    t =    34.07s         Checking existence of `Any (First Match)`
    t =    34.10s         Capturing element debug description
    t =    35.03s     Checking `Expect predicate `existsNoRetry == 1` for object Any (First Match)`
    t =    35.03s         Checking existence of `Any (First Match)`
    t =    35.05s         Capturing element debug description
    t =    36.06s     Checking `Expect predicate `existsNoRetry == 1` for object Any (First Match)`
    t =    36.07s         Checking existence of `Any (First Match)`
    t =    36.09s         Capturing element debug description
    t =    37.02s     Checking `Expect predicate `existsNoRetry == 1` for object Any (First Match)`
    t =    37.02s         Checking existence of `Any (First Match)`
    t =    37.05s         Capturing element debug description
    t =    38.07s     Checking `Expect predicate `existsNoRetry == 1` for object Any (First Match)`
    t =    38.07s         Checking existence of `Any (First Match)`
    t =    38.09s         Capturing element debug description
    t =    39.02s     Checking `Expect predicate `existsNoRetry == 1` for object Any (First Match)`
    t =    39.02s         Checking existence of `Any (First Match)`
    t =    39.05s         Capturing element debug description
    t =    40.07s     Checking `Expect predicate `existsNoRetry == 1` for object Any (First Match)`
    t =    40.07s         Checking existence of `Any (First Match)`
    t =    40.10s         Capturing element debug description
    t =    41.03s     Checking `Expect predicate `existsNoRetry == 1` for object Any (First Match)`
    t =    41.03s         Checking existence of `Any (First Match)`
    t =    41.05s         Capturing element debug description
    t =    42.08s     Checking `Expect predicate `existsNoRetry == 1` for object Any (First Match)`
    t =    42.08s         Checking existence of `Any (First Match)`
    t =    42.10s         Capturing element debug description
    t =    43.03s     Checking `Expect predicate `existsNoRetry == 1` for object Any (First Match)`
    t =    43.03s         Checking existence of `Any (First Match)`
    t =    43.05s         Capturing element debug description
    t =    44.08s     Checking `Expect predicate `existsNoRetry == 1` for object Any (First Match)`
    t =    44.08s         Checking existence of `Any (First Match)`
    t =    44.11s         Capturing element debug description
    t =    45.06s     Checking `Expect predicate `existsNoRetry == 1` for object Any (First Match)`
    t =    45.06s         Checking existence of `Any (First Match)`
    t =    45.07s         Capturing element debug description
    t =    46.11s     Checking `Expect predicate `existsNoRetry == 1` for object Any (First Match)`
    t =    46.11s         Checking existence of `Any (First Match)`
    t =    46.14s         Capturing element debug description
    t =    47.07s     Checking `Expect predicate `existsNoRetry == 1` for object Any (First Match)`
    t =    47.07s         Checking existence of `Any (First Match)`
    t =    47.10s         Capturing element debug description
    t =    48.02s     Checking `Expect predicate `existsNoRetry == 1` for object Any (First Match)`
    t =    48.02s         Checking existence of `Any (First Match)`
    t =    48.05s         Capturing element debug description
    t =    49.08s     Checking `Expect predicate `existsNoRetry == 1` for object Any (First Match)`
    t =    49.08s         Checking existence of `Any (First Match)`
    t =    49.10s         Capturing element debug description
    t =    50.05s     Checking `Expect predicate `existsNoRetry == 1` for object Any (First Match)`
    t =    50.05s         Checking existence of `Any (First Match)`
    t =    50.07s         Capturing element debug description
    t =    51.11s     Checking `Expect predicate `existsNoRetry == 1` for object Any (First Match)`
    t =    51.11s         Checking existence of `Any (First Match)`
    t =    51.14s         Capturing element debug description
    t =    52.07s     Checking `Expect predicate `existsNoRetry == 1` for object Any (First Match)`
    t =    52.07s         Checking existence of `Any (First Match)`
    t =    52.10s         Capturing element debug description
    t =    53.05s     Checking `Expect predicate `existsNoRetry == 1` for object Any (First Match)`
    t =    53.05s         Checking existence of `Any (First Match)`
    t =    53.07s         Capturing element debug description
    t =    54.11s     Checking `Expect predicate `existsNoRetry == 1` for object Any (First Match)`
    t =    54.11s         Checking existence of `Any (First Match)`
    t =    54.14s         Capturing element debug description
    t =    55.07s     Checking `Expect predicate `existsNoRetry == 1` for object Any (First Match)`
    t =    55.07s         Checking existence of `Any (First Match)`
    t =    55.10s         Capturing element debug description
    t =    56.04s     Checking `Expect predicate `existsNoRetry == 1` for object Any (First Match)`
    t =    56.05s         Checking existence of `Any (First Match)`
    t =    56.07s         Capturing element debug description
    t =    57.02s     Checking `Expect predicate `existsNoRetry == 1` for object Any (First Match)`
    t =    57.02s         Checking existence of `Any (First Match)`
    t =    57.05s         Capturing element debug description
    t =    58.07s     Checking `Expect predicate `existsNoRetry == 1` for object Any (First Match)`
    t =    58.07s         Checking existence of `Any (First Match)`
    t =    58.08s         Capturing element debug description
    t =    59.03s     Checking `Expect predicate `existsNoRetry == 1` for object Any (First Match)`
    t =    59.03s         Checking existence of `Any (First Match)`
    t =    59.05s         Capturing element debug description
    t =    60.07s     Checking `Expect predicate `existsNoRetry == 1` for object Any (First Match)`
    t =    60.07s         Checking existence of `Any (First Match)`
    t =    60.10s         Capturing element debug description
    t =    61.02s     Checking `Expect predicate `existsNoRetry == 1` for object Any (First Match)`
    t =    61.02s         Checking existence of `Any (First Match)`
    t =    61.05s         Capturing element debug description
    t =    62.06s     Checking `Expect predicate `existsNoRetry == 1` for object Any (First Match)`
    t =    62.07s         Checking existence of `Any (First Match)`
    t =    62.09s         Capturing element debug description
    t =    63.03s     Checking `Expect predicate `existsNoRetry == 1` for object Any (First Match)`
    t =    63.03s         Checking existence of `Any (First Match)`
    t =    63.06s         Capturing element debug description
    t =    64.02s     Checking `Expect predicate `existsNoRetry == 1` for object Any (First Match)`
    t =    64.02s         Checking existence of `Any (First Match)`
    t =    64.05s         Capturing element debug description
    t =    64.05s     Checking existence of `Any (First Match)`
    t =    64.06s Collecting debug information to assist test failure triage
    t =    64.06s     Requesting snapshot of accessibility hierarchy for app with pid 46233
    t =    64.08s Checking existence of `Any (First Match)`
    t =    64.09s Checking existence of `Any (First Match)`
    t =    64.10s Checking existence of `Any (First Match)`
    t =    64.11s Find the Any (First Match)
STEP[64s]: iter 0: done
    t =    64.12s Terminate com.nstudio.expobenchmark:46233
STEP[65s]: iter 1: launch com.nstudio.expobenchmark
    t =    65.20s Open com.nstudio.expobenchmark
    t =    65.20s     Launch com.nstudio.expobenchmark
    t =    65.31s         Setting up automation session
    t =    65.81s         Wait for com.nstudio.expobenchmark to idle
    t =    66.93s Checking existence of `"Health" Button`
    t =    66.97s Waiting 20.0s for Any (First Match) to exist
    t =    68.00s     Checking `Expect predicate `existsNoRetry == 1` for object Any (First Match)`
    t =    68.00s         Checking existence of `Any (First Match)`
STEP[68s]: iter 1: nav Health
    t =    68.02s Checking existence of `"Health" Button`
    t =    68.03s Tap Any (First Match)
    t =    68.03s     Wait for com.nstudio.expobenchmark to idle
    t =    68.04s     Find the Any (First Match)
    t =    68.05s     Check for interrupting elements affecting "Health" Other
    t =    68.07s     Synthesize event
    t =    68.35s     Wait for com.nstudio.expobenchmark to idle
    t =    69.17s Waiting 10.0s for Any (First Match) to exist
    t =    70.22s     Checking `Expect predicate `existsNoRetry == 1` for object Any (First Match)`
    t =    70.22s         Checking existence of `Any (First Match)`
    t =    70.25s Checking existence of `Any (First Match)`
    t =    70.27s Find the Any (First Match)
    t =    70.28s Checking existence of `"Health access: granted" StaticText`
    t =    70.29s Find the "Health access: granted" StaticText
    t =    70.30s Waiting 15.0s for Any (First Match) to exist
    t =    71.34s     Checking `Expect predicate `existsNoRetry == 1` for object Any (First Match)`
    t =    71.34s         Checking existence of `Any (First Match)`
    t =    71.37s Checking existence of `Any (First Match)`
    t =    71.38s Find the Any (First Match)
    t =    71.39s Checking existence of `"Log 500 Steps" Button`
    t =    71.41s Checking existence of `Any (First Match)`
    t =    71.42s Find the Any (First Match)
STEP[71s]: iter 1: log 500
    t =    71.44s Tap "Log 500 Steps" Other
    t =    71.44s     Wait for com.nstudio.expobenchmark to idle
    t =    71.44s     Find the "Log 500 Steps" Other
    t =    71.45s     Check for interrupting elements affecting "Log 500 Steps" Other
    t =    71.47s     Synthesize event
    t =    71.76s     Wait for com.nstudio.expobenchmark to idle
    t =    71.77s Checking existence of `"Sat Aug 1 — 31,000 steps (today)" StaticText`
    t =    71.79s Find the "Sat Aug 1 — 31,000 steps (today)" StaticText
    t =    71.81s Checking existence of `"Sat Aug 1 — 31,500 steps (today)" StaticText`
STEP[71s]: iter 1: go home
    t =    71.82s Checking existence of `"Transcribe" Button`
    t =    71.83s Checking existence of `"Health" Button`
    t =    71.84s Checking existence of `Any (First Match)`
    t =    71.86s Checking existence of `Button (Element at index 0)`
    t =    71.87s Find the Button (Element at index 0)
STEP[71s]: goHome: tapping candidate 0
    t =    71.89s Tap "BackButton" Button
    t =    71.89s     Wait for com.nstudio.expobenchmark to idle
    t =    71.89s     Find the "BackButton" Button
    t =    71.90s     Check for interrupting elements affecting "BackButton" Button
    t =    71.91s     Synthesize event
    t =    72.20s     Wait for com.nstudio.expobenchmark to idle
    t =    72.52s Checking existence of `"Transcribe" Button`
    t =    72.53s Waiting 3.0s for Any (First Match) to exist
    t =    73.57s     Checking `Expect predicate `existsNoRetry == 1` for object Any (First Match)`
    t =    73.57s         Checking existence of `Any (First Match)`
STEP[73s]: iter 1: nav Transcribe
    t =    73.59s Checking existence of `"Transcribe" Button`
    t =    73.61s Tap Any (First Match)
    t =    73.61s     Wait for com.nstudio.expobenchmark to idle
    t =    73.61s     Find the Any (First Match)
    t =    73.62s     Check for interrupting elements affecting "Transcribe" Other
    t =    73.64s     Synthesize event
    t =    73.92s     Wait for com.nstudio.expobenchmark to idle
    t =    74.73s Waiting 10.0s for Any (First Match) to exist
    t =    75.80s     Checking `Expect predicate `existsNoRetry == 1` for object Any (First Match)`
    t =    75.80s         Checking existence of `Any (First Match)`
    t =    75.82s Checking existence of `Any (First Match)`
    t =    75.84s Find the Any (First Match)
    t =    75.85s Checking existence of `"Speech access: granted" StaticText`
    t =    75.86s Find the "Speech access: granted" StaticText
    t =    75.87s Checking existence of `"Transcribe Sample" Button`
    t =    75.88s Checking existence of `Any (First Match)`
    t =    75.89s Find the Any (First Match)
STEP[75s]: iter 1: transcribe
    t =    75.90s Tap "Transcribe Sample" Other
    t =    75.90s     Wait for com.nstudio.expobenchmark to idle
    t =    75.90s     Find the "Transcribe Sample" Other
    t =    75.92s     Check for interrupting elements affecting "Transcribe Sample" Other
    t =    75.94s     Synthesize event
    t =    76.23s     Wait for com.nstudio.expobenchmark to idle
    t =    76.23s Waiting 45.0s for Any (First Match) to exist
    t =    77.25s     Checking `Expect predicate `existsNoRetry == 1` for object Any (First Match)`
    t =    77.25s         Checking existence of `Any (First Match)`
    t =    77.27s         Capturing element debug description
    t =    78.31s     Checking `Expect predicate `existsNoRetry == 1` for object Any (First Match)`
    t =    78.31s         Checking existence of `Any (First Match)`
    t =    78.32s         Capturing element debug description
    t =    79.24s     Checking `Expect predicate `existsNoRetry == 1` for object Any (First Match)`
    t =    79.25s         Checking existence of `Any (First Match)`
    t =    79.27s         Capturing element debug description
    t =    80.31s     Checking `Expect predicate `existsNoRetry == 1` for object Any (First Match)`
    t =    80.31s         Checking existence of `Any (First Match)`
    t =    80.34s         Capturing element debug description
    t =    81.24s     Checking `Expect predicate `existsNoRetry == 1` for object Any (First Match)`
    t =    81.25s         Checking existence of `Any (First Match)`
    t =    81.27s         Capturing element debug description
    t =    82.31s     Checking `Expect predicate `existsNoRetry == 1` for object Any (First Match)`
    t =    82.31s         Checking existence of `Any (First Match)`
    t =    82.34s         Capturing element debug description
    t =    83.28s     Checking `Expect predicate `existsNoRetry == 1` for object Any (First Match)`
    t =    83.28s         Checking existence of `Any (First Match)`
    t =    83.30s         Capturing element debug description
    t =    84.24s     Checking `Expect predicate `existsNoRetry == 1` for object Any (First Match)`
    t =    84.25s         Checking existence of `Any (First Match)`
    t =    84.27s         Capturing element debug description
    t =    85.32s     Checking `Expect predicate `existsNoRetry == 1` for object Any (First Match)`
    t =    85.32s         Checking existence of `Any (First Match)`
    t =    85.34s         Capturing element debug description
    t =    86.27s     Checking `Expect predicate `existsNoRetry == 1` for object Any (First Match)`
    t =    86.27s         Checking existence of `Any (First Match)`
    t =    86.30s         Capturing element debug description
    t =    87.24s     Checking `Expect predicate `existsNoRetry == 1` for object Any (First Match)`
    t =    87.24s         Checking existence of `Any (First Match)`
    t =    87.27s         Capturing element debug description
    t =    88.27s     Checking `Expect predicate `existsNoRetry == 1` for object Any (First Match)`
    t =    88.27s         Checking existence of `Any (First Match)`
    t =    88.30s         Capturing element debug description
    t =    89.24s     Checking `Expect predicate `existsNoRetry == 1` for object Any (First Match)`
    t =    89.24s         Checking existence of `Any (First Match)`
    t =    89.26s         Capturing element debug description
    t =    90.28s     Checking `Expect predicate `existsNoRetry == 1` for object Any (First Match)`
    t =    90.28s         Checking existence of `Any (First Match)`
    t =    90.30s         Capturing element debug description
    t =    91.24s     Checking `Expect predicate `existsNoRetry == 1` for object Any (First Match)`
    t =    91.25s         Checking existence of `Any (First Match)`
    t =    91.27s         Capturing element debug description
    t =    92.31s     Checking `Expect predicate `existsNoRetry == 1` for object Any (First Match)`
    t =    92.31s         Checking existence of `Any (First Match)`
    t =    92.34s         Capturing element debug description
    t =    93.28s     Checking `Expect predicate `existsNoRetry == 1` for object Any (First Match)`
    t =    93.28s         Checking existence of `Any (First Match)`
    t =    93.30s         Capturing element debug description
    t =    94.24s     Checking `Expect predicate `existsNoRetry == 1` for object Any (First Match)`
    t =    94.24s         Checking existence of `Any (First Match)`
    t =    94.26s         Capturing element debug description
    t =    95.28s     Checking `Expect predicate `existsNoRetry == 1` for object Any (First Match)`
    t =    95.28s         Checking existence of `Any (First Match)`
    t =    95.30s         Capturing element debug description
    t =    96.24s     Checking `Expect predicate `existsNoRetry == 1` for object Any (First Match)`
    t =    96.24s         Checking existence of `Any (First Match)`
    t =    96.26s         Capturing element debug description
    t =    97.32s     Checking `Expect predicate `existsNoRetry == 1` for object Any (First Match)`
    t =    97.32s         Checking existence of `Any (First Match)`
    t =    97.34s         Capturing element debug description
    t =    98.26s     Checking `Expect predicate `existsNoRetry == 1` for object Any (First Match)`
    t =    98.26s         Checking existence of `Any (First Match)`
    t =    98.29s         Capturing element debug description
    t =    99.23s     Checking `Expect predicate `existsNoRetry == 1` for object Any (First Match)`
    t =    99.24s         Checking existence of `Any (First Match)`
    t =    99.26s         Capturing element debug description
    t =   100.29s     Checking `Expect predicate `existsNoRetry == 1` for object Any (First Match)`
    t =   100.29s         Checking existence of `Any (First Match)`
    t =   100.32s         Capturing element debug description
    t =   101.25s     Checking `Expect predicate `existsNoRetry == 1` for object Any (First Match)`
    t =   101.25s         Checking existence of `Any (First Match)`
    t =   101.27s         Capturing element debug description
    t =   102.31s     Checking `Expect predicate `existsNoRetry == 1` for object Any (First Match)`
    t =   102.31s         Checking existence of `Any (First Match)`
    t =   102.34s         Capturing element debug description
    t =   103.26s     Checking `Expect predicate `existsNoRetry == 1` for object Any (First Match)`
    t =   103.26s         Checking existence of `Any (First Match)`
    t =   103.29s         Capturing element debug description
    t =   104.31s     Checking `Expect predicate `existsNoRetry == 1` for object Any (First Match)`
    t =   104.31s         Checking existence of `Any (First Match)`
    t =   104.34s         Capturing element debug description
    t =   105.28s     Checking `Expect predicate `existsNoRetry == 1` for object Any (First Match)`
    t =   105.28s         Checking existence of `Any (First Match)`
    t =   105.30s         Capturing element debug description
    t =   106.23s     Checking `Expect predicate `existsNoRetry == 1` for object Any (First Match)`
    t =   106.24s         Checking existence of `Any (First Match)`
    t =   106.26s         Capturing element debug description
    t =   107.29s     Checking `Expect predicate `existsNoRetry == 1` for object Any (First Match)`
    t =   107.30s         Checking existence of `Any (First Match)`
    t =   107.32s         Capturing element debug description
    t =   108.26s     Checking `Expect predicate `existsNoRetry == 1` for object Any (First Match)`
    t =   108.26s         Checking existence of `Any (First Match)`
    t =   108.29s         Capturing element debug description
    t =   109.23s     Checking `Expect predicate `existsNoRetry == 1` for object Any (First Match)`
    t =   109.23s         Checking existence of `Any (First Match)`
    t =   109.26s         Capturing element debug description
    t =   110.29s     Checking `Expect predicate `existsNoRetry == 1` for object Any (First Match)`
    t =   110.30s         Checking existence of `Any (First Match)`
    t =   110.32s         Capturing element debug description
    t =   111.26s     Checking `Expect predicate `existsNoRetry == 1` for object Any (First Match)`
    t =   111.26s         Checking existence of `Any (First Match)`
    t =   111.29s         Capturing element debug description
    t =   112.24s     Checking `Expect predicate `existsNoRetry == 1` for object Any (First Match)`
    t =   112.24s         Checking existence of `Any (First Match)`
    t =   112.26s         Capturing element debug description
    t =   113.31s     Checking `Expect predicate `existsNoRetry == 1` for object Any (First Match)`
    t =   113.31s         Checking existence of `Any (First Match)`
    t =   113.34s         Capturing element debug description
    t =   114.25s     Checking `Expect predicate `existsNoRetry == 1` for object Any (First Match)`
    t =   114.25s         Checking existence of `Any (First Match)`
    t =   114.27s         Capturing element debug description
    t =   115.33s     Checking `Expect predicate `existsNoRetry == 1` for object Any (First Match)`
    t =   115.33s         Checking existence of `Any (First Match)`
    t =   115.36s         Capturing element debug description
    t =   116.26s     Checking `Expect predicate `existsNoRetry == 1` for object Any (First Match)`
    t =   116.26s         Checking existence of `Any (First Match)`
    t =   116.29s         Capturing element debug description
    t =   117.24s     Checking `Expect predicate `existsNoRetry == 1` for object Any (First Match)`
    t =   117.24s         Checking existence of `Any (First Match)`
    t =   117.26s         Capturing element debug description
    t =   118.26s     Checking `Expect predicate `existsNoRetry == 1` for object Any (First Match)`
    t =   118.26s         Checking existence of `Any (First Match)`
    t =   118.29s         Capturing element debug description
    t =   119.23s     Checking `Expect predicate `existsNoRetry == 1` for object Any (First Match)`
    t =   119.23s         Checking existence of `Any (First Match)`
    t =   119.24s         Capturing element debug description
    t =   120.28s     Checking `Expect predicate `existsNoRetry == 1` for object Any (First Match)`
    t =   120.28s         Checking existence of `Any (First Match)`
    t =   120.30s         Capturing element debug description
    t =   121.24s     Checking `Expect predicate `existsNoRetry == 1` for object Any (First Match)`
    t =   121.25s         Checking existence of `Any (First Match)`
    t =   121.27s         Capturing element debug description
    t =   121.27s     Checking existence of `Any (First Match)`
    t =   121.28s Collecting debug information to assist test failure triage
    t =   121.29s     Requesting snapshot of accessibility hierarchy for app with pid 46273
    t =   121.31s Checking existence of `Any (First Match)`
    t =   121.32s Checking existence of `Any (First Match)`
    t =   121.32s Checking existence of `Any (First Match)`
    t =   121.33s Find the Any (First Match)
STEP[121s]: iter 1: done
    t =   121.34s Terminate com.nstudio.expobenchmark:46273
STEP[122s]: iter 2: launch com.nstudio.expobenchmark
    t =   122.42s Open com.nstudio.expobenchmark
    t =   122.42s     Launch com.nstudio.expobenchmark
    t =   122.53s         Setting up automation session
    t =   123.04s         Wait for com.nstudio.expobenchmark to idle
    t =   124.16s Checking existence of `"Health" Button`
    t =   124.20s Waiting 20.0s for Any (First Match) to exist
    t =   125.23s     Checking `Expect predicate `existsNoRetry == 1` for object Any (First Match)`
    t =   125.23s         Checking existence of `Any (First Match)`
STEP[125s]: iter 2: nav Health
    t =   125.26s Checking existence of `"Health" Button`
    t =   125.27s Tap Any (First Match)
    t =   125.27s     Wait for com.nstudio.expobenchmark to idle
    t =   125.27s     Find the Any (First Match)
    t =   125.28s     Check for interrupting elements affecting "Health" Other
    t =   125.30s     Synthesize event
    t =   125.59s     Wait for com.nstudio.expobenchmark to idle
    t =   126.41s Waiting 10.0s for Any (First Match) to exist
    t =   127.45s     Checking `Expect predicate `existsNoRetry == 1` for object Any (First Match)`
    t =   127.45s         Checking existence of `Any (First Match)`
    t =   127.48s Checking existence of `Any (First Match)`
    t =   127.49s Find the Any (First Match)
    t =   127.51s Checking existence of `"Health access: granted" StaticText`
    t =   127.52s Find the "Health access: granted" StaticText
    t =   127.53s Waiting 15.0s for Any (First Match) to exist
    t =   128.55s     Checking `Expect predicate `existsNoRetry == 1` for object Any (First Match)`
    t =   128.55s         Checking existence of `Any (First Match)`
    t =   128.57s Checking existence of `Any (First Match)`
    t =   128.59s Find the Any (First Match)
    t =   128.60s Checking existence of `"Log 500 Steps" Button`
    t =   128.62s Checking existence of `Any (First Match)`
    t =   128.63s Find the Any (First Match)
STEP[128s]: iter 2: log 500
    t =   128.64s Tap "Log 500 Steps" Other
    t =   128.64s     Wait for com.nstudio.expobenchmark to idle
    t =   128.65s     Find the "Log 500 Steps" Other
    t =   128.66s     Check for interrupting elements affecting "Log 500 Steps" Other
    t =   128.68s     Synthesize event
    t =   128.98s     Wait for com.nstudio.expobenchmark to idle
    t =   128.99s Checking existence of `"Sat Aug 1 — 31,500 steps (today)" StaticText`
    t =   129.01s Find the "Sat Aug 1 — 31,500 steps (today)" StaticText
    t =   129.02s Checking existence of `"Sat Aug 1 — 32,000 steps (today)" StaticText`
STEP[129s]: iter 2: go home
    t =   129.03s Checking existence of `"Transcribe" Button`
    t =   129.05s Checking existence of `"Health" Button`
    t =   129.06s Checking existence of `Any (First Match)`
    t =   129.07s Checking existence of `Button (Element at index 0)`
    t =   129.08s Find the Button (Element at index 0)
STEP[129s]: goHome: tapping candidate 0
    t =   129.10s Tap "BackButton" Button
    t =   129.10s     Wait for com.nstudio.expobenchmark to idle
    t =   129.11s     Find the "BackButton" Button
    t =   129.12s     Check for interrupting elements affecting "BackButton" Button
    t =   129.13s     Synthesize event
    t =   129.42s     Wait for com.nstudio.expobenchmark to idle
    t =   129.74s Checking existence of `"Transcribe" Button`
    t =   129.75s Waiting 3.0s for Any (First Match) to exist
    t =   130.80s     Checking `Expect predicate `existsNoRetry == 1` for object Any (First Match)`
    t =   130.80s         Checking existence of `Any (First Match)`
STEP[130s]: iter 2: nav Transcribe
    t =   130.82s Checking existence of `"Transcribe" Button`
    t =   130.83s Tap Any (First Match)
    t =   130.83s     Wait for com.nstudio.expobenchmark to idle
    t =   130.83s     Find the Any (First Match)
    t =   130.84s     Check for interrupting elements affecting "Transcribe" Other
    t =   130.86s     Synthesize event
    t =   131.16s     Wait for com.nstudio.expobenchmark to idle
    t =   131.96s Waiting 10.0s for Any (First Match) to exist
    t =   133.00s     Checking `Expect predicate `existsNoRetry == 1` for object Any (First Match)`
    t =   133.00s         Checking existence of `Any (First Match)`
    t =   133.02s Checking existence of `Any (First Match)`
    t =   133.04s Find the Any (First Match)
    t =   133.05s Checking existence of `"Speech access: granted" StaticText`
    t =   133.06s Find the "Speech access: granted" StaticText
    t =   133.07s Checking existence of `"Transcribe Sample" Button`
    t =   133.08s Checking existence of `Any (First Match)`
    t =   133.09s Find the Any (First Match)
STEP[133s]: iter 2: transcribe
    t =   133.10s Tap "Transcribe Sample" Other
    t =   133.10s     Wait for com.nstudio.expobenchmark to idle
    t =   133.10s     Find the "Transcribe Sample" Other
    t =   133.11s     Check for interrupting elements affecting "Transcribe Sample" Other
    t =   133.14s     Synthesize event
    t =   133.43s     Wait for com.nstudio.expobenchmark to idle
    t =   133.43s Waiting 45.0s for Any (First Match) to exist
    t =   134.44s     Checking `Expect predicate `existsNoRetry == 1` for object Any (First Match)`
    t =   134.45s         Checking existence of `Any (First Match)`
    t =   134.47s         Capturing element debug description
    t =   135.50s     Checking `Expect predicate `existsNoRetry == 1` for object Any (First Match)`
    t =   135.50s         Checking existence of `Any (First Match)`
    t =   135.53s         Capturing element debug description
    t =   136.46s     Checking `Expect predicate `existsNoRetry == 1` for object Any (First Match)`
    t =   136.46s         Checking existence of `Any (First Match)`
    t =   136.49s         Capturing element debug description
    t =   137.44s     Checking `Expect predicate `existsNoRetry == 1` for object Any (First Match)`
    t =   137.44s         Checking existence of `Any (First Match)`
    t =   137.47s         Capturing element debug description
    t =   138.49s     Checking `Expect predicate `existsNoRetry == 1` for object Any (First Match)`
    t =   138.49s         Checking existence of `Any (First Match)`
    t =   138.52s         Capturing element debug description
    t =   139.45s     Checking `Expect predicate `existsNoRetry == 1` for object Any (First Match)`
    t =   139.45s         Checking existence of `Any (First Match)`
    t =   139.46s         Capturing element debug description
    t =   140.50s     Checking `Expect predicate `existsNoRetry == 1` for object Any (First Match)`
    t =   140.50s         Checking existence of `Any (First Match)`
    t =   140.53s         Capturing element debug description
    t =   141.45s     Checking `Expect predicate `existsNoRetry == 1` for object Any (First Match)`
    t =   141.45s         Checking existence of `Any (First Match)`
    t =   141.47s         Capturing element debug description
    t =   142.51s     Checking `Expect predicate `existsNoRetry == 1` for object Any (First Match)`
    t =   142.51s         Checking existence of `Any (First Match)`
    t =   142.54s         Capturing element debug description
    t =   143.46s     Checking `Expect predicate `existsNoRetry == 1` for object Any (First Match)`
    t =   143.46s         Checking existence of `Any (First Match)`
    t =   143.49s         Capturing element debug description
    t =   144.43s     Checking `Expect predicate `existsNoRetry == 1` for object Any (First Match)`
    t =   144.43s         Checking existence of `Any (First Match)`
    t =   144.46s         Capturing element debug description
    t =   145.49s     Checking `Expect predicate `existsNoRetry == 1` for object Any (First Match)`
    t =   145.49s         Checking existence of `Any (First Match)`
    t =   145.52s         Capturing element debug description
    t =   146.45s     Checking `Expect predicate `existsNoRetry == 1` for object Any (First Match)`
    t =   146.45s         Checking existence of `Any (First Match)`
    t =   146.48s         Capturing element debug description
    t =   147.51s     Checking `Expect predicate `existsNoRetry == 1` for object Any (First Match)`
    t =   147.51s         Checking existence of `Any (First Match)`
    t =   147.54s         Capturing element debug description
    t =   148.46s     Checking `Expect predicate `existsNoRetry == 1` for object Any (First Match)`
    t =   148.46s         Checking existence of `Any (First Match)`
    t =   148.49s         Capturing element debug description
    t =   149.43s     Checking `Expect predicate `existsNoRetry == 1` for object Any (First Match)`
    t =   149.44s         Checking existence of `Any (First Match)`
    t =   149.46s         Capturing element debug description
    t =   150.49s     Checking `Expect predicate `existsNoRetry == 1` for object Any (First Match)`
    t =   150.49s         Checking existence of `Any (First Match)`
    t =   150.52s         Capturing element debug description
    t =   151.45s     Checking `Expect predicate `existsNoRetry == 1` for object Any (First Match)`
    t =   151.45s         Checking existence of `Any (First Match)`
    t =   151.47s         Capturing element debug description
    t =   152.49s     Checking `Expect predicate `existsNoRetry == 1` for object Any (First Match)`
    t =   152.49s         Checking existence of `Any (First Match)`
    t =   152.52s         Capturing element debug description
    t =   153.45s     Checking `Expect predicate `existsNoRetry == 1` for object Any (First Match)`
    t =   153.45s         Checking existence of `Any (First Match)`
    t =   153.47s         Capturing element debug description
    t =   154.51s     Checking `Expect predicate `existsNoRetry == 1` for object Any (First Match)`
    t =   154.51s         Checking existence of `Any (First Match)`
    t =   154.54s         Capturing element debug description
    t =   155.45s     Checking `Expect predicate `existsNoRetry == 1` for object Any (First Match)`
    t =   155.45s         Checking existence of `Any (First Match)`
    t =   155.47s         Capturing element debug description
    t =   156.51s     Checking `Expect predicate `existsNoRetry == 1` for object Any (First Match)`
    t =   156.51s         Checking existence of `Any (First Match)`
    t =   156.54s         Capturing element debug description
    t =   157.46s     Checking `Expect predicate `existsNoRetry == 1` for object Any (First Match)`
    t =   157.46s         Checking existence of `Any (First Match)`
    t =   157.49s         Capturing element debug description
    t =   158.43s     Checking `Expect predicate `existsNoRetry == 1` for object Any (First Match)`
    t =   158.43s         Checking existence of `Any (First Match)`
    t =   158.46s         Capturing element debug description
    t =   159.47s     Checking `Expect predicate `existsNoRetry == 1` for object Any (First Match)`
    t =   159.48s         Checking existence of `Any (First Match)`
    t =   159.50s         Capturing element debug description
    t =   160.45s     Checking `Expect predicate `existsNoRetry == 1` for object Any (First Match)`
    t =   160.45s         Checking existence of `Any (First Match)`
    t =   160.47s         Capturing element debug description
    t =   161.51s     Checking `Expect predicate `existsNoRetry == 1` for object Any (First Match)`
    t =   161.51s         Checking existence of `Any (First Match)`
    t =   161.54s         Capturing element debug description
    t =   162.50s     Checking `Expect predicate `existsNoRetry == 1` for object Any (First Match)`
    t =   162.50s         Checking existence of `Any (First Match)`
    t =   162.52s         Capturing element debug description
    t =   163.45s     Checking `Expect predicate `existsNoRetry == 1` for object Any (First Match)`
    t =   163.45s         Checking existence of `Any (First Match)`
    t =   163.47s         Capturing element debug description
    t =   164.43s     Checking `Expect predicate `existsNoRetry == 1` for object Any (First Match)`
    t =   164.44s         Checking existence of `Any (First Match)`
    t =   164.46s         Capturing element debug description
    t =   165.49s     Checking `Expect predicate `existsNoRetry == 1` for object Any (First Match)`
    t =   165.49s         Checking existence of `Any (First Match)`
    t =   165.52s         Capturing element debug description
    t =   166.45s     Checking `Expect predicate `existsNoRetry == 1` for object Any (First Match)`
    t =   166.45s         Checking existence of `Any (First Match)`
    t =   166.47s         Capturing element debug description
    t =   167.51s     Checking `Expect predicate `existsNoRetry == 1` for object Any (First Match)`
    t =   167.51s         Checking existence of `Any (First Match)`
    t =   167.54s         Capturing element debug description
    t =   168.46s     Checking `Expect predicate `existsNoRetry == 1` for object Any (First Match)`
    t =   168.46s         Checking existence of `Any (First Match)`
    t =   168.49s         Capturing element debug description
    t =   169.43s     Checking `Expect predicate `existsNoRetry == 1` for object Any (First Match)`
    t =   169.43s         Checking existence of `Any (First Match)`
    t =   169.46s         Capturing element debug description
    t =   170.50s     Checking `Expect predicate `existsNoRetry == 1` for object Any (First Match)`
    t =   170.50s         Checking existence of `Any (First Match)`
    t =   170.52s         Capturing element debug description
    t =   171.46s     Checking `Expect predicate `existsNoRetry == 1` for object Any (First Match)`
    t =   171.46s         Checking existence of `Any (First Match)`
    t =   171.49s         Capturing element debug description
    t =   172.43s     Checking `Expect predicate `existsNoRetry == 1` for object Any (First Match)`
    t =   172.43s         Checking existence of `Any (First Match)`
    t =   172.46s         Capturing element debug description
    t =   173.49s     Checking `Expect predicate `existsNoRetry == 1` for object Any (First Match)`
    t =   173.49s         Checking existence of `Any (First Match)`
    t =   173.52s         Capturing element debug description
    t =   174.45s     Checking `Expect predicate `existsNoRetry == 1` for object Any (First Match)`
    t =   174.45s         Checking existence of `Any (First Match)`
    t =   174.47s         Capturing element debug description
    t =   175.43s     Checking `Expect predicate `existsNoRetry == 1` for object Any (First Match)`
    t =   175.44s         Checking existence of `Any (First Match)`
    t =   175.46s         Capturing element debug description
    t =   176.49s     Checking `Expect predicate `existsNoRetry == 1` for object Any (First Match)`
    t =   176.49s         Checking existence of `Any (First Match)`
    t =   176.51s         Capturing element debug description
    t =   177.46s     Checking `Expect predicate `existsNoRetry == 1` for object Any (First Match)`
    t =   177.46s         Checking existence of `Any (First Match)`
    t =   177.49s         Capturing element debug description
    t =   178.44s     Checking `Expect predicate `existsNoRetry == 1` for object Any (First Match)`
    t =   178.44s         Checking existence of `Any (First Match)`
    t =   178.46s         Capturing element debug description
    t =   178.46s     Checking existence of `Any (First Match)`
    t =   178.48s Collecting debug information to assist test failure triage
    t =   178.48s     Requesting snapshot of accessibility hierarchy for app with pid 46315
    t =   178.50s Checking existence of `Any (First Match)`
    t =   178.51s Checking existence of `Any (First Match)`
    t =   178.52s Checking existence of `Any (First Match)`
    t =   178.53s Find the Any (First Match)
STEP[178s]: iter 2: done
    t =   178.53s Terminate com.nstudio.expobenchmark:46315
PERFJSON:{"runs":[{"nav_health_ms":2199,"health_granted":true,"hk_log_roundtrip_ms":383,"iter":0,"hk_rows_ms":1074,"speech_granted":true,"speech_state":"init_or_task_failed: UnexpectedException: Failed to initialize recognizer (at ExpoModulesCore\/ConcurrentFunctionDefinition.swift:90)","nav_transcribe_ms":2194},{"speech_granted":true,"hk_log_roundtrip_ms":381,"nav_health_ms":2229,"iter":1,"health_granted":true,"hk_rows_ms":1068,"nav_transcribe_ms":2228,"speech_state":"init_or_task_failed: UnexpectedException: Failed to initialize recognizer (at ExpoModulesCore\/ConcurrentFunctionDefinition.swift:90)"},{"health_granted":true,"hk_rows_ms":1045,"speech_granted":true,"iter":2,"nav_health_ms":2224,"speech_state":"init_or_task_failed: UnexpectedException: Failed to initialize recognizer (at ExpoModulesCore\/ConcurrentFunctionDefinition.swift:90)","hk_log_roundtrip_ms":391,"nav_transcribe_ms":2204}],"bundle_id":"com.nstudio.expobenchmark"}
    t =   179.61s Tear Down
Test Case '-[UIDriverUITests.FeatureLatencyTests testFeatureLatencies]' passed (179.700 seconds).
Test Suite 'FeatureLatencyTests' passed at 2026-08-01 20:37:10.038.
	 Executed 1 test, with 0 failures (0 unexpected) in 179.700 (179.702) seconds
Test Suite 'InteropCaptureTests' started at 2026-08-01 20:37:10.038.
Test Case '-[UIDriverUITests.InteropCaptureTests testCaptureInteropResults]' started.
    t =     0.00s Start Test at 2026-08-01 20:37:10.039
    t =     0.01s Set Up
    t =     0.01s Open com.nstudio.expobenchmark
    t =     0.01s     Launch com.nstudio.expobenchmark
    t =     0.11s         Setting up automation session
    t =     0.63s         Wait for com.nstudio.expobenchmark to idle
    t =     1.75s Waiting 240.0s for Any (First Match) to exist
    t =     2.78s     Checking `Expect predicate `existsNoRetry == 1` for object Any (First Match)`
    t =     2.79s         Checking existence of `Any (First Match)`
    t =     2.81s         Capturing element debug description
    t =     3.76s     Checking `Expect predicate `existsNoRetry == 1` for object Any (First Match)`
    t =     3.76s         Checking existence of `Any (First Match)`
    t =     3.78s         Capturing element debug description
    t =     4.83s     Checking `Expect predicate `existsNoRetry == 1` for object Any (First Match)`
    t =     4.83s         Checking existence of `Any (First Match)`
    t =     4.85s         Capturing element debug description
    t =     5.78s     Checking `Expect predicate `existsNoRetry == 1` for object Any (First Match)`
    t =     5.79s         Checking existence of `Any (First Match)`
    t =     5.80s         Capturing element debug description
    t =     6.75s     Checking `Expect predicate `existsNoRetry == 1` for object Any (First Match)`
    t =     6.75s         Checking existence of `Any (First Match)`
    t =     6.77s         Capturing element debug description
    t =     7.81s     Checking `Expect predicate `existsNoRetry == 1` for object Any (First Match)`
    t =     7.81s         Checking existence of `Any (First Match)`
    t =     7.83s         Capturing element debug description
    t =     8.76s     Checking `Expect predicate `existsNoRetry == 1` for object Any (First Match)`
    t =     8.76s         Checking existence of `Any (First Match)`
    t =     8.78s         Capturing element debug description
    t =     9.81s     Checking `Expect predicate `existsNoRetry == 1` for object Any (First Match)`
    t =     9.81s         Checking existence of `Any (First Match)`
    t =     9.83s         Capturing element debug description
    t =    10.76s     Checking `Expect predicate `existsNoRetry == 1` for object Any (First Match)`
    t =    10.76s         Checking existence of `Any (First Match)`
    t =    10.77s         Capturing element debug description
    t =    11.79s     Checking `Expect predicate `existsNoRetry == 1` for object Any (First Match)`
    t =    11.80s         Checking existence of `Any (First Match)`
    t =    11.82s         Capturing element debug description
    t =    12.76s     Checking `Expect predicate `existsNoRetry == 1` for object Any (First Match)`
    t =    12.76s         Checking existence of `Any (First Match)`
    t =    12.78s         Capturing element debug description
    t =    13.81s     Checking `Expect predicate `existsNoRetry == 1` for object Any (First Match)`
    t =    13.81s         Checking existence of `Any (First Match)`
    t =    13.83s         Capturing element debug description
    t =    14.76s     Checking `Expect predicate `existsNoRetry == 1` for object Any (First Match)`
    t =    14.76s         Checking existence of `Any (First Match)`
    t =    14.78s         Capturing element debug description
    t =    15.81s     Checking `Expect predicate `existsNoRetry == 1` for object Any (First Match)`
    t =    15.81s         Checking existence of `Any (First Match)`
    t =    15.83s         Capturing element debug description
    t =    16.76s     Checking `Expect predicate `existsNoRetry == 1` for object Any (First Match)`
    t =    16.76s         Checking existence of `Any (First Match)`
    t =    16.78s         Capturing element debug description
    t =    17.81s     Checking `Expect predicate `existsNoRetry == 1` for object Any (First Match)`
    t =    17.81s         Checking existence of `Any (First Match)`
    t =    17.83s         Capturing element debug description
    t =    18.76s     Checking `Expect predicate `existsNoRetry == 1` for object Any (First Match)`
    t =    18.76s         Checking existence of `Any (First Match)`
    t =    18.78s         Capturing element debug description
    t =    19.83s     Checking `Expect predicate `existsNoRetry == 1` for object Any (First Match)`
    t =    19.83s         Checking existence of `Any (First Match)`
    t =    19.85s         Capturing element debug description
    t =    20.77s     Checking `Expect predicate `existsNoRetry == 1` for object Any (First Match)`
    t =    20.77s         Checking existence of `Any (First Match)`
    t =    20.79s         Capturing element debug description
    t =    21.84s     Checking `Expect predicate `existsNoRetry == 1` for object Any (First Match)`
    t =    21.84s         Checking existence of `Any (First Match)`
    t =    21.86s         Capturing element debug description
    t =    22.79s     Checking `Expect predicate `existsNoRetry == 1` for object Any (First Match)`
    t =    22.79s         Checking existence of `Any (First Match)`
    t =    22.80s         Capturing element debug description
    t =    23.83s     Checking `Expect predicate `existsNoRetry == 1` for object Any (First Match)`
    t =    23.83s         Checking existence of `Any (First Match)`
    t =    23.85s         Capturing element debug description
    t =    24.76s     Checking `Expect predicate `existsNoRetry == 1` for object Any (First Match)`
    t =    24.76s         Checking existence of `Any (First Match)`
    t =    24.78s         Capturing element debug description
    t =    25.81s     Checking `Expect predicate `existsNoRetry == 1` for object Any (First Match)`
    t =    25.81s         Checking existence of `Any (First Match)`
    t =    25.83s         Capturing element debug description
    t =    26.76s     Checking `Expect predicate `existsNoRetry == 1` for object Any (First Match)`
    t =    26.76s         Checking existence of `Any (First Match)`
    t =    26.78s         Capturing element debug description
    t =    27.81s     Checking `Expect predicate `existsNoRetry == 1` for object Any (First Match)`
    t =    27.81s         Checking existence of `Any (First Match)`
    t =    27.83s         Capturing element debug description
    t =    28.76s     Checking `Expect predicate `existsNoRetry == 1` for object Any (First Match)`
    t =    28.76s         Checking existence of `Any (First Match)`
    t =    28.78s         Capturing element debug description
    t =    29.81s     Checking `Expect predicate `existsNoRetry == 1` for object Any (First Match)`
    t =    29.81s         Checking existence of `Any (First Match)`
    t =    29.83s         Capturing element debug description
    t =    30.76s     Checking `Expect predicate `existsNoRetry == 1` for object Any (First Match)`
    t =    30.76s         Checking existence of `Any (First Match)`
    t =    30.78s         Capturing element debug description
    t =    31.84s     Checking `Expect predicate `existsNoRetry == 1` for object Any (First Match)`
    t =    31.84s         Checking existence of `Any (First Match)`
    t =    31.86s         Capturing element debug description
    t =    32.76s     Checking `Expect predicate `existsNoRetry == 1` for object Any (First Match)`
    t =    32.76s         Checking existence of `Any (First Match)`
    t =    32.78s         Capturing element debug description
    t =    33.81s     Checking `Expect predicate `existsNoRetry == 1` for object Any (First Match)`
    t =    33.81s         Checking existence of `Any (First Match)`
    t =    33.83s         Capturing element debug description
    t =    34.76s     Checking `Expect predicate `existsNoRetry == 1` for object Any (First Match)`
    t =    34.76s         Checking existence of `Any (First Match)`
    t =    34.78s         Capturing element debug description
    t =    35.81s     Checking `Expect predicate `existsNoRetry == 1` for object Any (First Match)`
    t =    35.81s         Checking existence of `Any (First Match)`
    t =    35.83s         Capturing element debug description
    t =    36.76s     Checking `Expect predicate `existsNoRetry == 1` for object Any (First Match)`
    t =    36.76s         Checking existence of `Any (First Match)`
    t =    36.78s         Capturing element debug description
    t =    37.83s     Checking `Expect predicate `existsNoRetry == 1` for object Any (First Match)`
    t =    37.83s         Checking existence of `Any (First Match)`
    t =    37.85s         Capturing element debug description
    t =    38.77s     Checking `Expect predicate `existsNoRetry == 1` for object Any (First Match)`
    t =    38.77s         Checking existence of `Any (First Match)`
    t =    38.79s         Capturing element debug description
    t =    39.83s     Checking `Expect predicate `existsNoRetry == 1` for object Any (First Match)`
    t =    39.83s         Checking existence of `Any (First Match)`
    t =    39.85s         Capturing element debug description
    t =    40.79s     Checking `Expect predicate `existsNoRetry == 1` for object Any (First Match)`
    t =    40.79s         Checking existence of `Any (First Match)`
    t =    40.81s         Capturing element debug description
    t =    41.84s     Checking `Expect predicate `existsNoRetry == 1` for object Any (First Match)`
    t =    41.84s         Checking existence of `Any (First Match)`
    t =    41.86s         Capturing element debug description
    t =    42.80s     Checking `Expect predicate `existsNoRetry == 1` for object Any (First Match)`
    t =    42.80s         Checking existence of `Any (First Match)`
    t =    42.82s         Capturing element debug description
    t =    43.75s     Checking `Expect predicate `existsNoRetry == 1` for object Any (First Match)`
    t =    43.76s         Checking existence of `Any (First Match)`
    t =    43.77s         Capturing element debug description
    t =    44.79s     Checking `Expect predicate `existsNoRetry == 1` for object Any (First Match)`
    t =    44.79s         Checking existence of `Any (First Match)`
    t =    44.81s         Capturing element debug description
    t =    45.75s     Checking `Expect predicate `existsNoRetry == 1` for object Any (First Match)`
    t =    45.75s         Checking existence of `Any (First Match)`
    t =    45.77s         Capturing element debug description
    t =    46.79s     Checking `Expect predicate `existsNoRetry == 1` for object Any (First Match)`
    t =    46.79s         Checking existence of `Any (First Match)`
    t =    46.81s         Capturing element debug description
    t =    47.75s     Checking `Expect predicate `existsNoRetry == 1` for object Any (First Match)`
    t =    47.75s         Checking existence of `Any (First Match)`
    t =    47.77s         Capturing element debug description
    t =    48.81s     Checking `Expect predicate `existsNoRetry == 1` for object Any (First Match)`
    t =    48.81s         Checking existence of `Any (First Match)`
    t =    48.83s         Capturing element debug description
    t =    49.77s     Checking `Expect predicate `existsNoRetry == 1` for object Any (First Match)`
    t =    49.77s         Checking existence of `Any (First Match)`
    t =    49.79s         Capturing element debug description
    t =    50.81s     Checking `Expect predicate `existsNoRetry == 1` for object Any (First Match)`
    t =    50.81s         Checking existence of `Any (First Match)`
    t =    50.83s         Capturing element debug description
    t =    51.75s     Checking `Expect predicate `existsNoRetry == 1` for object Any (First Match)`
    t =    51.76s         Checking existence of `Any (First Match)`
    t =    51.78s         Capturing element debug description
    t =    52.81s     Checking `Expect predicate `existsNoRetry == 1` for object Any (First Match)`
    t =    52.81s         Checking existence of `Any (First Match)`
    t =    52.83s         Capturing element debug description
    t =    53.76s     Checking `Expect predicate `existsNoRetry == 1` for object Any (First Match)`
    t =    53.76s         Checking existence of `Any (First Match)`
    t =    53.78s         Capturing element debug description
    t =    54.79s     Checking `Expect predicate `existsNoRetry == 1` for object Any (First Match)`
    t =    54.80s         Checking existence of `Any (First Match)`
    t =    54.81s         Capturing element debug description
    t =    55.81s     Checking `Expect predicate `existsNoRetry == 1` for object Any (First Match)`
    t =    55.81s         Checking existence of `Any (First Match)`
    t =    55.83s         Capturing element debug description
    t =    56.77s     Checking `Expect predicate `existsNoRetry == 1` for object Any (First Match)`
    t =    56.77s         Checking existence of `Any (First Match)`
    t =    56.79s         Capturing element debug description
    t =    57.81s     Checking `Expect predicate `existsNoRetry == 1` for object Any (First Match)`
    t =    57.81s         Checking existence of `Any (First Match)`
    t =    57.83s         Capturing element debug description
    t =    58.76s     Checking `Expect predicate `existsNoRetry == 1` for object Any (First Match)`
    t =    58.76s         Checking existence of `Any (First Match)`
    t =    58.78s         Capturing element debug description
    t =    59.83s     Checking `Expect predicate `existsNoRetry == 1` for object Any (First Match)`
    t =    59.83s         Checking existence of `Any (First Match)`
    t =    59.85s         Capturing element debug description
    t =    60.77s     Checking `Expect predicate `existsNoRetry == 1` for object Any (First Match)`
    t =    60.77s         Checking existence of `Any (First Match)`
    t =    60.79s         Capturing element debug description
    t =    61.81s     Checking `Expect predicate `existsNoRetry == 1` for object Any (First Match)`
    t =    61.81s         Checking existence of `Any (First Match)`
    t =    61.82s         Capturing element debug description
    t =    62.76s     Checking `Expect predicate `existsNoRetry == 1` for object Any (First Match)`
    t =    62.76s         Checking existence of `Any (First Match)`
    t =    62.78s         Capturing element debug description
    t =    63.81s     Checking `Expect predicate `existsNoRetry == 1` for object Any (First Match)`
    t =    63.81s         Checking existence of `Any (First Match)`
    t =    63.83s         Capturing element debug description
    t =    64.79s     Checking `Expect predicate `existsNoRetry == 1` for object Any (First Match)`
    t =    64.79s         Checking existence of `Any (First Match)`
    t =    64.81s         Capturing element debug description
    t =    65.83s     Checking `Expect predicate `existsNoRetry == 1` for object Any (First Match)`
    t =    65.83s         Checking existence of `Any (First Match)`
    t =    65.85s         Capturing element debug description
    t =    66.76s     Checking `Expect predicate `existsNoRetry == 1` for object Any (First Match)`
    t =    66.76s         Checking existence of `Any (First Match)`
    t =    66.78s         Capturing element debug description
    t =    67.81s     Checking `Expect predicate `existsNoRetry == 1` for object Any (First Match)`
    t =    67.81s         Checking existence of `Any (First Match)`
    t =    67.83s         Capturing element debug description
    t =    68.76s     Checking `Expect predicate `existsNoRetry == 1` for object Any (First Match)`
    t =    68.76s         Checking existence of `Any (First Match)`
    t =    68.78s         Capturing element debug description
    t =    69.81s     Checking `Expect predicate `existsNoRetry == 1` for object Any (First Match)`
    t =    69.81s         Checking existence of `Any (First Match)`
    t =    69.83s         Capturing element debug description
    t =    70.76s     Checking `Expect predicate `existsNoRetry == 1` for object Any (First Match)`
    t =    70.76s         Checking existence of `Any (First Match)`
    t =    70.78s         Capturing element debug description
    t =    71.81s     Checking `Expect predicate `existsNoRetry == 1` for object Any (First Match)`
    t =    71.81s         Checking existence of `Any (First Match)`
    t =    71.82s         Capturing element debug description
    t =    72.76s     Checking `Expect predicate `existsNoRetry == 1` for object Any (First Match)`
    t =    72.76s         Checking existence of `Any (First Match)`
    t =    72.78s         Capturing element debug description
    t =    73.81s     Checking `Expect predicate `existsNoRetry == 1` for object Any (First Match)`
    t =    73.81s         Checking existence of `Any (First Match)`
    t =    73.83s         Capturing element debug description
    t =    74.75s     Checking `Expect predicate `existsNoRetry == 1` for object Any (First Match)`
    t =    74.75s         Checking existence of `Any (First Match)`
    t =    74.77s         Capturing element debug description
    t =    75.81s     Checking `Expect predicate `existsNoRetry == 1` for object Any (First Match)`
    t =    75.81s         Checking existence of `Any (First Match)`
    t =    75.83s         Capturing element debug description
    t =    76.76s     Checking `Expect predicate `existsNoRetry == 1` for object Any (First Match)`
    t =    76.76s         Checking existence of `Any (First Match)`
    t =    76.78s         Capturing element debug description
    t =    77.81s     Checking `Expect predicate `existsNoRetry == 1` for object Any (First Match)`
    t =    77.81s         Checking existence of `Any (First Match)`
    t =    77.83s         Capturing element debug description
    t =    78.77s     Checking `Expect predicate `existsNoRetry == 1` for object Any (First Match)`
    t =    78.77s         Checking existence of `Any (First Match)`
    t =    78.79s         Capturing element debug description
    t =    79.81s     Checking `Expect predicate `existsNoRetry == 1` for object Any (First Match)`
    t =    79.81s         Checking existence of `Any (First Match)`
    t =    79.83s         Capturing element debug description
    t =    80.77s     Checking `Expect predicate `existsNoRetry == 1` for object Any (First Match)`
    t =    80.77s         Checking existence of `Any (First Match)`
    t =    80.79s         Capturing element debug description
    t =    81.83s     Checking `Expect predicate `existsNoRetry == 1` for object Any (First Match)`
    t =    81.83s         Checking existence of `Any (First Match)`
    t =    81.85s         Capturing element debug description
    t =    82.76s     Checking `Expect predicate `existsNoRetry == 1` for object Any (First Match)`
    t =    82.76s         Checking existence of `Any (First Match)`
    t =    82.78s         Capturing element debug description
    t =    83.83s     Checking `Expect predicate `existsNoRetry == 1` for object Any (First Match)`
    t =    83.83s         Checking existence of `Any (First Match)`
    t =    83.85s         Capturing element debug description
    t =    84.77s     Checking `Expect predicate `existsNoRetry == 1` for object Any (First Match)`
    t =    84.77s         Checking existence of `Any (First Match)`
    t =    84.78s         Capturing element debug description
    t =    85.83s     Checking `Expect predicate `existsNoRetry == 1` for object Any (First Match)`
    t =    85.83s         Checking existence of `Any (First Match)`
    t =    85.85s         Capturing element debug description
    t =    86.77s     Checking `Expect predicate `existsNoRetry == 1` for object Any (First Match)`
    t =    86.77s         Checking existence of `Any (First Match)`
    t =    86.79s         Capturing element debug description
    t =    87.83s     Checking `Expect predicate `existsNoRetry == 1` for object Any (First Match)`
    t =    87.83s         Checking existence of `Any (First Match)`
    t =    87.85s         Capturing element debug description
    t =    88.80s     Checking `Expect predicate `existsNoRetry == 1` for object Any (First Match)`
    t =    88.80s         Checking existence of `Any (First Match)`
    t =    88.82s         Capturing element debug description
    t =    89.75s     Checking `Expect predicate `existsNoRetry == 1` for object Any (First Match)`
    t =    89.75s         Checking existence of `Any (First Match)`
    t =    89.77s         Capturing element debug description
    t =    90.81s     Checking `Expect predicate `existsNoRetry == 1` for object Any (First Match)`
    t =    90.81s         Checking existence of `Any (First Match)`
    t =    90.83s         Capturing element debug description
    t =    91.75s     Checking `Expect predicate `existsNoRetry == 1` for object Any (First Match)`
    t =    91.76s         Checking existence of `Any (First Match)`
    t =    91.78s         Capturing element debug description
    t =    92.81s     Checking `Expect predicate `existsNoRetry == 1` for object Any (First Match)`
    t =    92.81s         Checking existence of `Any (First Match)`
    t =    92.83s         Capturing element debug description
    t =    93.76s     Checking `Expect predicate `existsNoRetry == 1` for object Any (First Match)`
    t =    93.76s         Checking existence of `Any (First Match)`
    t =    93.78s         Capturing element debug description
    t =    94.83s     Checking `Expect predicate `existsNoRetry == 1` for object Any (First Match)`
    t =    94.83s         Checking existence of `Any (First Match)`
    t =    94.85s         Capturing element debug description
    t =    95.76s     Checking `Expect predicate `existsNoRetry == 1` for object Any (First Match)`
    t =    95.76s         Checking existence of `Any (First Match)`
    t =    95.78s         Capturing element debug description
    t =    96.81s     Checking `Expect predicate `existsNoRetry == 1` for object Any (First Match)`
    t =    96.81s         Checking existence of `Any (First Match)`
    t =    96.83s         Capturing element debug description
    t =    97.76s     Checking `Expect predicate `existsNoRetry == 1` for object Any (First Match)`
    t =    97.76s         Checking existence of `Any (First Match)`
    t =    97.78s         Capturing element debug description
    t =    98.83s     Checking `Expect predicate `existsNoRetry == 1` for object Any (First Match)`
    t =    98.83s         Checking existence of `Any (First Match)`
    t =    98.85s         Capturing element debug description
    t =    99.76s     Checking `Expect predicate `existsNoRetry == 1` for object Any (First Match)`
    t =    99.76s         Checking existence of `Any (First Match)`
    t =    99.78s         Capturing element debug description
    t =   100.81s     Checking `Expect predicate `existsNoRetry == 1` for object Any (First Match)`
    t =   100.81s         Checking existence of `Any (First Match)`
    t =   100.83s         Capturing element debug description
    t =   101.76s     Checking `Expect predicate `existsNoRetry == 1` for object Any (First Match)`
    t =   101.76s         Checking existence of `Any (First Match)`
    t =   101.78s         Capturing element debug description
    t =   102.81s     Checking `Expect predicate `existsNoRetry == 1` for object Any (First Match)`
    t =   102.81s         Checking existence of `Any (First Match)`
    t =   102.83s         Capturing element debug description
    t =   103.77s     Checking `Expect predicate `existsNoRetry == 1` for object Any (First Match)`
    t =   103.77s         Checking existence of `Any (First Match)`
    t =   103.79s         Capturing element debug description
    t =   104.83s     Checking `Expect predicate `existsNoRetry == 1` for object Any (First Match)`
    t =   104.83s         Checking existence of `Any (First Match)`
    t =   104.85s         Capturing element debug description
    t =   105.76s     Checking `Expect predicate `existsNoRetry == 1` for object Any (First Match)`
    t =   105.76s         Checking existence of `Any (First Match)`
    t =   105.79s         Capturing element debug description
    t =   106.83s     Checking `Expect predicate `existsNoRetry == 1` for object Any (First Match)`
    t =   106.83s         Checking existence of `Any (First Match)`
    t =   106.85s         Capturing element debug description
    t =   107.80s     Checking `Expect predicate `existsNoRetry == 1` for object Any (First Match)`
    t =   107.81s         Checking existence of `Any (First Match)`
    t =   107.83s         Capturing element debug description
    t =   108.76s     Checking `Expect predicate `existsNoRetry == 1` for object Any (First Match)`
    t =   108.76s         Checking existence of `Any (First Match)`
    t =   108.78s         Capturing element debug description
    t =   109.81s     Checking `Expect predicate `existsNoRetry == 1` for object Any (First Match)`
    t =   109.81s         Checking existence of `Any (First Match)`
    t =   109.83s         Capturing element debug description
    t =   110.76s     Checking `Expect predicate `existsNoRetry == 1` for object Any (First Match)`
    t =   110.77s         Checking existence of `Any (First Match)`
    t =   110.79s         Capturing element debug description
    t =   111.83s     Checking `Expect predicate `existsNoRetry == 1` for object Any (First Match)`
    t =   111.83s         Checking existence of `Any (First Match)`
    t =   111.85s         Capturing element debug description
    t =   112.79s     Checking `Expect predicate `existsNoRetry == 1` for object Any (First Match)`
    t =   112.79s         Checking existence of `Any (First Match)`
    t =   112.80s         Capturing element debug description
    t =   113.84s     Checking `Expect predicate `existsNoRetry == 1` for object Any (First Match)`
    t =   113.84s         Checking existence of `Any (First Match)`
    t =   113.86s         Capturing element debug description
    t =   114.79s     Checking `Expect predicate `existsNoRetry == 1` for object Any (First Match)`
    t =   114.79s         Checking existence of `Any (First Match)`
    t =   114.81s         Capturing element debug description
    t =   115.75s     Checking `Expect predicate `existsNoRetry == 1` for object Any (First Match)`
    t =   115.76s         Checking existence of `Any (First Match)`
    t =   115.77s         Capturing element debug description
    t =   116.81s     Checking `Expect predicate `existsNoRetry == 1` for object Any (First Match)`
    t =   116.81s         Checking existence of `Any (First Match)`
    t =   116.83s         Capturing element debug description
    t =   117.77s     Checking `Expect predicate `existsNoRetry == 1` for object Any (First Match)`
    t =   117.77s         Checking existence of `Any (First Match)`
    t =   117.79s         Capturing element debug description
    t =   118.81s     Checking `Expect predicate `existsNoRetry == 1` for object Any (First Match)`
    t =   118.81s         Checking existence of `Any (First Match)`
    t =   118.83s         Capturing element debug description
    t =   119.76s     Checking `Expect predicate `existsNoRetry == 1` for object Any (First Match)`
    t =   119.76s         Checking existence of `Any (First Match)`
    t =   119.78s         Capturing element debug description
    t =   120.81s     Checking `Expect predicate `existsNoRetry == 1` for object Any (First Match)`
    t =   120.81s         Checking existence of `Any (First Match)`
    t =   120.83s         Capturing element debug description
    t =   121.75s     Checking `Expect predicate `existsNoRetry == 1` for object Any (First Match)`
    t =   121.75s         Checking existence of `Any (First Match)`
    t =   121.77s         Capturing element debug description
    t =   122.81s     Checking `Expect predicate `existsNoRetry == 1` for object Any (First Match)`
    t =   122.81s         Checking existence of `Any (First Match)`
    t =   122.82s         Capturing element debug description
    t =   123.76s     Checking `Expect predicate `existsNoRetry == 1` for object Any (First Match)`
    t =   123.76s         Checking existence of `Any (First Match)`
    t =   123.78s         Capturing element debug description
    t =   124.81s     Checking `Expect predicate `existsNoRetry == 1` for object Any (First Match)`
    t =   124.81s         Checking existence of `Any (First Match)`
    t =   124.83s         Capturing element debug description
    t =   125.75s     Checking `Expect predicate `existsNoRetry == 1` for object Any (First Match)`
    t =   125.75s         Checking existence of `Any (First Match)`
    t =   125.78s         Capturing element debug description
    t =   126.80s     Checking `Expect predicate `existsNoRetry == 1` for object Any (First Match)`
    t =   126.80s         Checking existence of `Any (First Match)`
    t =   126.82s         Capturing element debug description
    t =   127.75s     Checking `Expect predicate `existsNoRetry == 1` for object Any (First Match)`
    t =   127.76s         Checking existence of `Any (First Match)`
    t =   127.78s         Capturing element debug description
    t =   128.81s     Checking `Expect predicate `existsNoRetry == 1` for object Any (First Match)`
    t =   128.81s         Checking existence of `Any (First Match)`
    t =   128.83s         Capturing element debug description
    t =   129.76s     Checking `Expect predicate `existsNoRetry == 1` for object Any (First Match)`
    t =   129.76s         Checking existence of `Any (First Match)`
    t =   129.78s         Capturing element debug description
    t =   130.83s     Checking `Expect predicate `existsNoRetry == 1` for object Any (First Match)`
    t =   130.83s         Checking existence of `Any (First Match)`
    t =   130.85s         Capturing element debug description
    t =   131.77s     Checking `Expect predicate `existsNoRetry == 1` for object Any (First Match)`
    t =   131.77s         Checking existence of `Any (First Match)`
    t =   131.79s         Capturing element debug description
    t =   132.83s     Checking `Expect predicate `existsNoRetry == 1` for object Any (First Match)`
    t =   132.83s         Checking existence of `Any (First Match)`
    t =   132.85s         Capturing element debug description
    t =   133.79s     Checking `Expect predicate `existsNoRetry == 1` for object Any (First Match)`
    t =   133.79s         Checking existence of `Any (First Match)`
    t =   133.81s         Capturing element debug description
    t =   134.83s     Checking `Expect predicate `existsNoRetry == 1` for object Any (First Match)`
    t =   134.83s         Checking existence of `Any (First Match)`
    t =   134.85s         Capturing element debug description
    t =   135.79s     Checking `Expect predicate `existsNoRetry == 1` for object Any (First Match)`
    t =   135.80s         Checking existence of `Any (First Match)`
    t =   135.82s         Capturing element debug description
    t =   136.83s     Checking `Expect predicate `existsNoRetry == 1` for object Any (First Match)`
    t =   136.83s         Checking existence of `Any (First Match)`
    t =   136.85s         Capturing element debug description
    t =   137.79s     Checking `Expect predicate `existsNoRetry == 1` for object Any (First Match)`
    t =   137.79s         Checking existence of `Any (First Match)`
    t =   137.81s         Capturing element debug description
    t =   138.83s     Checking `Expect predicate `existsNoRetry == 1` for object Any (First Match)`
    t =   138.84s         Checking existence of `Any (First Match)`
    t =   138.86s         Capturing element debug description
    t =   139.78s     Checking `Expect predicate `existsNoRetry == 1` for object Any (First Match)`
    t =   139.79s         Checking existence of `Any (First Match)`
    t =   139.80s         Capturing element debug description
    t =   140.81s     Checking `Expect predicate `existsNoRetry == 1` for object Any (First Match)`
    t =   140.81s         Checking existence of `Any (First Match)`
    t =   140.83s         Capturing element debug description
    t =   141.75s     Checking `Expect predicate `existsNoRetry == 1` for object Any (First Match)`
    t =   141.75s         Checking existence of `Any (First Match)`
    t =   141.77s         Capturing element debug description
    t =   142.80s     Checking `Expect predicate `existsNoRetry == 1` for object Any (First Match)`
    t =   142.80s         Checking existence of `Any (First Match)`
    t =   142.82s         Capturing element debug description
    t =   143.77s     Checking `Expect predicate `existsNoRetry == 1` for object Any (First Match)`
    t =   143.77s         Checking existence of `Any (First Match)`
    t =   143.79s         Capturing element debug description
    t =   144.83s     Checking `Expect predicate `existsNoRetry == 1` for object Any (First Match)`
    t =   144.83s         Checking existence of `Any (First Match)`
    t =   144.85s         Capturing element debug description
    t =   145.79s     Checking `Expect predicate `existsNoRetry == 1` for object Any (First Match)`
    t =   145.79s         Checking existence of `Any (First Match)`
    t =   145.81s         Capturing element debug description
    t =   146.75s     Checking `Expect predicate `existsNoRetry == 1` for object Any (First Match)`
    t =   146.75s         Checking existence of `Any (First Match)`
    t =   146.77s         Capturing element debug description
    t =   147.81s     Checking `Expect predicate `existsNoRetry == 1` for object Any (First Match)`
    t =   147.81s         Checking existence of `Any (First Match)`
    t =   147.83s         Capturing element debug description
    t =   148.76s     Checking `Expect predicate `existsNoRetry == 1` for object Any (First Match)`
    t =   148.76s         Checking existence of `Any (First Match)`
    t =   148.78s         Capturing element debug description
    t =   149.81s     Checking `Expect predicate `existsNoRetry == 1` for object Any (First Match)`
    t =   149.81s         Checking existence of `Any (First Match)`
    t =   149.83s         Capturing element debug description
    t =   150.76s     Checking `Expect predicate `existsNoRetry == 1` for object Any (First Match)`
    t =   150.76s         Checking existence of `Any (First Match)`
    t =   150.78s         Capturing element debug description
    t =   151.81s     Checking `Expect predicate `existsNoRetry == 1` for object Any (First Match)`
    t =   151.81s         Checking existence of `Any (First Match)`
    t =   151.83s         Capturing element debug description
    t =   152.76s     Checking `Expect predicate `existsNoRetry == 1` for object Any (First Match)`
    t =   152.76s         Checking existence of `Any (First Match)`
    t =   152.78s         Capturing element debug description
    t =   153.81s     Checking `Expect predicate `existsNoRetry == 1` for object Any (First Match)`
    t =   153.81s         Checking existence of `Any (First Match)`
    t =   153.83s         Capturing element debug description
    t =   154.77s     Checking `Expect predicate `existsNoRetry == 1` for object Any (First Match)`
    t =   154.77s         Checking existence of `Any (First Match)`
    t =   154.79s         Capturing element debug description
    t =   155.83s     Checking `Expect predicate `existsNoRetry == 1` for object Any (First Match)`
    t =   155.83s         Checking existence of `Any (First Match)`
    t =   155.85s         Capturing element debug description
    t =   156.76s     Checking `Expect predicate `existsNoRetry == 1` for object Any (First Match)`
    t =   156.76s         Checking existence of `Any (First Match)`
    t =   156.78s         Capturing element debug description
    t =   157.81s     Checking `Expect predicate `existsNoRetry == 1` for object Any (First Match)`
    t =   157.81s         Checking existence of `Any (First Match)`
    t =   157.83s         Capturing element debug description
    t =   158.76s     Checking `Expect predicate `existsNoRetry == 1` for object Any (First Match)`
    t =   158.76s         Checking existence of `Any (First Match)`
    t =   158.78s         Capturing element debug description
    t =   159.81s     Checking `Expect predicate `existsNoRetry == 1` for object Any (First Match)`
    t =   159.81s         Checking existence of `Any (First Match)`
    t =   159.83s         Capturing element debug description
    t =   160.76s     Checking `Expect predicate `existsNoRetry == 1` for object Any (First Match)`
    t =   160.76s         Checking existence of `Any (First Match)`
    t =   160.78s         Capturing element debug description
    t =   161.79s     Checking `Expect predicate `existsNoRetry == 1` for object Any (First Match)`
    t =   161.79s         Checking existence of `Any (First Match)`
    t =   161.81s         Capturing element debug description
    t =   162.75s     Checking `Expect predicate `existsNoRetry == 1` for object Any (First Match)`
    t =   162.75s         Checking existence of `Any (First Match)`
    t =   162.77s         Capturing element debug description
    t =   163.81s     Checking `Expect predicate `existsNoRetry == 1` for object Any (First Match)`
    t =   163.81s         Checking existence of `Any (First Match)`
    t =   163.82s         Capturing element debug description
    t =   164.76s     Checking `Expect predicate `existsNoRetry == 1` for object Any (First Match)`
    t =   164.76s         Checking existence of `Any (First Match)`
    t =   164.78s         Capturing element debug description
    t =   165.81s     Checking `Expect predicate `existsNoRetry == 1` for object Any (First Match)`
    t =   165.81s         Checking existence of `Any (First Match)`
    t =   165.83s         Capturing element debug description
    t =   166.75s     Checking `Expect predicate `existsNoRetry == 1` for object Any (First Match)`
    t =   166.76s         Checking existence of `Any (First Match)`
    t =   166.78s         Capturing element debug description
    t =   167.81s     Checking `Expect predicate `existsNoRetry == 1` for object Any (First Match)`
    t =   167.81s         Checking existence of `Any (First Match)`
    t =   167.83s         Capturing element debug description
    t =   168.75s     Checking `Expect predicate `existsNoRetry == 1` for object Any (First Match)`
    t =   168.75s         Checking existence of `Any (First Match)`
    t =   168.77s         Capturing element debug description
    t =   169.81s     Checking `Expect predicate `existsNoRetry == 1` for object Any (First Match)`
    t =   169.81s         Checking existence of `Any (First Match)`
    t =   169.83s         Capturing element debug description
    t =   170.75s     Checking `Expect predicate `existsNoRetry == 1` for object Any (First Match)`
    t =   170.75s         Checking existence of `Any (First Match)`
    t =   170.77s         Capturing element debug description
    t =   171.79s     Checking `Expect predicate `existsNoRetry == 1` for object Any (First Match)`
    t =   171.79s         Checking existence of `Any (First Match)`
    t =   171.81s         Capturing element debug description
    t =   172.75s     Checking `Expect predicate `existsNoRetry == 1` for object Any (First Match)`
    t =   172.75s         Checking existence of `Any (First Match)`
    t =   172.77s         Capturing element debug description
    t =   173.81s     Checking `Expect predicate `existsNoRetry == 1` for object Any (First Match)`
    t =   173.81s         Checking existence of `Any (First Match)`
    t =   173.82s         Capturing element debug description
    t =   174.76s     Checking `Expect predicate `existsNoRetry == 1` for object Any (First Match)`
    t =   174.76s         Checking existence of `Any (First Match)`
    t =   174.78s         Capturing element debug description
    t =   175.83s     Checking `Expect predicate `existsNoRetry == 1` for object Any (First Match)`
    t =   175.83s         Checking existence of `Any (First Match)`
    t =   175.85s         Capturing element debug description
    t =   176.77s     Checking `Expect predicate `existsNoRetry == 1` for object Any (First Match)`
    t =   176.77s         Checking existence of `Any (First Match)`
    t =   176.79s         Capturing element debug description
    t =   177.83s     Checking `Expect predicate `existsNoRetry == 1` for object Any (First Match)`
    t =   177.83s         Checking existence of `Any (First Match)`
    t =   177.85s         Capturing element debug description
    t =   178.76s     Checking `Expect predicate `existsNoRetry == 1` for object Any (First Match)`
    t =   178.76s         Checking existence of `Any (First Match)`
    t =   178.78s         Capturing element debug description
    t =   179.83s     Checking `Expect predicate `existsNoRetry == 1` for object Any (First Match)`
    t =   179.83s         Checking existence of `Any (First Match)`
    t =   179.85s         Capturing element debug description
    t =   180.79s     Checking `Expect predicate `existsNoRetry == 1` for object Any (First Match)`
    t =   180.79s         Checking existence of `Any (First Match)`
    t =   180.81s         Capturing element debug description
    t =   181.75s     Checking `Expect predicate `existsNoRetry == 1` for object Any (First Match)`
    t =   181.75s         Checking existence of `Any (First Match)`
    t =   181.77s         Capturing element debug description
    t =   182.79s     Checking `Expect predicate `existsNoRetry == 1` for object Any (First Match)`
    t =   182.79s         Checking existence of `Any (First Match)`
    t =   182.81s         Capturing element debug description
    t =   183.75s     Checking `Expect predicate `existsNoRetry == 1` for object Any (First Match)`
    t =   183.75s         Checking existence of `Any (First Match)`
    t =   183.77s         Capturing element debug description
    t =   184.81s     Checking `Expect predicate `existsNoRetry == 1` for object Any (First Match)`
    t =   184.81s         Checking existence of `Any (First Match)`
    t =   184.83s         Capturing element debug description
    t =   185.76s     Checking `Expect predicate `existsNoRetry == 1` for object Any (First Match)`
    t =   185.76s         Checking existence of `Any (First Match)`
    t =   185.77s         Capturing element debug description
    t =   186.81s     Checking `Expect predicate `existsNoRetry == 1` for object Any (First Match)`
    t =   186.81s         Checking existence of `Any (First Match)`
    t =   186.83s         Capturing element debug description
    t =   187.76s     Checking `Expect predicate `existsNoRetry == 1` for object Any (First Match)`
    t =   187.76s         Checking existence of `Any (First Match)`
    t =   187.78s         Capturing element debug description
    t =   188.78s     Checking `Expect predicate `existsNoRetry == 1` for object Any (First Match)`
    t =   188.79s         Checking existence of `Any (First Match)`
    t =   188.81s         Capturing element debug description
    t =   189.75s     Checking `Expect predicate `existsNoRetry == 1` for object Any (First Match)`
    t =   189.75s         Checking existence of `Any (First Match)`
    t =   189.77s         Capturing element debug description
    t =   190.79s     Checking `Expect predicate `existsNoRetry == 1` for object Any (First Match)`
    t =   190.79s         Checking existence of `Any (First Match)`
    t =   190.81s         Capturing element debug description
    t =   191.75s     Checking `Expect predicate `existsNoRetry == 1` for object Any (First Match)`
    t =   191.75s         Checking existence of `Any (First Match)`
    t =   191.77s         Capturing element debug description
    t =   192.79s     Checking `Expect predicate `existsNoRetry == 1` for object Any (First Match)`
    t =   192.79s         Checking existence of `Any (First Match)`
    t =   192.81s         Capturing element debug description
    t =   193.83s     Checking `Expect predicate `existsNoRetry == 1` for object Any (First Match)`
    t =   193.83s         Checking existence of `Any (First Match)`
    t =   193.85s         Capturing element debug description
    t =   194.76s     Checking `Expect predicate `existsNoRetry == 1` for object Any (First Match)`
    t =   194.76s         Checking existence of `Any (First Match)`
    t =   194.78s         Capturing element debug description
    t =   195.81s     Checking `Expect predicate `existsNoRetry == 1` for object Any (First Match)`
    t =   195.81s         Checking existence of `Any (First Match)`
    t =   195.83s         Capturing element debug description
    t =   196.76s     Checking `Expect predicate `existsNoRetry == 1` for object Any (First Match)`
    t =   196.76s         Checking existence of `Any (First Match)`
    t =   196.78s         Capturing element debug description
    t =   197.81s     Checking `Expect predicate `existsNoRetry == 1` for object Any (First Match)`
    t =   197.81s         Checking existence of `Any (First Match)`
    t =   197.83s         Capturing element debug description
    t =   198.75s     Checking `Expect predicate `existsNoRetry == 1` for object Any (First Match)`
    t =   198.75s         Checking existence of `Any (First Match)`
    t =   198.77s         Capturing element debug description
    t =   199.80s     Checking `Expect predicate `existsNoRetry == 1` for object Any (First Match)`
    t =   199.80s         Checking existence of `Any (First Match)`
    t =   199.82s         Capturing element debug description
    t =   200.76s     Checking `Expect predicate `existsNoRetry == 1` for object Any (First Match)`
    t =   200.76s         Checking existence of `Any (First Match)`
    t =   200.78s         Capturing element debug description
    t =   201.81s     Checking `Expect predicate `existsNoRetry == 1` for object Any (First Match)`
    t =   201.81s         Checking existence of `Any (First Match)`
    t =   201.83s         Capturing element debug description
    t =   202.75s     Checking `Expect predicate `existsNoRetry == 1` for object Any (First Match)`
    t =   202.75s         Checking existence of `Any (First Match)`
    t =   202.77s         Capturing element debug description
    t =   203.80s     Checking `Expect predicate `existsNoRetry == 1` for object Any (First Match)`
    t =   203.80s         Checking existence of `Any (First Match)`
    t =   203.82s         Capturing element debug description
    t =   204.76s     Checking `Expect predicate `existsNoRetry == 1` for object Any (First Match)`
    t =   204.76s         Checking existence of `Any (First Match)`
    t =   204.78s         Capturing element debug description
    t =   205.81s     Checking `Expect predicate `existsNoRetry == 1` for object Any (First Match)`
    t =   205.81s         Checking existence of `Any (First Match)`
    t =   205.83s         Capturing element debug description
    t =   206.76s     Checking `Expect predicate `existsNoRetry == 1` for object Any (First Match)`
    t =   206.76s         Checking existence of `Any (First Match)`
    t =   206.78s         Capturing element debug description
    t =   207.81s     Checking `Expect predicate `existsNoRetry == 1` for object Any (First Match)`
    t =   207.81s         Checking existence of `Any (First Match)`
    t =   207.83s         Capturing element debug description
    t =   208.76s     Checking `Expect predicate `existsNoRetry == 1` for object Any (First Match)`
    t =   208.76s         Checking existence of `Any (First Match)`
    t =   208.78s         Capturing element debug description
    t =   209.81s     Checking `Expect predicate `existsNoRetry == 1` for object Any (First Match)`
    t =   209.82s         Checking existence of `Any (First Match)`
    t =   209.84s         Capturing element debug description
    t =   210.76s     Checking `Expect predicate `existsNoRetry == 1` for object Any (First Match)`
    t =   210.76s         Checking existence of `Any (First Match)`
    t =   210.78s         Capturing element debug description
    t =   211.81s     Checking `Expect predicate `existsNoRetry == 1` for object Any (First Match)`
    t =   211.81s         Checking existence of `Any (First Match)`
    t =   211.83s         Capturing element debug description
    t =   212.76s     Checking `Expect predicate `existsNoRetry == 1` for object Any (First Match)`
    t =   212.76s         Checking existence of `Any (First Match)`
    t =   212.78s         Capturing element debug description
    t =   213.83s     Checking `Expect predicate `existsNoRetry == 1` for object Any (First Match)`
    t =   213.83s         Checking existence of `Any (First Match)`
    t =   213.85s         Capturing element debug description
    t =   214.79s     Checking `Expect predicate `existsNoRetry == 1` for object Any (First Match)`
    t =   214.79s         Checking existence of `Any (First Match)`
    t =   214.80s         Capturing element debug description
    t =   215.83s     Checking `Expect predicate `existsNoRetry == 1` for object Any (First Match)`
    t =   215.83s         Checking existence of `Any (First Match)`
    t =   215.85s         Capturing element debug description
    t =   216.77s     Checking `Expect predicate `existsNoRetry == 1` for object Any (First Match)`
    t =   216.77s         Checking existence of `Any (First Match)`
    t =   216.79s         Capturing element debug description
    t =   217.83s     Checking `Expect predicate `existsNoRetry == 1` for object Any (First Match)`
    t =   217.83s         Checking existence of `Any (First Match)`
    t =   217.85s         Capturing element debug description
    t =   218.77s     Checking `Expect predicate `existsNoRetry == 1` for object Any (First Match)`
    t =   218.77s         Checking existence of `Any (First Match)`
    t =   218.79s         Capturing element debug description
    t =   219.81s     Checking `Expect predicate `existsNoRetry == 1` for object Any (First Match)`
    t =   219.81s         Checking existence of `Any (First Match)`
    t =   219.83s         Capturing element debug description
    t =   220.75s     Checking `Expect predicate `existsNoRetry == 1` for object Any (First Match)`
    t =   220.75s         Checking existence of `Any (First Match)`
    t =   220.77s         Capturing element debug description
    t =   221.79s     Checking `Expect predicate `existsNoRetry == 1` for object Any (First Match)`
    t =   221.79s         Checking existence of `Any (First Match)`
    t =   221.81s         Capturing element debug description
    t =   222.75s     Checking `Expect predicate `existsNoRetry == 1` for object Any (First Match)`
    t =   222.75s         Checking existence of `Any (First Match)`
    t =   222.77s         Capturing element debug description
    t =   223.81s     Checking `Expect predicate `existsNoRetry == 1` for object Any (First Match)`
    t =   223.81s         Checking existence of `Any (First Match)`
    t =   223.83s         Capturing element debug description
    t =   224.76s     Checking `Expect predicate `existsNoRetry == 1` for object Any (First Match)`
    t =   224.76s         Checking existence of `Any (First Match)`
    t =   224.77s         Capturing element debug description
    t =   225.80s     Checking `Expect predicate `existsNoRetry == 1` for object Any (First Match)`
    t =   225.80s         Checking existence of `Any (First Match)`
    t =   225.81s         Capturing element debug description
    t =   226.83s     Checking `Expect predicate `existsNoRetry == 1` for object Any (First Match)`
    t =   226.83s         Checking existence of `Any (First Match)`
    t =   226.85s         Capturing element debug description
    t =   227.79s     Checking `Expect predicate `existsNoRetry == 1` for object Any (First Match)`
    t =   227.79s         Checking existence of `Any (First Match)`
    t =   227.81s         Capturing element debug description
    t =   228.81s     Checking `Expect predicate `existsNoRetry == 1` for object Any (First Match)`
    t =   228.81s         Checking existence of `Any (First Match)`
    t =   228.83s         Capturing element debug description
    t =   229.77s     Checking `Expect predicate `existsNoRetry == 1` for object Any (First Match)`
    t =   229.78s         Checking existence of `Any (First Match)`
    t =   229.79s         Capturing element debug description
    t =   230.83s     Checking `Expect predicate `existsNoRetry == 1` for object Any (First Match)`
    t =   230.83s         Checking existence of `Any (First Match)`
    t =   230.85s         Capturing element debug description
    t =   231.78s     Checking `Expect predicate `existsNoRetry == 1` for object Any (First Match)`
    t =   231.78s         Checking existence of `Any (First Match)`
    t =   231.80s         Capturing element debug description
    t =   232.83s     Checking `Expect predicate `existsNoRetry == 1` for object Any (First Match)`
    t =   232.83s         Checking existence of `Any (First Match)`
    t =   232.85s         Capturing element debug description
    t =   233.77s     Checking `Expect predicate `existsNoRetry == 1` for object Any (First Match)`
    t =   233.77s         Checking existence of `Any (First Match)`
    t =   233.79s         Capturing element debug description
    t =   234.81s     Checking `Expect predicate `existsNoRetry == 1` for object Any (First Match)`
    t =   234.81s         Checking existence of `Any (First Match)`
    t =   234.83s         Capturing element debug description
    t =   235.76s     Checking `Expect predicate `existsNoRetry == 1` for object Any (First Match)`
    t =   235.76s         Checking existence of `Any (First Match)`
    t =   235.78s         Capturing element debug description
    t =   236.83s     Checking `Expect predicate `existsNoRetry == 1` for object Any (First Match)`
    t =   236.83s         Checking existence of `Any (First Match)`
    t =   236.85s         Capturing element debug description
    t =   237.78s     Checking `Expect predicate `existsNoRetry == 1` for object Any (First Match)`
    t =   237.79s         Checking existence of `Any (First Match)`
    t =   237.80s         Capturing element debug description
    t =   238.83s     Checking `Expect predicate `existsNoRetry == 1` for object Any (First Match)`
    t =   238.83s         Checking existence of `Any (First Match)`
    t =   238.85s         Capturing element debug description
    t =   239.78s     Checking `Expect predicate `existsNoRetry == 1` for object Any (First Match)`
    t =   239.78s         Checking existence of `Any (First Match)`
    t =   239.80s         Capturing element debug description
    t =   240.81s     Checking `Expect predicate `existsNoRetry == 1` for object Any (First Match)`
    t =   240.81s         Checking existence of `Any (First Match)`
    t =   240.83s         Capturing element debug description
    t =   241.76s     Checking `Expect predicate `existsNoRetry == 1` for object Any (First Match)`
    t =   241.76s         Checking existence of `Any (First Match)`
    t =   241.78s         Capturing element debug description
    t =   241.83s     Checking existence of `Any (First Match)`
    t =   241.84s Collecting debug information to assist test failure triage
    t =   241.84s     Requesting snapshot of accessibility hierarchy for app with pid 46347
    t =   241.88s Checking existence of `Any (First Match)`
/Users/nstudio/Documents/github/NathanWalker/token-economics/harness/perf/uidriver/InteropCaptureTests.swift:24: error: -[UIDriverUITests.InteropCaptureTests testCaptureInteropResults] : failed - no INTEROPJSON element within 240s; last status: unknown
    t =   241.92s Tear Down
Test Case '-[UIDriverUITests.InteropCaptureTests testCaptureInteropResults]' failed (242.153 seconds).
Test Suite 'InteropCaptureTests' failed at 2026-08-01 20:41:12.193.
	 Executed 1 test, with 1 failure (0 unexpected) in 242.153 (242.154) seconds
Test Suite 'UIDriverUITests.xctest' failed at 2026-08-01 20:41:12.194.
	 Executed 2 tests, with 1 failure (0 unexpected) in 421.852 (421.858) seconds
Test Suite 'All tests' failed at 2026-08-01 20:41:12.195.
	 Executed 2 tests, with 1 failure (0 unexpected) in 421.852 (421.859) seconds
2026-08-01 20:41:21.153 xcodebuild[46222:30704070] [MT] IDETestOperationsObserverDebug: 432.332 elapsed -- Testing started completed.
2026-08-01 20:41:21.153 xcodebuild[46222:30704070] [MT] IDETestOperationsObserverDebug: 0.000 sec, +0.000 sec -- start
2026-08-01 20:41:21.153 xcodebuild[46222:30704070] [MT] IDETestOperationsObserverDebug: 432.332 sec, +432.332 sec -- end

Test session results, code coverage, and logs:
	/Users/nstudio/Library/Developer/Xcode/DerivedData/UIDriver-ekqcqbpucoqmcgbikewqdmafsmmj/Logs/Test/Test-UIDriver-2026.08.01_20-34-08--0700.xcresult

Failing tests:
	InteropCaptureTests.testCaptureInteropResults()

** TEST FAILED **

Testing started
