Command line invocation:
    /Applications/Xcode.app/Contents/Developer/usr/bin/xcodebuild test -project UIDriver.xcodeproj -scheme UIDriver -destination id=7DFF2660-A10C-449E-867A-92863D91663B

--- xcodebuild: WARNING: Using the first of multiple matching destinations:
{ platform:iOS Simulator, arch:arm64, id:7DFF2660-A10C-449E-867A-92863D91663B, OS:26.5, name:iPhone 17 Pro }
{ platform:iOS Simulator, arch:x86_64, id:7DFF2660-A10C-449E-867A-92863D91663B, OS:26.5, name:iPhone 17 Pro }
ComputePackagePrebuildTargetDependencyGraph

Prepare packages

CreateBuildRequest

SendProjectDescription

CreateBuildOperation

ComputeTargetDependencyGraph
note: Building targets in dependency order
note: Target dependency graph (1 target)
    Target 'UIDriverUITests' in project 'UIDriver' (no dependencies)

GatherProvisioningInputs

CreateBuildDescription

ClangStatCache /Applications/Xcode.app/Contents/Developer/Toolchains/XcodeDefault.xctoolchain/usr/bin/clang-stat-cache /Applications/Xcode.app/Contents/Developer/Platforms/iPhoneSimulator.platform/Developer/SDKs/iPhoneSimulator26.5.sdk /Users/nstudio/Library/Developer/Xcode/DerivedData/SDKStatCaches.noindex/iphonesimulator26.5-23F73-688ef53f1462e2c8f657fdc38a81448f6cfe768891a92b912361537c460fe42b.sdkstatcache
    cd /Users/nstudio/Documents/github/NathanWalker/token-economics/harness/perf/uidriver/UIDriver.xcodeproj
    /Applications/Xcode.app/Contents/Developer/Toolchains/XcodeDefault.xctoolchain/usr/bin/clang-stat-cache /Applications/Xcode.app/Contents/Developer/Platforms/iPhoneSimulator.platform/Developer/SDKs/iPhoneSimulator26.5.sdk -o /Users/nstudio/Library/Developer/Xcode/DerivedData/SDKStatCaches.noindex/iphonesimulator26.5-23F73-688ef53f1462e2c8f657fdc38a81448f6cfe768891a92b912361537c460fe42b.sdkstatcache

ProcessInfoPlistFile /Users/nstudio/Library/Developer/Xcode/DerivedData/UIDriver-ekqcqbpucoqmcgbikewqdmafsmmj/Build/Products/Debug-iphonesimulator/UIDriverUITests-Runner.app/PlugIns/UIDriverUITests.xctest/Info.plist /Users/nstudio/Library/Developer/Xcode/DerivedData/UIDriver-ekqcqbpucoqmcgbikewqdmafsmmj/Build/Intermediates.noindex/UIDriver.build/Debug-iphonesimulator/UIDriverUITests.build/empty-UIDriverUITests.plist (in target 'UIDriverUITests' from project 'UIDriver')
    cd /Users/nstudio/Documents/github/NathanWalker/token-economics/harness/perf/uidriver
    builtin-infoPlistUtility /Users/nstudio/Library/Developer/Xcode/DerivedData/UIDriver-ekqcqbpucoqmcgbikewqdmafsmmj/Build/Intermediates.noindex/UIDriver.build/Debug-iphonesimulator/UIDriverUITests.build/empty-UIDriverUITests.plist -producttype com.apple.product-type.bundle.ui-testing -expandbuildsettings -format binary -platform iphonesimulator -additionalcontentfile /Users/nstudio/Library/Developer/Xcode/DerivedData/UIDriver-ekqcqbpucoqmcgbikewqdmafsmmj/Build/Intermediates.noindex/UIDriver.build/Debug-iphonesimulator/UIDriverUITests.build/ProductTypeInfoPlistAdditions.plist -o /Users/nstudio/Library/Developer/Xcode/DerivedData/UIDriver-ekqcqbpucoqmcgbikewqdmafsmmj/Build/Products/Debug-iphonesimulator/UIDriverUITests-Runner.app/PlugIns/UIDriverUITests.xctest/Info.plist

CopySwiftLibs /Users/nstudio/Library/Developer/Xcode/DerivedData/UIDriver-ekqcqbpucoqmcgbikewqdmafsmmj/Build/Products/Debug-iphonesimulator/UIDriverUITests-Runner.app/PlugIns/UIDriverUITests.xctest (in target 'UIDriverUITests' from project 'UIDriver')
    cd /Users/nstudio/Documents/github/NathanWalker/token-economics/harness/perf/uidriver
    builtin-swiftStdLibTool --copy --verbose --scan-executable /Users/nstudio/Library/Developer/Xcode/DerivedData/UIDriver-ekqcqbpucoqmcgbikewqdmafsmmj/Build/Products/Debug-iphonesimulator/UIDriverUITests-Runner.app/PlugIns/UIDriverUITests.xctest/UIDriverUITests --scan-folder /Users/nstudio/Library/Developer/Xcode/DerivedData/UIDriver-ekqcqbpucoqmcgbikewqdmafsmmj/Build/Products/Debug-iphonesimulator/UIDriverUITests-Runner.app/PlugIns/UIDriverUITests.xctest/Frameworks --scan-folder /Users/nstudio/Library/Developer/Xcode/DerivedData/UIDriver-ekqcqbpucoqmcgbikewqdmafsmmj/Build/Products/Debug-iphonesimulator/UIDriverUITests-Runner.app/PlugIns/UIDriverUITests.xctest/PlugIns --scan-folder /Users/nstudio/Library/Developer/Xcode/DerivedData/UIDriver-ekqcqbpucoqmcgbikewqdmafsmmj/Build/Products/Debug-iphonesimulator/UIDriverUITests-Runner.app/PlugIns/UIDriverUITests.xctest/SystemExtensions --scan-folder /Users/nstudio/Library/Developer/Xcode/DerivedData/UIDriver-ekqcqbpucoqmcgbikewqdmafsmmj/Build/Products/Debug-iphonesimulator/UIDriverUITests-Runner.app/PlugIns/UIDriverUITests.xctest/Extensions --platform iphonesimulator --toolchain /var/run/com.apple.security.cryptexd/mnt/com.apple.MobileAsset.MetalToolchain-v17.6.42.0.xRBJyY/Metal.xctoolchain --toolchain /Applications/Xcode.app/Contents/Developer/Toolchains/XcodeDefault.xctoolchain --destination /Users/nstudio/Library/Developer/Xcode/DerivedData/UIDriver-ekqcqbpucoqmcgbikewqdmafsmmj/Build/Products/Debug-iphonesimulator/UIDriverUITests-Runner.app/PlugIns/UIDriverUITests.xctest/Frameworks --strip-bitcode --scan-executable /Applications/Xcode.app/Contents/Developer/Platforms/iPhoneSimulator.platform/Developer/usr/lib/libXCTestSwiftSupport.dylib --strip-bitcode-tool /Applications/Xcode.app/Contents/Developer/Toolchains/XcodeDefault.xctoolchain/usr/bin/bitcode_strip --emit-dependency-info /Users/nstudio/Library/Developer/Xcode/DerivedData/UIDriver-ekqcqbpucoqmcgbikewqdmafsmmj/Build/Intermediates.noindex/UIDriver.build/Debug-iphonesimulator/UIDriverUITests.build/SwiftStdLibToolInputDependencies.dep --filter-for-swift-os
Ignoring --strip-bitcode because --sign was not passed

2026-08-01 20:56:42.520772-0700 UIDriverUITests-Runner[47325:30754282] [Default] Running tests...
    t =      nans Interface orientation changed to Portrait
Test Suite 'All tests' started at 2026-08-01 20:56:43.119.
Test Suite 'UIDriverUITests.xctest' started at 2026-08-01 20:56:43.120.
Test Suite 'FeatureLatencyTests' started at 2026-08-01 20:56:43.120.
Test Case '-[UIDriverUITests.FeatureLatencyTests testFeatureLatencies]' started.
    t =     0.00s Start Test at 2026-08-01 20:56:43.121
    t =     0.02s Set Up
STEP[0s]: iter 0: launch org.nativescript.nsbenchmark
    t =     0.02s Open org.nativescript.nsbenchmark
    t =     0.02s     Launch org.nativescript.nsbenchmark
    t =     0.11s         Setting up automation session
objc[47325]: Class UIAccessibilityLoaderWebShared is implemented in both /Library/Developer/CoreSimulator/Volumes/iOS_23F77/Library/Developer/CoreSimulator/Profiles/Runtimes/iOS 26.5.simruntime/Contents/Resources/RuntimeRoot/System/Library/AccessibilityBundles/WebCore.axbundle/WebCore (0x109df8310) and /Library/Developer/CoreSimulator/Volumes/iOS_23F77/Library/Developer/CoreSimulator/Profiles/Runtimes/iOS 26.5.simruntime/Contents/Resources/RuntimeRoot/System/Library/AccessibilityBundles/WebKit.axbundle/WebKit (0x109fa0398). This may cause spurious casting failures and mysterious crashes. One of the duplicates must be removed or renamed.
    t =     0.90s         Wait for org.nativescript.nsbenchmark to idle
    t =     2.08s Checking existence of `"Health" Button`
    t =     2.11s Waiting 20.0s for "Health" Button to exist
    t =     3.18s     Checking `Expect predicate `existsNoRetry == 1` for object "Health" Button`
    t =     3.18s         Checking existence of `"Health" Button`
STEP[3s]: iter 0: nav Health
    t =     3.20s Checking existence of `"Health" Button`
    t =     3.21s Tap "Health" Button
    t =     3.21s     Wait for org.nativescript.nsbenchmark to idle
    t =     3.21s     Find the "Health" Button
    t =     3.22s     Check for interrupting elements affecting "Health" Button
    t =     3.23s     Synthesize event
    t =     3.53s     Wait for org.nativescript.nsbenchmark to idle
    t =     4.32s Waiting 10.0s for Any (First Match) to exist
    t =     5.39s     Checking `Expect predicate `existsNoRetry == 1` for object Any (First Match)`
    t =     5.40s         Checking existence of `Any (First Match)`
    t =     5.42s Checking existence of `Any (First Match)`
    t =     5.43s Find the Any (First Match)
STEP[5s]: iter 0: HK authorize
    t =     5.44s Checking existence of `"Request Access" Button`
    t =     5.45s Checking existence of `"Request Access" Button`
    t =     5.46s Find the "Request Access" Button
    t =     5.47s Tap "Request Access" Button
    t =     5.47s     Wait for org.nativescript.nsbenchmark to idle
    t =     5.47s     Find the "Request Access" Button
    t =     5.48s     Check for interrupting elements affecting "Request Access" Button
    t =     5.49s     Synthesize event
    t =     5.78s     Wait for org.nativescript.nsbenchmark to idle
    t =     6.64s Waiting 3.0s for Any (First Match) to exist
    t =     7.71s     Checking `Expect predicate `existsNoRetry == 1` for object Any (First Match)`
    t =     7.72s         Checking existence of `Any (First Match)`
    t =     7.77s Find the Any (First Match)
STEP[7s]: health sheet(app): tap 'Turn On All'
    t =     7.80s Tap "Turn On All" StaticText
    t =     7.80s     Wait for org.nativescript.nsbenchmark to idle
    t =     7.81s     Find the "Turn On All" StaticText
    t =     7.84s     Check for interrupting elements affecting "Turn On All" StaticText
    t =     7.87s     Synthesize event
    t =     8.17s     Wait for org.nativescript.nsbenchmark to idle
    t =     8.17s Waiting 2.0s for "Allow" Button to exist
    t =     9.25s     Checking `Expect predicate `existsNoRetry == 1` for object "Allow" Button`
    t =     9.25s         Checking existence of `"Allow" Button`
    t =     9.30s Find the "Allow" Button
STEP[9s]: health sheet(app): confirm 'Allow'
    t =     9.33s Tap "UIA.Health.Allow.Button" Button
    t =     9.33s     Wait for org.nativescript.nsbenchmark to idle
    t =     9.33s     Find the "UIA.Health.Allow.Button" Button
    t =     9.36s     Check for interrupting elements affecting "UIA.Health.Allow.Button" Button
    t =     9.38s     Synthesize event
    t =     9.67s     Wait for org.nativescript.nsbenchmark to idle
    t =     9.68s Waiting 15.0s for Any (First Match) to exist
    t =    10.75s     Checking `Expect predicate `existsNoRetry == 1` for object Any (First Match)`
    t =    10.75s         Checking existence of `Any (First Match)`
    t =    10.77s Checking existence of `"Health access: not requested" StaticText`
    t =    10.78s Find the "Health access: not requested" StaticText
    t =    10.79s Waiting 15.0s for Any (First Match) to exist
    t =    11.87s     Checking `Expect predicate `existsNoRetry == 1` for object Any (First Match)`
    t =    11.87s         Checking existence of `Any (First Match)`
    t =    11.89s Checking existence of `Any (First Match)`
    t =    11.90s Find the Any (First Match)
    t =    11.91s Checking existence of `"Log 500 Steps" Button`
    t =    11.92s Checking existence of `"Log 500 Steps" Button`
    t =    11.93s Find the "Log 500 Steps" Button
STEP[11s]: iter 0: log 500
    t =    11.95s Tap "Log 500 Steps" Button
    t =    11.95s     Wait for org.nativescript.nsbenchmark to idle
    t =    11.95s     Find the "Log 500 Steps" Button
    t =    11.96s     Check for interrupting elements affecting "Log 500 Steps" Button
    t =    11.97s     Synthesize event
    t =    12.27s     Wait for org.nativescript.nsbenchmark to idle
    t =    12.55s Checking existence of `"Sat Aug 1 — 58000 steps (today)" StaticText`
    t =    12.56s Find the "Sat Aug 1 — 58000 steps (today)" StaticText
    t =    12.58s Checking existence of `"Sat Aug 1 — 58500 steps (today)" StaticText`
STEP[12s]: iter 0: go home
    t =    12.59s Checking existence of `"Transcribe" Button`
    t =    12.60s Checking existence of `"Health" Button`
    t =    12.61s Checking existence of `Any (First Match)`
    t =    12.62s Checking existence of `Button (Element at index 0)`
    t =    12.63s Find the Button (Element at index 0)
STEP[12s]: goHome: tapping candidate 0
    t =    12.65s Tap "BackButton" Button
    t =    12.65s     Wait for org.nativescript.nsbenchmark to idle
    t =    12.65s     Find the "BackButton" Button
    t =    12.66s     Check for interrupting elements affecting "BackButton" Button
    t =    12.67s     Synthesize event
    t =    12.97s     Wait for org.nativescript.nsbenchmark to idle
    t =    13.27s Checking existence of `"Transcribe" Button`
    t =    13.28s Waiting 3.0s for "Transcribe" Button to exist
    t =    14.36s     Checking `Expect predicate `existsNoRetry == 1` for object "Transcribe" Button`
    t =    14.36s         Checking existence of `"Transcribe" Button`
STEP[14s]: iter 0: nav Transcribe
    t =    14.38s Checking existence of `"Transcribe" Button`
    t =    14.38s Tap "Transcribe" Button
    t =    14.38s     Wait for org.nativescript.nsbenchmark to idle
    t =    14.38s     Find the "Transcribe" Button
    t =    14.39s     Check for interrupting elements affecting "Transcribe" Button
    t =    14.40s     Synthesize event
    t =    14.70s     Wait for org.nativescript.nsbenchmark to idle
    t =    15.47s Waiting 10.0s for Any (First Match) to exist
    t =    16.55s     Checking `Expect predicate `existsNoRetry == 1` for object Any (First Match)`
    t =    16.55s         Checking existence of `Any (First Match)`
    t =    16.57s Checking existence of `Any (First Match)`
    t =    16.58s Find the Any (First Match)
STEP[16s]: iter 0: speech authorize
    t =    16.59s Checking existence of `"Request Access" Button`
    t =    16.60s Checking existence of `"Request Access" Button`
    t =    16.61s Find the "Request Access" Button
    t =    16.62s Tap "Request Access" Button
    t =    16.62s     Wait for org.nativescript.nsbenchmark to idle
    t =    16.62s     Find the "Request Access" Button
    t =    16.63s     Check for interrupting elements affecting "Request Access" Button
    t =    16.64s     Synthesize event
    t =    16.94s     Wait for org.nativescript.nsbenchmark to idle
    t =    17.20s Waiting 3.0s for "Allow" Button to exist
    t =    18.29s     Checking `Expect predicate `existsNoRetry == 1` for object "Allow" Button`
    t =    18.29s         Checking existence of `"Allow" Button`
STEP[18s]: system alert: 'Allow'
    t =    18.32s Tap "Allow" Button
    t =    18.32s     Wait for com.apple.springboard to idle
    t =    18.32s     Find the "Allow" Button
    t =    18.34s     Check for interrupting elements affecting "Allow" Button
    t =    18.37s     Synthesize event
    t =    18.66s     Wait for com.apple.springboard to idle
    t =    18.90s Waiting 15.0s for Any (First Match) to exist
    t =    19.98s     Checking `Expect predicate `existsNoRetry == 1` for object Any (First Match)`
    t =    19.98s         Checking existence of `Any (First Match)`
    t =    19.99s Checking existence of `"Speech access: not requested" StaticText`
    t =    20.00s Find the "Speech access: not requested" StaticText
    t =    20.00s Checking existence of `"Transcribe Sample" Button`
    t =    20.01s Checking existence of `"Transcribe Sample" Button`
    t =    20.02s Find the "Transcribe Sample" Button
STEP[20s]: iter 0: transcribe
    t =    20.04s Tap "Transcribe Sample" Button
    t =    20.04s     Wait for org.nativescript.nsbenchmark to idle
    t =    20.04s     Find the "Transcribe Sample" Button
    t =    20.05s     Check for interrupting elements affecting "Transcribe Sample" Button
    t =    20.06s     Synthesize event
    t =    20.35s     Wait for org.nativescript.nsbenchmark to idle
    t =    20.62s Waiting 45.0s for Any (First Match) to exist
    t =    21.70s     Checking `Expect predicate `existsNoRetry == 1` for object Any (First Match)`
    t =    21.70s         Checking existence of `Any (First Match)`
    t =    21.72s         Capturing element debug description
    t =    22.68s     Checking `Expect predicate `existsNoRetry == 1` for object Any (First Match)`
    t =    22.68s         Checking existence of `Any (First Match)`
    t =    22.70s         Capturing element debug description
    t =    23.67s     Checking `Expect predicate `existsNoRetry == 1` for object Any (First Match)`
    t =    23.67s         Checking existence of `Any (First Match)`
    t =    23.70s         Capturing element debug description
    t =    24.67s     Checking `Expect predicate `existsNoRetry == 1` for object Any (First Match)`
    t =    24.67s         Checking existence of `Any (First Match)`
    t =    24.69s         Capturing element debug description
    t =    25.64s     Checking `Expect predicate `existsNoRetry == 1` for object Any (First Match)`
    t =    25.65s         Checking existence of `Any (First Match)`
    t =    25.67s         Capturing element debug description
    t =    26.63s     Checking `Expect predicate `existsNoRetry == 1` for object Any (First Match)`
    t =    26.63s         Checking existence of `Any (First Match)`
    t =    26.65s         Capturing element debug description
    t =    27.63s     Checking `Expect predicate `existsNoRetry == 1` for object Any (First Match)`
    t =    27.63s         Checking existence of `Any (First Match)`
    t =    27.65s         Capturing element debug description
    t =    28.72s     Checking `Expect predicate `existsNoRetry == 1` for object Any (First Match)`
    t =    28.72s         Checking existence of `Any (First Match)`
    t =    28.74s         Capturing element debug description
    t =    29.71s     Checking `Expect predicate `existsNoRetry == 1` for object Any (First Match)`
    t =    29.72s         Checking existence of `Any (First Match)`
    t =    29.74s         Capturing element debug description
    t =    30.69s     Checking `Expect predicate `existsNoRetry == 1` for object Any (First Match)`
    t =    30.69s         Checking existence of `Any (First Match)`
    t =    30.71s         Capturing element debug description
    t =    31.67s     Checking `Expect predicate `existsNoRetry == 1` for object Any (First Match)`
    t =    31.67s         Checking existence of `Any (First Match)`
    t =    31.69s         Capturing element debug description
    t =    32.65s     Checking `Expect predicate `existsNoRetry == 1` for object Any (First Match)`
    t =    32.65s         Checking existence of `Any (First Match)`
    t =    32.67s         Capturing element debug description
    t =    33.64s     Checking `Expect predicate `existsNoRetry == 1` for object Any (First Match)`
    t =    33.64s         Checking existence of `Any (First Match)`
    t =    33.66s         Capturing element debug description
    t =    34.72s     Checking `Expect predicate `existsNoRetry == 1` for object Any (First Match)`
    t =    34.72s         Checking existence of `Any (First Match)`
    t =    34.74s         Capturing element debug description
    t =    35.71s     Checking `Expect predicate `existsNoRetry == 1` for object Any (First Match)`
    t =    35.71s         Checking existence of `Any (First Match)`
    t =    35.74s         Capturing element debug description
    t =    36.69s     Checking `Expect predicate `existsNoRetry == 1` for object Any (First Match)`
    t =    36.69s         Checking existence of `Any (First Match)`
    t =    36.71s         Capturing element debug description
    t =    37.68s     Checking `Expect predicate `existsNoRetry == 1` for object Any (First Match)`
    t =    37.68s         Checking existence of `Any (First Match)`
    t =    37.70s         Capturing element debug description
    t =    38.64s     Checking `Expect predicate `existsNoRetry == 1` for object Any (First Match)`
    t =    38.64s         Checking existence of `Any (First Match)`
    t =    38.66s         Capturing element debug description
    t =    39.71s     Checking `Expect predicate `existsNoRetry == 1` for object Any (First Match)`
    t =    39.72s         Checking existence of `Any (First Match)`
    t =    39.74s         Capturing element debug description
    t =    40.70s     Checking `Expect predicate `existsNoRetry == 1` for object Any (First Match)`
    t =    40.70s         Checking existence of `Any (First Match)`
    t =    40.71s         Capturing element debug description
    t =    41.67s     Checking `Expect predicate `existsNoRetry == 1` for object Any (First Match)`
    t =    41.67s         Checking existence of `Any (First Match)`
    t =    41.69s         Capturing element debug description
    t =    42.63s     Checking `Expect predicate `existsNoRetry == 1` for object Any (First Match)`
    t =    42.63s         Checking existence of `Any (First Match)`
    t =    42.65s         Capturing element debug description
    t =    43.69s     Checking `Expect predicate `existsNoRetry == 1` for object Any (First Match)`
    t =    43.69s         Checking existence of `Any (First Match)`
    t =    43.71s         Capturing element debug description
    t =    44.68s     Checking `Expect predicate `existsNoRetry == 1` for object Any (First Match)`
    t =    44.68s         Checking existence of `Any (First Match)`
    t =    44.70s         Capturing element debug description
    t =    45.66s     Checking `Expect predicate `existsNoRetry == 1` for object Any (First Match)`
    t =    45.66s         Checking existence of `Any (First Match)`
    t =    45.68s         Capturing element debug description
    t =    46.64s     Checking `Expect predicate `existsNoRetry == 1` for object Any (First Match)`
    t =    46.65s         Checking existence of `Any (First Match)`
    t =    46.67s         Capturing element debug description
    t =    47.63s     Checking `Expect predicate `existsNoRetry == 1` for object Any (First Match)`
    t =    47.63s         Checking existence of `Any (First Match)`
    t =    47.65s         Capturing element debug description
    t =    48.71s     Checking `Expect predicate `existsNoRetry == 1` for object Any (First Match)`
    t =    48.72s         Checking existence of `Any (First Match)`
    t =    48.74s         Capturing element debug description
    t =    49.70s     Checking `Expect predicate `existsNoRetry == 1` for object Any (First Match)`
    t =    49.70s         Checking existence of `Any (First Match)`
    t =    49.72s         Capturing element debug description
    t =    50.66s     Checking `Expect predicate `existsNoRetry == 1` for object Any (First Match)`
    t =    50.66s         Checking existence of `Any (First Match)`
    t =    50.67s         Capturing element debug description
    t =    51.64s     Checking `Expect predicate `existsNoRetry == 1` for object Any (First Match)`
    t =    51.64s         Checking existence of `Any (First Match)`
    t =    51.66s         Capturing element debug description
    t =    52.63s     Checking `Expect predicate `existsNoRetry == 1` for object Any (First Match)`
    t =    52.63s         Checking existence of `Any (First Match)`
    t =    52.65s         Capturing element debug description
    t =    53.72s     Checking `Expect predicate `existsNoRetry == 1` for object Any (First Match)`
    t =    53.72s         Checking existence of `Any (First Match)`
    t =    53.74s         Capturing element debug description
    t =    54.70s     Checking `Expect predicate `existsNoRetry == 1` for object Any (First Match)`
    t =    54.70s         Checking existence of `Any (First Match)`
    t =    54.72s         Capturing element debug description
    t =    55.68s     Checking `Expect predicate `existsNoRetry == 1` for object Any (First Match)`
    t =    55.68s         Checking existence of `Any (First Match)`
    t =    55.70s         Capturing element debug description
    t =    56.67s     Checking `Expect predicate `existsNoRetry == 1` for object Any (First Match)`
    t =    56.67s         Checking existence of `Any (First Match)`
    t =    56.68s         Capturing element debug description
    t =    57.64s     Checking `Expect predicate `existsNoRetry == 1` for object Any (First Match)`
    t =    57.65s         Checking existence of `Any (First Match)`
    t =    57.67s         Capturing element debug description
    t =    58.63s     Checking `Expect predicate `existsNoRetry == 1` for object Any (First Match)`
    t =    58.63s         Checking existence of `Any (First Match)`
    t =    58.65s         Capturing element debug description
    t =    59.72s     Checking `Expect predicate `existsNoRetry == 1` for object Any (First Match)`
    t =    59.72s         Checking existence of `Any (First Match)`
    t =    59.74s         Capturing element debug description
    t =    60.70s     Checking `Expect predicate `existsNoRetry == 1` for object Any (First Match)`
    t =    60.70s         Checking existence of `Any (First Match)`
    t =    60.71s         Capturing element debug description
    t =    61.66s     Checking `Expect predicate `existsNoRetry == 1` for object Any (First Match)`
    t =    61.66s         Checking existence of `Any (First Match)`
    t =    61.68s         Capturing element debug description
    t =    62.64s     Checking `Expect predicate `existsNoRetry == 1` for object Any (First Match)`
    t =    62.64s         Checking existence of `Any (First Match)`
    t =    62.66s         Capturing element debug description
    t =    63.63s     Checking `Expect predicate `existsNoRetry == 1` for object Any (First Match)`
    t =    63.63s         Checking existence of `Any (First Match)`
    t =    63.65s         Capturing element debug description
    t =    64.71s     Checking `Expect predicate `existsNoRetry == 1` for object Any (First Match)`
    t =    64.71s         Checking existence of `Any (First Match)`
    t =    64.73s         Capturing element debug description
    t =    65.64s     Checking `Expect predicate `existsNoRetry == 1` for object Any (First Match)`
    t =    65.65s         Checking existence of `Any (First Match)`
    t =    65.67s         Capturing element debug description
    t =    65.67s     Checking existence of `Any (First Match)`
    t =    65.68s Collecting debug information to assist test failure triage
    t =    65.68s     Requesting snapshot of accessibility hierarchy for app with pid 47333
    t =    65.70s Checking existence of `Any (First Match)`
    t =    65.71s Checking existence of `Any (First Match)`
    t =    65.72s Checking existence of `Any (First Match)`
    t =    65.72s Find the Any (First Match)
STEP[65s]: iter 0: done
    t =    65.73s Terminate org.nativescript.nsbenchmark:47333
STEP[66s]: iter 1: launch org.nativescript.nsbenchmark
    t =    66.82s Open org.nativescript.nsbenchmark
    t =    66.83s     Launch org.nativescript.nsbenchmark
    t =    66.93s         Setting up automation session
    t =    67.55s         Wait for org.nativescript.nsbenchmark to idle
    t =    68.73s Checking existence of `"Health" Button`
    t =    68.76s Waiting 20.0s for "Health" Button to exist
    t =    69.81s     Checking `Expect predicate `existsNoRetry == 1` for object "Health" Button`
    t =    69.81s         Checking existence of `"Health" Button`
STEP[69s]: iter 1: nav Health
    t =    69.83s Checking existence of `"Health" Button`
    t =    69.84s Tap "Health" Button
    t =    69.84s     Wait for org.nativescript.nsbenchmark to idle
    t =    69.84s     Find the "Health" Button
    t =    69.85s     Check for interrupting elements affecting "Health" Button
    t =    69.86s     Synthesize event
    t =    70.15s     Wait for org.nativescript.nsbenchmark to idle
    t =    70.94s Waiting 10.0s for Any (First Match) to exist
    t =    72.01s     Checking `Expect predicate `existsNoRetry == 1` for object Any (First Match)`
    t =    72.01s         Checking existence of `Any (First Match)`
    t =    72.03s Checking existence of `Any (First Match)`
    t =    72.04s Find the Any (First Match)
    t =    72.05s Checking existence of `"Health access: granted" StaticText`
    t =    72.06s Find the "Health access: granted" StaticText
    t =    72.07s Waiting 15.0s for Any (First Match) to exist
    t =    73.12s     Checking `Expect predicate `existsNoRetry == 1` for object Any (First Match)`
    t =    73.12s         Checking existence of `Any (First Match)`
    t =    73.14s Checking existence of `Any (First Match)`
    t =    73.15s Find the Any (First Match)
    t =    73.16s Checking existence of `"Log 500 Steps" Button`
    t =    73.17s Checking existence of `"Log 500 Steps" Button`
    t =    73.18s Find the "Log 500 Steps" Button
STEP[73s]: iter 1: log 500
    t =    73.20s Tap "Log 500 Steps" Button
    t =    73.20s     Wait for org.nativescript.nsbenchmark to idle
    t =    73.20s     Find the "Log 500 Steps" Button
    t =    73.21s     Check for interrupting elements affecting "Log 500 Steps" Button
    t =    73.22s     Synthesize event
    t =    73.51s     Wait for org.nativescript.nsbenchmark to idle
    t =    73.79s Checking existence of `"Sat Aug 1 — 58500 steps (today)" StaticText`
    t =    73.80s Find the "Sat Aug 1 — 58500 steps (today)" StaticText
    t =    73.81s Checking existence of `"Sat Aug 1 — 59000 steps (today)" StaticText`
STEP[73s]: iter 1: go home
    t =    73.82s Checking existence of `"Transcribe" Button`
    t =    73.83s Checking existence of `"Health" Button`
    t =    73.84s Checking existence of `Any (First Match)`
    t =    73.85s Checking existence of `Button (Element at index 0)`
    t =    73.86s Find the Button (Element at index 0)
STEP[73s]: goHome: tapping candidate 0
    t =    73.88s Tap "BackButton" Button
    t =    73.88s     Wait for org.nativescript.nsbenchmark to idle
    t =    73.88s     Find the "BackButton" Button
    t =    73.89s     Check for interrupting elements affecting "BackButton" Button
    t =    73.90s     Synthesize event
    t =    74.20s     Wait for org.nativescript.nsbenchmark to idle
    t =    74.51s Checking existence of `"Transcribe" Button`
    t =    74.51s Waiting 3.0s for "Transcribe" Button to exist
    t =    75.57s     Checking `Expect predicate `existsNoRetry == 1` for object "Transcribe" Button`
    t =    75.57s         Checking existence of `"Transcribe" Button`
STEP[75s]: iter 1: nav Transcribe
    t =    75.58s Checking existence of `"Transcribe" Button`
    t =    75.59s Tap "Transcribe" Button
    t =    75.59s     Wait for org.nativescript.nsbenchmark to idle
    t =    75.59s     Find the "Transcribe" Button
    t =    75.60s     Check for interrupting elements affecting "Transcribe" Button
    t =    75.61s     Synthesize event
    t =    75.91s     Wait for org.nativescript.nsbenchmark to idle
    t =    76.69s Waiting 10.0s for Any (First Match) to exist
    t =    77.74s     Checking `Expect predicate `existsNoRetry == 1` for object Any (First Match)`
    t =    77.74s         Checking existence of `Any (First Match)`
    t =    77.76s Checking existence of `Any (First Match)`
    t =    77.78s Find the Any (First Match)
    t =    77.79s Checking existence of `"Speech access: granted" StaticText`
    t =    77.80s Find the "Speech access: granted" StaticText
    t =    77.80s Checking existence of `"Transcribe Sample" Button`
    t =    77.81s Checking existence of `"Transcribe Sample" Button`
    t =    77.82s Find the "Transcribe Sample" Button
STEP[77s]: iter 1: transcribe
    t =    77.84s Tap "Transcribe Sample" Button
    t =    77.84s     Wait for org.nativescript.nsbenchmark to idle
    t =    77.84s     Find the "Transcribe Sample" Button
    t =    77.85s     Check for interrupting elements affecting "Transcribe Sample" Button
    t =    77.86s     Synthesize event
    t =    78.15s     Wait for org.nativescript.nsbenchmark to idle
    t =    78.43s Waiting 45.0s for Any (First Match) to exist
    t =    79.49s     Checking `Expect predicate `existsNoRetry == 1` for object Any (First Match)`
    t =    79.49s         Checking existence of `Any (First Match)`
    t =    79.51s         Capturing element debug description
    t =    80.46s     Checking `Expect predicate `existsNoRetry == 1` for object Any (First Match)`
    t =    80.46s         Checking existence of `Any (First Match)`
    t =    80.48s         Capturing element debug description
    t =    81.53s     Checking `Expect predicate `existsNoRetry == 1` for object Any (First Match)`
    t =    81.53s         Checking existence of `Any (First Match)`
    t =    81.55s         Capturing element debug description
    t =    82.52s     Checking `Expect predicate `existsNoRetry == 1` for object Any (First Match)`
    t =    82.52s         Checking existence of `Any (First Match)`
    t =    82.54s         Capturing element debug description
    t =    83.50s     Checking `Expect predicate `existsNoRetry == 1` for object Any (First Match)`
    t =    83.50s         Checking existence of `Any (First Match)`
    t =    83.52s         Capturing element debug description
    t =    84.46s     Checking `Expect predicate `existsNoRetry == 1` for object Any (First Match)`
    t =    84.46s         Checking existence of `Any (First Match)`
    t =    84.48s         Capturing element debug description
    t =    85.44s     Checking `Expect predicate `existsNoRetry == 1` for object Any (First Match)`
    t =    85.44s         Checking existence of `Any (First Match)`
    t =    85.46s         Capturing element debug description
    t =    86.53s     Checking `Expect predicate `existsNoRetry == 1` for object Any (First Match)`
    t =    86.53s         Checking existence of `Any (First Match)`
    t =    86.55s         Capturing element debug description
    t =    87.50s     Checking `Expect predicate `existsNoRetry == 1` for object Any (First Match)`
    t =    87.50s         Checking existence of `Any (First Match)`
    t =    87.52s         Capturing element debug description
    t =    88.47s     Checking `Expect predicate `existsNoRetry == 1` for object Any (First Match)`
    t =    88.47s         Checking existence of `Any (First Match)`
    t =    88.49s         Capturing element debug description
    t =    89.44s     Checking `Expect predicate `existsNoRetry == 1` for object Any (First Match)`
    t =    89.45s         Checking existence of `Any (First Match)`
    t =    89.47s         Capturing element debug description
    t =    90.53s     Checking `Expect predicate `existsNoRetry == 1` for object Any (First Match)`
    t =    90.53s         Checking existence of `Any (First Match)`
    t =    90.55s         Capturing element debug description
    t =    91.51s     Checking `Expect predicate `existsNoRetry == 1` for object Any (First Match)`
    t =    91.51s         Checking existence of `Any (First Match)`
    t =    91.52s         Capturing element debug description
    t =    92.48s     Checking `Expect predicate `existsNoRetry == 1` for object Any (First Match)`
    t =    92.48s         Checking existence of `Any (First Match)`
    t =    92.50s         Capturing element debug description
    t =    93.47s     Checking `Expect predicate `existsNoRetry == 1` for object Any (First Match)`
    t =    93.47s         Checking existence of `Any (First Match)`
    t =    93.48s         Capturing element debug description
    t =    94.45s     Checking `Expect predicate `existsNoRetry == 1` for object Any (First Match)`
    t =    94.45s         Checking existence of `Any (First Match)`
    t =    94.47s         Capturing element debug description
    t =    95.44s     Checking `Expect predicate `existsNoRetry == 1` for object Any (First Match)`
    t =    95.44s         Checking existence of `Any (First Match)`
    t =    95.46s         Capturing element debug description
    t =    96.53s     Checking `Expect predicate `existsNoRetry == 1` for object Any (First Match)`
    t =    96.53s         Checking existence of `Any (First Match)`
    t =    96.55s         Capturing element debug description
    t =    97.51s     Checking `Expect predicate `existsNoRetry == 1` for object Any (First Match)`
    t =    97.51s         Checking existence of `Any (First Match)`
    t =    97.53s         Capturing element debug description
    t =    98.50s     Checking `Expect predicate `existsNoRetry == 1` for object Any (First Match)`
    t =    98.50s         Checking existence of `Any (First Match)`
    t =    98.51s         Capturing element debug description
    t =    99.47s     Checking `Expect predicate `existsNoRetry == 1` for object Any (First Match)`
    t =    99.47s         Checking existence of `Any (First Match)`
    t =    99.50s         Capturing element debug description
    t =   100.45s     Checking `Expect predicate `existsNoRetry == 1` for object Any (First Match)`
    t =   100.45s         Checking existence of `Any (First Match)`
    t =   100.47s         Capturing element debug description
    t =   101.44s     Checking `Expect predicate `existsNoRetry == 1` for object Any (First Match)`
    t =   101.45s         Checking existence of `Any (First Match)`
    t =   101.47s         Capturing element debug description
    t =   102.44s     Checking `Expect predicate `existsNoRetry == 1` for object Any (First Match)`
    t =   102.44s         Checking existence of `Any (First Match)`
    t =   102.46s         Capturing element debug description
    t =   103.53s     Checking `Expect predicate `existsNoRetry == 1` for object Any (First Match)`
    t =   103.53s         Checking existence of `Any (First Match)`
    t =   103.55s         Capturing element debug description
    t =   104.50s     Checking `Expect predicate `existsNoRetry == 1` for object Any (First Match)`
    t =   104.50s         Checking existence of `Any (First Match)`
    t =   104.51s         Capturing element debug description
    t =   105.47s     Checking `Expect predicate `existsNoRetry == 1` for object Any (First Match)`
    t =   105.47s         Checking existence of `Any (First Match)`
    t =   105.49s         Capturing element debug description
    t =   106.44s     Checking `Expect predicate `existsNoRetry == 1` for object Any (First Match)`
    t =   106.44s         Checking existence of `Any (First Match)`
    t =   106.46s         Capturing element debug description
    t =   107.44s     Checking `Expect predicate `existsNoRetry == 1` for object Any (First Match)`
    t =   107.44s         Checking existence of `Any (First Match)`
    t =   107.46s         Capturing element debug description
    t =   108.51s     Checking `Expect predicate `existsNoRetry == 1` for object Any (First Match)`
    t =   108.52s         Checking existence of `Any (First Match)`
    t =   108.54s         Capturing element debug description
    t =   109.50s     Checking `Expect predicate `existsNoRetry == 1` for object Any (First Match)`
    t =   109.50s         Checking existence of `Any (First Match)`
    t =   109.52s         Capturing element debug description
    t =   110.49s     Checking `Expect predicate `existsNoRetry == 1` for object Any (First Match)`
    t =   110.49s         Checking existence of `Any (First Match)`
    t =   110.51s         Capturing element debug description
    t =   111.47s     Checking `Expect predicate `existsNoRetry == 1` for object Any (First Match)`
    t =   111.47s         Checking existence of `Any (First Match)`
    t =   111.49s         Capturing element debug description
    t =   112.45s     Checking `Expect predicate `existsNoRetry == 1` for object Any (First Match)`
    t =   112.45s         Checking existence of `Any (First Match)`
    t =   112.48s         Capturing element debug description
    t =   113.44s     Checking `Expect predicate `existsNoRetry == 1` for object Any (First Match)`
    t =   113.45s         Checking existence of `Any (First Match)`
    t =   113.47s         Capturing element debug description
    t =   114.44s     Checking `Expect predicate `existsNoRetry == 1` for object Any (First Match)`
    t =   114.44s         Checking existence of `Any (First Match)`
    t =   114.46s         Capturing element debug description
    t =   115.53s     Checking `Expect predicate `existsNoRetry == 1` for object Any (First Match)`
    t =   115.53s         Checking existence of `Any (First Match)`
    t =   115.55s         Capturing element debug description
    t =   116.51s     Checking `Expect predicate `existsNoRetry == 1` for object Any (First Match)`
    t =   116.51s         Checking existence of `Any (First Match)`
    t =   116.53s         Capturing element debug description
    t =   117.50s     Checking `Expect predicate `existsNoRetry == 1` for object Any (First Match)`
    t =   117.50s         Checking existence of `Any (First Match)`
    t =   117.51s         Capturing element debug description
    t =   118.47s     Checking `Expect predicate `existsNoRetry == 1` for object Any (First Match)`
    t =   118.47s         Checking existence of `Any (First Match)`
    t =   118.50s         Capturing element debug description
    t =   119.45s     Checking `Expect predicate `existsNoRetry == 1` for object Any (First Match)`
    t =   119.45s         Checking existence of `Any (First Match)`
    t =   119.48s         Capturing element debug description
    t =   120.44s     Checking `Expect predicate `existsNoRetry == 1` for object Any (First Match)`
    t =   120.45s         Checking existence of `Any (First Match)`
    t =   120.46s         Capturing element debug description
    t =   121.44s     Checking `Expect predicate `existsNoRetry == 1` for object Any (First Match)`
    t =   121.44s         Checking existence of `Any (First Match)`
    t =   121.46s         Capturing element debug description
    t =   122.53s     Checking `Expect predicate `existsNoRetry == 1` for object Any (First Match)`
    t =   122.53s         Checking existence of `Any (First Match)`
    t =   122.55s         Capturing element debug description
    t =   123.45s     Checking `Expect predicate `existsNoRetry == 1` for object Any (First Match)`
    t =   123.45s         Checking existence of `Any (First Match)`
    t =   123.48s         Capturing element debug description
    t =   123.48s     Checking existence of `Any (First Match)`
    t =   123.49s Collecting debug information to assist test failure triage
    t =   123.49s     Requesting snapshot of accessibility hierarchy for app with pid 47371
    t =   123.51s Checking existence of `Any (First Match)`
    t =   123.52s Checking existence of `Any (First Match)`
    t =   123.52s Checking existence of `Any (First Match)`
    t =   123.53s Find the Any (First Match)
STEP[123s]: iter 1: done
    t =   123.54s Terminate org.nativescript.nsbenchmark:47371
STEP[124s]: iter 2: launch org.nativescript.nsbenchmark
    t =   124.64s Open org.nativescript.nsbenchmark
    t =   124.64s     Launch org.nativescript.nsbenchmark
    t =   124.75s         Setting up automation session
    t =   125.37s         Wait for org.nativescript.nsbenchmark to idle
    t =   126.54s Checking existence of `"Health" Button`
    t =   126.57s Waiting 20.0s for "Health" Button to exist
    t =   127.63s     Checking `Expect predicate `existsNoRetry == 1` for object "Health" Button`
    t =   127.63s         Checking existence of `"Health" Button`
STEP[127s]: iter 2: nav Health
    t =   127.65s Checking existence of `"Health" Button`
    t =   127.66s Tap "Health" Button
    t =   127.66s     Wait for org.nativescript.nsbenchmark to idle
    t =   127.66s     Find the "Health" Button
    t =   127.67s     Check for interrupting elements affecting "Health" Button
    t =   127.68s     Synthesize event
    t =   127.97s     Wait for org.nativescript.nsbenchmark to idle
    t =   128.79s Waiting 10.0s for Any (First Match) to exist
    t =   129.86s     Checking `Expect predicate `existsNoRetry == 1` for object Any (First Match)`
    t =   129.86s         Checking existence of `Any (First Match)`
    t =   129.88s Checking existence of `Any (First Match)`
    t =   129.89s Find the Any (First Match)
    t =   129.91s Checking existence of `"Health access: granted" StaticText`
    t =   129.92s Find the "Health access: granted" StaticText
    t =   129.92s Waiting 15.0s for Any (First Match) to exist
    t =   130.97s     Checking `Expect predicate `existsNoRetry == 1` for object Any (First Match)`
    t =   130.97s         Checking existence of `Any (First Match)`
    t =   131.00s Checking existence of `Any (First Match)`
    t =   131.01s Find the Any (First Match)
    t =   131.02s Checking existence of `"Log 500 Steps" Button`
    t =   131.03s Checking existence of `"Log 500 Steps" Button`
    t =   131.04s Find the "Log 500 Steps" Button
STEP[131s]: iter 2: log 500
    t =   131.06s Tap "Log 500 Steps" Button
    t =   131.06s     Wait for org.nativescript.nsbenchmark to idle
    t =   131.06s     Find the "Log 500 Steps" Button
    t =   131.07s     Check for interrupting elements affecting "Log 500 Steps" Button
    t =   131.08s     Synthesize event
    t =   131.38s     Wait for org.nativescript.nsbenchmark to idle
    t =   131.67s Checking existence of `"Sat Aug 1 — 59000 steps (today)" StaticText`
    t =   131.68s Find the "Sat Aug 1 — 59000 steps (today)" StaticText
    t =   131.69s Checking existence of `"Sat Aug 1 — 59500 steps (today)" StaticText`
STEP[131s]: iter 2: go home
    t =   131.70s Checking existence of `"Transcribe" Button`
    t =   131.71s Checking existence of `"Health" Button`
    t =   131.72s Checking existence of `Any (First Match)`
    t =   131.73s Checking existence of `Button (Element at index 0)`
    t =   131.74s Find the Button (Element at index 0)
STEP[131s]: goHome: tapping candidate 0
    t =   131.76s Tap "BackButton" Button
    t =   131.76s     Wait for org.nativescript.nsbenchmark to idle
    t =   131.76s     Find the "BackButton" Button
    t =   131.77s     Check for interrupting elements affecting "BackButton" Button
    t =   131.79s     Synthesize event
    t =   132.08s     Wait for org.nativescript.nsbenchmark to idle
    t =   132.38s Checking existence of `"Transcribe" Button`
    t =   132.39s Waiting 3.0s for "Transcribe" Button to exist
    t =   133.46s     Checking `Expect predicate `existsNoRetry == 1` for object "Transcribe" Button`
    t =   133.46s         Checking existence of `"Transcribe" Button`
STEP[133s]: iter 2: nav Transcribe
    t =   133.48s Checking existence of `"Transcribe" Button`
    t =   133.49s Tap "Transcribe" Button
    t =   133.49s     Wait for org.nativescript.nsbenchmark to idle
    t =   133.49s     Find the "Transcribe" Button
    t =   133.50s     Check for interrupting elements affecting "Transcribe" Button
    t =   133.51s     Synthesize event
    t =   133.81s     Wait for org.nativescript.nsbenchmark to idle
    t =   134.59s Waiting 10.0s for Any (First Match) to exist
    t =   135.66s     Checking `Expect predicate `existsNoRetry == 1` for object Any (First Match)`
    t =   135.66s         Checking existence of `Any (First Match)`
    t =   135.68s Checking existence of `Any (First Match)`
    t =   135.69s Find the Any (First Match)
    t =   135.70s Checking existence of `"Speech access: granted" StaticText`
    t =   135.71s Find the "Speech access: granted" StaticText
    t =   135.72s Checking existence of `"Transcribe Sample" Button`
    t =   135.73s Checking existence of `"Transcribe Sample" Button`
    t =   135.74s Find the "Transcribe Sample" Button
STEP[135s]: iter 2: transcribe
    t =   135.75s Tap "Transcribe Sample" Button
    t =   135.75s     Wait for org.nativescript.nsbenchmark to idle
    t =   135.75s     Find the "Transcribe Sample" Button
    t =   135.76s     Check for interrupting elements affecting "Transcribe Sample" Button
    t =   135.77s     Synthesize event
    t =   136.07s     Wait for org.nativescript.nsbenchmark to idle
    t =   136.35s Waiting 45.0s for Any (First Match) to exist
    t =   137.42s     Checking `Expect predicate `existsNoRetry == 1` for object Any (First Match)`
    t =   137.43s         Checking existence of `Any (First Match)`
    t =   137.45s         Capturing element debug description
    t =   138.40s     Checking `Expect predicate `existsNoRetry == 1` for object Any (First Match)`
    t =   138.40s         Checking existence of `Any (First Match)`
    t =   138.42s         Capturing element debug description
    t =   139.37s     Checking `Expect predicate `existsNoRetry == 1` for object Any (First Match)`
    t =   139.37s         Checking existence of `Any (First Match)`
    t =   139.39s         Capturing element debug description
    t =   140.35s     Checking `Expect predicate `existsNoRetry == 1` for object Any (First Match)`
    t =   140.35s         Checking existence of `Any (First Match)`
    t =   140.38s         Capturing element debug description
    t =   141.44s     Checking `Expect predicate `existsNoRetry == 1` for object Any (First Match)`
    t =   141.44s         Checking existence of `Any (First Match)`
    t =   141.46s         Capturing element debug description
    t =   142.43s     Checking `Expect predicate `existsNoRetry == 1` for object Any (First Match)`
    t =   142.43s         Checking existence of `Any (First Match)`
    t =   142.44s         Capturing element debug description
    t =   143.39s     Checking `Expect predicate `existsNoRetry == 1` for object Any (First Match)`
    t =   143.39s         Checking existence of `Any (First Match)`
    t =   143.41s         Capturing element debug description
    t =   144.37s     Checking `Expect predicate `existsNoRetry == 1` for object Any (First Match)`
    t =   144.37s         Checking existence of `Any (First Match)`
    t =   144.39s         Capturing element debug description
    t =   145.45s     Checking `Expect predicate `existsNoRetry == 1` for object Any (First Match)`
    t =   145.45s         Checking existence of `Any (First Match)`
    t =   145.47s         Capturing element debug description
    t =   146.44s     Checking `Expect predicate `existsNoRetry == 1` for object Any (First Match)`
    t =   146.44s         Checking existence of `Any (First Match)`
    t =   146.46s         Capturing element debug description
    t =   147.41s     Checking `Expect predicate `existsNoRetry == 1` for object Any (First Match)`
    t =   147.41s         Checking existence of `Any (First Match)`
    t =   147.43s         Capturing element debug description
    t =   148.40s     Checking `Expect predicate `existsNoRetry == 1` for object Any (First Match)`
    t =   148.40s         Checking existence of `Any (First Match)`
    t =   148.42s         Capturing element debug description
    t =   149.38s     Checking `Expect predicate `existsNoRetry == 1` for object Any (First Match)`
    t =   149.38s         Checking existence of `Any (First Match)`
    t =   149.40s         Capturing element debug description
    t =   150.36s     Checking `Expect predicate `existsNoRetry == 1` for object Any (First Match)`
    t =   150.36s         Checking existence of `Any (First Match)`
    t =   150.38s         Capturing element debug description
    t =   151.36s     Checking `Expect predicate `existsNoRetry == 1` for object Any (First Match)`
    t =   151.36s         Checking existence of `Any (First Match)`
    t =   151.38s         Capturing element debug description
    t =   152.35s     Checking `Expect predicate `existsNoRetry == 1` for object Any (First Match)`
    t =   152.35s         Checking existence of `Any (First Match)`
    t =   152.38s         Capturing element debug description
    t =   153.44s     Checking `Expect predicate `existsNoRetry == 1` for object Any (First Match)`
    t =   153.45s         Checking existence of `Any (First Match)`
    t =   153.47s         Capturing element debug description
    t =   154.42s     Checking `Expect predicate `existsNoRetry == 1` for object Any (First Match)`
    t =   154.42s         Checking existence of `Any (First Match)`
    t =   154.44s         Capturing element debug description
    t =   155.41s     Checking `Expect predicate `existsNoRetry == 1` for object Any (First Match)`
    t =   155.41s         Checking existence of `Any (First Match)`
    t =   155.43s         Capturing element debug description
    t =   156.39s     Checking `Expect predicate `existsNoRetry == 1` for object Any (First Match)`
    t =   156.39s         Checking existence of `Any (First Match)`
    t =   156.41s         Capturing element debug description
    t =   157.37s     Checking `Expect predicate `existsNoRetry == 1` for object Any (First Match)`
    t =   157.37s         Checking existence of `Any (First Match)`
    t =   157.40s         Capturing element debug description
    t =   158.45s     Checking `Expect predicate `existsNoRetry == 1` for object Any (First Match)`
    t =   158.45s         Checking existence of `Any (First Match)`
    t =   158.47s         Capturing element debug description
    t =   159.44s     Checking `Expect predicate `existsNoRetry == 1` for object Any (First Match)`
    t =   159.44s         Checking existence of `Any (First Match)`
    t =   159.46s         Capturing element debug description
    t =   160.42s     Checking `Expect predicate `existsNoRetry == 1` for object Any (First Match)`
    t =   160.42s         Checking existence of `Any (First Match)`
    t =   160.44s         Capturing element debug description
    t =   161.40s     Checking `Expect predicate `existsNoRetry == 1` for object Any (First Match)`
    t =   161.40s         Checking existence of `Any (First Match)`
    t =   161.42s         Capturing element debug description
    t =   162.36s     Checking `Expect predicate `existsNoRetry == 1` for object Any (First Match)`
    t =   162.36s         Checking existence of `Any (First Match)`
    t =   162.38s         Capturing element debug description
    t =   163.45s     Checking `Expect predicate `existsNoRetry == 1` for object Any (First Match)`
    t =   163.45s         Checking existence of `Any (First Match)`
    t =   163.47s         Capturing element debug description
    t =   164.41s     Checking `Expect predicate `existsNoRetry == 1` for object Any (First Match)`
    t =   164.41s         Checking existence of `Any (First Match)`
    t =   164.43s         Capturing element debug description
    t =   165.40s     Checking `Expect predicate `existsNoRetry == 1` for object Any (First Match)`
    t =   165.40s         Checking existence of `Any (First Match)`
    t =   165.42s         Capturing element debug description
    t =   166.36s     Checking `Expect predicate `existsNoRetry == 1` for object Any (First Match)`
    t =   166.37s         Checking existence of `Any (First Match)`
    t =   166.38s         Capturing element debug description
    t =   167.36s     Checking `Expect predicate `existsNoRetry == 1` for object Any (First Match)`
    t =   167.36s         Checking existence of `Any (First Match)`
    t =   167.38s         Capturing element debug description
    t =   168.35s     Checking `Expect predicate `existsNoRetry == 1` for object Any (First Match)`
    t =   168.35s         Checking existence of `Any (First Match)`
    t =   168.37s         Capturing element debug description
    t =   169.44s     Checking `Expect predicate `existsNoRetry == 1` for object Any (First Match)`
    t =   169.45s         Checking existence of `Any (First Match)`
    t =   169.47s         Capturing element debug description
    t =   170.42s     Checking `Expect predicate `existsNoRetry == 1` for object Any (First Match)`
    t =   170.42s         Checking existence of `Any (First Match)`
    t =   170.44s         Capturing element debug description
    t =   171.40s     Checking `Expect predicate `existsNoRetry == 1` for object Any (First Match)`
    t =   171.40s         Checking existence of `Any (First Match)`
    t =   171.43s         Capturing element debug description
    t =   172.39s     Checking `Expect predicate `existsNoRetry == 1` for object Any (First Match)`
    t =   172.39s         Checking existence of `Any (First Match)`
    t =   172.41s         Capturing element debug description
    t =   173.37s     Checking `Expect predicate `existsNoRetry == 1` for object Any (First Match)`
    t =   173.37s         Checking existence of `Any (First Match)`
    t =   173.39s         Capturing element debug description
    t =   174.35s     Checking `Expect predicate `existsNoRetry == 1` for object Any (First Match)`
    t =   174.35s         Checking existence of `Any (First Match)`
    t =   174.37s         Capturing element debug description
    t =   175.44s     Checking `Expect predicate `existsNoRetry == 1` for object Any (First Match)`
    t =   175.44s         Checking existence of `Any (First Match)`
    t =   175.47s         Capturing element debug description
    t =   176.43s     Checking `Expect predicate `existsNoRetry == 1` for object Any (First Match)`
    t =   176.43s         Checking existence of `Any (First Match)`
    t =   176.45s         Capturing element debug description
    t =   177.41s     Checking `Expect predicate `existsNoRetry == 1` for object Any (First Match)`
    t =   177.41s         Checking existence of `Any (First Match)`
    t =   177.43s         Capturing element debug description
    t =   178.39s     Checking `Expect predicate `existsNoRetry == 1` for object Any (First Match)`
    t =   178.39s         Checking existence of `Any (First Match)`
    t =   178.41s         Capturing element debug description
    t =   179.36s     Checking `Expect predicate `existsNoRetry == 1` for object Any (First Match)`
    t =   179.37s         Checking existence of `Any (First Match)`
    t =   179.38s         Capturing element debug description
    t =   180.36s     Checking `Expect predicate `existsNoRetry == 1` for object Any (First Match)`
    t =   180.36s         Checking existence of `Any (First Match)`
    t =   180.38s         Capturing element debug description
    t =   181.37s     Checking `Expect predicate `existsNoRetry == 1` for object Any (First Match)`
    t =   181.37s         Checking existence of `Any (First Match)`
    t =   181.39s         Capturing element debug description
    t =   181.39s     Checking existence of `Any (First Match)`
    t =   181.41s Collecting debug information to assist test failure triage
    t =   181.41s     Requesting snapshot of accessibility hierarchy for app with pid 47405
    t =   181.43s Checking existence of `Any (First Match)`
    t =   181.43s Checking existence of `Any (First Match)`
    t =   181.44s Checking existence of `Any (First Match)`
    t =   181.45s Find the Any (First Match)
STEP[181s]: iter 2: done
    t =   181.46s Terminate org.nativescript.nsbenchmark:47405
PERFJSON:{"runs":[{"hk_log_roundtrip_ms":639,"health_granted":true,"nav_transcribe_ms":2194,"nav_health_ms":2217,"speech_state":"init_or_task_failed: Transcription failed: Failed to initialize recognizer","iter":0,"speech_granted":true,"hk_rows_ms":1097},{"hk_log_roundtrip_ms":624,"hk_rows_ms":1068,"iter":1,"nav_health_ms":2201,"speech_state":"init_or_task_failed: Transcription failed: Failed to initialize recognizer","health_granted":true,"nav_transcribe_ms":2183,"speech_granted":true},{"health_granted":true,"speech_granted":true,"iter":2,"nav_health_ms":2234,"speech_state":"init_or_task_failed: Transcription failed: Failed to initialize recognizer","hk_log_roundtrip_ms":648,"hk_rows_ms":1073,"nav_transcribe_ms":2199}],"bundle_id":"org.nativescript.nsbenchmark"}
    t =   182.56s Tear Down
Test Case '-[UIDriverUITests.FeatureLatencyTests testFeatureLatencies]' passed (182.633 seconds).
Test Suite 'FeatureLatencyTests' passed at 2026-08-01 20:59:45.755.
	 Executed 1 test, with 0 failures (0 unexpected) in 182.633 (182.635) seconds
Test Suite 'InteropCaptureTests' started at 2026-08-01 20:59:45.756.
Test Case '-[UIDriverUITests.InteropCaptureTests testCaptureInteropResults]' started.
    t =     0.00s Start Test at 2026-08-01 20:59:45.758
    t =     0.01s Set Up
    t =     0.02s Open org.nativescript.nsbenchmark
    t =     0.02s     Launch org.nativescript.nsbenchmark
    t =     0.13s         Setting up automation session
    t =     0.75s         Wait for org.nativescript.nsbenchmark to idle
    t =     1.92s Waiting 240.0s for Any (First Match) to exist
    t =     2.98s     Checking `Expect predicate `existsNoRetry == 1` for object Any (First Match)`
    t =     2.98s         Checking existence of `Any (First Match)`
    t =     3.00s         Capturing element debug description
    t =     3.97s     Checking `Expect predicate `existsNoRetry == 1` for object Any (First Match)`
    t =     3.97s         Checking existence of `Any (First Match)`
    t =     3.99s         Capturing element debug description
    t =     4.94s     Checking `Expect predicate `existsNoRetry == 1` for object Any (First Match)`
    t =     4.95s         Checking existence of `Any (First Match)`
    t =     4.96s         Capturing element debug description
    t =     6.02s     Checking `Expect predicate `existsNoRetry == 1` for object Any (First Match)`
    t =     6.02s         Checking existence of `Any (First Match)`
    t =     6.04s         Capturing element debug description
    t =     7.00s     Checking `Expect predicate `existsNoRetry == 1` for object Any (First Match)`
    t =     7.00s         Checking existence of `Any (First Match)`
    t =     7.01s         Capturing element debug description
    t =     7.97s     Checking `Expect predicate `existsNoRetry == 1` for object Any (First Match)`
    t =     7.97s         Checking existence of `Any (First Match)`
    t =     7.99s         Capturing element debug description
    t =     8.94s     Checking `Expect predicate `existsNoRetry == 1` for object Any (First Match)`
    t =     8.95s         Checking existence of `Any (First Match)`
    t =     8.96s         Capturing element debug description
    t =    10.02s     Checking `Expect predicate `existsNoRetry == 1` for object Any (First Match)`
    t =    10.02s         Checking existence of `Any (First Match)`
    t =    10.03s         Capturing element debug description
    t =    10.99s     Checking `Expect predicate `existsNoRetry == 1` for object Any (First Match)`
    t =    11.00s         Checking existence of `Any (First Match)`
    t =    11.01s         Capturing element debug description
    t =    11.96s     Checking `Expect predicate `existsNoRetry == 1` for object Any (First Match)`
    t =    11.96s         Checking existence of `Any (First Match)`
    t =    11.98s         Capturing element debug description
    t =    12.94s     Checking `Expect predicate `existsNoRetry == 1` for object Any (First Match)`
    t =    12.94s         Checking existence of `Any (First Match)`
    t =    12.95s         Capturing element debug description
    t =    14.00s     Checking `Expect predicate `existsNoRetry == 1` for object Any (First Match)`
    t =    14.00s         Checking existence of `Any (First Match)`
    t =    14.01s         Capturing element debug description
    t =    14.98s     Checking `Expect predicate `existsNoRetry == 1` for object Any (First Match)`
    t =    14.98s         Checking existence of `Any (First Match)`
    t =    15.00s         Capturing element debug description
    t =    16.02s     Checking `Expect predicate `existsNoRetry == 1` for object Any (First Match)`
    t =    16.03s         Checking existence of `Any (First Match)`
    t =    16.04s         Capturing element debug description
    t =    17.00s     Checking `Expect predicate `existsNoRetry == 1` for object Any (First Match)`
    t =    17.00s         Checking existence of `Any (First Match)`
    t =    17.02s         Capturing element debug description
    t =    17.98s     Checking `Expect predicate `existsNoRetry == 1` for object Any (First Match)`
    t =    17.98s         Checking existence of `Any (First Match)`
    t =    17.99s         Capturing element debug description
    t =    18.95s     Checking `Expect predicate `existsNoRetry == 1` for object Any (First Match)`
    t =    18.95s         Checking existence of `Any (First Match)`
    t =    18.96s         Capturing element debug description
    t =    19.93s     Checking `Expect predicate `existsNoRetry == 1` for object Any (First Match)`
    t =    19.93s         Checking existence of `Any (First Match)`
    t =    19.95s         Capturing element debug description
    t =    21.02s     Checking `Expect predicate `existsNoRetry == 1` for object Any (First Match)`
    t =    21.02s         Checking existence of `Any (First Match)`
    t =    21.03s         Capturing element debug description
    t =    22.00s     Checking `Expect predicate `existsNoRetry == 1` for object Any (First Match)`
    t =    22.00s         Checking existence of `Any (First Match)`
    t =    22.01s         Capturing element debug description
    t =    22.98s     Checking `Expect predicate `existsNoRetry == 1` for object Any (First Match)`
    t =    22.98s         Checking existence of `Any (First Match)`
    t =    22.99s         Capturing element debug description
    t =    23.95s     Checking `Expect predicate `existsNoRetry == 1` for object Any (First Match)`
    t =    23.95s         Checking existence of `Any (First Match)`
    t =    23.97s         Capturing element debug description
    t =    24.94s     Checking `Expect predicate `existsNoRetry == 1` for object Any (First Match)`
    t =    24.94s         Checking existence of `Any (First Match)`
    t =    24.95s         Capturing element debug description
    t =    26.02s     Checking `Expect predicate `existsNoRetry == 1` for object Any (First Match)`
    t =    26.02s         Checking existence of `Any (First Match)`
    t =    26.04s         Capturing element debug description
    t =    27.00s     Checking `Expect predicate `existsNoRetry == 1` for object Any (First Match)`
    t =    27.00s         Checking existence of `Any (First Match)`
    t =    27.02s         Capturing element debug description
    t =    27.99s     Checking `Expect predicate `existsNoRetry == 1` for object Any (First Match)`
    t =    27.99s         Checking existence of `Any (First Match)`
    t =    28.00s         Capturing element debug description
    t =    28.97s     Checking `Expect predicate `existsNoRetry == 1` for object Any (First Match)`
    t =    28.97s         Checking existence of `Any (First Match)`
    t =    28.99s         Capturing element debug description
    t =    29.94s     Checking `Expect predicate `existsNoRetry == 1` for object Any (First Match)`
    t =    29.95s         Checking existence of `Any (First Match)`
    t =    29.96s         Capturing element debug description
    t =    30.93s     Checking `Expect predicate `existsNoRetry == 1` for object Any (First Match)`
    t =    30.93s         Checking existence of `Any (First Match)`
    t =    30.94s         Capturing element debug description
    t =    32.01s     Checking `Expect predicate `existsNoRetry == 1` for object Any (First Match)`
    t =    32.01s         Checking existence of `Any (First Match)`
    t =    32.03s         Capturing element debug description
    t =    33.00s     Checking `Expect predicate `existsNoRetry == 1` for object Any (First Match)`
    t =    33.00s         Checking existence of `Any (First Match)`
    t =    33.01s         Capturing element debug description
    t =    33.97s     Checking `Expect predicate `existsNoRetry == 1` for object Any (First Match)`
    t =    33.97s         Checking existence of `Any (First Match)`
    t =    33.99s         Capturing element debug description
    t =    34.94s     Checking `Expect predicate `existsNoRetry == 1` for object Any (First Match)`
    t =    34.95s         Checking existence of `Any (First Match)`
    t =    34.96s         Capturing element debug description
    t =    35.93s     Checking `Expect predicate `existsNoRetry == 1` for object Any (First Match)`
    t =    35.93s         Checking existence of `Any (First Match)`
    t =    35.95s         Capturing element debug description
    t =    37.02s     Checking `Expect predicate `existsNoRetry == 1` for object Any (First Match)`
    t =    37.02s         Checking existence of `Any (First Match)`
    t =    37.04s         Capturing element debug description
    t =    38.00s     Checking `Expect predicate `existsNoRetry == 1` for object Any (First Match)`
    t =    38.00s         Checking existence of `Any (First Match)`
    t =    38.02s         Capturing element debug description
    t =    38.99s     Checking `Expect predicate `existsNoRetry == 1` for object Any (First Match)`
    t =    38.99s         Checking existence of `Any (First Match)`
    t =    39.00s         Capturing element debug description
    t =    39.96s     Checking `Expect predicate `existsNoRetry == 1` for object Any (First Match)`
    t =    39.96s         Checking existence of `Any (First Match)`
    t =    39.98s         Capturing element debug description
    t =    40.94s     Checking `Expect predicate `existsNoRetry == 1` for object Any (First Match)`
    t =    40.94s         Checking existence of `Any (First Match)`
    t =    40.95s         Capturing element debug description
    t =    42.02s     Checking `Expect predicate `existsNoRetry == 1` for object Any (First Match)`
    t =    42.02s         Checking existence of `Any (First Match)`
    t =    42.04s         Capturing element debug description
    t =    43.00s     Checking `Expect predicate `existsNoRetry == 1` for object Any (First Match)`
    t =    43.00s         Checking existence of `Any (First Match)`
    t =    43.01s         Capturing element debug description
    t =    43.97s     Checking `Expect predicate `existsNoRetry == 1` for object Any (First Match)`
    t =    43.97s         Checking existence of `Any (First Match)`
    t =    43.99s         Capturing element debug description
    t =    44.95s     Checking `Expect predicate `existsNoRetry == 1` for object Any (First Match)`
    t =    44.95s         Checking existence of `Any (First Match)`
    t =    44.97s         Capturing element debug description
    t =    45.93s     Checking `Expect predicate `existsNoRetry == 1` for object Any (First Match)`
    t =    45.93s         Checking existence of `Any (First Match)`
    t =    45.95s         Capturing element debug description
    t =    47.02s     Checking `Expect predicate `existsNoRetry == 1` for object Any (First Match)`
    t =    47.02s         Checking existence of `Any (First Match)`
    t =    47.03s         Capturing element debug description
    t =    47.99s     Checking `Expect predicate `existsNoRetry == 1` for object Any (First Match)`
    t =    47.99s         Checking existence of `Any (First Match)`
    t =    48.01s         Capturing element debug description
    t =    48.97s     Checking `Expect predicate `existsNoRetry == 1` for object Any (First Match)`
    t =    48.97s         Checking existence of `Any (First Match)`
    t =    48.99s         Capturing element debug description
    t =    49.95s     Checking `Expect predicate `existsNoRetry == 1` for object Any (First Match)`
    t =    49.95s         Checking existence of `Any (First Match)`
    t =    49.97s         Capturing element debug description
    t =    50.94s     Checking `Expect predicate `existsNoRetry == 1` for object Any (First Match)`
    t =    50.95s         Checking existence of `Any (First Match)`
    t =    50.96s         Capturing element debug description
    t =    51.93s     Checking `Expect predicate `existsNoRetry == 1` for object Any (First Match)`
    t =    51.93s         Checking existence of `Any (First Match)`
    t =    51.94s         Capturing element debug description
    t =    53.01s     Checking `Expect predicate `existsNoRetry == 1` for object Any (First Match)`
    t =    53.01s         Checking existence of `Any (First Match)`
    t =    53.03s         Capturing element debug description
    t =    53.99s     Checking `Expect predicate `existsNoRetry == 1` for object Any (First Match)`
    t =    53.99s         Checking existence of `Any (First Match)`
    t =    54.01s         Capturing element debug description
    t =    54.97s     Checking `Expect predicate `existsNoRetry == 1` for object Any (First Match)`
    t =    54.97s         Checking existence of `Any (First Match)`
    t =    54.98s         Capturing element debug description
    t =    55.95s     Checking `Expect predicate `existsNoRetry == 1` for object Any (First Match)`
    t =    55.95s         Checking existence of `Any (First Match)`
    t =    55.97s         Capturing element debug description
    t =    56.93s     Checking `Expect predicate `existsNoRetry == 1` for object Any (First Match)`
    t =    56.93s         Checking existence of `Any (First Match)`
    t =    56.95s         Capturing element debug description
    t =    58.02s     Checking `Expect predicate `existsNoRetry == 1` for object Any (First Match)`
    t =    58.02s         Checking existence of `Any (First Match)`
    t =    58.04s         Capturing element debug description
    t =    59.00s     Checking `Expect predicate `existsNoRetry == 1` for object Any (First Match)`
    t =    59.00s         Checking existence of `Any (First Match)`
    t =    59.02s         Capturing element debug description
    t =    59.98s     Checking `Expect predicate `existsNoRetry == 1` for object Any (First Match)`
    t =    59.98s         Checking existence of `Any (First Match)`
    t =    59.99s         Capturing element debug description
    t =    60.94s     Checking `Expect predicate `existsNoRetry == 1` for object Any (First Match)`
    t =    60.94s         Checking existence of `Any (First Match)`
    t =    60.96s         Capturing element debug description
    t =    62.02s     Checking `Expect predicate `existsNoRetry == 1` for object Any (First Match)`
    t =    62.02s         Checking existence of `Any (First Match)`
    t =    62.03s         Capturing element debug description
    t =    62.99s     Checking `Expect predicate `existsNoRetry == 1` for object Any (First Match)`
    t =    63.00s         Checking existence of `Any (First Match)`
    t =    63.01s         Capturing element debug description
    t =    63.97s     Checking `Expect predicate `existsNoRetry == 1` for object Any (First Match)`
    t =    63.97s         Checking existence of `Any (First Match)`
    t =    63.99s         Capturing element debug description
    t =    64.94s     Checking `Expect predicate `existsNoRetry == 1` for object Any (First Match)`
    t =    64.94s         Checking existence of `Any (First Match)`
    t =    64.96s         Capturing element debug description
    t =    65.93s     Checking `Expect predicate `existsNoRetry == 1` for object Any (First Match)`
    t =    65.93s         Checking existence of `Any (First Match)`
    t =    65.95s         Capturing element debug description
    t =    67.01s     Checking `Expect predicate `existsNoRetry == 1` for object Any (First Match)`
    t =    67.01s         Checking existence of `Any (First Match)`
    t =    67.03s         Capturing element debug description
    t =    67.99s     Checking `Expect predicate `existsNoRetry == 1` for object Any (First Match)`
    t =    67.99s         Checking existence of `Any (First Match)`
    t =    68.00s         Capturing element debug description
    t =    68.96s     Checking `Expect predicate `existsNoRetry == 1` for object Any (First Match)`
    t =    68.96s         Checking existence of `Any (First Match)`
    t =    68.98s         Capturing element debug description
    t =    69.94s     Checking `Expect predicate `existsNoRetry == 1` for object Any (First Match)`
    t =    69.94s         Checking existence of `Any (First Match)`
    t =    69.95s         Capturing element debug description
    t =    71.02s     Checking `Expect predicate `existsNoRetry == 1` for object Any (First Match)`
    t =    71.02s         Checking existence of `Any (First Match)`
    t =    71.04s         Capturing element debug description
    t =    71.99s     Checking `Expect predicate `existsNoRetry == 1` for object Any (First Match)`
    t =    72.00s         Checking existence of `Any (First Match)`
    t =    72.00s         Capturing element debug description
    t =    72.96s     Checking `Expect predicate `existsNoRetry == 1` for object Any (First Match)`
    t =    72.96s         Checking existence of `Any (First Match)`
    t =    72.98s         Capturing element debug description
    t =    73.94s     Checking `Expect predicate `existsNoRetry == 1` for object Any (First Match)`
    t =    73.94s         Checking existence of `Any (First Match)`
    t =    73.95s         Capturing element debug description
    t =    74.93s     Checking `Expect predicate `existsNoRetry == 1` for object Any (First Match)`
    t =    74.93s         Checking existence of `Any (First Match)`
    t =    74.94s         Capturing element debug description
    t =    76.01s     Checking `Expect predicate `existsNoRetry == 1` for object Any (First Match)`
    t =    76.01s         Checking existence of `Any (First Match)`
    t =    76.03s         Capturing element debug description
    t =    76.99s     Checking `Expect predicate `existsNoRetry == 1` for object Any (First Match)`
    t =    76.99s         Checking existence of `Any (First Match)`
    t =    77.01s         Capturing element debug description
    t =    77.97s     Checking `Expect predicate `existsNoRetry == 1` for object Any (First Match)`
    t =    77.97s         Checking existence of `Any (First Match)`
    t =    77.98s         Capturing element debug description
    t =    78.94s     Checking `Expect predicate `existsNoRetry == 1` for object Any (First Match)`
    t =    78.94s         Checking existence of `Any (First Match)`
    t =    78.96s         Capturing element debug description
    t =    79.93s     Checking `Expect predicate `existsNoRetry == 1` for object Any (First Match)`
    t =    79.93s         Checking existence of `Any (First Match)`
    t =    79.94s         Capturing element debug description
    t =    81.01s     Checking `Expect predicate `existsNoRetry == 1` for object Any (First Match)`
    t =    81.01s         Checking existence of `Any (First Match)`
    t =    81.03s         Capturing element debug description
    t =    81.99s     Checking `Expect predicate `existsNoRetry == 1` for object Any (First Match)`
    t =    81.99s         Checking existence of `Any (First Match)`
    t =    82.00s         Capturing element debug description
    t =    82.96s     Checking `Expect predicate `existsNoRetry == 1` for object Any (First Match)`
    t =    82.96s         Checking existence of `Any (First Match)`
    t =    82.98s         Capturing element debug description
    t =    83.94s     Checking `Expect predicate `existsNoRetry == 1` for object Any (First Match)`
    t =    83.94s         Checking existence of `Any (First Match)`
    t =    83.95s         Capturing element debug description
    t =    85.02s     Checking `Expect predicate `existsNoRetry == 1` for object Any (First Match)`
    t =    85.02s         Checking existence of `Any (First Match)`
    t =    85.04s         Capturing element debug description
    t =    86.00s     Checking `Expect predicate `existsNoRetry == 1` for object Any (First Match)`
    t =    86.00s         Checking existence of `Any (First Match)`
    t =    86.02s         Capturing element debug description
    t =    86.98s     Checking `Expect predicate `existsNoRetry == 1` for object Any (First Match)`
    t =    86.98s         Checking existence of `Any (First Match)`
    t =    86.99s         Capturing element debug description
    t =    87.95s     Checking `Expect predicate `existsNoRetry == 1` for object Any (First Match)`
    t =    87.95s         Checking existence of `Any (First Match)`
    t =    87.97s         Capturing element debug description
    t =    88.94s     Checking `Expect predicate `existsNoRetry == 1` for object Any (First Match)`
    t =    88.94s         Checking existence of `Any (First Match)`
    t =    88.95s         Capturing element debug description
    t =    90.02s     Checking `Expect predicate `existsNoRetry == 1` for object Any (First Match)`
    t =    90.03s         Checking existence of `Any (First Match)`
    t =    90.04s         Capturing element debug description
    t =    91.00s     Checking `Expect predicate `existsNoRetry == 1` for object Any (First Match)`
    t =    91.00s         Checking existence of `Any (First Match)`
    t =    91.02s         Capturing element debug description
    t =    91.98s     Checking `Expect predicate `existsNoRetry == 1` for object Any (First Match)`
    t =    91.98s         Checking existence of `Any (First Match)`
    t =    91.99s         Capturing element debug description
    t =    92.95s     Checking `Expect predicate `existsNoRetry == 1` for object Any (First Match)`
    t =    92.95s         Checking existence of `Any (First Match)`
    t =    92.97s         Capturing element debug description
    t =    93.94s     Checking `Expect predicate `existsNoRetry == 1` for object Any (First Match)`
    t =    93.94s         Checking existence of `Any (First Match)`
    t =    93.95s         Capturing element debug description
    t =    95.02s     Checking `Expect predicate `existsNoRetry == 1` for object Any (First Match)`
    t =    95.02s         Checking existence of `Any (First Match)`
    t =    95.04s         Capturing element debug description
    t =    96.00s     Checking `Expect predicate `existsNoRetry == 1` for object Any (First Match)`
    t =    96.00s         Checking existence of `Any (First Match)`
    t =    96.01s         Capturing element debug description
    t =    96.97s     Checking `Expect predicate `existsNoRetry == 1` for object Any (First Match)`
    t =    96.97s         Checking existence of `Any (First Match)`
    t =    96.99s         Capturing element debug description
    t =    97.94s     Checking `Expect predicate `existsNoRetry == 1` for object Any (First Match)`
    t =    97.95s         Checking existence of `Any (First Match)`
    t =    97.96s         Capturing element debug description
    t =    98.93s     Checking `Expect predicate `existsNoRetry == 1` for object Any (First Match)`
    t =    98.93s         Checking existence of `Any (First Match)`
    t =    98.94s         Capturing element debug description
    t =   100.01s     Checking `Expect predicate `existsNoRetry == 1` for object Any (First Match)`
    t =   100.01s         Checking existence of `Any (First Match)`
    t =   100.03s         Capturing element debug description
    t =   100.99s     Checking `Expect predicate `existsNoRetry == 1` for object Any (First Match)`
    t =   100.99s         Checking existence of `Any (First Match)`
    t =   101.00s         Capturing element debug description
    t =   101.96s     Checking `Expect predicate `existsNoRetry == 1` for object Any (First Match)`
    t =   101.96s         Checking existence of `Any (First Match)`
    t =   101.98s         Capturing element debug description
    t =   102.94s     Checking `Expect predicate `existsNoRetry == 1` for object Any (First Match)`
    t =   102.94s         Checking existence of `Any (First Match)`
    t =   102.95s         Capturing element debug description
    t =   104.02s     Checking `Expect predicate `existsNoRetry == 1` for object Any (First Match)`
    t =   104.02s         Checking existence of `Any (First Match)`
    t =   104.04s         Capturing element debug description
    t =   105.00s     Checking `Expect predicate `existsNoRetry == 1` for object Any (First Match)`
    t =   105.00s         Checking existence of `Any (First Match)`
    t =   105.01s         Capturing element debug description
    t =   105.97s     Checking `Expect predicate `existsNoRetry == 1` for object Any (First Match)`
    t =   105.97s         Checking existence of `Any (First Match)`
    t =   105.99s         Capturing element debug description
    t =   106.94s     Checking `Expect predicate `existsNoRetry == 1` for object Any (First Match)`
    t =   106.95s         Checking existence of `Any (First Match)`
    t =   106.96s         Capturing element debug description
    t =   107.93s     Checking `Expect predicate `existsNoRetry == 1` for object Any (First Match)`
    t =   107.93s         Checking existence of `Any (First Match)`
    t =   107.94s         Capturing element debug description
    t =   109.01s     Checking `Expect predicate `existsNoRetry == 1` for object Any (First Match)`
    t =   109.01s         Checking existence of `Any (First Match)`
    t =   109.03s         Capturing element debug description
    t =   109.99s     Checking `Expect predicate `existsNoRetry == 1` for object Any (First Match)`
    t =   109.99s         Checking existence of `Any (First Match)`
    t =   109.99s         Capturing element debug description
    t =   110.95s     Checking `Expect predicate `existsNoRetry == 1` for object Any (First Match)`
    t =   110.95s         Checking existence of `Any (First Match)`
    t =   110.97s         Capturing element debug description
    t =   111.93s     Checking `Expect predicate `existsNoRetry == 1` for object Any (First Match)`
    t =   111.94s         Checking existence of `Any (First Match)`
    t =   111.95s         Capturing element debug description
    t =   113.02s     Checking `Expect predicate `existsNoRetry == 1` for object Any (First Match)`
    t =   113.02s         Checking existence of `Any (First Match)`
    t =   113.04s         Capturing element debug description
    t =   114.00s     Checking `Expect predicate `existsNoRetry == 1` for object Any (First Match)`
    t =   114.00s         Checking existence of `Any (First Match)`
    t =   114.02s         Capturing element debug description
    t =   114.98s     Checking `Expect predicate `existsNoRetry == 1` for object Any (First Match)`
    t =   114.98s         Checking existence of `Any (First Match)`
    t =   115.00s         Capturing element debug description
    t =   115.95s     Checking `Expect predicate `existsNoRetry == 1` for object Any (First Match)`
    t =   115.95s         Checking existence of `Any (First Match)`
    t =   115.97s         Capturing element debug description
    t =   116.93s     Checking `Expect predicate `existsNoRetry == 1` for object Any (First Match)`
    t =   116.93s         Checking existence of `Any (First Match)`
    t =   116.95s         Capturing element debug description
    t =   117.93s     Checking `Expect predicate `existsNoRetry == 1` for object Any (First Match)`
    t =   117.93s         Checking existence of `Any (First Match)`
    t =   117.94s         Capturing element debug description
    t =   119.01s     Checking `Expect predicate `existsNoRetry == 1` for object Any (First Match)`
    t =   119.01s         Checking existence of `Any (First Match)`
    t =   119.03s         Capturing element debug description
    t =   119.99s     Checking `Expect predicate `existsNoRetry == 1` for object Any (First Match)`
    t =   119.99s         Checking existence of `Any (First Match)`
    t =   120.00s         Capturing element debug description
    t =   120.96s     Checking `Expect predicate `existsNoRetry == 1` for object Any (First Match)`
    t =   120.96s         Checking existence of `Any (First Match)`
    t =   120.98s         Capturing element debug description
    t =   121.94s     Checking `Expect predicate `existsNoRetry == 1` for object Any (First Match)`
    t =   121.94s         Checking existence of `Any (First Match)`
    t =   121.95s         Capturing element debug description
    t =   123.02s     Checking `Expect predicate `existsNoRetry == 1` for object Any (First Match)`
    t =   123.02s         Checking existence of `Any (First Match)`
    t =   123.03s         Capturing element debug description
    t =   123.99s     Checking `Expect predicate `existsNoRetry == 1` for object Any (First Match)`
    t =   123.99s         Checking existence of `Any (First Match)`
    t =   124.00s         Capturing element debug description
    t =   124.96s     Checking `Expect predicate `existsNoRetry == 1` for object Any (First Match)`
    t =   124.96s         Checking existence of `Any (First Match)`
    t =   124.98s         Capturing element debug description
    t =   125.94s     Checking `Expect predicate `existsNoRetry == 1` for object Any (First Match)`
    t =   125.94s         Checking existence of `Any (First Match)`
    t =   125.95s         Capturing element debug description
    t =   127.02s     Checking `Expect predicate `existsNoRetry == 1` for object Any (First Match)`
    t =   127.02s         Checking existence of `Any (First Match)`
    t =   127.04s         Capturing element debug description
    t =   127.99s     Checking `Expect predicate `existsNoRetry == 1` for object Any (First Match)`
    t =   128.00s         Checking existence of `Any (First Match)`
    t =   128.01s         Capturing element debug description
    t =   128.97s     Checking `Expect predicate `existsNoRetry == 1` for object Any (First Match)`
    t =   128.97s         Checking existence of `Any (First Match)`
    t =   128.99s         Capturing element debug description
    t =   129.95s     Checking `Expect predicate `existsNoRetry == 1` for object Any (First Match)`
    t =   129.95s         Checking existence of `Any (First Match)`
    t =   129.96s         Capturing element debug description
    t =   130.93s     Checking `Expect predicate `existsNoRetry == 1` for object Any (First Match)`
    t =   130.93s         Checking existence of `Any (First Match)`
    t =   130.94s         Capturing element debug description
    t =   132.01s     Checking `Expect predicate `existsNoRetry == 1` for object Any (First Match)`
    t =   132.01s         Checking existence of `Any (First Match)`
    t =   132.03s         Capturing element debug description
    t =   132.99s     Checking `Expect predicate `existsNoRetry == 1` for object Any (First Match)`
    t =   132.99s         Checking existence of `Any (First Match)`
    t =   133.00s         Capturing element debug description
    t =   133.96s     Checking `Expect predicate `existsNoRetry == 1` for object Any (First Match)`
    t =   133.96s         Checking existence of `Any (First Match)`
    t =   133.98s         Capturing element debug description
    t =   134.94s     Checking `Expect predicate `existsNoRetry == 1` for object Any (First Match)`
    t =   134.94s         Checking existence of `Any (First Match)`
    t =   134.96s         Capturing element debug description
    t =   135.93s     Checking `Expect predicate `existsNoRetry == 1` for object Any (First Match)`
    t =   135.93s         Checking existence of `Any (First Match)`
    t =   135.95s         Capturing element debug description
    t =   137.01s     Checking `Expect predicate `existsNoRetry == 1` for object Any (First Match)`
    t =   137.01s         Checking existence of `Any (First Match)`
    t =   137.03s         Capturing element debug description
    t =   137.99s     Checking `Expect predicate `existsNoRetry == 1` for object Any (First Match)`
    t =   137.99s         Checking existence of `Any (First Match)`
    t =   138.00s         Capturing element debug description
    t =   138.96s     Checking `Expect predicate `existsNoRetry == 1` for object Any (First Match)`
    t =   138.96s         Checking existence of `Any (First Match)`
    t =   138.98s         Capturing element debug description
    t =   139.94s     Checking `Expect predicate `existsNoRetry == 1` for object Any (First Match)`
    t =   139.94s         Checking existence of `Any (First Match)`
    t =   139.95s         Capturing element debug description
    t =   141.02s     Checking `Expect predicate `existsNoRetry == 1` for object Any (First Match)`
    t =   141.02s         Checking existence of `Any (First Match)`
    t =   141.04s         Capturing element debug description
    t =   142.00s     Checking `Expect predicate `existsNoRetry == 1` for object Any (First Match)`
    t =   142.00s         Checking existence of `Any (First Match)`
    t =   142.02s         Capturing element debug description
    t =   142.99s     Checking `Expect predicate `existsNoRetry == 1` for object Any (First Match)`
    t =   142.99s         Checking existence of `Any (First Match)`
    t =   143.00s         Capturing element debug description
    t =   143.96s     Checking `Expect predicate `existsNoRetry == 1` for object Any (First Match)`
    t =   143.96s         Checking existence of `Any (First Match)`
    t =   143.98s         Capturing element debug description
    t =   144.94s     Checking `Expect predicate `existsNoRetry == 1` for object Any (First Match)`
    t =   144.94s         Checking existence of `Any (First Match)`
    t =   144.95s         Capturing element debug description
    t =   146.02s     Checking `Expect predicate `existsNoRetry == 1` for object Any (First Match)`
    t =   146.02s         Checking existence of `Any (First Match)`
    t =   146.04s         Capturing element debug description
    t =   147.00s     Checking `Expect predicate `existsNoRetry == 1` for object Any (First Match)`
    t =   147.00s         Checking existence of `Any (First Match)`
    t =   147.02s         Capturing element debug description
    t =   147.99s     Checking `Expect predicate `existsNoRetry == 1` for object Any (First Match)`
    t =   147.99s         Checking existence of `Any (First Match)`
    t =   148.00s         Capturing element debug description
    t =   148.96s     Checking `Expect predicate `existsNoRetry == 1` for object Any (First Match)`
    t =   148.96s         Checking existence of `Any (First Match)`
    t =   148.98s         Capturing element debug description
    t =   149.94s     Checking `Expect predicate `existsNoRetry == 1` for object Any (First Match)`
    t =   149.94s         Checking existence of `Any (First Match)`
    t =   149.95s         Capturing element debug description
    t =   151.02s     Checking `Expect predicate `existsNoRetry == 1` for object Any (First Match)`
    t =   151.02s         Checking existence of `Any (First Match)`
    t =   151.04s         Capturing element debug description
    t =   152.00s     Checking `Expect predicate `existsNoRetry == 1` for object Any (First Match)`
    t =   152.00s         Checking existence of `Any (First Match)`
    t =   152.02s         Capturing element debug description
    t =   152.98s     Checking `Expect predicate `existsNoRetry == 1` for object Any (First Match)`
    t =   152.98s         Checking existence of `Any (First Match)`
    t =   152.99s         Capturing element debug description
    t =   153.95s     Checking `Expect predicate `existsNoRetry == 1` for object Any (First Match)`
    t =   153.95s         Checking existence of `Any (First Match)`
    t =   153.97s         Capturing element debug description
    t =   154.94s     Checking `Expect predicate `existsNoRetry == 1` for object Any (First Match)`
    t =   154.94s         Checking existence of `Any (First Match)`
    t =   154.95s         Capturing element debug description
    t =   156.02s     Checking `Expect predicate `existsNoRetry == 1` for object Any (First Match)`
    t =   156.02s         Checking existence of `Any (First Match)`
    t =   156.04s         Capturing element debug description
    t =   156.99s     Checking `Expect predicate `existsNoRetry == 1` for object Any (First Match)`
    t =   157.00s         Checking existence of `Any (First Match)`
    t =   157.01s         Capturing element debug description
    t =   157.97s     Checking `Expect predicate `existsNoRetry == 1` for object Any (First Match)`
    t =   157.97s         Checking existence of `Any (First Match)`
    t =   157.99s         Capturing element debug description
    t =   158.94s     Checking `Expect predicate `existsNoRetry == 1` for object Any (First Match)`
    t =   158.95s         Checking existence of `Any (First Match)`
    t =   158.96s         Capturing element debug description
    t =   159.93s     Checking `Expect predicate `existsNoRetry == 1` for object Any (First Match)`
    t =   159.93s         Checking existence of `Any (First Match)`
    t =   159.94s         Capturing element debug description
    t =   161.01s     Checking `Expect predicate `existsNoRetry == 1` for object Any (First Match)`
    t =   161.01s         Checking existence of `Any (First Match)`
    t =   161.03s         Capturing element debug description
    t =   161.99s     Checking `Expect predicate `existsNoRetry == 1` for object Any (First Match)`
    t =   161.99s         Checking existence of `Any (First Match)`
    t =   162.00s         Capturing element debug description
    t =   162.97s     Checking `Expect predicate `existsNoRetry == 1` for object Any (First Match)`
    t =   162.97s         Checking existence of `Any (First Match)`
    t =   162.98s         Capturing element debug description
    t =   163.94s     Checking `Expect predicate `existsNoRetry == 1` for object Any (First Match)`
    t =   163.95s         Checking existence of `Any (First Match)`
    t =   163.96s         Capturing element debug description
    t =   164.93s     Checking `Expect predicate `existsNoRetry == 1` for object Any (First Match)`
    t =   164.93s         Checking existence of `Any (First Match)`
    t =   164.94s         Capturing element debug description
    t =   166.01s     Checking `Expect predicate `existsNoRetry == 1` for object Any (First Match)`
    t =   166.01s         Checking existence of `Any (First Match)`
    t =   166.03s         Capturing element debug description
    t =   166.99s     Checking `Expect predicate `existsNoRetry == 1` for object Any (First Match)`
    t =   166.99s         Checking existence of `Any (First Match)`
    t =   167.00s         Capturing element debug description
    t =   167.97s     Checking `Expect predicate `existsNoRetry == 1` for object Any (First Match)`
    t =   167.97s         Checking existence of `Any (First Match)`
    t =   167.98s         Capturing element debug description
    t =   168.94s     Checking `Expect predicate `existsNoRetry == 1` for object Any (First Match)`
    t =   168.95s         Checking existence of `Any (First Match)`
    t =   168.96s         Capturing element debug description
    t =   169.93s     Checking `Expect predicate `existsNoRetry == 1` for object Any (First Match)`
    t =   169.93s         Checking existence of `Any (First Match)`
    t =   169.95s         Capturing element debug description
    t =   171.01s     Checking `Expect predicate `existsNoRetry == 1` for object Any (First Match)`
    t =   171.01s         Checking existence of `Any (First Match)`
    t =   171.03s         Capturing element debug description
    t =   171.99s     Checking `Expect predicate `existsNoRetry == 1` for object Any (First Match)`
    t =   171.99s         Checking existence of `Any (First Match)`
    t =   172.00s         Capturing element debug description
    t =   172.96s     Checking `Expect predicate `existsNoRetry == 1` for object Any (First Match)`
    t =   172.96s         Checking existence of `Any (First Match)`
    t =   172.98s         Capturing element debug description
    t =   173.94s     Checking `Expect predicate `existsNoRetry == 1` for object Any (First Match)`
    t =   173.94s         Checking existence of `Any (First Match)`
    t =   173.94s         Capturing element debug description
    t =   175.01s     Checking `Expect predicate `existsNoRetry == 1` for object Any (First Match)`
    t =   175.01s         Checking existence of `Any (First Match)`
    t =   175.03s         Capturing element debug description
    t =   175.99s     Checking `Expect predicate `existsNoRetry == 1` for object Any (First Match)`
    t =   175.99s         Checking existence of `Any (First Match)`
    t =   176.00s         Capturing element debug description
    t =   176.97s     Checking `Expect predicate `existsNoRetry == 1` for object Any (First Match)`
    t =   176.97s         Checking existence of `Any (First Match)`
    t =   176.99s         Capturing element debug description
    t =   177.94s     Checking `Expect predicate `existsNoRetry == 1` for object Any (First Match)`
    t =   177.95s         Checking existence of `Any (First Match)`
    t =   177.96s         Capturing element debug description
    t =   178.93s     Checking `Expect predicate `existsNoRetry == 1` for object Any (First Match)`
    t =   178.93s         Checking existence of `Any (First Match)`
    t =   178.94s         Capturing element debug description
    t =   180.01s     Checking `Expect predicate `existsNoRetry == 1` for object Any (First Match)`
    t =   180.01s         Checking existence of `Any (First Match)`
    t =   180.03s         Capturing element debug description
    t =   180.99s     Checking `Expect predicate `existsNoRetry == 1` for object Any (First Match)`
    t =   180.99s         Checking existence of `Any (First Match)`
    t =   181.00s         Capturing element debug description
    t =   181.96s     Checking `Expect predicate `existsNoRetry == 1` for object Any (First Match)`
    t =   181.96s         Checking existence of `Any (First Match)`
    t =   181.98s         Capturing element debug description
    t =   182.94s     Checking `Expect predicate `existsNoRetry == 1` for object Any (First Match)`
    t =   182.94s         Checking existence of `Any (First Match)`
    t =   182.95s         Capturing element debug description
    t =   184.02s     Checking `Expect predicate `existsNoRetry == 1` for object Any (First Match)`
    t =   184.02s         Checking existence of `Any (First Match)`
    t =   184.03s         Capturing element debug description
    t =   184.99s     Checking `Expect predicate `existsNoRetry == 1` for object Any (First Match)`
    t =   184.99s         Checking existence of `Any (First Match)`
    t =   185.01s         Capturing element debug description
    t =   185.97s     Checking `Expect predicate `existsNoRetry == 1` for object Any (First Match)`
    t =   185.97s         Checking existence of `Any (First Match)`
    t =   185.98s         Capturing element debug description
    t =   186.94s     Checking `Expect predicate `existsNoRetry == 1` for object Any (First Match)`
    t =   186.94s         Checking existence of `Any (First Match)`
    t =   186.96s         Capturing element debug description
    t =   187.93s     Checking `Expect predicate `existsNoRetry == 1` for object Any (First Match)`
    t =   187.93s         Checking existence of `Any (First Match)`
    t =   187.94s         Capturing element debug description
    t =   189.01s     Checking `Expect predicate `existsNoRetry == 1` for object Any (First Match)`
    t =   189.01s         Checking existence of `Any (First Match)`
    t =   189.03s         Capturing element debug description
    t =   189.99s     Checking `Expect predicate `existsNoRetry == 1` for object Any (First Match)`
    t =   189.99s         Checking existence of `Any (First Match)`
    t =   190.00s         Capturing element debug description
    t =   190.97s     Checking `Expect predicate `existsNoRetry == 1` for object Any (First Match)`
    t =   190.97s         Checking existence of `Any (First Match)`
    t =   190.98s         Capturing element debug description
    t =   191.94s     Checking `Expect predicate `existsNoRetry == 1` for object Any (First Match)`
    t =   191.95s         Checking existence of `Any (First Match)`
    t =   191.96s         Capturing element debug description
    t =   192.93s     Checking `Expect predicate `existsNoRetry == 1` for object Any (First Match)`
    t =   192.93s         Checking existence of `Any (First Match)`
    t =   192.94s         Capturing element debug description
    t =   194.01s     Checking `Expect predicate `existsNoRetry == 1` for object Any (First Match)`
    t =   194.01s         Checking existence of `Any (First Match)`
    t =   194.03s         Capturing element debug description
    t =   194.99s     Checking `Expect predicate `existsNoRetry == 1` for object Any (First Match)`
    t =   194.99s         Checking existence of `Any (First Match)`
    t =   195.00s         Capturing element debug description
    t =   195.97s     Checking `Expect predicate `existsNoRetry == 1` for object Any (First Match)`
    t =   195.97s         Checking existence of `Any (First Match)`
    t =   195.99s         Capturing element debug description
    t =   196.95s     Checking `Expect predicate `existsNoRetry == 1` for object Any (First Match)`
    t =   196.95s         Checking existence of `Any (First Match)`
    t =   196.97s         Capturing element debug description
    t =   197.94s     Checking `Expect predicate `existsNoRetry == 1` for object Any (First Match)`
    t =   197.94s         Checking existence of `Any (First Match)`
    t =   197.95s         Capturing element debug description
    t =   199.02s     Checking `Expect predicate `existsNoRetry == 1` for object Any (First Match)`
    t =   199.02s         Checking existence of `Any (First Match)`
    t =   199.03s         Capturing element debug description
    t =   199.99s     Checking `Expect predicate `existsNoRetry == 1` for object Any (First Match)`
    t =   200.00s         Checking existence of `Any (First Match)`
    t =   200.01s         Capturing element debug description
    t =   200.97s     Checking `Expect predicate `existsNoRetry == 1` for object Any (First Match)`
    t =   200.97s         Checking existence of `Any (First Match)`
    t =   200.99s         Capturing element debug description
    t =   201.95s     Checking `Expect predicate `existsNoRetry == 1` for object Any (First Match)`
    t =   201.95s         Checking existence of `Any (First Match)`
    t =   201.96s         Capturing element debug description
    t =   202.93s     Checking `Expect predicate `existsNoRetry == 1` for object Any (First Match)`
    t =   202.93s         Checking existence of `Any (First Match)`
    t =   202.94s         Capturing element debug description
    t =   204.01s     Checking `Expect predicate `existsNoRetry == 1` for object Any (First Match)`
    t =   204.01s         Checking existence of `Any (First Match)`
    t =   204.03s         Capturing element debug description
    t =   204.99s     Checking `Expect predicate `existsNoRetry == 1` for object Any (First Match)`
    t =   204.99s         Checking existence of `Any (First Match)`
    t =   205.00s         Capturing element debug description
    t =   205.97s     Checking `Expect predicate `existsNoRetry == 1` for object Any (First Match)`
    t =   205.97s         Checking existence of `Any (First Match)`
    t =   205.99s         Capturing element debug description
    t =   206.94s     Checking `Expect predicate `existsNoRetry == 1` for object Any (First Match)`
    t =   206.95s         Checking existence of `Any (First Match)`
    t =   206.96s         Capturing element debug description
    t =   207.93s     Checking `Expect predicate `existsNoRetry == 1` for object Any (First Match)`
    t =   207.93s         Checking existence of `Any (First Match)`
    t =   207.95s         Capturing element debug description
    t =   209.01s     Checking `Expect predicate `existsNoRetry == 1` for object Any (First Match)`
    t =   209.01s         Checking existence of `Any (First Match)`
    t =   209.03s         Capturing element debug description
    t =   209.99s     Checking `Expect predicate `existsNoRetry == 1` for object Any (First Match)`
    t =   209.99s         Checking existence of `Any (First Match)`
    t =   210.00s         Capturing element debug description
    t =   210.96s     Checking `Expect predicate `existsNoRetry == 1` for object Any (First Match)`
    t =   210.96s         Checking existence of `Any (First Match)`
    t =   210.98s         Capturing element debug description
    t =   211.94s     Checking `Expect predicate `existsNoRetry == 1` for object Any (First Match)`
    t =   211.94s         Checking existence of `Any (First Match)`
    t =   211.95s         Capturing element debug description
    t =   213.02s     Checking `Expect predicate `existsNoRetry == 1` for object Any (First Match)`
    t =   213.02s         Checking existence of `Any (First Match)`
    t =   213.04s         Capturing element debug description
    t =   214.00s     Checking `Expect predicate `existsNoRetry == 1` for object Any (First Match)`
    t =   214.00s         Checking existence of `Any (First Match)`
    t =   214.01s         Capturing element debug description
    t =   214.97s     Checking `Expect predicate `existsNoRetry == 1` for object Any (First Match)`
    t =   214.97s         Checking existence of `Any (First Match)`
    t =   214.99s         Capturing element debug description
    t =   215.94s     Checking `Expect predicate `existsNoRetry == 1` for object Any (First Match)`
    t =   215.95s         Checking existence of `Any (First Match)`
    t =   215.96s         Capturing element debug description
    t =   216.93s     Checking `Expect predicate `existsNoRetry == 1` for object Any (First Match)`
    t =   216.93s         Checking existence of `Any (First Match)`
    t =   216.95s         Capturing element debug description
    t =   218.01s     Checking `Expect predicate `existsNoRetry == 1` for object Any (First Match)`
    t =   218.01s         Checking existence of `Any (First Match)`
    t =   218.03s         Capturing element debug description
    t =   218.99s     Checking `Expect predicate `existsNoRetry == 1` for object Any (First Match)`
    t =   218.99s         Checking existence of `Any (First Match)`
    t =   219.01s         Capturing element debug description
    t =   219.97s     Checking `Expect predicate `existsNoRetry == 1` for object Any (First Match)`
    t =   219.97s         Checking existence of `Any (First Match)`
    t =   219.99s         Capturing element debug description
    t =   220.94s     Checking `Expect predicate `existsNoRetry == 1` for object Any (First Match)`
    t =   220.95s         Checking existence of `Any (First Match)`
    t =   220.96s         Capturing element debug description
    t =   221.93s     Checking `Expect predicate `existsNoRetry == 1` for object Any (First Match)`
    t =   221.93s         Checking existence of `Any (First Match)`
    t =   221.94s         Capturing element debug description
    t =   223.01s     Checking `Expect predicate `existsNoRetry == 1` for object Any (First Match)`
    t =   223.01s         Checking existence of `Any (First Match)`
    t =   223.03s         Capturing element debug description
    t =   223.99s     Checking `Expect predicate `existsNoRetry == 1` for object Any (First Match)`
    t =   223.99s         Checking existence of `Any (First Match)`
    t =   224.00s         Capturing element debug description
    t =   224.96s     Checking `Expect predicate `existsNoRetry == 1` for object Any (First Match)`
    t =   224.96s         Checking existence of `Any (First Match)`
    t =   224.97s         Capturing element debug description
    t =   225.93s     Checking `Expect predicate `existsNoRetry == 1` for object Any (First Match)`
    t =   225.94s         Checking existence of `Any (First Match)`
    t =   225.95s         Capturing element debug description
    t =   227.02s     Checking `Expect predicate `existsNoRetry == 1` for object Any (First Match)`
    t =   227.02s         Checking existence of `Any (First Match)`
    t =   227.04s         Capturing element debug description
    t =   228.00s     Checking `Expect predicate `existsNoRetry == 1` for object Any (First Match)`
    t =   228.00s         Checking existence of `Any (First Match)`
    t =   228.02s         Capturing element debug description
    t =   228.98s     Checking `Expect predicate `existsNoRetry == 1` for object Any (First Match)`
    t =   228.98s         Checking existence of `Any (First Match)`
    t =   228.99s         Capturing element debug description
    t =   229.95s     Checking `Expect predicate `existsNoRetry == 1` for object Any (First Match)`
    t =   229.95s         Checking existence of `Any (First Match)`
    t =   229.97s         Capturing element debug description
    t =   230.93s     Checking `Expect predicate `existsNoRetry == 1` for object Any (First Match)`
    t =   230.94s         Checking existence of `Any (First Match)`
    t =   230.95s         Capturing element debug description
    t =   232.02s     Checking `Expect predicate `existsNoRetry == 1` for object Any (First Match)`
    t =   232.02s         Checking existence of `Any (First Match)`
    t =   232.04s         Capturing element debug description
    t =   232.99s     Checking `Expect predicate `existsNoRetry == 1` for object Any (First Match)`
    t =   233.00s         Checking existence of `Any (First Match)`
    t =   233.01s         Capturing element debug description
    t =   233.97s     Checking `Expect predicate `existsNoRetry == 1` for object Any (First Match)`
    t =   233.97s         Checking existence of `Any (First Match)`
    t =   233.99s         Capturing element debug description
    t =   234.94s     Checking `Expect predicate `existsNoRetry == 1` for object Any (First Match)`
    t =   234.95s         Checking existence of `Any (First Match)`
    t =   234.96s         Capturing element debug description
    t =   235.93s     Checking `Expect predicate `existsNoRetry == 1` for object Any (First Match)`
    t =   235.94s         Checking existence of `Any (First Match)`
    t =   235.95s         Capturing element debug description
    t =   237.02s     Checking `Expect predicate `existsNoRetry == 1` for object Any (First Match)`
    t =   237.02s         Checking existence of `Any (First Match)`
    t =   237.04s         Capturing element debug description
    t =   237.99s     Checking `Expect predicate `existsNoRetry == 1` for object Any (First Match)`
    t =   238.00s         Checking existence of `Any (First Match)`
    t =   238.01s         Capturing element debug description
    t =   238.98s     Checking `Expect predicate `existsNoRetry == 1` for object Any (First Match)`
    t =   238.98s         Checking existence of `Any (First Match)`
    t =   238.99s         Capturing element debug description
    t =   239.95s     Checking `Expect predicate `existsNoRetry == 1` for object Any (First Match)`
    t =   239.95s         Checking existence of `Any (First Match)`
    t =   239.97s         Capturing element debug description
    t =   240.93s     Checking `Expect predicate `existsNoRetry == 1` for object Any (First Match)`
    t =   240.94s         Checking existence of `Any (First Match)`
    t =   240.95s         Capturing element debug description
    t =   242.02s     Checking `Expect predicate `existsNoRetry == 1` for object Any (First Match)`
    t =   242.02s         Checking existence of `Any (First Match)`
    t =   242.03s         Capturing element debug description
    t =   242.03s     Checking existence of `Any (First Match)`
    t =   242.04s Collecting debug information to assist test failure triage
    t =   242.04s     Requesting snapshot of accessibility hierarchy for app with pid 47446
    t =   242.08s Checking existence of `Any (First Match)`
/Users/nstudio/Documents/github/NathanWalker/token-economics/harness/perf/uidriver/InteropCaptureTests.swift:24: error: -[UIDriverUITests.InteropCaptureTests testCaptureInteropResults] : failed - no INTEROPJSON element within 240s; last status: unknown
    t =   242.12s Tear Down
Test Case '-[UIDriverUITests.InteropCaptureTests testCaptureInteropResults]' failed (242.336 seconds).
Test Suite 'InteropCaptureTests' failed at 2026-08-01 21:03:48.093.
	 Executed 1 test, with 1 failure (0 unexpected) in 242.336 (242.337) seconds
Test Suite 'UIDriverUITests.xctest' failed at 2026-08-01 21:03:48.094.
	 Executed 2 tests, with 1 failure (0 unexpected) in 424.969 (424.974) seconds
Test Suite 'All tests' failed at 2026-08-01 21:03:48.095.
	 Executed 2 tests, with 1 failure (0 unexpected) in 424.969 (424.976) seconds
2026-08-01 21:03:57.650 xcodebuild[47321:30754027] [MT] IDETestOperationsObserverDebug: 436.100 elapsed -- Testing started completed.
2026-08-01 21:03:57.650 xcodebuild[47321:30754027] [MT] IDETestOperationsObserverDebug: 0.000 sec, +0.000 sec -- start
2026-08-01 21:03:57.650 xcodebuild[47321:30754027] [MT] IDETestOperationsObserverDebug: 436.100 sec, +436.100 sec -- end

Test session results, code coverage, and logs:
	/Users/nstudio/Library/Developer/Xcode/DerivedData/UIDriver-ekqcqbpucoqmcgbikewqdmafsmmj/Logs/Test/Test-UIDriver-2026.08.01_20-56-40--0700.xcresult

Failing tests:
	InteropCaptureTests.testCaptureInteropResults()

** TEST FAILED **

Testing started
