Command line invocation:
    /Applications/Xcode.app/Contents/Developer/usr/bin/xcodebuild test -project UIDriver.xcodeproj -scheme UIDriver -destination id=7DFF2660-A10C-449E-867A-92863D91663B

--- xcodebuild: WARNING: Using the first of multiple matching destinations:
{ platform:iOS Simulator, arch:arm64, id:7DFF2660-A10C-449E-867A-92863D91663B, OS:26.5, name:iPhone 17 Pro }
{ platform:iOS Simulator, arch:x86_64, id:7DFF2660-A10C-449E-867A-92863D91663B, OS:26.5, name:iPhone 17 Pro }
ComputePackagePrebuildTargetDependencyGraph

Prepare packages

CreateBuildRequest

SendProjectDescription

CreateBuildOperation

ComputeTargetDependencyGraph
note: Building targets in dependency order
note: Target dependency graph (1 target)
    Target 'UIDriverUITests' in project 'UIDriver' (no dependencies)

GatherProvisioningInputs

CreateBuildDescription

ClangStatCache /Applications/Xcode.app/Contents/Developer/Toolchains/XcodeDefault.xctoolchain/usr/bin/clang-stat-cache /Applications/Xcode.app/Contents/Developer/Platforms/iPhoneSimulator.platform/Developer/SDKs/iPhoneSimulator26.5.sdk /Users/nstudio/Library/Developer/Xcode/DerivedData/SDKStatCaches.noindex/iphonesimulator26.5-23F73-688ef53f1462e2c8f657fdc38a81448f6cfe768891a92b912361537c460fe42b.sdkstatcache
    cd /Users/nstudio/Documents/github/NathanWalker/token-economics/harness/perf/uidriver/UIDriver.xcodeproj
    /Applications/Xcode.app/Contents/Developer/Toolchains/XcodeDefault.xctoolchain/usr/bin/clang-stat-cache /Applications/Xcode.app/Contents/Developer/Platforms/iPhoneSimulator.platform/Developer/SDKs/iPhoneSimulator26.5.sdk -o /Users/nstudio/Library/Developer/Xcode/DerivedData/SDKStatCaches.noindex/iphonesimulator26.5-23F73-688ef53f1462e2c8f657fdc38a81448f6cfe768891a92b912361537c460fe42b.sdkstatcache

ProcessInfoPlistFile /Users/nstudio/Library/Developer/Xcode/DerivedData/UIDriver-ekqcqbpucoqmcgbikewqdmafsmmj/Build/Products/Debug-iphonesimulator/UIDriverUITests-Runner.app/PlugIns/UIDriverUITests.xctest/Info.plist /Users/nstudio/Library/Developer/Xcode/DerivedData/UIDriver-ekqcqbpucoqmcgbikewqdmafsmmj/Build/Intermediates.noindex/UIDriver.build/Debug-iphonesimulator/UIDriverUITests.build/empty-UIDriverUITests.plist (in target 'UIDriverUITests' from project 'UIDriver')
    cd /Users/nstudio/Documents/github/NathanWalker/token-economics/harness/perf/uidriver
    builtin-infoPlistUtility /Users/nstudio/Library/Developer/Xcode/DerivedData/UIDriver-ekqcqbpucoqmcgbikewqdmafsmmj/Build/Intermediates.noindex/UIDriver.build/Debug-iphonesimulator/UIDriverUITests.build/empty-UIDriverUITests.plist -producttype com.apple.product-type.bundle.ui-testing -expandbuildsettings -format binary -platform iphonesimulator -additionalcontentfile /Users/nstudio/Library/Developer/Xcode/DerivedData/UIDriver-ekqcqbpucoqmcgbikewqdmafsmmj/Build/Intermediates.noindex/UIDriver.build/Debug-iphonesimulator/UIDriverUITests.build/ProductTypeInfoPlistAdditions.plist -o /Users/nstudio/Library/Developer/Xcode/DerivedData/UIDriver-ekqcqbpucoqmcgbikewqdmafsmmj/Build/Products/Debug-iphonesimulator/UIDriverUITests-Runner.app/PlugIns/UIDriverUITests.xctest/Info.plist

CopySwiftLibs /Users/nstudio/Library/Developer/Xcode/DerivedData/UIDriver-ekqcqbpucoqmcgbikewqdmafsmmj/Build/Products/Debug-iphonesimulator/UIDriverUITests-Runner.app/PlugIns/UIDriverUITests.xctest (in target 'UIDriverUITests' from project 'UIDriver')
    cd /Users/nstudio/Documents/github/NathanWalker/token-economics/harness/perf/uidriver
    builtin-swiftStdLibTool --copy --verbose --scan-executable /Users/nstudio/Library/Developer/Xcode/DerivedData/UIDriver-ekqcqbpucoqmcgbikewqdmafsmmj/Build/Products/Debug-iphonesimulator/UIDriverUITests-Runner.app/PlugIns/UIDriverUITests.xctest/UIDriverUITests --scan-folder /Users/nstudio/Library/Developer/Xcode/DerivedData/UIDriver-ekqcqbpucoqmcgbikewqdmafsmmj/Build/Products/Debug-iphonesimulator/UIDriverUITests-Runner.app/PlugIns/UIDriverUITests.xctest/Frameworks --scan-folder /Users/nstudio/Library/Developer/Xcode/DerivedData/UIDriver-ekqcqbpucoqmcgbikewqdmafsmmj/Build/Products/Debug-iphonesimulator/UIDriverUITests-Runner.app/PlugIns/UIDriverUITests.xctest/PlugIns --scan-folder /Users/nstudio/Library/Developer/Xcode/DerivedData/UIDriver-ekqcqbpucoqmcgbikewqdmafsmmj/Build/Products/Debug-iphonesimulator/UIDriverUITests-Runner.app/PlugIns/UIDriverUITests.xctest/SystemExtensions --scan-folder /Users/nstudio/Library/Developer/Xcode/DerivedData/UIDriver-ekqcqbpucoqmcgbikewqdmafsmmj/Build/Products/Debug-iphonesimulator/UIDriverUITests-Runner.app/PlugIns/UIDriverUITests.xctest/Extensions --platform iphonesimulator --toolchain /var/run/com.apple.security.cryptexd/mnt/com.apple.MobileAsset.MetalToolchain-v17.6.42.0.xRBJyY/Metal.xctoolchain --toolchain /Applications/Xcode.app/Contents/Developer/Toolchains/XcodeDefault.xctoolchain --destination /Users/nstudio/Library/Developer/Xcode/DerivedData/UIDriver-ekqcqbpucoqmcgbikewqdmafsmmj/Build/Products/Debug-iphonesimulator/UIDriverUITests-Runner.app/PlugIns/UIDriverUITests.xctest/Frameworks --strip-bitcode --scan-executable /Applications/Xcode.app/Contents/Developer/Platforms/iPhoneSimulator.platform/Developer/usr/lib/libXCTestSwiftSupport.dylib --strip-bitcode-tool /Applications/Xcode.app/Contents/Developer/Toolchains/XcodeDefault.xctoolchain/usr/bin/bitcode_strip --emit-dependency-info /Users/nstudio/Library/Developer/Xcode/DerivedData/UIDriver-ekqcqbpucoqmcgbikewqdmafsmmj/Build/Intermediates.noindex/UIDriver.build/Debug-iphonesimulator/UIDriverUITests.build/SwiftStdLibToolInputDependencies.dep --filter-for-swift-os
Ignoring --strip-bitcode because --sign was not passed

2026-08-01 20:18:53.107768-0700 UIDriverUITests-Runner[45541:30672094] [Default] Running tests...
    t =      nans Interface orientation changed to Portrait
Test Suite 'All tests' started at 2026-08-01 20:18:53.697.
Test Suite 'UIDriverUITests.xctest' started at 2026-08-01 20:18:53.697.
Test Suite 'FeatureLatencyTests' started at 2026-08-01 20:18:53.697.
Test Case '-[UIDriverUITests.FeatureLatencyTests testFeatureLatencies]' started.
    t =     0.00s Start Test at 2026-08-01 20:18:53.698
    t =     0.02s Set Up
STEP[0s]: iter 0: launch com.nstudio.expobenchmark
    t =     0.02s Open com.nstudio.expobenchmark
    t =     0.02s     Launch com.nstudio.expobenchmark
    t =     0.11s         Setting up automation session
objc[45541]: Class UIAccessibilityLoaderWebShared is implemented in both /Library/Developer/CoreSimulator/Volumes/iOS_23F77/Library/Developer/CoreSimulator/Profiles/Runtimes/iOS 26.5.simruntime/Contents/Resources/RuntimeRoot/System/Library/AccessibilityBundles/WebCore.axbundle/WebCore (0x1087cc310) and /Library/Developer/CoreSimulator/Volumes/iOS_23F77/Library/Developer/CoreSimulator/Profiles/Runtimes/iOS 26.5.simruntime/Contents/Resources/RuntimeRoot/System/Library/AccessibilityBundles/WebKit.axbundle/WebKit (0x108730398). This may cause spurious casting failures and mysterious crashes. One of the duplicates must be removed or renamed.
    t =     0.68s         Wait for com.nstudio.expobenchmark to idle
    t =     1.81s Checking existence of `"Health" Button`
    t =     1.84s Waiting 20.0s for Any (First Match) to exist
    t =     2.90s     Checking `Expect predicate `existsNoRetry == 1` for object Any (First Match)`
    t =     2.91s         Checking existence of `Any (First Match)`
STEP[2s]: iter 0: nav Health
    t =     2.93s Checking existence of `"Health" Button`
    t =     2.94s Tap Any (First Match)
    t =     2.94s     Wait for com.nstudio.expobenchmark to idle
    t =     2.94s     Find the Any (First Match)
    t =     2.95s     Check for interrupting elements affecting "Health" Other
    t =     2.98s     Synthesize event
    t =     3.27s     Wait for com.nstudio.expobenchmark to idle
    t =     4.08s Waiting 10.0s for Any (First Match) to exist
    t =     5.15s     Checking `Expect predicate `existsNoRetry == 1` for object Any (First Match)`
    t =     5.16s         Checking existence of `Any (First Match)`
    t =     5.18s Checking existence of `Any (First Match)`
    t =     5.19s Find the Any (First Match)
STEP[5s]: iter 0: HK authorize
    t =     5.20s Checking existence of `"Request Access" Button`
    t =     5.22s Checking existence of `Any (First Match)`
    t =     5.23s Find the Any (First Match)
    t =     5.24s Tap "Request Access" Other
    t =     5.24s     Wait for com.nstudio.expobenchmark to idle
    t =     5.25s     Find the "Request Access" Other
    t =     5.26s     Check for interrupting elements affecting "Request Access" Other
    t =     5.28s     Synthesize event
    t =     5.57s     Wait for com.nstudio.expobenchmark to idle
    t =     5.57s Waiting 3.0s for Any (First Match) to exist
    t =     6.66s     Checking `Expect predicate `existsNoRetry == 1` for object Any (First Match)`
    t =     6.66s         Checking existence of `Any (First Match)`
    t =     6.71s Find the Any (First Match)
STEP[6s]: health sheet(app): tap 'Turn On All'
    t =     6.75s Tap "Turn On All" StaticText
    t =     6.75s     Wait for com.nstudio.expobenchmark to idle
    t =     6.75s     Find the "Turn On All" StaticText
    t =     6.78s     Check for interrupting elements affecting "Turn On All" StaticText
    t =     6.82s     Synthesize event
    t =     7.12s     Wait for com.nstudio.expobenchmark to idle
    t =     7.12s Waiting 2.0s for "Allow" Button to exist
    t =     8.20s     Checking `Expect predicate `existsNoRetry == 1` for object "Allow" Button`
    t =     8.21s         Checking existence of `"Allow" Button`
    t =     8.26s Find the "Allow" Button
STEP[8s]: health sheet(app): confirm 'Allow'
    t =     8.29s Tap "UIA.Health.Allow.Button" Button
    t =     8.29s     Wait for com.nstudio.expobenchmark to idle
    t =     8.29s     Find the "UIA.Health.Allow.Button" Button
    t =     8.32s     Check for interrupting elements affecting "UIA.Health.Allow.Button" Button
    t =     8.34s     Synthesize event
    t =     8.64s     Wait for com.nstudio.expobenchmark to idle
    t =     8.65s Waiting 15.0s for Any (First Match) to exist
    t =     9.71s     Checking `Expect predicate `existsNoRetry == 1` for object Any (First Match)`
    t =     9.72s         Checking existence of `Any (First Match)`
    t =     9.74s Checking existence of `"Health access: not requested" StaticText`
    t =     9.76s Find the "Health access: not requested" StaticText
    t =     9.77s Waiting 15.0s for Any (First Match) to exist
    t =    10.85s     Checking `Expect predicate `existsNoRetry == 1` for object Any (First Match)`
    t =    10.85s         Checking existence of `Any (First Match)`
    t =    10.87s Checking existence of `Any (First Match)`
    t =    10.89s Find the Any (First Match)
    t =    10.90s Checking existence of `"Log 500 Steps" Button`
    t =    10.91s Checking existence of `Any (First Match)`
    t =    10.92s Find the Any (First Match)
STEP[10s]: iter 0: log 500
    t =    10.94s Tap "Log 500 Steps" Other
    t =    10.94s     Wait for com.nstudio.expobenchmark to idle
    t =    10.94s     Find the "Log 500 Steps" Other
    t =    10.96s     Check for interrupting elements affecting "Log 500 Steps" Other
    t =    10.98s     Synthesize event
    t =    11.28s     Wait for com.nstudio.expobenchmark to idle
    t =    11.29s Checking existence of `"Sat Aug 1 — 29,000 steps (today)" StaticText`
    t =    11.30s Find the "Sat Aug 1 — 29,000 steps (today)" StaticText
    t =    11.32s Checking existence of `"Sat Aug 1 — 29,500 steps (today)" StaticText`
STEP[11s]: iter 0: go home
    t =    11.33s Checking existence of `"Transcribe" Button`
    t =    11.35s Checking existence of `"Health" Button`
    t =    11.36s Checking existence of `Any (First Match)`
    t =    11.37s Checking existence of `Button (Element at index 0)`
    t =    11.39s Find the Button (Element at index 0)
STEP[11s]: goHome: tapping candidate 0
    t =    11.41s Tap "BackButton" Button
    t =    11.41s     Wait for com.nstudio.expobenchmark to idle
    t =    11.41s     Find the "BackButton" Button
    t =    11.42s     Check for interrupting elements affecting "BackButton" Button
    t =    11.44s     Synthesize event
    t =    11.73s     Wait for com.nstudio.expobenchmark to idle
    t =    12.05s Checking existence of `"Transcribe" Button`
    t =    12.06s Waiting 3.0s for Any (First Match) to exist
    t =    13.14s     Checking `Expect predicate `existsNoRetry == 1` for object Any (First Match)`
    t =    13.14s         Checking existence of `Any (First Match)`
STEP[13s]: iter 0: nav Transcribe
    t =    13.15s Checking existence of `"Transcribe" Button`
    t =    13.16s Tap Any (First Match)
    t =    13.16s     Wait for com.nstudio.expobenchmark to idle
    t =    13.17s     Find the Any (First Match)
    t =    13.18s     Check for interrupting elements affecting "Transcribe" Other
    t =    13.20s     Synthesize event
    t =    13.49s     Wait for com.nstudio.expobenchmark to idle
    t =    14.29s Waiting 10.0s for Any (First Match) to exist
    t =    15.36s     Checking `Expect predicate `existsNoRetry == 1` for object Any (First Match)`
    t =    15.36s         Checking existence of `Any (First Match)`
    t =    15.38s Checking existence of `Any (First Match)`
    t =    15.39s Find the Any (First Match)
STEP[15s]: iter 0: speech authorize
    t =    15.41s Checking existence of `"Request Access" Button`
    t =    15.42s Checking existence of `Any (First Match)`
    t =    15.43s Find the Any (First Match)
    t =    15.44s Tap "Request Access" Other
    t =    15.44s     Wait for com.nstudio.expobenchmark to idle
    t =    15.45s     Find the "Request Access" Other
    t =    15.46s     Check for interrupting elements affecting "Request Access" Other
    t =    15.48s     Synthesize event
    t =    15.77s     Wait for com.nstudio.expobenchmark to idle
    t =    15.77s Waiting 3.0s for "Allow" Button to exist
    t =    16.85s     Checking `Expect predicate `existsNoRetry == 1` for object "Allow" Button`
    t =    16.85s         Checking existence of `"Allow" Button`
STEP[16s]: system alert: 'Allow'
    t =    16.89s Tap "Allow" Button
    t =    16.89s     Wait for com.apple.springboard to idle
    t =    16.89s     Find the "Allow" Button
    t =    16.91s     Check for interrupting elements affecting "Allow" Button
    t =    16.94s     Synthesize event
    t =    17.24s     Wait for com.apple.springboard to idle
    t =    17.47s Waiting 15.0s for Any (First Match) to exist
    t =    18.55s     Checking `Expect predicate `existsNoRetry == 1` for object Any (First Match)`
    t =    18.55s         Checking existence of `Any (First Match)`
    t =    18.57s Checking existence of `"Speech access: not requested" StaticText`
    t =    18.59s Find the "Speech access: not requested" StaticText
    t =    18.60s Checking existence of `"Transcribe Sample" Button`
    t =    18.61s Checking existence of `Any (First Match)`
    t =    18.62s Find the Any (First Match)
STEP[18s]: iter 0: transcribe
    t =    18.63s Tap "Transcribe Sample" Other
    t =    18.63s     Wait for com.nstudio.expobenchmark to idle
    t =    18.64s     Find the "Transcribe Sample" Other
    t =    18.65s     Check for interrupting elements affecting "Transcribe Sample" Other
    t =    18.67s     Synthesize event
    t =    18.96s     Wait for com.nstudio.expobenchmark to idle
    t =    18.97s Waiting 45.0s for Any (First Match) to exist
    t =    20.03s     Checking `Expect predicate `existsNoRetry == 1` for object Any (First Match)`
    t =    20.04s         Checking existence of `Any (First Match)`
    t =    20.06s         Capturing element debug description
    t =    21.03s     Checking `Expect predicate `existsNoRetry == 1` for object Any (First Match)`
    t =    21.04s         Checking existence of `Any (First Match)`
    t =    21.06s         Capturing element debug description
    t =    22.03s     Checking `Expect predicate `existsNoRetry == 1` for object Any (First Match)`
    t =    22.03s         Checking existence of `Any (First Match)`
    t =    22.05s         Capturing element debug description
    t =    23.01s     Checking `Expect predicate `existsNoRetry == 1` for object Any (First Match)`
    t =    23.01s         Checking existence of `Any (First Match)`
    t =    23.04s         Capturing element debug description
    t =    24.00s     Checking `Expect predicate `existsNoRetry == 1` for object Any (First Match)`
    t =    24.01s         Checking existence of `Any (First Match)`
    t =    24.03s         Capturing element debug description
    t =    24.99s     Checking `Expect predicate `existsNoRetry == 1` for object Any (First Match)`
    t =    24.99s         Checking existence of `Any (First Match)`
    t =    25.01s         Capturing element debug description
    t =    25.98s     Checking `Expect predicate `existsNoRetry == 1` for object Any (First Match)`
    t =    25.98s         Checking existence of `Any (First Match)`
    t =    26.00s         Capturing element debug description
    t =    26.98s     Checking `Expect predicate `existsNoRetry == 1` for object Any (First Match)`
    t =    26.98s         Checking existence of `Any (First Match)`
    t =    27.00s         Capturing element debug description
    t =    27.98s     Checking `Expect predicate `existsNoRetry == 1` for object Any (First Match)`
    t =    27.98s         Checking existence of `Any (First Match)`
    t =    28.00s         Capturing element debug description
    t =    28.98s     Checking `Expect predicate `existsNoRetry == 1` for object Any (First Match)`
    t =    28.98s         Checking existence of `Any (First Match)`
    t =    29.00s         Capturing element debug description
    t =    29.98s     Checking `Expect predicate `existsNoRetry == 1` for object Any (First Match)`
    t =    29.98s         Checking existence of `Any (First Match)`
    t =    30.00s         Capturing element debug description
    t =    31.05s     Checking `Expect predicate `existsNoRetry == 1` for object Any (First Match)`
    t =    31.05s         Checking existence of `Any (First Match)`
    t =    31.07s         Capturing element debug description
    t =    32.04s     Checking `Expect predicate `existsNoRetry == 1` for object Any (First Match)`
    t =    32.04s         Checking existence of `Any (First Match)`
    t =    32.06s         Capturing element debug description
    t =    33.02s     Checking `Expect predicate `existsNoRetry == 1` for object Any (First Match)`
    t =    33.02s         Checking existence of `Any (First Match)`
    t =    33.05s         Capturing element debug description
    t =    33.99s     Checking `Expect predicate `existsNoRetry == 1` for object Any (First Match)`
    t =    33.99s         Checking existence of `Any (First Match)`
    t =    34.01s         Capturing element debug description
    t =    34.98s     Checking `Expect predicate `existsNoRetry == 1` for object Any (First Match)`
    t =    34.98s         Checking existence of `Any (First Match)`
    t =    35.00s         Capturing element debug description
    t =    36.05s     Checking `Expect predicate `existsNoRetry == 1` for object Any (First Match)`
    t =    36.05s         Checking existence of `Any (First Match)`
    t =    36.07s         Capturing element debug description
    t =    37.03s     Checking `Expect predicate `existsNoRetry == 1` for object Any (First Match)`
    t =    37.03s         Checking existence of `Any (First Match)`
    t =    37.05s         Capturing element debug description
    t =    38.00s     Checking `Expect predicate `existsNoRetry == 1` for object Any (First Match)`
    t =    38.00s         Checking existence of `Any (First Match)`
    t =    38.02s         Capturing element debug description
    t =    38.97s     Checking `Expect predicate `existsNoRetry == 1` for object Any (First Match)`
    t =    38.98s         Checking existence of `Any (First Match)`
    t =    39.00s         Capturing element debug description
    t =    39.97s     Checking `Expect predicate `existsNoRetry == 1` for object Any (First Match)`
    t =    39.98s         Checking existence of `Any (First Match)`
    t =    40.00s         Capturing element debug description
    t =    41.06s     Checking `Expect predicate `existsNoRetry == 1` for object Any (First Match)`
    t =    41.06s         Checking existence of `Any (First Match)`
    t =    41.08s         Capturing element debug description
    t =    42.00s     Checking `Expect predicate `existsNoRetry == 1` for object Any (First Match)`
    t =    42.00s         Checking existence of `Any (First Match)`
    t =    42.03s         Capturing element debug description
    t =    42.99s     Checking `Expect predicate `existsNoRetry == 1` for object Any (First Match)`
    t =    42.99s         Checking existence of `Any (First Match)`
    t =    43.01s         Capturing element debug description
    t =    44.06s     Checking `Expect predicate `existsNoRetry == 1` for object Any (First Match)`
    t =    44.07s         Checking existence of `Any (First Match)`
    t =    44.08s         Capturing element debug description
    t =    45.05s     Checking `Expect predicate `existsNoRetry == 1` for object Any (First Match)`
    t =    45.06s         Checking existence of `Any (First Match)`
    t =    45.08s         Capturing element debug description
    t =    46.03s     Checking `Expect predicate `existsNoRetry == 1` for object Any (First Match)`
    t =    46.03s         Checking existence of `Any (First Match)`
    t =    46.05s         Capturing element debug description
    t =    47.02s     Checking `Expect predicate `existsNoRetry == 1` for object Any (First Match)`
    t =    47.02s         Checking existence of `Any (First Match)`
    t =    47.03s         Capturing element debug description
    t =    47.98s     Checking `Expect predicate `existsNoRetry == 1` for object Any (First Match)`
    t =    47.98s         Checking existence of `Any (First Match)`
    t =    48.00s         Capturing element debug description
    t =    49.06s     Checking `Expect predicate `existsNoRetry == 1` for object Any (First Match)`
    t =    49.06s         Checking existence of `Any (First Match)`
    t =    49.08s         Capturing element debug description
    t =    50.04s     Checking `Expect predicate `existsNoRetry == 1` for object Any (First Match)`
    t =    50.04s         Checking existence of `Any (First Match)`
    t =    50.06s         Capturing element debug description
    t =    51.02s     Checking `Expect predicate `existsNoRetry == 1` for object Any (First Match)`
    t =    51.02s         Checking existence of `Any (First Match)`
    t =    51.04s         Capturing element debug description
    t =    52.00s     Checking `Expect predicate `existsNoRetry == 1` for object Any (First Match)`
    t =    52.01s         Checking existence of `Any (First Match)`
    t =    52.03s         Capturing element debug description
    t =    52.99s     Checking `Expect predicate `existsNoRetry == 1` for object Any (First Match)`
    t =    52.99s         Checking existence of `Any (First Match)`
    t =    53.01s         Capturing element debug description
    t =    53.97s     Checking `Expect predicate `existsNoRetry == 1` for object Any (First Match)`
    t =    53.98s         Checking existence of `Any (First Match)`
    t =    54.00s         Capturing element debug description
    t =    54.97s     Checking `Expect predicate `existsNoRetry == 1` for object Any (First Match)`
    t =    54.97s         Checking existence of `Any (First Match)`
    t =    54.99s         Capturing element debug description
    t =    56.05s     Checking `Expect predicate `existsNoRetry == 1` for object Any (First Match)`
    t =    56.06s         Checking existence of `Any (First Match)`
    t =    56.08s         Capturing element debug description
    t =    57.04s     Checking `Expect predicate `existsNoRetry == 1` for object Any (First Match)`
    t =    57.04s         Checking existence of `Any (First Match)`
    t =    57.06s         Capturing element debug description
    t =    58.02s     Checking `Expect predicate `existsNoRetry == 1` for object Any (First Match)`
    t =    58.02s         Checking existence of `Any (First Match)`
    t =    58.04s         Capturing element debug description
    t =    59.00s     Checking `Expect predicate `existsNoRetry == 1` for object Any (First Match)`
    t =    59.00s         Checking existence of `Any (First Match)`
    t =    59.02s         Capturing element debug description
    t =    59.98s     Checking `Expect predicate `existsNoRetry == 1` for object Any (First Match)`
    t =    59.98s         Checking existence of `Any (First Match)`
    t =    60.00s         Capturing element debug description
    t =    61.05s     Checking `Expect predicate `existsNoRetry == 1` for object Any (First Match)`
    t =    61.06s         Checking existence of `Any (First Match)`
    t =    61.08s         Capturing element debug description
    t =    62.04s     Checking `Expect predicate `existsNoRetry == 1` for object Any (First Match)`
    t =    62.04s         Checking existence of `Any (First Match)`
    t =    62.06s         Capturing element debug description
    t =    63.02s     Checking `Expect predicate `existsNoRetry == 1` for object Any (First Match)`
    t =    63.02s         Checking existence of `Any (First Match)`
    t =    63.04s         Capturing element debug description
    t =    63.98s     Checking `Expect predicate `existsNoRetry == 1` for object Any (First Match)`
    t =    63.98s         Checking existence of `Any (First Match)`
    t =    64.01s         Capturing element debug description
    t =    64.01s     Checking existence of `Any (First Match)`
    t =    64.02s Collecting debug information to assist test failure triage
    t =    64.02s     Requesting snapshot of accessibility hierarchy for app with pid 45545
    t =    64.04s Checking existence of `Any (First Match)`
    t =    64.05s Checking existence of `Any (First Match)`
    t =    64.06s Checking existence of `Any (First Match)`
    t =    64.07s Find the Any (First Match)
STEP[64s]: iter 0: done
    t =    64.08s Terminate com.nstudio.expobenchmark:45545
STEP[65s]: iter 1: launch com.nstudio.expobenchmark
    t =    65.09s Open com.nstudio.expobenchmark
    t =    65.09s     Launch com.nstudio.expobenchmark
    t =    65.20s         Setting up automation session
    t =    65.73s         Wait for com.nstudio.expobenchmark to idle
    t =    66.86s Checking existence of `"Health" Button`
    t =    66.90s Waiting 20.0s for Any (First Match) to exist
    t =    67.95s     Checking `Expect predicate `existsNoRetry == 1` for object Any (First Match)`
    t =    67.95s         Checking existence of `Any (First Match)`
STEP[67s]: iter 1: nav Health
    t =    67.98s Checking existence of `"Health" Button`
    t =    67.99s Tap Any (First Match)
    t =    67.99s     Wait for com.nstudio.expobenchmark to idle
    t =    67.99s     Find the Any (First Match)
    t =    68.00s     Check for interrupting elements affecting "Health" Other
    t =    68.02s     Synthesize event
    t =    68.32s     Wait for com.nstudio.expobenchmark to idle
    t =    69.11s Waiting 10.0s for Any (First Match) to exist
    t =    70.17s     Checking `Expect predicate `existsNoRetry == 1` for object Any (First Match)`
    t =    70.17s         Checking existence of `Any (First Match)`
    t =    70.19s Checking existence of `Any (First Match)`
    t =    70.21s Find the Any (First Match)
    t =    70.22s Checking existence of `"Health access: granted" StaticText`
    t =    70.23s Find the "Health access: granted" StaticText
    t =    70.24s Waiting 15.0s for Any (First Match) to exist
    t =    71.30s     Checking `Expect predicate `existsNoRetry == 1` for object Any (First Match)`
    t =    71.31s         Checking existence of `Any (First Match)`
    t =    71.33s Checking existence of `Any (First Match)`
    t =    71.35s Find the Any (First Match)
    t =    71.36s Checking existence of `"Log 500 Steps" Button`
    t =    71.37s Checking existence of `Any (First Match)`
    t =    71.38s Find the Any (First Match)
STEP[71s]: iter 1: log 500
    t =    71.40s Tap "Log 500 Steps" Other
    t =    71.40s     Wait for com.nstudio.expobenchmark to idle
    t =    71.41s     Find the "Log 500 Steps" Other
    t =    71.42s     Check for interrupting elements affecting "Log 500 Steps" Other
    t =    71.44s     Synthesize event
    t =    71.74s     Wait for com.nstudio.expobenchmark to idle
    t =    71.75s Checking existence of `"Sat Aug 1 — 29,500 steps (today)" StaticText`
    t =    71.76s Find the "Sat Aug 1 — 29,500 steps (today)" StaticText
    t =    71.78s Checking existence of `"Sat Aug 1 — 30,000 steps (today)" StaticText`
STEP[71s]: iter 1: go home
    t =    71.79s Checking existence of `"Transcribe" Button`
    t =    71.81s Checking existence of `"Health" Button`
    t =    71.82s Checking existence of `Any (First Match)`
    t =    71.84s Checking existence of `Button (Element at index 0)`
    t =    71.85s Find the Button (Element at index 0)
STEP[71s]: goHome: tapping candidate 0
    t =    71.87s Tap "BackButton" Button
    t =    71.87s     Wait for com.nstudio.expobenchmark to idle
    t =    71.87s     Find the "BackButton" Button
    t =    71.89s     Check for interrupting elements affecting "BackButton" Button
    t =    71.90s     Synthesize event
    t =    72.20s     Wait for com.nstudio.expobenchmark to idle
    t =    72.50s Checking existence of `"Transcribe" Button`
    t =    72.51s Waiting 3.0s for Any (First Match) to exist
    t =    73.57s     Checking `Expect predicate `existsNoRetry == 1` for object Any (First Match)`
    t =    73.57s         Checking existence of `Any (First Match)`
STEP[73s]: iter 1: nav Transcribe
    t =    73.59s Checking existence of `"Transcribe" Button`
    t =    73.60s Tap Any (First Match)
    t =    73.60s     Wait for com.nstudio.expobenchmark to idle
    t =    73.60s     Find the Any (First Match)
    t =    73.61s     Check for interrupting elements affecting "Transcribe" Other
    t =    73.64s     Synthesize event
    t =    73.93s     Wait for com.nstudio.expobenchmark to idle
    t =    74.72s Waiting 10.0s for Any (First Match) to exist
    t =    75.79s     Checking `Expect predicate `existsNoRetry == 1` for object Any (First Match)`
    t =    75.79s         Checking existence of `Any (First Match)`
    t =    75.81s Checking existence of `Any (First Match)`
    t =    75.83s Find the Any (First Match)
    t =    75.84s Checking existence of `"Speech access: granted" StaticText`
    t =    75.85s Find the "Speech access: granted" StaticText
    t =    75.86s Checking existence of `"Transcribe Sample" Button`
    t =    75.87s Checking existence of `Any (First Match)`
    t =    75.88s Find the Any (First Match)
STEP[75s]: iter 1: transcribe
    t =    75.90s Tap "Transcribe Sample" Other
    t =    75.90s     Wait for com.nstudio.expobenchmark to idle
    t =    75.90s     Find the "Transcribe Sample" Other
    t =    75.91s     Check for interrupting elements affecting "Transcribe Sample" Other
    t =    75.93s     Synthesize event
    t =    76.23s     Wait for com.nstudio.expobenchmark to idle
    t =    76.23s Waiting 45.0s for Any (First Match) to exist
    t =    77.27s     Checking `Expect predicate `existsNoRetry == 1` for object Any (First Match)`
    t =    77.27s         Checking existence of `Any (First Match)`
    t =    77.29s         Capturing element debug description
    t =    78.25s     Checking `Expect predicate `existsNoRetry == 1` for object Any (First Match)`
    t =    78.25s         Checking existence of `Any (First Match)`
    t =    78.27s         Capturing element debug description
    t =    79.32s     Checking `Expect predicate `existsNoRetry == 1` for object Any (First Match)`
    t =    79.33s         Checking existence of `Any (First Match)`
    t =    79.35s         Capturing element debug description
    t =    80.30s     Checking `Expect predicate `existsNoRetry == 1` for object Any (First Match)`
    t =    80.30s         Checking existence of `Any (First Match)`
    t =    80.33s         Capturing element debug description
    t =    81.29s     Checking `Expect predicate `existsNoRetry == 1` for object Any (First Match)`
    t =    81.29s         Checking existence of `Any (First Match)`
    t =    81.31s         Capturing element debug description
    t =    82.27s     Checking `Expect predicate `existsNoRetry == 1` for object Any (First Match)`
    t =    82.27s         Checking existence of `Any (First Match)`
    t =    82.29s         Capturing element debug description
    t =    83.26s     Checking `Expect predicate `existsNoRetry == 1` for object Any (First Match)`
    t =    83.26s         Checking existence of `Any (First Match)`
    t =    83.28s         Capturing element debug description
    t =    84.24s     Checking `Expect predicate `existsNoRetry == 1` for object Any (First Match)`
    t =    84.24s         Checking existence of `Any (First Match)`
    t =    84.26s         Capturing element debug description
    t =    85.32s     Checking `Expect predicate `existsNoRetry == 1` for object Any (First Match)`
    t =    85.33s         Checking existence of `Any (First Match)`
    t =    85.35s         Capturing element debug description
    t =    86.31s     Checking `Expect predicate `existsNoRetry == 1` for object Any (First Match)`
    t =    86.31s         Checking existence of `Any (First Match)`
    t =    86.33s         Capturing element debug description
    t =    87.29s     Checking `Expect predicate `existsNoRetry == 1` for object Any (First Match)`
    t =    87.29s         Checking existence of `Any (First Match)`
    t =    87.31s         Capturing element debug description
    t =    88.28s     Checking `Expect predicate `existsNoRetry == 1` for object Any (First Match)`
    t =    88.28s         Checking existence of `Any (First Match)`
    t =    88.31s         Capturing element debug description
    t =    89.27s     Checking `Expect predicate `existsNoRetry == 1` for object Any (First Match)`
    t =    89.28s         Checking existence of `Any (First Match)`
    t =    89.30s         Capturing element debug description
    t =    90.26s     Checking `Expect predicate `existsNoRetry == 1` for object Any (First Match)`
    t =    90.26s         Checking existence of `Any (First Match)`
    t =    90.28s         Capturing element debug description
    t =    91.25s     Checking `Expect predicate `existsNoRetry == 1` for object Any (First Match)`
    t =    91.26s         Checking existence of `Any (First Match)`
    t =    91.28s         Capturing element debug description
    t =    92.24s     Checking `Expect predicate `existsNoRetry == 1` for object Any (First Match)`
    t =    92.24s         Checking existence of `Any (First Match)`
    t =    92.26s         Capturing element debug description
    t =    93.23s     Checking `Expect predicate `existsNoRetry == 1` for object Any (First Match)`
    t =    93.23s         Checking existence of `Any (First Match)`
    t =    93.25s         Capturing element debug description
    t =    94.32s     Checking `Expect predicate `existsNoRetry == 1` for object Any (First Match)`
    t =    94.32s         Checking existence of `Any (First Match)`
    t =    94.34s         Capturing element debug description
    t =    95.31s     Checking `Expect predicate `existsNoRetry == 1` for object Any (First Match)`
    t =    95.31s         Checking existence of `Any (First Match)`
    t =    95.33s         Capturing element debug description
    t =    96.28s     Checking `Expect predicate `existsNoRetry == 1` for object Any (First Match)`
    t =    96.28s         Checking existence of `Any (First Match)`
    t =    96.30s         Capturing element debug description
    t =    97.26s     Checking `Expect predicate `existsNoRetry == 1` for object Any (First Match)`
    t =    97.26s         Checking existence of `Any (First Match)`
    t =    97.28s         Capturing element debug description
    t =    98.25s     Checking `Expect predicate `existsNoRetry == 1` for object Any (First Match)`
    t =    98.25s         Checking existence of `Any (First Match)`
    t =    98.28s         Capturing element debug description
    t =    99.24s     Checking `Expect predicate `existsNoRetry == 1` for object Any (First Match)`
    t =    99.24s         Checking existence of `Any (First Match)`
    t =    99.26s         Capturing element debug description
    t =   100.24s     Checking `Expect predicate `existsNoRetry == 1` for object Any (First Match)`
    t =   100.24s         Checking existence of `Any (First Match)`
    t =   100.26s         Capturing element debug description
    t =   101.32s     Checking `Expect predicate `existsNoRetry == 1` for object Any (First Match)`
    t =   101.32s         Checking existence of `Any (First Match)`
    t =   101.34s         Capturing element debug description
    t =   102.28s     Checking `Expect predicate `existsNoRetry == 1` for object Any (First Match)`
    t =   102.28s         Checking existence of `Any (First Match)`
    t =   102.30s         Capturing element debug description
    t =   103.25s     Checking `Expect predicate `existsNoRetry == 1` for object Any (First Match)`
    t =   103.25s         Checking existence of `Any (First Match)`
    t =   103.28s         Capturing element debug description
    t =   104.33s     Checking `Expect predicate `existsNoRetry == 1` for object Any (First Match)`
    t =   104.33s         Checking existence of `Any (First Match)`
    t =   104.35s         Capturing element debug description
    t =   105.32s     Checking `Expect predicate `existsNoRetry == 1` for object Any (First Match)`
    t =   105.32s         Checking existence of `Any (First Match)`
    t =   105.34s         Capturing element debug description
    t =   106.29s     Checking `Expect predicate `existsNoRetry == 1` for object Any (First Match)`
    t =   106.29s         Checking existence of `Any (First Match)`
    t =   106.31s         Capturing element debug description
    t =   107.27s     Checking `Expect predicate `existsNoRetry == 1` for object Any (First Match)`
    t =   107.27s         Checking existence of `Any (First Match)`
    t =   107.30s         Capturing element debug description
    t =   108.26s     Checking `Expect predicate `existsNoRetry == 1` for object Any (First Match)`
    t =   108.26s         Checking existence of `Any (First Match)`
    t =   108.27s         Capturing element debug description
    t =   109.24s     Checking `Expect predicate `existsNoRetry == 1` for object Any (First Match)`
    t =   109.24s         Checking existence of `Any (First Match)`
    t =   109.26s         Capturing element debug description
    t =   110.23s     Checking `Expect predicate `existsNoRetry == 1` for object Any (First Match)`
    t =   110.23s         Checking existence of `Any (First Match)`
    t =   110.26s         Capturing element debug description
    t =   111.33s     Checking `Expect predicate `existsNoRetry == 1` for object Any (First Match)`
    t =   111.33s         Checking existence of `Any (First Match)`
    t =   111.35s         Capturing element debug description
    t =   112.31s     Checking `Expect predicate `existsNoRetry == 1` for object Any (First Match)`
    t =   112.31s         Checking existence of `Any (First Match)`
    t =   112.33s         Capturing element debug description
    t =   113.29s     Checking `Expect predicate `existsNoRetry == 1` for object Any (First Match)`
    t =   113.29s         Checking existence of `Any (First Match)`
    t =   113.31s         Capturing element debug description
    t =   114.27s     Checking `Expect predicate `existsNoRetry == 1` for object Any (First Match)`
    t =   114.28s         Checking existence of `Any (First Match)`
    t =   114.30s         Capturing element debug description
    t =   115.26s     Checking `Expect predicate `existsNoRetry == 1` for object Any (First Match)`
    t =   115.26s         Checking existence of `Any (First Match)`
    t =   115.28s         Capturing element debug description
    t =   116.24s     Checking `Expect predicate `existsNoRetry == 1` for object Any (First Match)`
    t =   116.24s         Checking existence of `Any (First Match)`
    t =   116.27s         Capturing element debug description
    t =   117.23s     Checking `Expect predicate `existsNoRetry == 1` for object Any (First Match)`
    t =   117.23s         Checking existence of `Any (First Match)`
    t =   117.26s         Capturing element debug description
    t =   118.32s     Checking `Expect predicate `existsNoRetry == 1` for object Any (First Match)`
    t =   118.32s         Checking existence of `Any (First Match)`
    t =   118.33s         Capturing element debug description
    t =   119.29s     Checking `Expect predicate `existsNoRetry == 1` for object Any (First Match)`
    t =   119.30s         Checking existence of `Any (First Match)`
    t =   119.32s         Capturing element debug description
    t =   120.28s     Checking `Expect predicate `existsNoRetry == 1` for object Any (First Match)`
    t =   120.28s         Checking existence of `Any (First Match)`
    t =   120.31s         Capturing element debug description
    t =   121.25s     Checking `Expect predicate `existsNoRetry == 1` for object Any (First Match)`
    t =   121.25s         Checking existence of `Any (First Match)`
    t =   121.27s         Capturing element debug description
    t =   121.27s     Checking existence of `Any (First Match)`
    t =   121.29s Collecting debug information to assist test failure triage
    t =   121.29s     Requesting snapshot of accessibility hierarchy for app with pid 45586
    t =   121.31s Checking existence of `Any (First Match)`
    t =   121.32s Checking existence of `Any (First Match)`
    t =   121.33s Checking existence of `Any (First Match)`
    t =   121.34s Find the Any (First Match)
STEP[121s]: iter 1: done
    t =   121.35s Terminate com.nstudio.expobenchmark:45586
STEP[122s]: iter 2: launch com.nstudio.expobenchmark
    t =   122.44s Open com.nstudio.expobenchmark
    t =   122.44s     Launch com.nstudio.expobenchmark
    t =   122.55s         Setting up automation session
    t =   123.08s         Wait for com.nstudio.expobenchmark to idle
    t =   124.20s Checking existence of `"Health" Button`
    t =   124.23s Waiting 20.0s for Any (First Match) to exist
    t =   125.29s     Checking `Expect predicate `existsNoRetry == 1` for object Any (First Match)`
    t =   125.30s         Checking existence of `Any (First Match)`
STEP[125s]: iter 2: nav Health
    t =   125.32s Checking existence of `"Health" Button`
    t =   125.33s Tap Any (First Match)
    t =   125.33s     Wait for com.nstudio.expobenchmark to idle
    t =   125.33s     Find the Any (First Match)
    t =   125.34s     Check for interrupting elements affecting "Health" Other
    t =   125.36s     Synthesize event
    t =   125.66s     Wait for com.nstudio.expobenchmark to idle
    t =   126.47s Waiting 10.0s for Any (First Match) to exist
    t =   127.54s     Checking `Expect predicate `existsNoRetry == 1` for object Any (First Match)`
    t =   127.54s         Checking existence of `Any (First Match)`
    t =   127.57s Checking existence of `Any (First Match)`
    t =   127.58s Find the Any (First Match)
    t =   127.60s Checking existence of `"Health access: granted" StaticText`
    t =   127.61s Find the "Health access: granted" StaticText
    t =   127.62s Waiting 15.0s for Any (First Match) to exist
    t =   128.68s     Checking `Expect predicate `existsNoRetry == 1` for object Any (First Match)`
    t =   128.68s         Checking existence of `Any (First Match)`
    t =   128.69s Checking existence of `Any (First Match)`
    t =   128.70s Find the Any (First Match)
    t =   128.71s Checking existence of `"Log 500 Steps" Button`
    t =   128.73s Checking existence of `Any (First Match)`
    t =   128.74s Find the Any (First Match)
STEP[128s]: iter 2: log 500
    t =   128.76s Tap "Log 500 Steps" Other
    t =   128.76s     Wait for com.nstudio.expobenchmark to idle
    t =   128.76s     Find the "Log 500 Steps" Other
    t =   128.77s     Check for interrupting elements affecting "Log 500 Steps" Other
    t =   128.80s     Synthesize event
    t =   129.09s     Wait for com.nstudio.expobenchmark to idle
    t =   129.10s Checking existence of `"Sat Aug 1 — 30,000 steps (today)" StaticText`
    t =   129.12s Find the "Sat Aug 1 — 30,000 steps (today)" StaticText
    t =   129.13s Checking existence of `"Sat Aug 1 — 30,500 steps (today)" StaticText`
STEP[129s]: iter 2: go home
    t =   129.15s Checking existence of `"Transcribe" Button`
    t =   129.16s Checking existence of `"Health" Button`
    t =   129.18s Checking existence of `Any (First Match)`
    t =   129.19s Checking existence of `Button (Element at index 0)`
    t =   129.20s Find the Button (Element at index 0)
STEP[129s]: goHome: tapping candidate 0
    t =   129.22s Tap "BackButton" Button
    t =   129.22s     Wait for com.nstudio.expobenchmark to idle
    t =   129.22s     Find the "BackButton" Button
    t =   129.24s     Check for interrupting elements affecting "BackButton" Button
    t =   129.25s     Synthesize event
    t =   129.55s     Wait for com.nstudio.expobenchmark to idle
    t =   129.85s Checking existence of `"Transcribe" Button`
    t =   129.86s Waiting 3.0s for Any (First Match) to exist
    t =   130.93s     Checking `Expect predicate `existsNoRetry == 1` for object Any (First Match)`
    t =   130.93s         Checking existence of `Any (First Match)`
STEP[130s]: iter 2: nav Transcribe
    t =   130.95s Checking existence of `"Transcribe" Button`
    t =   130.96s Tap Any (First Match)
    t =   130.96s     Wait for com.nstudio.expobenchmark to idle
    t =   130.96s     Find the Any (First Match)
    t =   130.97s     Check for interrupting elements affecting "Transcribe" Other
    t =   130.99s     Synthesize event
    t =   131.28s     Wait for com.nstudio.expobenchmark to idle
    t =   132.06s Waiting 10.0s for Any (First Match) to exist
    t =   133.11s     Checking `Expect predicate `existsNoRetry == 1` for object Any (First Match)`
    t =   133.11s         Checking existence of `Any (First Match)`
    t =   133.14s Checking existence of `Any (First Match)`
    t =   133.15s Find the Any (First Match)
    t =   133.16s Checking existence of `"Speech access: granted" StaticText`
    t =   133.17s Find the "Speech access: granted" StaticText
    t =   133.18s Checking existence of `"Transcribe Sample" Button`
    t =   133.19s Checking existence of `Any (First Match)`
    t =   133.20s Find the Any (First Match)
STEP[133s]: iter 2: transcribe
    t =   133.22s Tap "Transcribe Sample" Other
    t =   133.22s     Wait for com.nstudio.expobenchmark to idle
    t =   133.22s     Find the "Transcribe Sample" Other
    t =   133.23s     Check for interrupting elements affecting "Transcribe Sample" Other
    t =   133.26s     Synthesize event
    t =   133.55s     Wait for com.nstudio.expobenchmark to idle
    t =   133.55s Waiting 45.0s for Any (First Match) to exist
    t =   134.62s     Checking `Expect predicate `existsNoRetry == 1` for object Any (First Match)`
    t =   134.62s         Checking existence of `Any (First Match)`
    t =   134.65s         Capturing element debug description
    t =   135.61s     Checking `Expect predicate `existsNoRetry == 1` for object Any (First Match)`
    t =   135.61s         Checking existence of `Any (First Match)`
    t =   135.64s         Capturing element debug description
    t =   136.59s     Checking `Expect predicate `existsNoRetry == 1` for object Any (First Match)`
    t =   136.59s         Checking existence of `Any (First Match)`
    t =   136.61s         Capturing element debug description
    t =   137.64s     Checking `Expect predicate `existsNoRetry == 1` for object Any (First Match)`
    t =   137.65s         Checking existence of `Any (First Match)`
    t =   137.67s         Capturing element debug description
    t =   138.63s     Checking `Expect predicate `existsNoRetry == 1` for object Any (First Match)`
    t =   138.63s         Checking existence of `Any (First Match)`
    t =   138.65s         Capturing element debug description
    t =   139.60s     Checking `Expect predicate `existsNoRetry == 1` for object Any (First Match)`
    t =   139.60s         Checking existence of `Any (First Match)`
    t =   139.62s         Capturing element debug description
    t =   140.59s     Checking `Expect predicate `existsNoRetry == 1` for object Any (First Match)`
    t =   140.59s         Checking existence of `Any (First Match)`
    t =   140.61s         Capturing element debug description
    t =   141.57s     Checking `Expect predicate `existsNoRetry == 1` for object Any (First Match)`
    t =   141.57s         Checking existence of `Any (First Match)`
    t =   141.59s         Capturing element debug description
    t =   142.56s     Checking `Expect predicate `existsNoRetry == 1` for object Any (First Match)`
    t =   142.56s         Checking existence of `Any (First Match)`
    t =   142.58s         Capturing element debug description
    t =   143.55s     Checking `Expect predicate `existsNoRetry == 1` for object Any (First Match)`
    t =   143.55s         Checking existence of `Any (First Match)`
    t =   143.58s         Capturing element debug description
    t =   144.64s     Checking `Expect predicate `existsNoRetry == 1` for object Any (First Match)`
    t =   144.65s         Checking existence of `Any (First Match)`
    t =   144.67s         Capturing element debug description
    t =   145.63s     Checking `Expect predicate `existsNoRetry == 1` for object Any (First Match)`
    t =   145.63s         Checking existence of `Any (First Match)`
    t =   145.65s         Capturing element debug description
    t =   146.61s     Checking `Expect predicate `existsNoRetry == 1` for object Any (First Match)`
    t =   146.61s         Checking existence of `Any (First Match)`
    t =   146.62s         Capturing element debug description
    t =   147.59s     Checking `Expect predicate `existsNoRetry == 1` for object Any (First Match)`
    t =   147.59s         Checking existence of `Any (First Match)`
    t =   147.60s         Capturing element debug description
    t =   148.57s     Checking `Expect predicate `existsNoRetry == 1` for object Any (First Match)`
    t =   148.57s         Checking existence of `Any (First Match)`
    t =   148.59s         Capturing element debug description
    t =   149.56s     Checking `Expect predicate `existsNoRetry == 1` for object Any (First Match)`
    t =   149.56s         Checking existence of `Any (First Match)`
    t =   149.58s         Capturing element debug description
    t =   150.55s     Checking `Expect predicate `existsNoRetry == 1` for object Any (First Match)`
    t =   150.55s         Checking existence of `Any (First Match)`
    t =   150.58s         Capturing element debug description
    t =   151.64s     Checking `Expect predicate `existsNoRetry == 1` for object Any (First Match)`
    t =   151.65s         Checking existence of `Any (First Match)`
    t =   151.67s         Capturing element debug description
    t =   152.64s     Checking `Expect predicate `existsNoRetry == 1` for object Any (First Match)`
    t =   152.64s         Checking existence of `Any (First Match)`
    t =   152.66s         Capturing element debug description
    t =   153.61s     Checking `Expect predicate `existsNoRetry == 1` for object Any (First Match)`
    t =   153.61s         Checking existence of `Any (First Match)`
    t =   153.64s         Capturing element debug description
    t =   154.59s     Checking `Expect predicate `existsNoRetry == 1` for object Any (First Match)`
    t =   154.60s         Checking existence of `Any (First Match)`
    t =   154.62s         Capturing element debug description
    t =   155.58s     Checking `Expect predicate `existsNoRetry == 1` for object Any (First Match)`
    t =   155.58s         Checking existence of `Any (First Match)`
    t =   155.61s         Capturing element debug description
    t =   156.56s     Checking `Expect predicate `existsNoRetry == 1` for object Any (First Match)`
    t =   156.56s         Checking existence of `Any (First Match)`
    t =   156.58s         Capturing element debug description
    t =   157.56s     Checking `Expect predicate `existsNoRetry == 1` for object Any (First Match)`
    t =   157.56s         Checking existence of `Any (First Match)`
    t =   157.58s         Capturing element debug description
    t =   158.65s     Checking `Expect predicate `existsNoRetry == 1` for object Any (First Match)`
    t =   158.65s         Checking existence of `Any (First Match)`
    t =   158.67s         Capturing element debug description
    t =   159.60s     Checking `Expect predicate `existsNoRetry == 1` for object Any (First Match)`
    t =   159.60s         Checking existence of `Any (First Match)`
    t =   159.62s         Capturing element debug description
    t =   160.57s     Checking `Expect predicate `existsNoRetry == 1` for object Any (First Match)`
    t =   160.57s         Checking existence of `Any (First Match)`
    t =   160.60s         Capturing element debug description
    t =   161.55s     Checking `Expect predicate `existsNoRetry == 1` for object Any (First Match)`
    t =   161.55s         Checking existence of `Any (First Match)`
    t =   161.58s         Capturing element debug description
    t =   162.55s     Checking `Expect predicate `existsNoRetry == 1` for object Any (First Match)`
    t =   162.55s         Checking existence of `Any (First Match)`
    t =   162.58s         Capturing element debug description
    t =   163.64s     Checking `Expect predicate `existsNoRetry == 1` for object Any (First Match)`
    t =   163.64s         Checking existence of `Any (First Match)`
    t =   163.66s         Capturing element debug description
    t =   164.62s     Checking `Expect predicate `existsNoRetry == 1` for object Any (First Match)`
    t =   164.62s         Checking existence of `Any (First Match)`
    t =   164.64s         Capturing element debug description
    t =   165.61s     Checking `Expect predicate `existsNoRetry == 1` for object Any (First Match)`
    t =   165.61s         Checking existence of `Any (First Match)`
    t =   165.63s         Capturing element debug description
    t =   166.59s     Checking `Expect predicate `existsNoRetry == 1` for object Any (First Match)`
    t =   166.60s         Checking existence of `Any (First Match)`
    t =   166.62s         Capturing element debug description
    t =   167.57s     Checking `Expect predicate `existsNoRetry == 1` for object Any (First Match)`
    t =   167.57s         Checking existence of `Any (First Match)`
    t =   167.60s         Capturing element debug description
    t =   168.58s     Checking `Expect predicate `existsNoRetry == 1` for object Any (First Match)`
    t =   168.58s         Checking existence of `Any (First Match)`
    t =   168.61s         Capturing element debug description
    t =   169.57s     Checking `Expect predicate `existsNoRetry == 1` for object Any (First Match)`
    t =   169.57s         Checking existence of `Any (First Match)`
    t =   169.58s         Capturing element debug description
    t =   170.65s     Checking `Expect predicate `existsNoRetry == 1` for object Any (First Match)`
    t =   170.65s         Checking existence of `Any (First Match)`
    t =   170.67s         Capturing element debug description
    t =   171.63s     Checking `Expect predicate `existsNoRetry == 1` for object Any (First Match)`
    t =   171.63s         Checking existence of `Any (First Match)`
    t =   171.65s         Capturing element debug description
    t =   172.61s     Checking `Expect predicate `existsNoRetry == 1` for object Any (First Match)`
    t =   172.61s         Checking existence of `Any (First Match)`
    t =   172.64s         Capturing element debug description
    t =   173.59s     Checking `Expect predicate `existsNoRetry == 1` for object Any (First Match)`
    t =   173.59s         Checking existence of `Any (First Match)`
    t =   173.61s         Capturing element debug description
    t =   174.57s     Checking `Expect predicate `existsNoRetry == 1` for object Any (First Match)`
    t =   174.57s         Checking existence of `Any (First Match)`
    t =   174.60s         Capturing element debug description
    t =   175.56s     Checking `Expect predicate `existsNoRetry == 1` for object Any (First Match)`
    t =   175.56s         Checking existence of `Any (First Match)`
    t =   175.58s         Capturing element debug description
    t =   176.55s     Checking `Expect predicate `existsNoRetry == 1` for object Any (First Match)`
    t =   176.55s         Checking existence of `Any (First Match)`
    t =   176.58s         Capturing element debug description
    t =   177.64s     Checking `Expect predicate `existsNoRetry == 1` for object Any (First Match)`
    t =   177.65s         Checking existence of `Any (First Match)`
    t =   177.67s         Capturing element debug description
    t =   178.57s     Checking `Expect predicate `existsNoRetry == 1` for object Any (First Match)`
    t =   178.57s         Checking existence of `Any (First Match)`
    t =   178.59s         Capturing element debug description
    t =   178.59s     Checking existence of `Any (First Match)`
    t =   178.61s Collecting debug information to assist test failure triage
    t =   178.61s     Requesting snapshot of accessibility hierarchy for app with pid 45621
    t =   178.63s Checking existence of `Any (First Match)`
    t =   178.64s Checking existence of `Any (First Match)`
    t =   178.65s Checking existence of `Any (First Match)`
    t =   178.66s Find the Any (First Match)
STEP[178s]: iter 2: done
    t =   178.67s Terminate com.nstudio.expobenchmark:45621
PERFJSON:{"bundle_id":"com.nstudio.expobenchmark","runs":[{"speech_granted":true,"health_granted":true,"hk_rows_ms":1102,"hk_log_roundtrip_ms":392,"nav_transcribe_ms":2227,"speech_state":"init_or_task_failed: UnexpectedException: Failed to initialize recognizer (at ExpoModulesCore\/ConcurrentFunctionDefinition.swift:90)","iter":0,"nav_health_ms":2253},{"hk_rows_ms":1086,"nav_health_ms":2214,"iter":1,"health_granted":true,"speech_granted":true,"nav_transcribe_ms":2225,"hk_log_roundtrip_ms":392,"speech_state":"init_or_task_failed: UnexpectedException: Failed to initialize recognizer (at ExpoModulesCore\/ConcurrentFunctionDefinition.swift:90)"},{"hk_rows_ms":1069,"nav_health_ms":2255,"speech_granted":true,"iter":2,"hk_log_roundtrip_ms":392,"health_granted":true,"speech_state":"init_or_task_failed: UnexpectedException: Failed to initialize recognizer (at ExpoModulesCore\/ConcurrentFunctionDefinition.swift:90)","nav_transcribe_ms":2190}]}
    t =   179.76s Tear Down
Test Case '-[UIDriverUITests.FeatureLatencyTests testFeatureLatencies]' passed (179.846 seconds).
Test Suite 'FeatureLatencyTests' passed at 2026-08-01 20:21:53.545.
	 Executed 1 test, with 0 failures (0 unexpected) in 179.846 (179.848) seconds
Test Suite 'InteropCaptureTests' started at 2026-08-01 20:21:53.546.
Test Case '-[UIDriverUITests.InteropCaptureTests testCaptureInteropResults]' started.
    t =     0.00s Start Test at 2026-08-01 20:21:53.547
    t =     0.01s Set Up
    t =     0.01s Open com.nstudio.expobenchmark
    t =     0.01s     Launch com.nstudio.expobenchmark
    t =     0.12s         Setting up automation session
    t =     0.65s         Wait for com.nstudio.expobenchmark to idle
    t =     1.77s Waiting 240.0s for Any (First Match) to exist
    t =     2.84s     Checking `Expect predicate `existsNoRetry == 1` for object Any (First Match)`
    t =     2.84s         Checking existence of `Any (First Match)`
    t =     2.87s         Capturing element debug description
    t =     3.81s     Checking `Expect predicate `existsNoRetry == 1` for object Any (First Match)`
    t =     3.81s         Checking existence of `Any (First Match)`
    t =     3.83s         Capturing element debug description
    t =     4.79s     Checking `Expect predicate `existsNoRetry == 1` for object Any (First Match)`
    t =     4.79s         Checking existence of `Any (First Match)`
    t =     4.81s         Capturing element debug description
    t =     5.87s     Checking `Expect predicate `existsNoRetry == 1` for object Any (First Match)`
    t =     5.87s         Checking existence of `Any (First Match)`
    t =     5.88s         Capturing element debug description
    t =     6.84s     Checking `Expect predicate `existsNoRetry == 1` for object Any (First Match)`
    t =     6.84s         Checking existence of `Any (First Match)`
    t =     6.86s         Capturing element debug description
    t =     7.82s     Checking `Expect predicate `existsNoRetry == 1` for object Any (First Match)`
    t =     7.83s         Checking existence of `Any (First Match)`
    t =     7.84s         Capturing element debug description
    t =     8.80s     Checking `Expect predicate `existsNoRetry == 1` for object Any (First Match)`
    t =     8.80s         Checking existence of `Any (First Match)`
    t =     8.82s         Capturing element debug description
    t =     9.77s     Checking `Expect predicate `existsNoRetry == 1` for object Any (First Match)`
    t =     9.77s         Checking existence of `Any (First Match)`
    t =     9.79s         Capturing element debug description
    t =    10.85s     Checking `Expect predicate `existsNoRetry == 1` for object Any (First Match)`
    t =    10.85s         Checking existence of `Any (First Match)`
    t =    10.87s         Capturing element debug description
    t =    11.82s     Checking `Expect predicate `existsNoRetry == 1` for object Any (First Match)`
    t =    11.83s         Checking existence of `Any (First Match)`
    t =    11.84s         Capturing element debug description
    t =    12.80s     Checking `Expect predicate `existsNoRetry == 1` for object Any (First Match)`
    t =    12.80s         Checking existence of `Any (First Match)`
    t =    12.82s         Capturing element debug description
    t =    13.78s     Checking `Expect predicate `existsNoRetry == 1` for object Any (First Match)`
    t =    13.78s         Checking existence of `Any (First Match)`
    t =    13.80s         Capturing element debug description
    t =    14.83s     Checking `Expect predicate `existsNoRetry == 1` for object Any (First Match)`
    t =    14.83s         Checking existence of `Any (First Match)`
    t =    14.85s         Capturing element debug description
    t =    15.81s     Checking `Expect predicate `existsNoRetry == 1` for object Any (First Match)`
    t =    15.81s         Checking existence of `Any (First Match)`
    t =    15.83s         Capturing element debug description
    t =    16.78s     Checking `Expect predicate `existsNoRetry == 1` for object Any (First Match)`
    t =    16.78s         Checking existence of `Any (First Match)`
    t =    16.80s         Capturing element debug description
    t =    17.87s     Checking `Expect predicate `existsNoRetry == 1` for object Any (First Match)`
    t =    17.87s         Checking existence of `Any (First Match)`
    t =    17.89s         Capturing element debug description
    t =    18.83s     Checking `Expect predicate `existsNoRetry == 1` for object Any (First Match)`
    t =    18.83s         Checking existence of `Any (First Match)`
    t =    18.85s         Capturing element debug description
    t =    19.81s     Checking `Expect predicate `existsNoRetry == 1` for object Any (First Match)`
    t =    19.81s         Checking existence of `Any (First Match)`
    t =    19.83s         Capturing element debug description
    t =    20.79s     Checking `Expect predicate `existsNoRetry == 1` for object Any (First Match)`
    t =    20.79s         Checking existence of `Any (First Match)`
    t =    20.81s         Capturing element debug description
    t =    21.78s     Checking `Expect predicate `existsNoRetry == 1` for object Any (First Match)`
    t =    21.78s         Checking existence of `Any (First Match)`
    t =    21.80s         Capturing element debug description
    t =    22.87s     Checking `Expect predicate `existsNoRetry == 1` for object Any (First Match)`
    t =    22.87s         Checking existence of `Any (First Match)`
    t =    22.89s         Capturing element debug description
    t =    23.85s     Checking `Expect predicate `existsNoRetry == 1` for object Any (First Match)`
    t =    23.85s         Checking existence of `Any (First Match)`
    t =    23.86s         Capturing element debug description
    t =    24.82s     Checking `Expect predicate `existsNoRetry == 1` for object Any (First Match)`
    t =    24.83s         Checking existence of `Any (First Match)`
    t =    24.84s         Capturing element debug description
    t =    25.80s     Checking `Expect predicate `existsNoRetry == 1` for object Any (First Match)`
    t =    25.80s         Checking existence of `Any (First Match)`
    t =    25.82s         Capturing element debug description
    t =    26.78s     Checking `Expect predicate `existsNoRetry == 1` for object Any (First Match)`
    t =    26.78s         Checking existence of `Any (First Match)`
    t =    26.80s         Capturing element debug description
    t =    27.77s     Checking `Expect predicate `existsNoRetry == 1` for object Any (First Match)`
    t =    27.77s         Checking existence of `Any (First Match)`
    t =    27.79s         Capturing element debug description
    t =    28.86s     Checking `Expect predicate `existsNoRetry == 1` for object Any (First Match)`
    t =    28.86s         Checking existence of `Any (First Match)`
    t =    28.88s         Capturing element debug description
    t =    29.83s     Checking `Expect predicate `existsNoRetry == 1` for object Any (First Match)`
    t =    29.83s         Checking existence of `Any (First Match)`
    t =    29.85s         Capturing element debug description
    t =    30.81s     Checking `Expect predicate `existsNoRetry == 1` for object Any (First Match)`
    t =    30.81s         Checking existence of `Any (First Match)`
    t =    30.83s         Capturing element debug description
    t =    31.79s     Checking `Expect predicate `existsNoRetry == 1` for object Any (First Match)`
    t =    31.79s         Checking existence of `Any (First Match)`
    t =    31.81s         Capturing element debug description
    t =    32.78s     Checking `Expect predicate `existsNoRetry == 1` for object Any (First Match)`
    t =    32.78s         Checking existence of `Any (First Match)`
    t =    32.80s         Capturing element debug description
    t =    33.87s     Checking `Expect predicate `existsNoRetry == 1` for object Any (First Match)`
    t =    33.87s         Checking existence of `Any (First Match)`
    t =    33.88s         Capturing element debug description
    t =    34.84s     Checking `Expect predicate `existsNoRetry == 1` for object Any (First Match)`
    t =    34.85s         Checking existence of `Any (First Match)`
    t =    34.86s         Capturing element debug description
    t =    35.82s     Checking `Expect predicate `existsNoRetry == 1` for object Any (First Match)`
    t =    35.82s         Checking existence of `Any (First Match)`
    t =    35.84s         Capturing element debug description
    t =    36.80s     Checking `Expect predicate `existsNoRetry == 1` for object Any (First Match)`
    t =    36.80s         Checking existence of `Any (First Match)`
    t =    36.82s         Capturing element debug description
    t =    37.78s     Checking `Expect predicate `existsNoRetry == 1` for object Any (First Match)`
    t =    37.78s         Checking existence of `Any (First Match)`
    t =    37.80s         Capturing element debug description
    t =    38.87s     Checking `Expect predicate `existsNoRetry == 1` for object Any (First Match)`
    t =    38.87s         Checking existence of `Any (First Match)`
    t =    38.88s         Capturing element debug description
    t =    39.84s     Checking `Expect predicate `existsNoRetry == 1` for object Any (First Match)`
    t =    39.85s         Checking existence of `Any (First Match)`
    t =    39.86s         Capturing element debug description
    t =    40.82s     Checking `Expect predicate `existsNoRetry == 1` for object Any (First Match)`
    t =    40.84s         Checking existence of `Any (First Match)`
    t =    40.85s         Capturing element debug description
    t =    41.81s     Checking `Expect predicate `existsNoRetry == 1` for object Any (First Match)`
    t =    41.81s         Checking existence of `Any (First Match)`
    t =    41.83s         Capturing element debug description
    t =    42.79s     Checking `Expect predicate `existsNoRetry == 1` for object Any (First Match)`
    t =    42.79s         Checking existence of `Any (First Match)`
    t =    42.81s         Capturing element debug description
    t =    43.78s     Checking `Expect predicate `existsNoRetry == 1` for object Any (First Match)`
    t =    43.78s         Checking existence of `Any (First Match)`
    t =    43.80s         Capturing element debug description
    t =    44.87s     Checking `Expect predicate `existsNoRetry == 1` for object Any (First Match)`
    t =    44.87s         Checking existence of `Any (First Match)`
    t =    44.89s         Capturing element debug description
    t =    45.84s     Checking `Expect predicate `existsNoRetry == 1` for object Any (First Match)`
    t =    45.85s         Checking existence of `Any (First Match)`
    t =    45.86s         Capturing element debug description
    t =    46.82s     Checking `Expect predicate `existsNoRetry == 1` for object Any (First Match)`
    t =    46.83s         Checking existence of `Any (First Match)`
    t =    46.84s         Capturing element debug description
    t =    47.80s     Checking `Expect predicate `existsNoRetry == 1` for object Any (First Match)`
    t =    47.81s         Checking existence of `Any (First Match)`
    t =    47.82s         Capturing element debug description
    t =    48.78s     Checking `Expect predicate `existsNoRetry == 1` for object Any (First Match)`
    t =    48.78s         Checking existence of `Any (First Match)`
    t =    48.80s         Capturing element debug description
    t =    49.87s     Checking `Expect predicate `existsNoRetry == 1` for object Any (First Match)`
    t =    49.87s         Checking existence of `Any (First Match)`
    t =    49.88s         Capturing element debug description
    t =    50.84s     Checking `Expect predicate `existsNoRetry == 1` for object Any (First Match)`
    t =    50.85s         Checking existence of `Any (First Match)`
    t =    50.85s         Capturing element debug description
    t =    51.81s     Checking `Expect predicate `existsNoRetry == 1` for object Any (First Match)`
    t =    51.81s         Checking existence of `Any (First Match)`
    t =    51.83s         Capturing element debug description
    t =    52.79s     Checking `Expect predicate `existsNoRetry == 1` for object Any (First Match)`
    t =    52.79s         Checking existence of `Any (First Match)`
    t =    52.81s         Capturing element debug description
    t =    53.78s     Checking `Expect predicate `existsNoRetry == 1` for object Any (First Match)`
    t =    53.78s         Checking existence of `Any (First Match)`
    t =    53.80s         Capturing element debug description
    t =    54.87s     Checking `Expect predicate `existsNoRetry == 1` for object Any (First Match)`
    t =    54.87s         Checking existence of `Any (First Match)`
    t =    54.88s         Capturing element debug description
    t =    55.84s     Checking `Expect predicate `existsNoRetry == 1` for object Any (First Match)`
    t =    55.85s         Checking existence of `Any (First Match)`
    t =    55.86s         Capturing element debug description
    t =    56.82s     Checking `Expect predicate `existsNoRetry == 1` for object Any (First Match)`
    t =    56.83s         Checking existence of `Any (First Match)`
    t =    56.84s         Capturing element debug description
    t =    57.81s     Checking `Expect predicate `existsNoRetry == 1` for object Any (First Match)`
    t =    57.81s         Checking existence of `Any (First Match)`
    t =    57.83s         Capturing element debug description
    t =    58.79s     Checking `Expect predicate `existsNoRetry == 1` for object Any (First Match)`
    t =    58.79s         Checking existence of `Any (First Match)`
    t =    58.80s         Capturing element debug description
    t =    59.77s     Checking `Expect predicate `existsNoRetry == 1` for object Any (First Match)`
    t =    59.77s         Checking existence of `Any (First Match)`
    t =    59.79s         Capturing element debug description
    t =    60.84s     Checking `Expect predicate `existsNoRetry == 1` for object Any (First Match)`
    t =    60.84s         Checking existence of `Any (First Match)`
    t =    60.85s         Capturing element debug description
    t =    61.80s     Checking `Expect predicate `existsNoRetry == 1` for object Any (First Match)`
    t =    61.81s         Checking existence of `Any (First Match)`
    t =    61.82s         Capturing element debug description
    t =    62.78s     Checking `Expect predicate `existsNoRetry == 1` for object Any (First Match)`
    t =    62.78s         Checking existence of `Any (First Match)`
    t =    62.80s         Capturing element debug description
    t =    63.92s     Checking `Expect predicate `existsNoRetry == 1` for object Any (First Match)`
    t =    63.92s         Checking existence of `Any (First Match)`
    t =    63.94s         Capturing element debug description
    t =    64.89s     Checking `Expect predicate `existsNoRetry == 1` for object Any (First Match)`
    t =    64.90s         Checking existence of `Any (First Match)`
    t =    64.91s         Capturing element debug description
    t =    65.87s     Checking `Expect predicate `existsNoRetry == 1` for object Any (First Match)`
    t =    65.87s         Checking existence of `Any (First Match)`
    t =    65.89s         Capturing element debug description
    t =    66.85s     Checking `Expect predicate `existsNoRetry == 1` for object Any (First Match)`
    t =    66.85s         Checking existence of `Any (First Match)`
    t =    66.87s         Capturing element debug description
    t =    67.83s     Checking `Expect predicate `existsNoRetry == 1` for object Any (First Match)`
    t =    67.83s         Checking existence of `Any (First Match)`
    t =    67.85s         Capturing element debug description
    t =    68.92s     Checking `Expect predicate `existsNoRetry == 1` for object Any (First Match)`
    t =    68.92s         Checking existence of `Any (First Match)`
    t =    68.94s         Capturing element debug description
    t =    69.90s     Checking `Expect predicate `existsNoRetry == 1` for object Any (First Match)`
    t =    69.90s         Checking existence of `Any (First Match)`
    t =    69.92s         Capturing element debug description
    t =    70.88s     Checking `Expect predicate `existsNoRetry == 1` for object Any (First Match)`
    t =    70.88s         Checking existence of `Any (First Match)`
    t =    70.89s         Capturing element debug description
    t =    71.85s     Checking `Expect predicate `existsNoRetry == 1` for object Any (First Match)`
    t =    71.85s         Checking existence of `Any (First Match)`
    t =    71.87s         Capturing element debug description
    t =    72.83s     Checking `Expect predicate `existsNoRetry == 1` for object Any (First Match)`
    t =    72.83s         Checking existence of `Any (First Match)`
    t =    72.85s         Capturing element debug description
    t =    73.91s     Checking `Expect predicate `existsNoRetry == 1` for object Any (First Match)`
    t =    73.91s         Checking existence of `Any (First Match)`
    t =    73.93s         Capturing element debug description
    t =    74.89s     Checking `Expect predicate `existsNoRetry == 1` for object Any (First Match)`
    t =    74.90s         Checking existence of `Any (First Match)`
    t =    74.91s         Capturing element debug description
    t =    75.87s     Checking `Expect predicate `existsNoRetry == 1` for object Any (First Match)`
    t =    75.87s         Checking existence of `Any (First Match)`
    t =    75.89s         Capturing element debug description
    t =    76.85s     Checking `Expect predicate `existsNoRetry == 1` for object Any (First Match)`
    t =    76.85s         Checking existence of `Any (First Match)`
    t =    76.87s         Capturing element debug description
    t =    77.83s     Checking `Expect predicate `existsNoRetry == 1` for object Any (First Match)`
    t =    77.83s         Checking existence of `Any (First Match)`
    t =    77.85s         Capturing element debug description
    t =    78.92s     Checking `Expect predicate `existsNoRetry == 1` for object Any (First Match)`
    t =    78.92s         Checking existence of `Any (First Match)`
    t =    78.94s         Capturing element debug description
    t =    79.90s     Checking `Expect predicate `existsNoRetry == 1` for object Any (First Match)`
    t =    79.90s         Checking existence of `Any (First Match)`
    t =    79.92s         Capturing element debug description
    t =    80.88s     Checking `Expect predicate `existsNoRetry == 1` for object Any (First Match)`
    t =    80.88s         Checking existence of `Any (First Match)`
    t =    80.90s         Capturing element debug description
    t =    81.86s     Checking `Expect predicate `existsNoRetry == 1` for object Any (First Match)`
    t =    81.86s         Checking existence of `Any (First Match)`
    t =    81.88s         Capturing element debug description
    t =    82.84s     Checking `Expect predicate `existsNoRetry == 1` for object Any (First Match)`
    t =    82.84s         Checking existence of `Any (First Match)`
    t =    82.86s         Capturing element debug description
    t =    83.83s     Checking `Expect predicate `existsNoRetry == 1` for object Any (First Match)`
    t =    83.83s         Checking existence of `Any (First Match)`
    t =    83.85s         Capturing element debug description
    t =    84.92s     Checking `Expect predicate `existsNoRetry == 1` for object Any (First Match)`
    t =    84.92s         Checking existence of `Any (First Match)`
    t =    84.94s         Capturing element debug description
    t =    85.90s     Checking `Expect predicate `existsNoRetry == 1` for object Any (First Match)`
    t =    85.90s         Checking existence of `Any (First Match)`
    t =    85.92s         Capturing element debug description
    t =    86.88s     Checking `Expect predicate `existsNoRetry == 1` for object Any (First Match)`
    t =    86.88s         Checking existence of `Any (First Match)`
    t =    86.90s         Capturing element debug description
    t =    87.86s     Checking `Expect predicate `existsNoRetry == 1` for object Any (First Match)`
    t =    87.86s         Checking existence of `Any (First Match)`
    t =    87.88s         Capturing element debug description
    t =    88.84s     Checking `Expect predicate `existsNoRetry == 1` for object Any (First Match)`
    t =    88.84s         Checking existence of `Any (First Match)`
    t =    88.86s         Capturing element debug description
    t =    89.83s     Checking `Expect predicate `existsNoRetry == 1` for object Any (First Match)`
    t =    89.83s         Checking existence of `Any (First Match)`
    t =    89.85s         Capturing element debug description
    t =    90.92s     Checking `Expect predicate `existsNoRetry == 1` for object Any (First Match)`
    t =    90.92s         Checking existence of `Any (First Match)`
    t =    90.94s         Capturing element debug description
    t =    91.91s     Checking `Expect predicate `existsNoRetry == 1` for object Any (First Match)`
    t =    91.91s         Checking existence of `Any (First Match)`
    t =    91.92s         Capturing element debug description
    t =    92.88s     Checking `Expect predicate `existsNoRetry == 1` for object Any (First Match)`
    t =    92.88s         Checking existence of `Any (First Match)`
    t =    92.90s         Capturing element debug description
    t =    93.86s     Checking `Expect predicate `existsNoRetry == 1` for object Any (First Match)`
    t =    93.86s         Checking existence of `Any (First Match)`
    t =    93.88s         Capturing element debug description
    t =    94.84s     Checking `Expect predicate `existsNoRetry == 1` for object Any (First Match)`
    t =    94.84s         Checking existence of `Any (First Match)`
    t =    94.86s         Capturing element debug description
    t =    95.83s     Checking `Expect predicate `existsNoRetry == 1` for object Any (First Match)`
    t =    95.83s         Checking existence of `Any (First Match)`
    t =    95.84s         Capturing element debug description
    t =    96.91s     Checking `Expect predicate `existsNoRetry == 1` for object Any (First Match)`
    t =    96.91s         Checking existence of `Any (First Match)`
    t =    96.93s         Capturing element debug description
    t =    97.89s     Checking `Expect predicate `existsNoRetry == 1` for object Any (First Match)`
    t =    97.89s         Checking existence of `Any (First Match)`
    t =    97.90s         Capturing element debug description
    t =    98.86s     Checking `Expect predicate `existsNoRetry == 1` for object Any (First Match)`
    t =    98.87s         Checking existence of `Any (First Match)`
    t =    98.88s         Capturing element debug description
    t =    99.84s     Checking `Expect predicate `existsNoRetry == 1` for object Any (First Match)`
    t =    99.84s         Checking existence of `Any (First Match)`
    t =    99.86s         Capturing element debug description
    t =   100.83s     Checking `Expect predicate `existsNoRetry == 1` for object Any (First Match)`
    t =   100.83s         Checking existence of `Any (First Match)`
    t =   100.85s         Capturing element debug description
    t =   101.91s     Checking `Expect predicate `existsNoRetry == 1` for object Any (First Match)`
    t =   101.91s         Checking existence of `Any (First Match)`
    t =   101.92s         Capturing element debug description
    t =   102.88s     Checking `Expect predicate `existsNoRetry == 1` for object Any (First Match)`
    t =   102.88s         Checking existence of `Any (First Match)`
    t =   102.90s         Capturing element debug description
    t =   103.86s     Checking `Expect predicate `existsNoRetry == 1` for object Any (First Match)`
    t =   103.86s         Checking existence of `Any (First Match)`
    t =   103.88s         Capturing element debug description
    t =   104.84s     Checking `Expect predicate `existsNoRetry == 1` for object Any (First Match)`
    t =   104.84s         Checking existence of `Any (First Match)`
    t =   104.86s         Capturing element debug description
    t =   105.83s     Checking `Expect predicate `existsNoRetry == 1` for object Any (First Match)`
    t =   105.83s         Checking existence of `Any (First Match)`
    t =   105.85s         Capturing element debug description
    t =   106.91s     Checking `Expect predicate `existsNoRetry == 1` for object Any (First Match)`
    t =   106.91s         Checking existence of `Any (First Match)`
    t =   106.93s         Capturing element debug description
    t =   107.89s     Checking `Expect predicate `existsNoRetry == 1` for object Any (First Match)`
    t =   107.89s         Checking existence of `Any (First Match)`
    t =   107.91s         Capturing element debug description
    t =   108.87s     Checking `Expect predicate `existsNoRetry == 1` for object Any (First Match)`
    t =   108.87s         Checking existence of `Any (First Match)`
    t =   108.89s         Capturing element debug description
    t =   109.85s     Checking `Expect predicate `existsNoRetry == 1` for object Any (First Match)`
    t =   109.85s         Checking existence of `Any (First Match)`
    t =   109.87s         Capturing element debug description
    t =   110.83s     Checking `Expect predicate `existsNoRetry == 1` for object Any (First Match)`
    t =   110.83s         Checking existence of `Any (First Match)`
    t =   110.85s         Capturing element debug description
    t =   111.92s     Checking `Expect predicate `existsNoRetry == 1` for object Any (First Match)`
    t =   111.92s         Checking existence of `Any (First Match)`
    t =   111.93s         Capturing element debug description
    t =   112.89s     Checking `Expect predicate `existsNoRetry == 1` for object Any (First Match)`
    t =   112.89s         Checking existence of `Any (First Match)`
    t =   112.91s         Capturing element debug description
    t =   113.86s     Checking `Expect predicate `existsNoRetry == 1` for object Any (First Match)`
    t =   113.86s         Checking existence of `Any (First Match)`
    t =   113.88s         Capturing element debug description
    t =   114.84s     Checking `Expect predicate `existsNoRetry == 1` for object Any (First Match)`
    t =   114.84s         Checking existence of `Any (First Match)`
    t =   114.86s         Capturing element debug description
    t =   115.83s     Checking `Expect predicate `existsNoRetry == 1` for object Any (First Match)`
    t =   115.83s         Checking existence of `Any (First Match)`
    t =   115.85s         Capturing element debug description
    t =   116.92s     Checking `Expect predicate `existsNoRetry == 1` for object Any (First Match)`
    t =   116.92s         Checking existence of `Any (First Match)`
    t =   116.94s         Capturing element debug description
    t =   117.90s     Checking `Expect predicate `existsNoRetry == 1` for object Any (First Match)`
    t =   117.90s         Checking existence of `Any (First Match)`
    t =   117.92s         Capturing element debug description
    t =   118.87s     Checking `Expect predicate `existsNoRetry == 1` for object Any (First Match)`
    t =   118.87s         Checking existence of `Any (First Match)`
    t =   118.89s         Capturing element debug description
    t =   119.86s     Checking `Expect predicate `existsNoRetry == 1` for object Any (First Match)`
    t =   119.86s         Checking existence of `Any (First Match)`
    t =   119.87s         Capturing element debug description
    t =   120.84s     Checking `Expect predicate `existsNoRetry == 1` for object Any (First Match)`
    t =   120.84s         Checking existence of `Any (First Match)`
    t =   120.86s         Capturing element debug description
    t =   121.83s     Checking `Expect predicate `existsNoRetry == 1` for object Any (First Match)`
    t =   121.83s         Checking existence of `Any (First Match)`
    t =   121.85s         Capturing element debug description
    t =   122.92s     Checking `Expect predicate `existsNoRetry == 1` for object Any (First Match)`
    t =   122.92s         Checking existence of `Any (First Match)`
    t =   122.94s         Capturing element debug description
    t =   123.90s     Checking `Expect predicate `existsNoRetry == 1` for object Any (First Match)`
    t =   123.90s         Checking existence of `Any (First Match)`
    t =   123.92s         Capturing element debug description
    t =   124.87s     Checking `Expect predicate `existsNoRetry == 1` for object Any (First Match)`
    t =   124.87s         Checking existence of `Any (First Match)`
    t =   124.89s         Capturing element debug description
    t =   125.85s     Checking `Expect predicate `existsNoRetry == 1` for object Any (First Match)`
    t =   125.85s         Checking existence of `Any (First Match)`
    t =   125.87s         Capturing element debug description
    t =   126.84s     Checking `Expect predicate `existsNoRetry == 1` for object Any (First Match)`
    t =   126.84s         Checking existence of `Any (First Match)`
    t =   126.86s         Capturing element debug description
    t =   127.83s     Checking `Expect predicate `existsNoRetry == 1` for object Any (First Match)`
    t =   127.83s         Checking existence of `Any (First Match)`
    t =   127.85s         Capturing element debug description
    t =   128.92s     Checking `Expect predicate `existsNoRetry == 1` for object Any (First Match)`
    t =   128.92s         Checking existence of `Any (First Match)`
    t =   128.94s         Capturing element debug description
    t =   129.90s     Checking `Expect predicate `existsNoRetry == 1` for object Any (First Match)`
    t =   129.90s         Checking existence of `Any (First Match)`
    t =   129.92s         Capturing element debug description
    t =   130.88s     Checking `Expect predicate `existsNoRetry == 1` for object Any (First Match)`
    t =   130.88s         Checking existence of `Any (First Match)`
    t =   130.90s         Capturing element debug description
    t =   131.86s     Checking `Expect predicate `existsNoRetry == 1` for object Any (First Match)`
    t =   131.86s         Checking existence of `Any (First Match)`
    t =   131.88s         Capturing element debug description
    t =   132.84s     Checking `Expect predicate `existsNoRetry == 1` for object Any (First Match)`
    t =   132.84s         Checking existence of `Any (First Match)`
    t =   132.85s         Capturing element debug description
    t =   133.82s     Checking `Expect predicate `existsNoRetry == 1` for object Any (First Match)`
    t =   133.83s         Checking existence of `Any (First Match)`
    t =   133.84s         Capturing element debug description
    t =   134.91s     Checking `Expect predicate `existsNoRetry == 1` for object Any (First Match)`
    t =   134.91s         Checking existence of `Any (First Match)`
    t =   134.93s         Capturing element debug description
    t =   135.89s     Checking `Expect predicate `existsNoRetry == 1` for object Any (First Match)`
    t =   135.89s         Checking existence of `Any (First Match)`
    t =   135.91s         Capturing element debug description
    t =   136.87s     Checking `Expect predicate `existsNoRetry == 1` for object Any (First Match)`
    t =   136.87s         Checking existence of `Any (First Match)`
    t =   136.89s         Capturing element debug description
    t =   137.85s     Checking `Expect predicate `existsNoRetry == 1` for object Any (First Match)`
    t =   137.85s         Checking existence of `Any (First Match)`
    t =   137.87s         Capturing element debug description
    t =   138.83s     Checking `Expect predicate `existsNoRetry == 1` for object Any (First Match)`
    t =   138.83s         Checking existence of `Any (First Match)`
    t =   138.85s         Capturing element debug description
    t =   139.92s     Checking `Expect predicate `existsNoRetry == 1` for object Any (First Match)`
    t =   139.92s         Checking existence of `Any (First Match)`
    t =   139.94s         Capturing element debug description
    t =   140.90s     Checking `Expect predicate `existsNoRetry == 1` for object Any (First Match)`
    t =   140.90s         Checking existence of `Any (First Match)`
    t =   140.92s         Capturing element debug description
    t =   141.88s     Checking `Expect predicate `existsNoRetry == 1` for object Any (First Match)`
    t =   141.88s         Checking existence of `Any (First Match)`
    t =   141.89s         Capturing element debug description
    t =   142.85s     Checking `Expect predicate `existsNoRetry == 1` for object Any (First Match)`
    t =   142.85s         Checking existence of `Any (First Match)`
    t =   142.87s         Capturing element debug description
    t =   143.83s     Checking `Expect predicate `existsNoRetry == 1` for object Any (First Match)`
    t =   143.83s         Checking existence of `Any (First Match)`
    t =   143.85s         Capturing element debug description
    t =   144.92s     Checking `Expect predicate `existsNoRetry == 1` for object Any (First Match)`
    t =   144.92s         Checking existence of `Any (First Match)`
    t =   144.94s         Capturing element debug description
    t =   145.90s     Checking `Expect predicate `existsNoRetry == 1` for object Any (First Match)`
    t =   145.90s         Checking existence of `Any (First Match)`
    t =   145.92s         Capturing element debug description
    t =   146.88s     Checking `Expect predicate `existsNoRetry == 1` for object Any (First Match)`
    t =   146.88s         Checking existence of `Any (First Match)`
    t =   146.90s         Capturing element debug description
    t =   147.86s     Checking `Expect predicate `existsNoRetry == 1` for object Any (First Match)`
    t =   147.86s         Checking existence of `Any (First Match)`
    t =   147.88s         Capturing element debug description
    t =   148.84s     Checking `Expect predicate `existsNoRetry == 1` for object Any (First Match)`
    t =   148.84s         Checking existence of `Any (First Match)`
    t =   148.86s         Capturing element debug description
    t =   149.83s     Checking `Expect predicate `existsNoRetry == 1` for object Any (First Match)`
    t =   149.83s         Checking existence of `Any (First Match)`
    t =   149.85s         Capturing element debug description
    t =   150.91s     Checking `Expect predicate `existsNoRetry == 1` for object Any (First Match)`
    t =   150.92s         Checking existence of `Any (First Match)`
    t =   150.93s         Capturing element debug description
    t =   151.89s     Checking `Expect predicate `existsNoRetry == 1` for object Any (First Match)`
    t =   151.89s         Checking existence of `Any (First Match)`
    t =   151.91s         Capturing element debug description
    t =   152.87s     Checking `Expect predicate `existsNoRetry == 1` for object Any (First Match)`
    t =   152.87s         Checking existence of `Any (First Match)`
    t =   152.88s         Capturing element debug description
    t =   153.84s     Checking `Expect predicate `existsNoRetry == 1` for object Any (First Match)`
    t =   153.84s         Checking existence of `Any (First Match)`
    t =   153.86s         Capturing element debug description
    t =   154.83s     Checking `Expect predicate `existsNoRetry == 1` for object Any (First Match)`
    t =   154.83s         Checking existence of `Any (First Match)`
    t =   154.84s         Capturing element debug description
    t =   155.91s     Checking `Expect predicate `existsNoRetry == 1` for object Any (First Match)`
    t =   155.92s         Checking existence of `Any (First Match)`
    t =   155.93s         Capturing element debug description
    t =   156.89s     Checking `Expect predicate `existsNoRetry == 1` for object Any (First Match)`
    t =   156.89s         Checking existence of `Any (First Match)`
    t =   156.91s         Capturing element debug description
    t =   157.87s     Checking `Expect predicate `existsNoRetry == 1` for object Any (First Match)`
    t =   157.88s         Checking existence of `Any (First Match)`
    t =   157.89s         Capturing element debug description
    t =   158.85s     Checking `Expect predicate `existsNoRetry == 1` for object Any (First Match)`
    t =   158.85s         Checking existence of `Any (First Match)`
    t =   158.87s         Capturing element debug description
    t =   159.83s     Checking `Expect predicate `existsNoRetry == 1` for object Any (First Match)`
    t =   159.83s         Checking existence of `Any (First Match)`
    t =   159.85s         Capturing element debug description
    t =   160.91s     Checking `Expect predicate `existsNoRetry == 1` for object Any (First Match)`
    t =   160.91s         Checking existence of `Any (First Match)`
    t =   160.93s         Capturing element debug description
    t =   161.89s     Checking `Expect predicate `existsNoRetry == 1` for object Any (First Match)`
    t =   161.90s         Checking existence of `Any (First Match)`
    t =   161.91s         Capturing element debug description
    t =   162.87s     Checking `Expect predicate `existsNoRetry == 1` for object Any (First Match)`
    t =   162.87s         Checking existence of `Any (First Match)`
    t =   162.88s         Capturing element debug description
    t =   163.85s     Checking `Expect predicate `existsNoRetry == 1` for object Any (First Match)`
    t =   163.85s         Checking existence of `Any (First Match)`
    t =   163.87s         Capturing element debug description
    t =   164.84s     Checking `Expect predicate `existsNoRetry == 1` for object Any (First Match)`
    t =   164.84s         Checking existence of `Any (First Match)`
    t =   164.85s         Capturing element debug description
    t =   165.82s     Checking `Expect predicate `existsNoRetry == 1` for object Any (First Match)`
    t =   165.82s         Checking existence of `Any (First Match)`
    t =   165.84s         Capturing element debug description
    t =   166.91s     Checking `Expect predicate `existsNoRetry == 1` for object Any (First Match)`
    t =   166.91s         Checking existence of `Any (First Match)`
    t =   166.93s         Capturing element debug description
    t =   167.89s     Checking `Expect predicate `existsNoRetry == 1` for object Any (First Match)`
    t =   167.89s         Checking existence of `Any (First Match)`
    t =   167.91s         Capturing element debug description
    t =   168.87s     Checking `Expect predicate `existsNoRetry == 1` for object Any (First Match)`
    t =   168.87s         Checking existence of `Any (First Match)`
    t =   168.89s         Capturing element debug description
    t =   169.85s     Checking `Expect predicate `existsNoRetry == 1` for object Any (First Match)`
    t =   169.85s         Checking existence of `Any (First Match)`
    t =   169.87s         Capturing element debug description
    t =   170.83s     Checking `Expect predicate `existsNoRetry == 1` for object Any (First Match)`
    t =   170.83s         Checking existence of `Any (First Match)`
    t =   170.85s         Capturing element debug description
    t =   171.92s     Checking `Expect predicate `existsNoRetry == 1` for object Any (First Match)`
    t =   171.92s         Checking existence of `Any (First Match)`
    t =   171.94s         Capturing element debug description
    t =   172.90s     Checking `Expect predicate `existsNoRetry == 1` for object Any (First Match)`
    t =   172.90s         Checking existence of `Any (First Match)`
    t =   172.92s         Capturing element debug description
    t =   173.88s     Checking `Expect predicate `existsNoRetry == 1` for object Any (First Match)`
    t =   173.88s         Checking existence of `Any (First Match)`
    t =   173.90s         Capturing element debug description
    t =   174.86s     Checking `Expect predicate `existsNoRetry == 1` for object Any (First Match)`
    t =   174.86s         Checking existence of `Any (First Match)`
    t =   174.88s         Capturing element debug description
    t =   175.84s     Checking `Expect predicate `existsNoRetry == 1` for object Any (First Match)`
    t =   175.84s         Checking existence of `Any (First Match)`
    t =   175.86s         Capturing element debug description
    t =   176.83s     Checking `Expect predicate `existsNoRetry == 1` for object Any (First Match)`
    t =   176.83s         Checking existence of `Any (First Match)`
    t =   176.85s         Capturing element debug description
    t =   177.91s     Checking `Expect predicate `existsNoRetry == 1` for object Any (First Match)`
    t =   177.92s         Checking existence of `Any (First Match)`
    t =   177.93s         Capturing element debug description
    t =   178.90s     Checking `Expect predicate `existsNoRetry == 1` for object Any (First Match)`
    t =   178.90s         Checking existence of `Any (First Match)`
    t =   178.92s         Capturing element debug description
    t =   179.88s     Checking `Expect predicate `existsNoRetry == 1` for object Any (First Match)`
    t =   179.88s         Checking existence of `Any (First Match)`
    t =   179.90s         Capturing element debug description
    t =   180.86s     Checking `Expect predicate `existsNoRetry == 1` for object Any (First Match)`
    t =   180.86s         Checking existence of `Any (First Match)`
    t =   180.88s         Capturing element debug description
    t =   181.84s     Checking `Expect predicate `existsNoRetry == 1` for object Any (First Match)`
    t =   181.84s         Checking existence of `Any (First Match)`
    t =   181.85s         Capturing element debug description
    t =   182.83s     Checking `Expect predicate `existsNoRetry == 1` for object Any (First Match)`
    t =   182.83s         Checking existence of `Any (First Match)`
    t =   182.85s         Capturing element debug description
    t =   183.91s     Checking `Expect predicate `existsNoRetry == 1` for object Any (First Match)`
    t =   183.92s         Checking existence of `Any (First Match)`
    t =   183.93s         Capturing element debug description
    t =   184.89s     Checking `Expect predicate `existsNoRetry == 1` for object Any (First Match)`
    t =   184.89s         Checking existence of `Any (First Match)`
    t =   184.91s         Capturing element debug description
    t =   185.87s     Checking `Expect predicate `existsNoRetry == 1` for object Any (First Match)`
    t =   185.87s         Checking existence of `Any (First Match)`
    t =   185.89s         Capturing element debug description
    t =   186.86s     Checking `Expect predicate `existsNoRetry == 1` for object Any (First Match)`
    t =   186.86s         Checking existence of `Any (First Match)`
    t =   186.88s         Capturing element debug description
    t =   187.84s     Checking `Expect predicate `existsNoRetry == 1` for object Any (First Match)`
    t =   187.84s         Checking existence of `Any (First Match)`
    t =   187.86s         Capturing element debug description
    t =   188.83s     Checking `Expect predicate `existsNoRetry == 1` for object Any (First Match)`
    t =   188.83s         Checking existence of `Any (First Match)`
    t =   188.85s         Capturing element debug description
    t =   189.91s     Checking `Expect predicate `existsNoRetry == 1` for object Any (First Match)`
    t =   189.92s         Checking existence of `Any (First Match)`
    t =   189.93s         Capturing element debug description
    t =   190.89s     Checking `Expect predicate `existsNoRetry == 1` for object Any (First Match)`
    t =   190.89s         Checking existence of `Any (First Match)`
    t =   190.91s         Capturing element debug description
    t =   191.87s     Checking `Expect predicate `existsNoRetry == 1` for object Any (First Match)`
    t =   191.88s         Checking existence of `Any (First Match)`
    t =   191.89s         Capturing element debug description
    t =   192.85s     Checking `Expect predicate `existsNoRetry == 1` for object Any (First Match)`
    t =   192.85s         Checking existence of `Any (First Match)`
    t =   192.87s         Capturing element debug description
    t =   193.83s     Checking `Expect predicate `existsNoRetry == 1` for object Any (First Match)`
    t =   193.83s         Checking existence of `Any (First Match)`
    t =   193.85s         Capturing element debug description
    t =   194.92s     Checking `Expect predicate `existsNoRetry == 1` for object Any (First Match)`
    t =   194.92s         Checking existence of `Any (First Match)`
    t =   194.94s         Capturing element debug description
    t =   195.90s     Checking `Expect predicate `existsNoRetry == 1` for object Any (First Match)`
    t =   195.90s         Checking existence of `Any (First Match)`
    t =   195.92s         Capturing element debug description
    t =   196.88s     Checking `Expect predicate `existsNoRetry == 1` for object Any (First Match)`
    t =   196.88s         Checking existence of `Any (First Match)`
    t =   196.89s         Capturing element debug description
    t =   197.85s     Checking `Expect predicate `existsNoRetry == 1` for object Any (First Match)`
    t =   197.85s         Checking existence of `Any (First Match)`
    t =   197.87s         Capturing element debug description
    t =   198.83s     Checking `Expect predicate `existsNoRetry == 1` for object Any (First Match)`
    t =   198.83s         Checking existence of `Any (First Match)`
    t =   198.85s         Capturing element debug description
    t =   199.91s     Checking `Expect predicate `existsNoRetry == 1` for object Any (First Match)`
    t =   199.92s         Checking existence of `Any (First Match)`
    t =   199.93s         Capturing element debug description
    t =   200.89s     Checking `Expect predicate `existsNoRetry == 1` for object Any (First Match)`
    t =   200.89s         Checking existence of `Any (First Match)`
    t =   200.91s         Capturing element debug description
    t =   201.87s     Checking `Expect predicate `existsNoRetry == 1` for object Any (First Match)`
    t =   201.88s         Checking existence of `Any (First Match)`
    t =   201.89s         Capturing element debug description
    t =   202.85s     Checking `Expect predicate `existsNoRetry == 1` for object Any (First Match)`
    t =   202.85s         Checking existence of `Any (First Match)`
    t =   202.87s         Capturing element debug description
    t =   203.83s     Checking `Expect predicate `existsNoRetry == 1` for object Any (First Match)`
    t =   203.83s         Checking existence of `Any (First Match)`
    t =   203.84s         Capturing element debug description
    t =   204.91s     Checking `Expect predicate `existsNoRetry == 1` for object Any (First Match)`
    t =   204.91s         Checking existence of `Any (First Match)`
    t =   204.92s         Capturing element debug description
    t =   205.88s     Checking `Expect predicate `existsNoRetry == 1` for object Any (First Match)`
    t =   205.88s         Checking existence of `Any (First Match)`
    t =   205.90s         Capturing element debug description
    t =   206.86s     Checking `Expect predicate `existsNoRetry == 1` for object Any (First Match)`
    t =   206.86s         Checking existence of `Any (First Match)`
    t =   206.88s         Capturing element debug description
    t =   207.84s     Checking `Expect predicate `existsNoRetry == 1` for object Any (First Match)`
    t =   207.84s         Checking existence of `Any (First Match)`
    t =   207.86s         Capturing element debug description
    t =   208.83s     Checking `Expect predicate `existsNoRetry == 1` for object Any (First Match)`
    t =   208.83s         Checking existence of `Any (First Match)`
    t =   208.85s         Capturing element debug description
    t =   209.92s     Checking `Expect predicate `existsNoRetry == 1` for object Any (First Match)`
    t =   209.92s         Checking existence of `Any (First Match)`
    t =   209.94s         Capturing element debug description
    t =   210.90s     Checking `Expect predicate `existsNoRetry == 1` for object Any (First Match)`
    t =   210.90s         Checking existence of `Any (First Match)`
    t =   210.92s         Capturing element debug description
    t =   211.88s     Checking `Expect predicate `existsNoRetry == 1` for object Any (First Match)`
    t =   211.88s         Checking existence of `Any (First Match)`
    t =   211.90s         Capturing element debug description
    t =   212.86s     Checking `Expect predicate `existsNoRetry == 1` for object Any (First Match)`
    t =   212.86s         Checking existence of `Any (First Match)`
    t =   212.88s         Capturing element debug description
    t =   213.84s     Checking `Expect predicate `existsNoRetry == 1` for object Any (First Match)`
    t =   213.84s         Checking existence of `Any (First Match)`
    t =   213.85s         Capturing element debug description
    t =   214.82s     Checking `Expect predicate `existsNoRetry == 1` for object Any (First Match)`
    t =   214.83s         Checking existence of `Any (First Match)`
    t =   214.84s         Capturing element debug description
    t =   215.91s     Checking `Expect predicate `existsNoRetry == 1` for object Any (First Match)`
    t =   215.91s         Checking existence of `Any (First Match)`
    t =   215.93s         Capturing element debug description
    t =   216.89s     Checking `Expect predicate `existsNoRetry == 1` for object Any (First Match)`
    t =   216.89s         Checking existence of `Any (First Match)`
    t =   216.91s         Capturing element debug description
    t =   217.87s     Checking `Expect predicate `existsNoRetry == 1` for object Any (First Match)`
    t =   217.87s         Checking existence of `Any (First Match)`
    t =   217.89s         Capturing element debug description
    t =   218.85s     Checking `Expect predicate `existsNoRetry == 1` for object Any (First Match)`
    t =   218.85s         Checking existence of `Any (First Match)`
    t =   218.87s         Capturing element debug description
    t =   219.84s     Checking `Expect predicate `existsNoRetry == 1` for object Any (First Match)`
    t =   219.84s         Checking existence of `Any (First Match)`
    t =   219.86s         Capturing element debug description
    t =   220.83s     Checking `Expect predicate `existsNoRetry == 1` for object Any (First Match)`
    t =   220.83s         Checking existence of `Any (First Match)`
    t =   220.85s         Capturing element debug description
    t =   221.92s     Checking `Expect predicate `existsNoRetry == 1` for object Any (First Match)`
    t =   221.92s         Checking existence of `Any (First Match)`
    t =   221.94s         Capturing element debug description
    t =   222.90s     Checking `Expect predicate `existsNoRetry == 1` for object Any (First Match)`
    t =   222.90s         Checking existence of `Any (First Match)`
    t =   222.92s         Capturing element debug description
    t =   223.88s     Checking `Expect predicate `existsNoRetry == 1` for object Any (First Match)`
    t =   223.88s         Checking existence of `Any (First Match)`
    t =   223.89s         Capturing element debug description
    t =   224.86s     Checking `Expect predicate `existsNoRetry == 1` for object Any (First Match)`
    t =   224.86s         Checking existence of `Any (First Match)`
    t =   224.88s         Capturing element debug description
    t =   225.84s     Checking `Expect predicate `existsNoRetry == 1` for object Any (First Match)`
    t =   225.84s         Checking existence of `Any (First Match)`
    t =   225.85s         Capturing element debug description
    t =   226.92s     Checking `Expect predicate `existsNoRetry == 1` for object Any (First Match)`
    t =   226.92s         Checking existence of `Any (First Match)`
    t =   226.94s         Capturing element debug description
    t =   227.90s     Checking `Expect predicate `existsNoRetry == 1` for object Any (First Match)`
    t =   227.90s         Checking existence of `Any (First Match)`
    t =   227.92s         Capturing element debug description
    t =   228.88s     Checking `Expect predicate `existsNoRetry == 1` for object Any (First Match)`
    t =   228.88s         Checking existence of `Any (First Match)`
    t =   228.89s         Capturing element debug description
    t =   229.86s     Checking `Expect predicate `existsNoRetry == 1` for object Any (First Match)`
    t =   229.86s         Checking existence of `Any (First Match)`
    t =   229.88s         Capturing element debug description
    t =   230.84s     Checking `Expect predicate `existsNoRetry == 1` for object Any (First Match)`
    t =   230.84s         Checking existence of `Any (First Match)`
    t =   230.85s         Capturing element debug description
    t =   231.92s     Checking `Expect predicate `existsNoRetry == 1` for object Any (First Match)`
    t =   231.92s         Checking existence of `Any (First Match)`
    t =   231.94s         Capturing element debug description
    t =   232.90s     Checking `Expect predicate `existsNoRetry == 1` for object Any (First Match)`
    t =   232.90s         Checking existence of `Any (First Match)`
    t =   232.92s         Capturing element debug description
    t =   233.87s     Checking `Expect predicate `existsNoRetry == 1` for object Any (First Match)`
    t =   233.87s         Checking existence of `Any (First Match)`
    t =   233.89s         Capturing element debug description
    t =   234.85s     Checking `Expect predicate `existsNoRetry == 1` for object Any (First Match)`
    t =   234.85s         Checking existence of `Any (First Match)`
    t =   234.87s         Capturing element debug description
    t =   235.84s     Checking `Expect predicate `existsNoRetry == 1` for object Any (First Match)`
    t =   235.84s         Checking existence of `Any (First Match)`
    t =   235.85s         Capturing element debug description
    t =   236.92s     Checking `Expect predicate `existsNoRetry == 1` for object Any (First Match)`
    t =   236.92s         Checking existence of `Any (First Match)`
    t =   236.94s         Capturing element debug description
    t =   237.90s     Checking `Expect predicate `existsNoRetry == 1` for object Any (First Match)`
    t =   237.90s         Checking existence of `Any (First Match)`
    t =   237.91s         Capturing element debug description
    t =   238.87s     Checking `Expect predicate `existsNoRetry == 1` for object Any (First Match)`
    t =   238.87s         Checking existence of `Any (First Match)`
    t =   238.89s         Capturing element debug description
    t =   239.85s     Checking `Expect predicate `existsNoRetry == 1` for object Any (First Match)`
    t =   239.85s         Checking existence of `Any (First Match)`
    t =   239.87s         Capturing element debug description
    t =   240.83s     Checking `Expect predicate `existsNoRetry == 1` for object Any (First Match)`
    t =   240.83s         Checking existence of `Any (First Match)`
    t =   240.85s         Capturing element debug description
    t =   241.92s     Checking `Expect predicate `existsNoRetry == 1` for object Any (First Match)`
    t =   241.92s         Checking existence of `Any (First Match)`
    t =   241.94s         Capturing element debug description
    t =   241.94s     Checking existence of `Any (First Match)`
    t =   241.95s Collecting debug information to assist test failure triage
    t =   241.95s     Requesting snapshot of accessibility hierarchy for app with pid 45659
    t =   241.98s Checking existence of `Any (First Match)`
/Users/nstudio/Documents/github/NathanWalker/token-economics/harness/perf/uidriver/InteropCaptureTests.swift:24: error: -[UIDriverUITests.InteropCaptureTests testCaptureInteropResults] : failed - no INTEROPJSON element within 240s; last status: unknown
    t =   242.02s Tear Down
Test Case '-[UIDriverUITests.InteropCaptureTests testCaptureInteropResults]' failed (242.259 seconds).
Test Suite 'InteropCaptureTests' failed at 2026-08-01 20:25:55.806.
	 Executed 1 test, with 1 failure (0 unexpected) in 242.259 (242.260) seconds
Test Suite 'UIDriverUITests.xctest' failed at 2026-08-01 20:25:55.808.
	 Executed 2 tests, with 1 failure (0 unexpected) in 422.105 (422.111) seconds
Test Suite 'All tests' failed at 2026-08-01 20:25:55.808.
	 Executed 2 tests, with 1 failure (0 unexpected) in 422.105 (422.112) seconds
2026-08-01 20:26:05.220 xcodebuild[45537:30671909] [MT] IDETestOperationsObserverDebug: 433.106 elapsed -- Testing started completed.
2026-08-01 20:26:05.220 xcodebuild[45537:30671909] [MT] IDETestOperationsObserverDebug: 0.000 sec, +0.000 sec -- start
2026-08-01 20:26:05.220 xcodebuild[45537:30671909] [MT] IDETestOperationsObserverDebug: 433.106 sec, +433.106 sec -- end

Test session results, code coverage, and logs:
	/Users/nstudio/Library/Developer/Xcode/DerivedData/UIDriver-ekqcqbpucoqmcgbikewqdmafsmmj/Logs/Test/Test-UIDriver-2026.08.01_20-18-51--0700.xcresult

Failing tests:
	InteropCaptureTests.testCaptureInteropResults()

** TEST FAILED **

Testing started
