Command line invocation:
    /Applications/Xcode.app/Contents/Developer/usr/bin/xcodebuild test -project UIDriver.xcodeproj -scheme UIDriver -destination id=7DFF2660-A10C-449E-867A-92863D91663B

--- xcodebuild: WARNING: Using the first of multiple matching destinations:
{ platform:iOS Simulator, arch:arm64, id:7DFF2660-A10C-449E-867A-92863D91663B, OS:26.5, name:iPhone 17 Pro }
{ platform:iOS Simulator, arch:x86_64, id:7DFF2660-A10C-449E-867A-92863D91663B, OS:26.5, name:iPhone 17 Pro }
ComputePackagePrebuildTargetDependencyGraph

Prepare packages

CreateBuildRequest

SendProjectDescription

CreateBuildOperation

ComputeTargetDependencyGraph
note: Building targets in dependency order
note: Target dependency graph (1 target)
    Target 'UIDriverUITests' in project 'UIDriver' (no dependencies)

GatherProvisioningInputs

CreateBuildDescription

ClangStatCache /Applications/Xcode.app/Contents/Developer/Toolchains/XcodeDefault.xctoolchain/usr/bin/clang-stat-cache /Applications/Xcode.app/Contents/Developer/Platforms/iPhoneSimulator.platform/Developer/SDKs/iPhoneSimulator26.5.sdk /Users/nstudio/Library/Developer/Xcode/DerivedData/SDKStatCaches.noindex/iphonesimulator26.5-23F73-688ef53f1462e2c8f657fdc38a81448f6cfe768891a92b912361537c460fe42b.sdkstatcache
    cd /Users/nstudio/Documents/github/NathanWalker/token-economics/harness/perf/uidriver/UIDriver.xcodeproj
    /Applications/Xcode.app/Contents/Developer/Toolchains/XcodeDefault.xctoolchain/usr/bin/clang-stat-cache /Applications/Xcode.app/Contents/Developer/Platforms/iPhoneSimulator.platform/Developer/SDKs/iPhoneSimulator26.5.sdk -o /Users/nstudio/Library/Developer/Xcode/DerivedData/SDKStatCaches.noindex/iphonesimulator26.5-23F73-688ef53f1462e2c8f657fdc38a81448f6cfe768891a92b912361537c460fe42b.sdkstatcache

ProcessInfoPlistFile /Users/nstudio/Library/Developer/Xcode/DerivedData/UIDriver-ekqcqbpucoqmcgbikewqdmafsmmj/Build/Products/Debug-iphonesimulator/UIDriverUITests-Runner.app/PlugIns/UIDriverUITests.xctest/Info.plist /Users/nstudio/Library/Developer/Xcode/DerivedData/UIDriver-ekqcqbpucoqmcgbikewqdmafsmmj/Build/Intermediates.noindex/UIDriver.build/Debug-iphonesimulator/UIDriverUITests.build/empty-UIDriverUITests.plist (in target 'UIDriverUITests' from project 'UIDriver')
    cd /Users/nstudio/Documents/github/NathanWalker/token-economics/harness/perf/uidriver
    builtin-infoPlistUtility /Users/nstudio/Library/Developer/Xcode/DerivedData/UIDriver-ekqcqbpucoqmcgbikewqdmafsmmj/Build/Intermediates.noindex/UIDriver.build/Debug-iphonesimulator/UIDriverUITests.build/empty-UIDriverUITests.plist -producttype com.apple.product-type.bundle.ui-testing -expandbuildsettings -format binary -platform iphonesimulator -additionalcontentfile /Users/nstudio/Library/Developer/Xcode/DerivedData/UIDriver-ekqcqbpucoqmcgbikewqdmafsmmj/Build/Intermediates.noindex/UIDriver.build/Debug-iphonesimulator/UIDriverUITests.build/ProductTypeInfoPlistAdditions.plist -o /Users/nstudio/Library/Developer/Xcode/DerivedData/UIDriver-ekqcqbpucoqmcgbikewqdmafsmmj/Build/Products/Debug-iphonesimulator/UIDriverUITests-Runner.app/PlugIns/UIDriverUITests.xctest/Info.plist

CopySwiftLibs /Users/nstudio/Library/Developer/Xcode/DerivedData/UIDriver-ekqcqbpucoqmcgbikewqdmafsmmj/Build/Products/Debug-iphonesimulator/UIDriverUITests-Runner.app/PlugIns/UIDriverUITests.xctest (in target 'UIDriverUITests' from project 'UIDriver')
    cd /Users/nstudio/Documents/github/NathanWalker/token-economics/harness/perf/uidriver
    builtin-swiftStdLibTool --copy --verbose --scan-executable /Users/nstudio/Library/Developer/Xcode/DerivedData/UIDriver-ekqcqbpucoqmcgbikewqdmafsmmj/Build/Products/Debug-iphonesimulator/UIDriverUITests-Runner.app/PlugIns/UIDriverUITests.xctest/UIDriverUITests --scan-folder /Users/nstudio/Library/Developer/Xcode/DerivedData/UIDriver-ekqcqbpucoqmcgbikewqdmafsmmj/Build/Products/Debug-iphonesimulator/UIDriverUITests-Runner.app/PlugIns/UIDriverUITests.xctest/Frameworks --scan-folder /Users/nstudio/Library/Developer/Xcode/DerivedData/UIDriver-ekqcqbpucoqmcgbikewqdmafsmmj/Build/Products/Debug-iphonesimulator/UIDriverUITests-Runner.app/PlugIns/UIDriverUITests.xctest/PlugIns --scan-folder /Users/nstudio/Library/Developer/Xcode/DerivedData/UIDriver-ekqcqbpucoqmcgbikewqdmafsmmj/Build/Products/Debug-iphonesimulator/UIDriverUITests-Runner.app/PlugIns/UIDriverUITests.xctest/SystemExtensions --scan-folder /Users/nstudio/Library/Developer/Xcode/DerivedData/UIDriver-ekqcqbpucoqmcgbikewqdmafsmmj/Build/Products/Debug-iphonesimulator/UIDriverUITests-Runner.app/PlugIns/UIDriverUITests.xctest/Extensions --platform iphonesimulator --toolchain /var/run/com.apple.security.cryptexd/mnt/com.apple.MobileAsset.MetalToolchain-v17.6.42.0.xRBJyY/Metal.xctoolchain --toolchain /Applications/Xcode.app/Contents/Developer/Toolchains/XcodeDefault.xctoolchain --destination /Users/nstudio/Library/Developer/Xcode/DerivedData/UIDriver-ekqcqbpucoqmcgbikewqdmafsmmj/Build/Products/Debug-iphonesimulator/UIDriverUITests-Runner.app/PlugIns/UIDriverUITests.xctest/Frameworks --strip-bitcode --scan-executable /Applications/Xcode.app/Contents/Developer/Platforms/iPhoneSimulator.platform/Developer/usr/lib/libXCTestSwiftSupport.dylib --strip-bitcode-tool /Applications/Xcode.app/Contents/Developer/Toolchains/XcodeDefault.xctoolchain/usr/bin/bitcode_strip --emit-dependency-info /Users/nstudio/Library/Developer/Xcode/DerivedData/UIDriver-ekqcqbpucoqmcgbikewqdmafsmmj/Build/Intermediates.noindex/UIDriver.build/Debug-iphonesimulator/UIDriverUITests.build/SwiftStdLibToolInputDependencies.dep --filter-for-swift-os
Ignoring --strip-bitcode because --sign was not passed

2026-08-01 19:13:40.325835-0700 UIDriverUITests-Runner[42359:30530607] [Default] Running tests...
    t =      nans Interface orientation changed to Portrait
Test Suite 'All tests' started at 2026-08-01 19:13:40.888.
Test Suite 'UIDriverUITests.xctest' started at 2026-08-01 19:13:40.888.
Test Suite 'FeatureLatencyTests' started at 2026-08-01 19:13:40.888.
Test Case '-[UIDriverUITests.FeatureLatencyTests testFeatureLatencies]' started.
    t =     0.00s Start Test at 2026-08-01 19:13:40.889
    t =     0.02s Set Up
STEP[0s]: iter 0: launch org.nativescript.nsbenchmark
    t =     0.02s Open org.nativescript.nsbenchmark
    t =     0.02s     Launch org.nativescript.nsbenchmark
    t =     0.11s         Setting up automation session
objc[42359]: Class UIAccessibilityLoaderWebShared is implemented in both /Library/Developer/CoreSimulator/Volumes/iOS_23F77/Library/Developer/CoreSimulator/Profiles/Runtimes/iOS 26.5.simruntime/Contents/Resources/RuntimeRoot/System/Library/AccessibilityBundles/WebCore.axbundle/WebCore (0x10a6ec310) and /Library/Developer/CoreSimulator/Volumes/iOS_23F77/Library/Developer/CoreSimulator/Profiles/Runtimes/iOS 26.5.simruntime/Contents/Resources/RuntimeRoot/System/Library/AccessibilityBundles/WebKit.axbundle/WebKit (0x109ed0398). This may cause spurious casting failures and mysterious crashes. One of the duplicates must be removed or renamed.
    t =     0.85s         Wait for org.nativescript.nsbenchmark to idle
    t =     2.03s Checking existence of `"Health" Button`
    t =     2.07s Waiting 20.0s for "Health" Button to exist
    t =     3.09s     Checking `Expect predicate `existsNoRetry == 1` for object "Health" Button`
    t =     3.09s         Checking existence of `"Health" Button`
STEP[3s]: iter 0: nav Health
    t =     3.11s Checking existence of `"Health" Button`
    t =     3.12s Tap "Health" Button
    t =     3.12s     Wait for org.nativescript.nsbenchmark to idle
    t =     3.12s     Find the "Health" Button
    t =     3.13s     Check for interrupting elements affecting "Health" Button
    t =     3.14s     Synthesize event
    t =     3.43s     Wait for org.nativescript.nsbenchmark to idle
    t =     4.27s Waiting 10.0s for Any (First Match) to exist
    t =     5.34s     Checking `Expect predicate `existsNoRetry == 1` for object Any (First Match)`
    t =     5.34s         Checking existence of `Any (First Match)`
    t =     5.36s Checking existence of `Any (First Match)`
    t =     5.37s Find the Any (First Match)
STEP[5s]: iter 0: HK authorize
    t =     5.38s Checking existence of `"Request Access" Button`
    t =     5.39s Checking existence of `"Request Access" Button`
    t =     5.40s Find the "Request Access" Button
    t =     5.42s Tap "Request Access" Button
    t =     5.42s     Wait for org.nativescript.nsbenchmark to idle
    t =     5.42s     Find the "Request Access" Button
    t =     5.43s     Check for interrupting elements affecting "Request Access" Button
    t =     5.44s     Synthesize event
    t =     5.73s     Wait for org.nativescript.nsbenchmark to idle
    t =     6.61s Waiting 3.0s for Any (First Match) to exist
    t =     7.65s     Checking `Expect predicate `existsNoRetry == 1` for object Any (First Match)`
    t =     7.65s         Checking existence of `Any (First Match)`
    t =     7.71s Find the Any (First Match)
STEP[7s]: health sheet(app): tap 'Turn On All'
    t =     7.74s Tap "Turn On All" StaticText
    t =     7.74s     Wait for org.nativescript.nsbenchmark to idle
    t =     7.74s     Find the "Turn On All" StaticText
    t =     7.77s     Check for interrupting elements affecting "Turn On All" StaticText
    t =     7.80s     Synthesize event
    t =     8.10s     Wait for org.nativescript.nsbenchmark to idle
    t =     8.10s Waiting 2.0s for "Allow" Button to exist
    t =     9.14s     Checking `Expect predicate `existsNoRetry == 1` for object "Allow" Button`
    t =     9.14s         Checking existence of `"Allow" Button`
    t =     9.19s Find the "Allow" Button
STEP[9s]: health sheet(app): confirm 'Allow'
    t =     9.22s Tap "UIA.Health.Allow.Button" Button
    t =     9.22s     Wait for org.nativescript.nsbenchmark to idle
    t =     9.22s     Find the "UIA.Health.Allow.Button" Button
    t =     9.25s     Check for interrupting elements affecting "UIA.Health.Allow.Button" Button
    t =     9.27s     Synthesize event
    t =     9.56s     Wait for org.nativescript.nsbenchmark to idle
    t =     9.56s Waiting 15.0s for Any (First Match) to exist
    t =    10.62s     Checking `Expect predicate `existsNoRetry == 1` for object Any (First Match)`
    t =    10.62s         Checking existence of `Any (First Match)`
    t =    10.65s Checking existence of `"Health access: not requested" StaticText`
    t =    10.66s Find the "Health access: not requested" StaticText
    t =    10.67s Waiting 15.0s for Any (First Match) to exist
    t =    11.72s     Checking `Expect predicate `existsNoRetry == 1` for object Any (First Match)`
    t =    11.72s         Checking existence of `Any (First Match)`
    t =    11.75s Checking existence of `Any (First Match)`
    t =    11.76s Find the Any (First Match)
    t =    11.77s Checking existence of `"Log 500 Steps" Button`
    t =    11.78s Checking existence of `"Log 500 Steps" Button`
    t =    11.79s Find the "Log 500 Steps" Button
STEP[11s]: iter 0: log 500
    t =    11.80s Tap "Log 500 Steps" Button
    t =    11.80s     Wait for org.nativescript.nsbenchmark to idle
    t =    11.80s     Find the "Log 500 Steps" Button
    t =    11.81s     Check for interrupting elements affecting "Log 500 Steps" Button
    t =    11.82s     Synthesize event
    t =    12.12s     Wait for org.nativescript.nsbenchmark to idle
    t =    12.40s Checking existence of `"Sat Aug 1 — 37,000 steps (today)" StaticText`
    t =    12.42s Find the "Sat Aug 1 — 37,000 steps (today)" StaticText
    t =    12.44s Checking existence of `"Sat Aug 1 — 37,500 steps (today)" StaticText`
STEP[12s]: iter 0: go home
    t =    12.45s Checking existence of `"Transcribe" Button`
    t =    12.46s Checking existence of `"Health" Button`
    t =    12.47s Checking existence of `Any (First Match)`
    t =    12.47s Checking existence of `Button (Element at index 0)`
    t =    12.48s Find the Button (Element at index 0)
STEP[12s]: goHome: tapping candidate 0
    t =    12.50s Tap "BackButton" Button
    t =    12.50s     Wait for org.nativescript.nsbenchmark to idle
    t =    12.50s     Find the "BackButton" Button
    t =    12.51s     Check for interrupting elements affecting "BackButton" Button
    t =    12.52s     Synthesize event
    t =    12.81s     Wait for org.nativescript.nsbenchmark to idle
    t =    13.13s Checking existence of `"Transcribe" Button`
    t =    13.14s Waiting 3.0s for "Transcribe" Button to exist
    t =    14.18s     Checking `Expect predicate `existsNoRetry == 1` for object "Transcribe" Button`
    t =    14.19s         Checking existence of `"Transcribe" Button`
STEP[14s]: iter 0: nav Transcribe
    t =    14.21s Checking existence of `"Transcribe" Button`
    t =    14.22s Tap "Transcribe" Button
    t =    14.22s     Wait for org.nativescript.nsbenchmark to idle
    t =    14.22s     Find the "Transcribe" Button
    t =    14.23s     Check for interrupting elements affecting "Transcribe" Button
    t =    14.24s     Synthesize event
    t =    14.53s     Wait for org.nativescript.nsbenchmark to idle
    t =    15.33s Waiting 10.0s for Any (First Match) to exist
    t =    16.41s     Checking `Expect predicate `existsNoRetry == 1` for object Any (First Match)`
    t =    16.41s         Checking existence of `Any (First Match)`
    t =    16.44s Checking existence of `Any (First Match)`
    t =    16.45s Find the Any (First Match)
STEP[16s]: iter 0: speech authorize
    t =    16.46s Checking existence of `"Request Access" Button`
    t =    16.47s Checking existence of `"Request Access" Button`
    t =    16.48s Find the "Request Access" Button
    t =    16.49s Tap "Request Access" Button
    t =    16.49s     Wait for org.nativescript.nsbenchmark to idle
    t =    16.49s     Find the "Request Access" Button
    t =    16.50s     Check for interrupting elements affecting "Request Access" Button
    t =    16.51s     Synthesize event
    t =    16.79s     Wait for org.nativescript.nsbenchmark to idle
    t =    17.08s Waiting 3.0s for "Allow" Button to exist
    t =    18.12s     Checking `Expect predicate `existsNoRetry == 1` for object "Allow" Button`
    t =    18.12s         Checking existence of `"Allow" Button`
STEP[18s]: system alert: 'Allow'
    t =    18.16s Tap "Allow" Button
    t =    18.16s     Wait for com.apple.springboard to idle
    t =    18.16s     Find the "Allow" Button
    t =    18.18s     Check for interrupting elements affecting "Allow" Button
    t =    18.21s     Synthesize event
    t =    18.50s     Wait for com.apple.springboard to idle
    t =    18.73s Waiting 15.0s for Any (First Match) to exist
    t =    19.77s     Checking `Expect predicate `existsNoRetry == 1` for object Any (First Match)`
    t =    19.77s         Checking existence of `Any (First Match)`
    t =    19.80s Checking existence of `"Speech access: not requested" StaticText`
    t =    19.81s Find the "Speech access: not requested" StaticText
    t =    19.81s Checking existence of `"Transcribe Sample" Button`
    t =    19.82s Checking existence of `"Transcribe Sample" Button`
    t =    19.83s Find the "Transcribe Sample" Button
STEP[19s]: iter 0: transcribe
    t =    19.85s Tap "Transcribe Sample" Button
    t =    19.85s     Wait for org.nativescript.nsbenchmark to idle
    t =    19.85s     Find the "Transcribe Sample" Button
    t =    19.85s     Check for interrupting elements affecting "Transcribe Sample" Button
    t =    19.87s     Synthesize event
    t =    20.15s     Wait for org.nativescript.nsbenchmark to idle
    t =    20.44s Waiting 45.0s for Any (First Match) to exist
    t =    21.48s     Checking `Expect predicate `existsNoRetry == 1` for object Any (First Match)`
    t =    21.49s         Checking existence of `Any (First Match)`
    t =    21.51s         Capturing element debug description
    t =    22.44s     Checking `Expect predicate `existsNoRetry == 1` for object Any (First Match)`
    t =    22.45s         Checking existence of `Any (First Match)`
    t =    22.47s         Capturing element debug description
    t =    23.50s     Checking `Expect predicate `existsNoRetry == 1` for object Any (First Match)`
    t =    23.50s         Checking existence of `Any (First Match)`
    t =    23.52s         Capturing element debug description
    t =    24.45s     Checking `Expect predicate `existsNoRetry == 1` for object Any (First Match)`
    t =    24.45s         Checking existence of `Any (First Match)`
    t =    24.47s         Capturing element debug description
    t =    25.52s     Checking `Expect predicate `existsNoRetry == 1` for object Any (First Match)`
    t =    25.52s         Checking existence of `Any (First Match)`
    t =    25.54s         Capturing element debug description
    t =    26.48s     Checking `Expect predicate `existsNoRetry == 1` for object Any (First Match)`
    t =    26.48s         Checking existence of `Any (First Match)`
    t =    26.50s         Capturing element debug description
    t =    27.45s     Checking `Expect predicate `existsNoRetry == 1` for object Any (First Match)`
    t =    27.45s         Checking existence of `Any (First Match)`
    t =    27.47s         Capturing element debug description
    t =    28.52s     Checking `Expect predicate `existsNoRetry == 1` for object Any (First Match)`
    t =    28.52s         Checking existence of `Any (First Match)`
    t =    28.54s         Capturing element debug description
    t =    29.47s     Checking `Expect predicate `existsNoRetry == 1` for object Any (First Match)`
    t =    29.47s         Checking existence of `Any (First Match)`
    t =    29.49s         Capturing element debug description
    t =    30.54s     Checking `Expect predicate `existsNoRetry == 1` for object Any (First Match)`
    t =    30.54s         Checking existence of `Any (First Match)`
    t =    30.56s         Capturing element debug description
    t =    31.50s     Checking `Expect predicate `existsNoRetry == 1` for object Any (First Match)`
    t =    31.50s         Checking existence of `Any (First Match)`
    t =    31.52s         Capturing element debug description
    t =    32.45s     Checking `Expect predicate `existsNoRetry == 1` for object Any (First Match)`
    t =    32.45s         Checking existence of `Any (First Match)`
    t =    32.48s         Capturing element debug description
    t =    33.54s     Checking `Expect predicate `existsNoRetry == 1` for object Any (First Match)`
    t =    33.54s         Checking existence of `Any (First Match)`
    t =    33.56s         Capturing element debug description
    t =    34.49s     Checking `Expect predicate `existsNoRetry == 1` for object Any (First Match)`
    t =    34.49s         Checking existence of `Any (First Match)`
    t =    34.51s         Capturing element debug description
    t =    35.45s     Checking `Expect predicate `existsNoRetry == 1` for object Any (First Match)`
    t =    35.45s         Checking existence of `Any (First Match)`
    t =    35.46s         Capturing element debug description
    t =    36.48s     Checking `Expect predicate `existsNoRetry == 1` for object Any (First Match)`
    t =    36.49s         Checking existence of `Any (First Match)`
    t =    36.51s         Capturing element debug description
    t =    37.45s     Checking `Expect predicate `existsNoRetry == 1` for object Any (First Match)`
    t =    37.45s         Checking existence of `Any (First Match)`
    t =    37.48s         Capturing element debug description
    t =    38.52s     Checking `Expect predicate `existsNoRetry == 1` for object Any (First Match)`
    t =    38.52s         Checking existence of `Any (First Match)`
    t =    38.54s         Capturing element debug description
    t =    39.47s     Checking `Expect predicate `existsNoRetry == 1` for object Any (First Match)`
    t =    39.47s         Checking existence of `Any (First Match)`
    t =    39.49s         Capturing element debug description
    t =    40.44s     Checking `Expect predicate `existsNoRetry == 1` for object Any (First Match)`
    t =    40.44s         Checking existence of `Any (First Match)`
    t =    40.46s         Capturing element debug description
    t =    41.47s     Checking `Expect predicate `existsNoRetry == 1` for object Any (First Match)`
    t =    41.47s         Checking existence of `Any (First Match)`
    t =    41.49s         Capturing element debug description
    t =    42.52s     Checking `Expect predicate `existsNoRetry == 1` for object Any (First Match)`
    t =    42.52s         Checking existence of `Any (First Match)`
    t =    42.54s         Capturing element debug description
    t =    43.47s     Checking `Expect predicate `existsNoRetry == 1` for object Any (First Match)`
    t =    43.47s         Checking existence of `Any (First Match)`
    t =    43.49s         Capturing element debug description
    t =    44.44s     Checking `Expect predicate `existsNoRetry == 1` for object Any (First Match)`
    t =    44.44s         Checking existence of `Any (First Match)`
    t =    44.47s         Capturing element debug description
    t =    45.45s     Checking `Expect predicate `existsNoRetry == 1` for object Any (First Match)`
    t =    45.45s         Checking existence of `Any (First Match)`
    t =    45.46s         Capturing element debug description
    t =    46.48s     Checking `Expect predicate `existsNoRetry == 1` for object Any (First Match)`
    t =    46.48s         Checking existence of `Any (First Match)`
    t =    46.50s         Capturing element debug description
    t =    47.45s     Checking `Expect predicate `existsNoRetry == 1` for object Any (First Match)`
    t =    47.45s         Checking existence of `Any (First Match)`
    t =    47.47s         Capturing element debug description
    t =    48.47s     Checking `Expect predicate `existsNoRetry == 1` for object Any (First Match)`
    t =    48.47s         Checking existence of `Any (First Match)`
    t =    48.49s         Capturing element debug description
    t =    49.44s     Checking `Expect predicate `existsNoRetry == 1` for object Any (First Match)`
    t =    49.45s         Checking existence of `Any (First Match)`
    t =    49.47s         Capturing element debug description
    t =    50.51s     Checking `Expect predicate `existsNoRetry == 1` for object Any (First Match)`
    t =    50.51s         Checking existence of `Any (First Match)`
    t =    50.53s         Capturing element debug description
    t =    51.45s     Checking `Expect predicate `existsNoRetry == 1` for object Any (First Match)`
    t =    51.45s         Checking existence of `Any (First Match)`
    t =    51.48s         Capturing element debug description
    t =    52.49s     Checking `Expect predicate `existsNoRetry == 1` for object Any (First Match)`
    t =    52.49s         Checking existence of `Any (First Match)`
    t =    52.51s         Capturing element debug description
    t =    53.44s     Checking `Expect predicate `existsNoRetry == 1` for object Any (First Match)`
    t =    53.44s         Checking existence of `Any (First Match)`
    t =    53.46s         Capturing element debug description
    t =    54.50s     Checking `Expect predicate `existsNoRetry == 1` for object Any (First Match)`
    t =    54.50s         Checking existence of `Any (First Match)`
    t =    54.52s         Capturing element debug description
    t =    55.46s     Checking `Expect predicate `existsNoRetry == 1` for object Any (First Match)`
    t =    55.46s         Checking existence of `Any (First Match)`
    t =    55.48s         Capturing element debug description
    t =    56.54s     Checking `Expect predicate `existsNoRetry == 1` for object Any (First Match)`
    t =    56.54s         Checking existence of `Any (First Match)`
    t =    56.56s         Capturing element debug description
    t =    57.50s     Checking `Expect predicate `existsNoRetry == 1` for object Any (First Match)`
    t =    57.50s         Checking existence of `Any (First Match)`
    t =    57.52s         Capturing element debug description
    t =    58.45s     Checking `Expect predicate `existsNoRetry == 1` for object Any (First Match)`
    t =    58.46s         Checking existence of `Any (First Match)`
    t =    58.48s         Capturing element debug description
    t =    59.50s     Checking `Expect predicate `existsNoRetry == 1` for object Any (First Match)`
    t =    59.50s         Checking existence of `Any (First Match)`
    t =    59.52s         Capturing element debug description
    t =    60.45s     Checking `Expect predicate `existsNoRetry == 1` for object Any (First Match)`
    t =    60.45s         Checking existence of `Any (First Match)`
    t =    60.47s         Capturing element debug description
    t =    61.52s     Checking `Expect predicate `existsNoRetry == 1` for object Any (First Match)`
    t =    61.52s         Checking existence of `Any (First Match)`
    t =    61.54s         Capturing element debug description
    t =    62.48s     Checking `Expect predicate `existsNoRetry == 1` for object Any (First Match)`
    t =    62.48s         Checking existence of `Any (First Match)`
    t =    62.50s         Capturing element debug description
    t =    63.45s     Checking `Expect predicate `existsNoRetry == 1` for object Any (First Match)`
    t =    63.45s         Checking existence of `Any (First Match)`
    t =    63.47s         Capturing element debug description
    t =    64.52s     Checking `Expect predicate `existsNoRetry == 1` for object Any (First Match)`
    t =    64.52s         Checking existence of `Any (First Match)`
    t =    64.54s         Capturing element debug description
    t =    65.45s     Checking `Expect predicate `existsNoRetry == 1` for object Any (First Match)`
    t =    65.45s         Checking existence of `Any (First Match)`
    t =    65.48s         Capturing element debug description
    t =    65.48s     Checking existence of `Any (First Match)`
    t =    65.49s Collecting debug information to assist test failure triage
    t =    65.49s     Requesting snapshot of accessibility hierarchy for app with pid 42363
    t =    65.51s Checking existence of `Any (First Match)`
    t =    65.52s Checking existence of `Any (First Match)`
    t =    65.52s Checking existence of `Any (First Match)`
    t =    65.53s Find the Any (First Match)
STEP[65s]: iter 0: done
    t =    65.54s Terminate org.nativescript.nsbenchmark:42363
STEP[66s]: iter 1: launch org.nativescript.nsbenchmark
    t =    66.62s Open org.nativescript.nsbenchmark
    t =    66.62s     Launch org.nativescript.nsbenchmark
    t =    66.73s         Setting up automation session
    t =    67.31s         Wait for org.nativescript.nsbenchmark to idle
    t =    68.48s Checking existence of `"Health" Button`
    t =    68.51s Waiting 20.0s for "Health" Button to exist
    t =    69.56s     Checking `Expect predicate `existsNoRetry == 1` for object "Health" Button`
    t =    69.56s         Checking existence of `"Health" Button`
STEP[69s]: iter 1: nav Health
    t =    69.58s Checking existence of `"Health" Button`
    t =    69.59s Tap "Health" Button
    t =    69.59s     Wait for org.nativescript.nsbenchmark to idle
    t =    69.59s     Find the "Health" Button
    t =    69.60s     Check for interrupting elements affecting "Health" Button
    t =    69.61s     Synthesize event
    t =    69.90s     Wait for org.nativescript.nsbenchmark to idle
    t =    70.73s Waiting 10.0s for Any (First Match) to exist
    t =    71.81s     Checking `Expect predicate `existsNoRetry == 1` for object Any (First Match)`
    t =    71.81s         Checking existence of `Any (First Match)`
    t =    71.84s Checking existence of `Any (First Match)`
    t =    71.85s Find the Any (First Match)
    t =    71.86s Checking existence of `"Health access: granted" StaticText`
    t =    71.87s Find the "Health access: granted" StaticText
    t =    71.88s Waiting 15.0s for Any (First Match) to exist
    t =    72.94s     Checking `Expect predicate `existsNoRetry == 1` for object Any (First Match)`
    t =    72.94s         Checking existence of `Any (First Match)`
    t =    72.96s Checking existence of `Any (First Match)`
    t =    72.98s Find the Any (First Match)
    t =    72.99s Checking existence of `"Log 500 Steps" Button`
    t =    73.00s Checking existence of `"Log 500 Steps" Button`
    t =    73.00s Find the "Log 500 Steps" Button
STEP[73s]: iter 1: log 500
    t =    73.02s Tap "Log 500 Steps" Button
    t =    73.02s     Wait for org.nativescript.nsbenchmark to idle
    t =    73.02s     Find the "Log 500 Steps" Button
    t =    73.03s     Check for interrupting elements affecting "Log 500 Steps" Button
    t =    73.04s     Synthesize event
    t =    73.33s     Wait for org.nativescript.nsbenchmark to idle
    t =    73.62s Checking existence of `"Sat Aug 1 — 37,500 steps (today)" StaticText`
    t =    73.64s Find the "Sat Aug 1 — 37,500 steps (today)" StaticText
    t =    73.65s Checking existence of `"Sat Aug 1 — 38,000 steps (today)" StaticText`
STEP[73s]: iter 1: go home
    t =    73.66s Checking existence of `"Transcribe" Button`
    t =    73.67s Checking existence of `"Health" Button`
    t =    73.68s Checking existence of `Any (First Match)`
    t =    73.69s Checking existence of `Button (Element at index 0)`
    t =    73.70s Find the Button (Element at index 0)
STEP[73s]: goHome: tapping candidate 0
    t =    73.72s Tap "BackButton" Button
    t =    73.72s     Wait for org.nativescript.nsbenchmark to idle
    t =    73.72s     Find the "BackButton" Button
    t =    73.73s     Check for interrupting elements affecting "BackButton" Button
    t =    73.74s     Synthesize event
    t =    74.03s     Wait for org.nativescript.nsbenchmark to idle
    t =    74.34s Checking existence of `"Transcribe" Button`
    t =    74.35s Waiting 3.0s for "Transcribe" Button to exist
    t =    75.36s     Checking `Expect predicate `existsNoRetry == 1` for object "Transcribe" Button`
    t =    75.37s         Checking existence of `"Transcribe" Button`
STEP[75s]: iter 1: nav Transcribe
    t =    75.38s Checking existence of `"Transcribe" Button`
    t =    75.39s Tap "Transcribe" Button
    t =    75.39s     Wait for org.nativescript.nsbenchmark to idle
    t =    75.40s     Find the "Transcribe" Button
    t =    75.40s     Check for interrupting elements affecting "Transcribe" Button
    t =    75.41s     Synthesize event
    t =    75.70s     Wait for org.nativescript.nsbenchmark to idle
    t =    76.48s Waiting 10.0s for Any (First Match) to exist
    t =    77.52s     Checking `Expect predicate `existsNoRetry == 1` for object Any (First Match)`
    t =    77.52s         Checking existence of `Any (First Match)`
    t =    77.54s Checking existence of `Any (First Match)`
    t =    77.55s Find the Any (First Match)
    t =    77.57s Checking existence of `"Speech access: granted" StaticText`
    t =    77.57s Find the "Speech access: granted" StaticText
    t =    77.58s Checking existence of `"Transcribe Sample" Button`
    t =    77.59s Checking existence of `"Transcribe Sample" Button`
    t =    77.60s Find the "Transcribe Sample" Button
STEP[77s]: iter 1: transcribe
    t =    77.61s Tap "Transcribe Sample" Button
    t =    77.61s     Wait for org.nativescript.nsbenchmark to idle
    t =    77.61s     Find the "Transcribe Sample" Button
    t =    77.62s     Check for interrupting elements affecting "Transcribe Sample" Button
    t =    77.63s     Synthesize event
    t =    77.92s     Wait for org.nativescript.nsbenchmark to idle
    t =    78.21s Waiting 45.0s for Any (First Match) to exist
    t =    79.25s     Checking `Expect predicate `existsNoRetry == 1` for object Any (First Match)`
    t =    79.25s         Checking existence of `Any (First Match)`
    t =    79.28s         Capturing element debug description
    t =    80.22s     Checking `Expect predicate `existsNoRetry == 1` for object Any (First Match)`
    t =    80.22s         Checking existence of `Any (First Match)`
    t =    80.24s         Capturing element debug description
    t =    81.27s     Checking `Expect predicate `existsNoRetry == 1` for object Any (First Match)`
    t =    81.27s         Checking existence of `Any (First Match)`
    t =    81.29s         Capturing element debug description
    t =    82.22s     Checking `Expect predicate `existsNoRetry == 1` for object Any (First Match)`
    t =    82.22s         Checking existence of `Any (First Match)`
    t =    82.24s         Capturing element debug description
    t =    83.29s     Checking `Expect predicate `existsNoRetry == 1` for object Any (First Match)`
    t =    83.29s         Checking existence of `Any (First Match)`
    t =    83.31s         Capturing element debug description
    t =    84.25s     Checking `Expect predicate `existsNoRetry == 1` for object Any (First Match)`
    t =    84.25s         Checking existence of `Any (First Match)`
    t =    84.28s         Capturing element debug description
    t =    85.22s     Checking `Expect predicate `existsNoRetry == 1` for object Any (First Match)`
    t =    85.22s         Checking existence of `Any (First Match)`
    t =    85.24s         Capturing element debug description
    t =    86.27s     Checking `Expect predicate `existsNoRetry == 1` for object Any (First Match)`
    t =    86.27s         Checking existence of `Any (First Match)`
    t =    86.28s         Capturing element debug description
    t =    87.22s     Checking `Expect predicate `existsNoRetry == 1` for object Any (First Match)`
    t =    87.22s         Checking existence of `Any (First Match)`
    t =    87.25s         Capturing element debug description
    t =    88.28s     Checking `Expect predicate `existsNoRetry == 1` for object Any (First Match)`
    t =    88.28s         Checking existence of `Any (First Match)`
    t =    88.31s         Capturing element debug description
    t =    89.23s     Checking `Expect predicate `existsNoRetry == 1` for object Any (First Match)`
    t =    89.23s         Checking existence of `Any (First Match)`
    t =    89.25s         Capturing element debug description
    t =    90.29s     Checking `Expect predicate `existsNoRetry == 1` for object Any (First Match)`
    t =    90.30s         Checking existence of `Any (First Match)`
    t =    90.32s         Capturing element debug description
    t =    91.27s     Checking `Expect predicate `existsNoRetry == 1` for object Any (First Match)`
    t =    91.27s         Checking existence of `Any (First Match)`
    t =    91.29s         Capturing element debug description
    t =    92.23s     Checking `Expect predicate `existsNoRetry == 1` for object Any (First Match)`
    t =    92.24s         Checking existence of `Any (First Match)`
    t =    92.26s         Capturing element debug description
    t =    93.28s     Checking `Expect predicate `existsNoRetry == 1` for object Any (First Match)`
    t =    93.28s         Checking existence of `Any (First Match)`
    t =    93.31s         Capturing element debug description
    t =    94.24s     Checking `Expect predicate `existsNoRetry == 1` for object Any (First Match)`
    t =    94.24s         Checking existence of `Any (First Match)`
    t =    94.26s         Capturing element debug description
    t =    95.27s     Checking `Expect predicate `existsNoRetry == 1` for object Any (First Match)`
    t =    95.28s         Checking existence of `Any (First Match)`
    t =    95.30s         Capturing element debug description
    t =    96.22s     Checking `Expect predicate `existsNoRetry == 1` for object Any (First Match)`
    t =    96.23s         Checking existence of `Any (First Match)`
    t =    96.25s         Capturing element debug description
    t =    97.22s     Checking `Expect predicate `existsNoRetry == 1` for object Any (First Match)`
    t =    97.22s         Checking existence of `Any (First Match)`
    t =    97.24s         Capturing element debug description
    t =    98.27s     Checking `Expect predicate `existsNoRetry == 1` for object Any (First Match)`
    t =    98.27s         Checking existence of `Any (First Match)`
    t =    98.29s         Capturing element debug description
    t =    99.22s     Checking `Expect predicate `existsNoRetry == 1` for object Any (First Match)`
    t =    99.22s         Checking existence of `Any (First Match)`
    t =    99.25s         Capturing element debug description
    t =   100.27s     Checking `Expect predicate `existsNoRetry == 1` for object Any (First Match)`
    t =   100.27s         Checking existence of `Any (First Match)`
    t =   100.29s         Capturing element debug description
    t =   101.22s     Checking `Expect predicate `existsNoRetry == 1` for object Any (First Match)`
    t =   101.22s         Checking existence of `Any (First Match)`
    t =   101.24s         Capturing element debug description
    t =   102.27s     Checking `Expect predicate `existsNoRetry == 1` for object Any (First Match)`
    t =   102.27s         Checking existence of `Any (First Match)`
    t =   102.29s         Capturing element debug description
    t =   103.23s     Checking `Expect predicate `existsNoRetry == 1` for object Any (First Match)`
    t =   103.23s         Checking existence of `Any (First Match)`
    t =   103.25s         Capturing element debug description
    t =   104.27s     Checking `Expect predicate `existsNoRetry == 1` for object Any (First Match)`
    t =   104.27s         Checking existence of `Any (First Match)`
    t =   104.29s         Capturing element debug description
    t =   105.22s     Checking `Expect predicate `existsNoRetry == 1` for object Any (First Match)`
    t =   105.22s         Checking existence of `Any (First Match)`
    t =   105.24s         Capturing element debug description
    t =   106.27s     Checking `Expect predicate `existsNoRetry == 1` for object Any (First Match)`
    t =   106.27s         Checking existence of `Any (First Match)`
    t =   106.29s         Capturing element debug description
    t =   107.24s     Checking `Expect predicate `existsNoRetry == 1` for object Any (First Match)`
    t =   107.25s         Checking existence of `Any (First Match)`
    t =   107.27s         Capturing element debug description
    t =   108.29s     Checking `Expect predicate `existsNoRetry == 1` for object Any (First Match)`
    t =   108.29s         Checking existence of `Any (First Match)`
    t =   108.31s         Capturing element debug description
    t =   109.27s     Checking `Expect predicate `existsNoRetry == 1` for object Any (First Match)`
    t =   109.27s         Checking existence of `Any (First Match)`
    t =   109.29s         Capturing element debug description
    t =   110.23s     Checking `Expect predicate `existsNoRetry == 1` for object Any (First Match)`
    t =   110.23s         Checking existence of `Any (First Match)`
    t =   110.25s         Capturing element debug description
    t =   111.21s     Checking `Expect predicate `existsNoRetry == 1` for object Any (First Match)`
    t =   111.22s         Checking existence of `Any (First Match)`
    t =   111.24s         Capturing element debug description
    t =   112.27s     Checking `Expect predicate `existsNoRetry == 1` for object Any (First Match)`
    t =   112.27s         Checking existence of `Any (First Match)`
    t =   112.29s         Capturing element debug description
    t =   113.24s     Checking `Expect predicate `existsNoRetry == 1` for object Any (First Match)`
    t =   113.24s         Checking existence of `Any (First Match)`
    t =   113.26s         Capturing element debug description
    t =   114.29s     Checking `Expect predicate `existsNoRetry == 1` for object Any (First Match)`
    t =   114.29s         Checking existence of `Any (First Match)`
    t =   114.32s         Capturing element debug description
    t =   115.22s     Checking `Expect predicate `existsNoRetry == 1` for object Any (First Match)`
    t =   115.23s         Checking existence of `Any (First Match)`
    t =   115.25s         Capturing element debug description
    t =   116.28s     Checking `Expect predicate `existsNoRetry == 1` for object Any (First Match)`
    t =   116.28s         Checking existence of `Any (First Match)`
    t =   116.30s         Capturing element debug description
    t =   117.22s     Checking `Expect predicate `existsNoRetry == 1` for object Any (First Match)`
    t =   117.22s         Checking existence of `Any (First Match)`
    t =   117.24s         Capturing element debug description
    t =   118.27s     Checking `Expect predicate `existsNoRetry == 1` for object Any (First Match)`
    t =   118.27s         Checking existence of `Any (First Match)`
    t =   118.29s         Capturing element debug description
    t =   119.23s     Checking `Expect predicate `existsNoRetry == 1` for object Any (First Match)`
    t =   119.23s         Checking existence of `Any (First Match)`
    t =   119.26s         Capturing element debug description
    t =   120.28s     Checking `Expect predicate `existsNoRetry == 1` for object Any (First Match)`
    t =   120.29s         Checking existence of `Any (First Match)`
    t =   120.31s         Capturing element debug description
    t =   121.23s     Checking `Expect predicate `existsNoRetry == 1` for object Any (First Match)`
    t =   121.23s         Checking existence of `Any (First Match)`
    t =   121.25s         Capturing element debug description
    t =   122.28s     Checking `Expect predicate `existsNoRetry == 1` for object Any (First Match)`
    t =   122.28s         Checking existence of `Any (First Match)`
    t =   122.30s         Capturing element debug description
    t =   123.21s     Checking `Expect predicate `existsNoRetry == 1` for object Any (First Match)`
    t =   123.22s         Checking existence of `Any (First Match)`
    t =   123.23s         Capturing element debug description
    t =   123.24s     Checking existence of `Any (First Match)`
    t =   123.25s Collecting debug information to assist test failure triage
    t =   123.25s     Requesting snapshot of accessibility hierarchy for app with pid 42405
    t =   123.27s Checking existence of `Any (First Match)`
    t =   123.28s Checking existence of `Any (First Match)`
    t =   123.28s Checking existence of `Any (First Match)`
    t =   123.29s Find the Any (First Match)
STEP[123s]: iter 1: done
    t =   123.30s Terminate org.nativescript.nsbenchmark:42405
STEP[124s]: iter 2: launch org.nativescript.nsbenchmark
    t =   124.30s Open org.nativescript.nsbenchmark
    t =   124.30s     Launch org.nativescript.nsbenchmark
    t =   124.41s         Setting up automation session
    t =   124.99s         Wait for org.nativescript.nsbenchmark to idle
    t =   126.16s Checking existence of `"Health" Button`
    t =   126.20s Waiting 20.0s for "Health" Button to exist
    t =   127.21s     Checking `Expect predicate `existsNoRetry == 1` for object "Health" Button`
    t =   127.21s         Checking existence of `"Health" Button`
STEP[127s]: iter 2: nav Health
    t =   127.23s Checking existence of `"Health" Button`
    t =   127.24s Tap "Health" Button
    t =   127.24s     Wait for org.nativescript.nsbenchmark to idle
    t =   127.24s     Find the "Health" Button
    t =   127.25s     Check for interrupting elements affecting "Health" Button
    t =   127.26s     Synthesize event
    t =   127.55s     Wait for org.nativescript.nsbenchmark to idle
    t =   128.38s Waiting 10.0s for Any (First Match) to exist
    t =   129.44s     Checking `Expect predicate `existsNoRetry == 1` for object Any (First Match)`
    t =   129.45s         Checking existence of `Any (First Match)`
    t =   129.47s Checking existence of `Any (First Match)`
    t =   129.48s Find the Any (First Match)
    t =   129.50s Checking existence of `"Health access: granted" StaticText`
    t =   129.50s Find the "Health access: granted" StaticText
    t =   129.51s Waiting 15.0s for Any (First Match) to exist
    t =   130.55s     Checking `Expect predicate `existsNoRetry == 1` for object Any (First Match)`
    t =   130.55s         Checking existence of `Any (First Match)`
    t =   130.57s Checking existence of `Any (First Match)`
    t =   130.58s Find the Any (First Match)
    t =   130.60s Checking existence of `"Log 500 Steps" Button`
    t =   130.61s Checking existence of `"Log 500 Steps" Button`
    t =   130.61s Find the "Log 500 Steps" Button
STEP[130s]: iter 2: log 500
    t =   130.63s Tap "Log 500 Steps" Button
    t =   130.63s     Wait for org.nativescript.nsbenchmark to idle
    t =   130.63s     Find the "Log 500 Steps" Button
    t =   130.64s     Check for interrupting elements affecting "Log 500 Steps" Button
    t =   130.65s     Synthesize event
    t =   130.94s     Wait for org.nativescript.nsbenchmark to idle
    t =   131.22s Checking existence of `"Sat Aug 1 — 38,000 steps (today)" StaticText`
    t =   131.24s Find the "Sat Aug 1 — 38,000 steps (today)" StaticText
    t =   131.25s Checking existence of `"Sat Aug 1 — 38,500 steps (today)" StaticText`
STEP[131s]: iter 2: go home
    t =   131.26s Checking existence of `"Transcribe" Button`
    t =   131.27s Checking existence of `"Health" Button`
    t =   131.28s Checking existence of `Any (First Match)`
    t =   131.29s Checking existence of `Button (Element at index 0)`
    t =   131.30s Find the Button (Element at index 0)
STEP[131s]: goHome: tapping candidate 0
    t =   131.32s Tap "BackButton" Button
    t =   131.32s     Wait for org.nativescript.nsbenchmark to idle
    t =   131.32s     Find the "BackButton" Button
    t =   131.33s     Check for interrupting elements affecting "BackButton" Button
    t =   131.34s     Synthesize event
    t =   131.63s     Wait for org.nativescript.nsbenchmark to idle
    t =   131.95s Checking existence of `"Transcribe" Button`
    t =   131.95s Waiting 3.0s for "Transcribe" Button to exist
    t =   132.99s     Checking `Expect predicate `existsNoRetry == 1` for object "Transcribe" Button`
    t =   132.99s         Checking existence of `"Transcribe" Button`
STEP[132s]: iter 2: nav Transcribe
    t =   133.01s Checking existence of `"Transcribe" Button`
    t =   133.02s Tap "Transcribe" Button
    t =   133.02s     Wait for org.nativescript.nsbenchmark to idle
    t =   133.02s     Find the "Transcribe" Button
    t =   133.03s     Check for interrupting elements affecting "Transcribe" Button
    t =   133.04s     Synthesize event
    t =   133.33s     Wait for org.nativescript.nsbenchmark to idle
    t =   134.12s Waiting 10.0s for Any (First Match) to exist
    t =   135.17s     Checking `Expect predicate `existsNoRetry == 1` for object Any (First Match)`
    t =   135.17s         Checking existence of `Any (First Match)`
    t =   135.20s Checking existence of `Any (First Match)`
    t =   135.21s Find the Any (First Match)
    t =   135.22s Checking existence of `"Speech access: granted" StaticText`
    t =   135.23s Find the "Speech access: granted" StaticText
    t =   135.24s Checking existence of `"Transcribe Sample" Button`
    t =   135.25s Checking existence of `"Transcribe Sample" Button`
    t =   135.26s Find the "Transcribe Sample" Button
STEP[135s]: iter 2: transcribe
    t =   135.27s Tap "Transcribe Sample" Button
    t =   135.27s     Wait for org.nativescript.nsbenchmark to idle
    t =   135.27s     Find the "Transcribe Sample" Button
    t =   135.28s     Check for interrupting elements affecting "Transcribe Sample" Button
    t =   135.29s     Synthesize event
    t =   135.58s     Wait for org.nativescript.nsbenchmark to idle
    t =   135.88s Waiting 45.0s for Any (First Match) to exist
    t =   136.89s     Checking `Expect predicate `existsNoRetry == 1` for object Any (First Match)`
    t =   136.89s         Checking existence of `Any (First Match)`
    t =   136.91s         Capturing element debug description
    t =   137.97s     Checking `Expect predicate `existsNoRetry == 1` for object Any (First Match)`
    t =   137.97s         Checking existence of `Any (First Match)`
    t =   137.99s         Capturing element debug description
    t =   138.89s     Checking `Expect predicate `existsNoRetry == 1` for object Any (First Match)`
    t =   138.89s         Checking existence of `Any (First Match)`
    t =   138.92s         Capturing element debug description
    t =   139.96s     Checking `Expect predicate `existsNoRetry == 1` for object Any (First Match)`
    t =   139.96s         Checking existence of `Any (First Match)`
    t =   139.98s         Capturing element debug description
    t =   140.89s     Checking `Expect predicate `existsNoRetry == 1` for object Any (First Match)`
    t =   140.89s         Checking existence of `Any (First Match)`
    t =   140.91s         Capturing element debug description
    t =   141.94s     Checking `Expect predicate `existsNoRetry == 1` for object Any (First Match)`
    t =   141.94s         Checking existence of `Any (First Match)`
    t =   141.96s         Capturing element debug description
    t =   142.92s     Checking `Expect predicate `existsNoRetry == 1` for object Any (First Match)`
    t =   142.92s         Checking existence of `Any (First Match)`
    t =   142.94s         Capturing element debug description
    t =   143.88s     Checking `Expect predicate `existsNoRetry == 1` for object Any (First Match)`
    t =   143.88s         Checking existence of `Any (First Match)`
    t =   143.90s         Capturing element debug description
    t =   144.94s     Checking `Expect predicate `existsNoRetry == 1` for object Any (First Match)`
    t =   144.94s         Checking existence of `Any (First Match)`
    t =   144.96s         Capturing element debug description
    t =   145.89s     Checking `Expect predicate `existsNoRetry == 1` for object Any (First Match)`
    t =   145.89s         Checking existence of `Any (First Match)`
    t =   145.91s         Capturing element debug description
    t =   146.96s     Checking `Expect predicate `existsNoRetry == 1` for object Any (First Match)`
    t =   146.96s         Checking existence of `Any (First Match)`
    t =   146.98s         Capturing element debug description
    t =   147.89s     Checking `Expect predicate `existsNoRetry == 1` for object Any (First Match)`
    t =   147.89s         Checking existence of `Any (First Match)`
    t =   147.91s         Capturing element debug description
    t =   148.94s     Checking `Expect predicate `existsNoRetry == 1` for object Any (First Match)`
    t =   148.94s         Checking existence of `Any (First Match)`
    t =   148.96s         Capturing element debug description
    t =   149.89s     Checking `Expect predicate `existsNoRetry == 1` for object Any (First Match)`
    t =   149.89s         Checking existence of `Any (First Match)`
    t =   149.91s         Capturing element debug description
    t =   150.95s     Checking `Expect predicate `existsNoRetry == 1` for object Any (First Match)`
    t =   150.95s         Checking existence of `Any (First Match)`
    t =   150.97s         Capturing element debug description
    t =   151.92s     Checking `Expect predicate `existsNoRetry == 1` for object Any (First Match)`
    t =   151.92s         Checking existence of `Any (First Match)`
    t =   151.94s         Capturing element debug description
    t =   152.89s     Checking `Expect predicate `existsNoRetry == 1` for object Any (First Match)`
    t =   152.89s         Checking existence of `Any (First Match)`
    t =   152.91s         Capturing element debug description
    t =   153.97s     Checking `Expect predicate `existsNoRetry == 1` for object Any (First Match)`
    t =   153.97s         Checking existence of `Any (First Match)`
    t =   153.99s         Capturing element debug description
    t =   154.94s     Checking `Expect predicate `existsNoRetry == 1` for object Any (First Match)`
    t =   154.94s         Checking existence of `Any (First Match)`
    t =   154.96s         Capturing element debug description
    t =   155.89s     Checking `Expect predicate `existsNoRetry == 1` for object Any (First Match)`
    t =   155.90s         Checking existence of `Any (First Match)`
    t =   155.92s         Capturing element debug description
    t =   156.97s     Checking `Expect predicate `existsNoRetry == 1` for object Any (First Match)`
    t =   156.97s         Checking existence of `Any (First Match)`
    t =   156.99s         Capturing element debug description
    t =   157.94s     Checking `Expect predicate `existsNoRetry == 1` for object Any (First Match)`
    t =   157.94s         Checking existence of `Any (First Match)`
    t =   157.96s         Capturing element debug description
    t =   158.89s     Checking `Expect predicate `existsNoRetry == 1` for object Any (First Match)`
    t =   158.89s         Checking existence of `Any (First Match)`
    t =   158.90s         Capturing element debug description
    t =   159.94s     Checking `Expect predicate `existsNoRetry == 1` for object Any (First Match)`
    t =   159.94s         Checking existence of `Any (First Match)`
    t =   159.96s         Capturing element debug description
    t =   160.89s     Checking `Expect predicate `existsNoRetry == 1` for object Any (First Match)`
    t =   160.89s         Checking existence of `Any (First Match)`
    t =   160.91s         Capturing element debug description
    t =   161.94s     Checking `Expect predicate `existsNoRetry == 1` for object Any (First Match)`
    t =   161.94s         Checking existence of `Any (First Match)`
    t =   161.96s         Capturing element debug description
    t =   162.92s     Checking `Expect predicate `existsNoRetry == 1` for object Any (First Match)`
    t =   162.92s         Checking existence of `Any (First Match)`
    t =   162.94s         Capturing element debug description
    t =   163.88s     Checking `Expect predicate `existsNoRetry == 1` for object Any (First Match)`
    t =   163.88s         Checking existence of `Any (First Match)`
    t =   163.91s         Capturing element debug description
    t =   164.97s     Checking `Expect predicate `existsNoRetry == 1` for object Any (First Match)`
    t =   164.97s         Checking existence of `Any (First Match)`
    t =   164.99s         Capturing element debug description
    t =   165.92s     Checking `Expect predicate `existsNoRetry == 1` for object Any (First Match)`
    t =   165.92s         Checking existence of `Any (First Match)`
    t =   165.94s         Capturing element debug description
    t =   166.88s     Checking `Expect predicate `existsNoRetry == 1` for object Any (First Match)`
    t =   166.88s         Checking existence of `Any (First Match)`
    t =   166.91s         Capturing element debug description
    t =   167.92s     Checking `Expect predicate `existsNoRetry == 1` for object Any (First Match)`
    t =   167.92s         Checking existence of `Any (First Match)`
    t =   167.93s         Capturing element debug description
    t =   168.96s     Checking `Expect predicate `existsNoRetry == 1` for object Any (First Match)`
    t =   168.96s         Checking existence of `Any (First Match)`
    t =   168.99s         Capturing element debug description
    t =   169.92s     Checking `Expect predicate `existsNoRetry == 1` for object Any (First Match)`
    t =   169.92s         Checking existence of `Any (First Match)`
    t =   169.94s         Capturing element debug description
    t =   170.88s     Checking `Expect predicate `existsNoRetry == 1` for object Any (First Match)`
    t =   170.88s         Checking existence of `Any (First Match)`
    t =   170.90s         Capturing element debug description
    t =   171.94s     Checking `Expect predicate `existsNoRetry == 1` for object Any (First Match)`
    t =   171.94s         Checking existence of `Any (First Match)`
    t =   171.96s         Capturing element debug description
    t =   172.88s     Checking `Expect predicate `existsNoRetry == 1` for object Any (First Match)`
    t =   172.88s         Checking existence of `Any (First Match)`
    t =   172.91s         Capturing element debug description
    t =   173.92s     Checking `Expect predicate `existsNoRetry == 1` for object Any (First Match)`
    t =   173.92s         Checking existence of `Any (First Match)`
    t =   173.94s         Capturing element debug description
    t =   174.89s     Checking `Expect predicate `existsNoRetry == 1` for object Any (First Match)`
    t =   174.90s         Checking existence of `Any (First Match)`
    t =   174.92s         Capturing element debug description
    t =   175.96s     Checking `Expect predicate `existsNoRetry == 1` for object Any (First Match)`
    t =   175.96s         Checking existence of `Any (First Match)`
    t =   175.98s         Capturing element debug description
    t =   176.94s     Checking `Expect predicate `existsNoRetry == 1` for object Any (First Match)`
    t =   176.94s         Checking existence of `Any (First Match)`
    t =   176.96s         Capturing element debug description
    t =   177.92s     Checking `Expect predicate `existsNoRetry == 1` for object Any (First Match)`
    t =   177.92s         Checking existence of `Any (First Match)`
    t =   177.93s         Capturing element debug description
    t =   178.97s     Checking `Expect predicate `existsNoRetry == 1` for object Any (First Match)`
    t =   178.97s         Checking existence of `Any (First Match)`
    t =   178.99s         Capturing element debug description
    t =   179.92s     Checking `Expect predicate `existsNoRetry == 1` for object Any (First Match)`
    t =   179.92s         Checking existence of `Any (First Match)`
    t =   179.94s         Capturing element debug description
    t =   180.88s     Checking `Expect predicate `existsNoRetry == 1` for object Any (First Match)`
    t =   180.88s         Checking existence of `Any (First Match)`
    t =   180.90s         Capturing element debug description
    t =   180.90s     Checking existence of `Any (First Match)`
    t =   180.91s Collecting debug information to assist test failure triage
    t =   180.91s     Requesting snapshot of accessibility hierarchy for app with pid 42439
    t =   180.93s Checking existence of `Any (First Match)`
    t =   180.94s Checking existence of `Any (First Match)`
    t =   180.95s Checking existence of `Any (First Match)`
    t =   180.96s Find the Any (First Match)
STEP[180s]: iter 2: done
    t =   180.96s Terminate org.nativescript.nsbenchmark:42439
PERFJSON:{"runs":[{"hk_log_roundtrip_ms":646,"nav_health_ms":2250,"iter":0,"hk_rows_ms":1079,"health_granted":true,"speech_state":"init_or_task_failed: Failed to initialize recognizer","speech_granted":true,"nav_transcribe_ms":2228},{"iter":1,"nav_transcribe_ms":2157,"speech_state":"init_or_task_failed: Failed to initialize recognizer","hk_log_roundtrip_ms":643,"health_granted":true,"nav_health_ms":2257,"hk_rows_ms":1083,"speech_granted":true},{"health_granted":true,"speech_state":"init_or_task_failed: Failed to initialize recognizer","hk_log_roundtrip_ms":635,"nav_health_ms":2246,"iter":2,"nav_transcribe_ms":2192,"speech_granted":true,"hk_rows_ms":1061}],"bundle_id":"org.nativescript.nsbenchmark"}
    t =   182.05s Tear Down
Test Case '-[UIDriverUITests.FeatureLatencyTests testFeatureLatencies]' passed (182.159 seconds).
Test Suite 'FeatureLatencyTests' passed at 2026-08-01 19:16:43.050.
	 Executed 1 test, with 0 failures (0 unexpected) in 182.159 (182.162) seconds
Test Suite 'InteropCaptureTests' started at 2026-08-01 19:16:43.051.
Test Case '-[UIDriverUITests.InteropCaptureTests testCaptureInteropResults]' started.
    t =     0.00s Start Test at 2026-08-01 19:16:43.052
    t =     0.01s Set Up
    t =     0.01s Open org.nativescript.nsbenchmark
    t =     0.01s     Launch org.nativescript.nsbenchmark
    t =     0.11s         Setting up automation session
    t =     0.69s         Wait for org.nativescript.nsbenchmark to idle
    t =     1.86s Waiting 240.0s for Any (First Match) to exist
    t =     2.89s     Checking `Expect predicate `existsNoRetry == 1` for object Any (First Match)`
    t =     2.89s         Checking existence of `Any (First Match)`
    t =     2.92s         Capturing element debug description
    t =     3.86s     Checking `Expect predicate `existsNoRetry == 1` for object Any (First Match)`
    t =     3.86s         Checking existence of `Any (First Match)`
    t =     3.88s         Capturing element debug description
    t =     4.92s     Checking `Expect predicate `existsNoRetry == 1` for object Any (First Match)`
    t =     4.92s         Checking existence of `Any (First Match)`
    t =     4.94s         Capturing element debug description
    t =     5.86s     Checking `Expect predicate `existsNoRetry == 1` for object Any (First Match)`
    t =     5.86s         Checking existence of `Any (First Match)`
    t =     5.86s         Capturing element debug description
    t =     6.89s     Checking `Expect predicate `existsNoRetry == 1` for object Any (First Match)`
    t =     6.89s         Checking existence of `Any (First Match)`
    t =     6.91s         Capturing element debug description
    t =     7.92s     Checking `Expect predicate `existsNoRetry == 1` for object Any (First Match)`
    t =     7.92s         Checking existence of `Any (First Match)`
    t =     7.94s         Capturing element debug description
    t =     8.86s     Checking `Expect predicate `existsNoRetry == 1` for object Any (First Match)`
    t =     8.86s         Checking existence of `Any (First Match)`
    t =     8.88s         Capturing element debug description
    t =     9.91s     Checking `Expect predicate `existsNoRetry == 1` for object Any (First Match)`
    t =     9.91s         Checking existence of `Any (First Match)`
    t =     9.93s         Capturing element debug description
    t =    10.86s     Checking `Expect predicate `existsNoRetry == 1` for object Any (First Match)`
    t =    10.86s         Checking existence of `Any (First Match)`
    t =    10.87s         Capturing element debug description
    t =    11.91s     Checking `Expect predicate `existsNoRetry == 1` for object Any (First Match)`
    t =    11.91s         Checking existence of `Any (First Match)`
    t =    11.93s         Capturing element debug description
    t =    12.86s     Checking `Expect predicate `existsNoRetry == 1` for object Any (First Match)`
    t =    12.86s         Checking existence of `Any (First Match)`
    t =    12.88s         Capturing element debug description
    t =    13.91s     Checking `Expect predicate `existsNoRetry == 1` for object Any (First Match)`
    t =    13.91s         Checking existence of `Any (First Match)`
    t =    13.93s         Capturing element debug description
    t =    14.86s     Checking `Expect predicate `existsNoRetry == 1` for object Any (First Match)`
    t =    14.86s         Checking existence of `Any (First Match)`
    t =    14.88s         Capturing element debug description
    t =    15.91s     Checking `Expect predicate `existsNoRetry == 1` for object Any (First Match)`
    t =    15.91s         Checking existence of `Any (First Match)`
    t =    15.93s         Capturing element debug description
    t =    16.86s     Checking `Expect predicate `existsNoRetry == 1` for object Any (First Match)`
    t =    16.86s         Checking existence of `Any (First Match)`
    t =    16.88s         Capturing element debug description
    t =    17.91s     Checking `Expect predicate `existsNoRetry == 1` for object Any (First Match)`
    t =    17.91s         Checking existence of `Any (First Match)`
    t =    17.93s         Capturing element debug description
    t =    18.86s     Checking `Expect predicate `existsNoRetry == 1` for object Any (First Match)`
    t =    18.86s         Checking existence of `Any (First Match)`
    t =    18.88s         Capturing element debug description
    t =    19.91s     Checking `Expect predicate `existsNoRetry == 1` for object Any (First Match)`
    t =    19.91s         Checking existence of `Any (First Match)`
    t =    19.93s         Capturing element debug description
    t =    20.86s     Checking `Expect predicate `existsNoRetry == 1` for object Any (First Match)`
    t =    20.86s         Checking existence of `Any (First Match)`
    t =    20.88s         Capturing element debug description
    t =    21.91s     Checking `Expect predicate `existsNoRetry == 1` for object Any (First Match)`
    t =    21.91s         Checking existence of `Any (First Match)`
    t =    21.93s         Capturing element debug description
    t =    22.86s     Checking `Expect predicate `existsNoRetry == 1` for object Any (First Match)`
    t =    22.86s         Checking existence of `Any (First Match)`
    t =    22.88s         Capturing element debug description
    t =    23.91s     Checking `Expect predicate `existsNoRetry == 1` for object Any (First Match)`
    t =    23.91s         Checking existence of `Any (First Match)`
    t =    23.93s         Capturing element debug description
    t =    24.86s     Checking `Expect predicate `existsNoRetry == 1` for object Any (First Match)`
    t =    24.86s         Checking existence of `Any (First Match)`
    t =    24.88s         Capturing element debug description
    t =    25.91s     Checking `Expect predicate `existsNoRetry == 1` for object Any (First Match)`
    t =    25.91s         Checking existence of `Any (First Match)`
    t =    25.93s         Capturing element debug description
    t =    26.86s     Checking `Expect predicate `existsNoRetry == 1` for object Any (First Match)`
    t =    26.86s         Checking existence of `Any (First Match)`
    t =    26.88s         Capturing element debug description
    t =    27.92s     Checking `Expect predicate `existsNoRetry == 1` for object Any (First Match)`
    t =    27.92s         Checking existence of `Any (First Match)`
    t =    27.94s         Capturing element debug description
    t =    28.88s     Checking `Expect predicate `existsNoRetry == 1` for object Any (First Match)`
    t =    28.88s         Checking existence of `Any (First Match)`
    t =    28.90s         Capturing element debug description
    t =    29.92s     Checking `Expect predicate `existsNoRetry == 1` for object Any (First Match)`
    t =    29.92s         Checking existence of `Any (First Match)`
    t =    29.93s         Capturing element debug description
    t =    30.86s     Checking `Expect predicate `existsNoRetry == 1` for object Any (First Match)`
    t =    30.86s         Checking existence of `Any (First Match)`
    t =    30.88s         Capturing element debug description
    t =    31.92s     Checking `Expect predicate `existsNoRetry == 1` for object Any (First Match)`
    t =    31.92s         Checking existence of `Any (First Match)`
    t =    31.94s         Capturing element debug description
    t =    32.87s     Checking `Expect predicate `existsNoRetry == 1` for object Any (First Match)`
    t =    32.87s         Checking existence of `Any (First Match)`
    t =    32.89s         Capturing element debug description
    t =    33.91s     Checking `Expect predicate `existsNoRetry == 1` for object Any (First Match)`
    t =    33.91s         Checking existence of `Any (First Match)`
    t =    33.92s         Capturing element debug description
    t =    34.94s     Checking `Expect predicate `existsNoRetry == 1` for object Any (First Match)`
    t =    34.95s         Checking existence of `Any (First Match)`
    t =    34.96s         Capturing element debug description
    t =    35.89s     Checking `Expect predicate `existsNoRetry == 1` for object Any (First Match)`
    t =    35.90s         Checking existence of `Any (First Match)`
    t =    35.91s         Capturing element debug description
    t =    36.86s     Checking `Expect predicate `existsNoRetry == 1` for object Any (First Match)`
    t =    36.86s         Checking existence of `Any (First Match)`
    t =    36.88s         Capturing element debug description
    t =    37.93s     Checking `Expect predicate `existsNoRetry == 1` for object Any (First Match)`
    t =    37.93s         Checking existence of `Any (First Match)`
    t =    37.95s         Capturing element debug description
    t =    38.89s     Checking `Expect predicate `existsNoRetry == 1` for object Any (First Match)`
    t =    38.89s         Checking existence of `Any (First Match)`
    t =    38.91s         Capturing element debug description
    t =    39.94s     Checking `Expect predicate `existsNoRetry == 1` for object Any (First Match)`
    t =    39.94s         Checking existence of `Any (First Match)`
    t =    39.96s         Capturing element debug description
    t =    40.89s     Checking `Expect predicate `existsNoRetry == 1` for object Any (First Match)`
    t =    40.89s         Checking existence of `Any (First Match)`
    t =    40.91s         Capturing element debug description
    t =    41.86s     Checking `Expect predicate `existsNoRetry == 1` for object Any (First Match)`
    t =    41.86s         Checking existence of `Any (First Match)`
    t =    41.88s         Capturing element debug description
    t =    42.91s     Checking `Expect predicate `existsNoRetry == 1` for object Any (First Match)`
    t =    42.91s         Checking existence of `Any (First Match)`
    t =    42.93s         Capturing element debug description
    t =    43.86s     Checking `Expect predicate `existsNoRetry == 1` for object Any (First Match)`
    t =    43.86s         Checking existence of `Any (First Match)`
    t =    43.87s         Capturing element debug description
    t =    44.89s     Checking `Expect predicate `existsNoRetry == 1` for object Any (First Match)`
    t =    44.89s         Checking existence of `Any (First Match)`
    t =    44.91s         Capturing element debug description
    t =    45.93s     Checking `Expect predicate `existsNoRetry == 1` for object Any (First Match)`
    t =    45.93s         Checking existence of `Any (First Match)`
    t =    45.95s         Capturing element debug description
    t =    46.88s     Checking `Expect predicate `existsNoRetry == 1` for object Any (First Match)`
    t =    46.88s         Checking existence of `Any (First Match)`
    t =    46.88s         Capturing element debug description
    t =    47.89s     Checking `Expect predicate `existsNoRetry == 1` for object Any (First Match)`
    t =    47.89s         Checking existence of `Any (First Match)`
    t =    47.91s         Capturing element debug description
    t =    48.94s     Checking `Expect predicate `existsNoRetry == 1` for object Any (First Match)`
    t =    48.94s         Checking existence of `Any (First Match)`
    t =    48.96s         Capturing element debug description
    t =    49.89s     Checking `Expect predicate `existsNoRetry == 1` for object Any (First Match)`
    t =    49.89s         Checking existence of `Any (First Match)`
    t =    49.91s         Capturing element debug description
    t =    50.93s     Checking `Expect predicate `existsNoRetry == 1` for object Any (First Match)`
    t =    50.93s         Checking existence of `Any (First Match)`
    t =    50.95s         Capturing element debug description
    t =    51.89s     Checking `Expect predicate `existsNoRetry == 1` for object Any (First Match)`
    t =    51.89s         Checking existence of `Any (First Match)`
    t =    51.91s         Capturing element debug description
    t =    52.93s     Checking `Expect predicate `existsNoRetry == 1` for object Any (First Match)`
    t =    52.93s         Checking existence of `Any (First Match)`
    t =    52.95s         Capturing element debug description
    t =    53.87s     Checking `Expect predicate `existsNoRetry == 1` for object Any (First Match)`
    t =    53.87s         Checking existence of `Any (First Match)`
    t =    53.89s         Capturing element debug description
    t =    54.91s     Checking `Expect predicate `existsNoRetry == 1` for object Any (First Match)`
    t =    54.91s         Checking existence of `Any (First Match)`
    t =    54.92s         Capturing element debug description
    t =    55.86s     Checking `Expect predicate `existsNoRetry == 1` for object Any (First Match)`
    t =    55.87s         Checking existence of `Any (First Match)`
    t =    55.89s         Capturing element debug description
    t =    56.89s     Checking `Expect predicate `existsNoRetry == 1` for object Any (First Match)`
    t =    56.89s         Checking existence of `Any (First Match)`
    t =    56.90s         Capturing element debug description
    t =    57.93s     Checking `Expect predicate `existsNoRetry == 1` for object Any (First Match)`
    t =    57.93s         Checking existence of `Any (First Match)`
    t =    57.95s         Capturing element debug description
    t =    58.86s     Checking `Expect predicate `existsNoRetry == 1` for object Any (First Match)`
    t =    58.87s         Checking existence of `Any (First Match)`
    t =    58.88s         Capturing element debug description
    t =    59.91s     Checking `Expect predicate `existsNoRetry == 1` for object Any (First Match)`
    t =    59.91s         Checking existence of `Any (First Match)`
    t =    59.93s         Capturing element debug description
    t =    60.86s     Checking `Expect predicate `existsNoRetry == 1` for object Any (First Match)`
    t =    60.86s         Checking existence of `Any (First Match)`
    t =    60.88s         Capturing element debug description
    t =    61.92s     Checking `Expect predicate `existsNoRetry == 1` for object Any (First Match)`
    t =    61.92s         Checking existence of `Any (First Match)`
    t =    61.94s         Capturing element debug description
    t =    62.89s     Checking `Expect predicate `existsNoRetry == 1` for object Any (First Match)`
    t =    62.89s         Checking existence of `Any (First Match)`
    t =    62.91s         Capturing element debug description
    t =    63.94s     Checking `Expect predicate `existsNoRetry == 1` for object Any (First Match)`
    t =    63.94s         Checking existence of `Any (First Match)`
    t =    63.95s         Capturing element debug description
    t =    64.88s     Checking `Expect predicate `existsNoRetry == 1` for object Any (First Match)`
    t =    64.88s         Checking existence of `Any (First Match)`
    t =    64.91s         Capturing element debug description
    t =    65.93s     Checking `Expect predicate `existsNoRetry == 1` for object Any (First Match)`
    t =    65.93s         Checking existence of `Any (First Match)`
    t =    65.95s         Capturing element debug description
    t =    66.87s     Checking `Expect predicate `existsNoRetry == 1` for object Any (First Match)`
    t =    66.87s         Checking existence of `Any (First Match)`
    t =    66.89s         Capturing element debug description
    t =    67.93s     Checking `Expect predicate `existsNoRetry == 1` for object Any (First Match)`
    t =    67.93s         Checking existence of `Any (First Match)`
    t =    67.95s         Capturing element debug description
    t =    68.87s     Checking `Expect predicate `existsNoRetry == 1` for object Any (First Match)`
    t =    68.87s         Checking existence of `Any (First Match)`
    t =    68.89s         Capturing element debug description
    t =    69.91s     Checking `Expect predicate `existsNoRetry == 1` for object Any (First Match)`
    t =    69.91s         Checking existence of `Any (First Match)`
    t =    69.92s         Capturing element debug description
    t =    70.86s     Checking `Expect predicate `existsNoRetry == 1` for object Any (First Match)`
    t =    70.86s         Checking existence of `Any (First Match)`
    t =    70.88s         Capturing element debug description
    t =    71.91s     Checking `Expect predicate `existsNoRetry == 1` for object Any (First Match)`
    t =    71.91s         Checking existence of `Any (First Match)`
    t =    71.93s         Capturing element debug description
    t =    72.86s     Checking `Expect predicate `existsNoRetry == 1` for object Any (First Match)`
    t =    72.86s         Checking existence of `Any (First Match)`
    t =    72.88s         Capturing element debug description
    t =    73.91s     Checking `Expect predicate `existsNoRetry == 1` for object Any (First Match)`
    t =    73.91s         Checking existence of `Any (First Match)`
    t =    73.93s         Capturing element debug description
    t =    74.86s     Checking `Expect predicate `existsNoRetry == 1` for object Any (First Match)`
    t =    74.86s         Checking existence of `Any (First Match)`
    t =    74.88s         Capturing element debug description
    t =    75.91s     Checking `Expect predicate `existsNoRetry == 1` for object Any (First Match)`
    t =    75.92s         Checking existence of `Any (First Match)`
    t =    75.93s         Capturing element debug description
    t =    76.86s     Checking `Expect predicate `existsNoRetry == 1` for object Any (First Match)`
    t =    76.86s         Checking existence of `Any (First Match)`
    t =    76.88s         Capturing element debug description
    t =    77.91s     Checking `Expect predicate `existsNoRetry == 1` for object Any (First Match)`
    t =    77.91s         Checking existence of `Any (First Match)`
    t =    77.93s         Capturing element debug description
    t =    78.94s     Checking `Expect predicate `existsNoRetry == 1` for object Any (First Match)`
    t =    78.95s         Checking existence of `Any (First Match)`
    t =    78.96s         Capturing element debug description
    t =    79.89s     Checking `Expect predicate `existsNoRetry == 1` for object Any (First Match)`
    t =    79.89s         Checking existence of `Any (First Match)`
    t =    79.91s         Capturing element debug description
    t =    80.94s     Checking `Expect predicate `existsNoRetry == 1` for object Any (First Match)`
    t =    80.94s         Checking existence of `Any (First Match)`
    t =    80.96s         Capturing element debug description
    t =    81.89s     Checking `Expect predicate `existsNoRetry == 1` for object Any (First Match)`
    t =    81.89s         Checking existence of `Any (First Match)`
    t =    81.91s         Capturing element debug description
    t =    82.86s     Checking `Expect predicate `existsNoRetry == 1` for object Any (First Match)`
    t =    82.86s         Checking existence of `Any (First Match)`
    t =    82.88s         Capturing element debug description
    t =    83.91s     Checking `Expect predicate `existsNoRetry == 1` for object Any (First Match)`
    t =    83.91s         Checking existence of `Any (First Match)`
    t =    83.93s         Capturing element debug description
    t =    84.87s     Checking `Expect predicate `existsNoRetry == 1` for object Any (First Match)`
    t =    84.87s         Checking existence of `Any (First Match)`
    t =    84.89s         Capturing element debug description
    t =    85.93s     Checking `Expect predicate `existsNoRetry == 1` for object Any (First Match)`
    t =    85.93s         Checking existence of `Any (First Match)`
    t =    85.95s         Capturing element debug description
    t =    86.89s     Checking `Expect predicate `existsNoRetry == 1` for object Any (First Match)`
    t =    86.89s         Checking existence of `Any (First Match)`
    t =    86.91s         Capturing element debug description
    t =    87.86s     Checking `Expect predicate `existsNoRetry == 1` for object Any (First Match)`
    t =    87.86s         Checking existence of `Any (First Match)`
    t =    87.88s         Capturing element debug description
    t =    88.91s     Checking `Expect predicate `existsNoRetry == 1` for object Any (First Match)`
    t =    88.92s         Checking existence of `Any (First Match)`
    t =    88.93s         Capturing element debug description
    t =    89.86s     Checking `Expect predicate `existsNoRetry == 1` for object Any (First Match)`
    t =    89.86s         Checking existence of `Any (First Match)`
    t =    89.88s         Capturing element debug description
    t =    90.91s     Checking `Expect predicate `existsNoRetry == 1` for object Any (First Match)`
    t =    90.91s         Checking existence of `Any (First Match)`
    t =    90.93s         Capturing element debug description
    t =    91.86s     Checking `Expect predicate `existsNoRetry == 1` for object Any (First Match)`
    t =    91.86s         Checking existence of `Any (First Match)`
    t =    91.88s         Capturing element debug description
    t =    92.92s     Checking `Expect predicate `existsNoRetry == 1` for object Any (First Match)`
    t =    92.92s         Checking existence of `Any (First Match)`
    t =    92.94s         Capturing element debug description
    t =    93.86s     Checking `Expect predicate `existsNoRetry == 1` for object Any (First Match)`
    t =    93.86s         Checking existence of `Any (First Match)`
    t =    93.88s         Capturing element debug description
    t =    94.91s     Checking `Expect predicate `existsNoRetry == 1` for object Any (First Match)`
    t =    94.91s         Checking existence of `Any (First Match)`
    t =    94.93s         Capturing element debug description
    t =    95.86s     Checking `Expect predicate `existsNoRetry == 1` for object Any (First Match)`
    t =    95.86s         Checking existence of `Any (First Match)`
    t =    95.88s         Capturing element debug description
    t =    96.92s     Checking `Expect predicate `existsNoRetry == 1` for object Any (First Match)`
    t =    96.92s         Checking existence of `Any (First Match)`
    t =    96.94s         Capturing element debug description
    t =    97.86s     Checking `Expect predicate `existsNoRetry == 1` for object Any (First Match)`
    t =    97.86s         Checking existence of `Any (First Match)`
    t =    97.87s         Capturing element debug description
    t =    98.89s     Checking `Expect predicate `existsNoRetry == 1` for object Any (First Match)`
    t =    98.89s         Checking existence of `Any (First Match)`
    t =    98.91s         Capturing element debug description
    t =    99.91s     Checking `Expect predicate `existsNoRetry == 1` for object Any (First Match)`
    t =    99.91s         Checking existence of `Any (First Match)`
    t =    99.92s         Capturing element debug description
    t =   100.86s     Checking `Expect predicate `existsNoRetry == 1` for object Any (First Match)`
    t =   100.86s         Checking existence of `Any (First Match)`
    t =   100.88s         Capturing element debug description
    t =   101.91s     Checking `Expect predicate `existsNoRetry == 1` for object Any (First Match)`
    t =   101.91s         Checking existence of `Any (First Match)`
    t =   101.92s         Capturing element debug description
    t =   102.88s     Checking `Expect predicate `existsNoRetry == 1` for object Any (First Match)`
    t =   102.88s         Checking existence of `Any (First Match)`
    t =   102.90s         Capturing element debug description
    t =   103.94s     Checking `Expect predicate `existsNoRetry == 1` for object Any (First Match)`
    t =   103.94s         Checking existence of `Any (First Match)`
    t =   103.95s         Capturing element debug description
    t =   104.91s     Checking `Expect predicate `existsNoRetry == 1` for object Any (First Match)`
    t =   104.91s         Checking existence of `Any (First Match)`
    t =   104.92s         Capturing element debug description
    t =   105.87s     Checking `Expect predicate `existsNoRetry == 1` for object Any (First Match)`
    t =   105.87s         Checking existence of `Any (First Match)`
    t =   105.88s         Capturing element debug description
    t =   106.95s     Checking `Expect predicate `existsNoRetry == 1` for object Any (First Match)`
    t =   106.95s         Checking existence of `Any (First Match)`
    t =   106.97s         Capturing element debug description
    t =   107.93s     Checking `Expect predicate `existsNoRetry == 1` for object Any (First Match)`
    t =   107.93s         Checking existence of `Any (First Match)`
    t =   107.93s         Capturing element debug description
    t =   108.89s     Checking `Expect predicate `existsNoRetry == 1` for object Any (First Match)`
    t =   108.90s         Checking existence of `Any (First Match)`
    t =   108.91s         Capturing element debug description
    t =   109.87s     Checking `Expect predicate `existsNoRetry == 1` for object Any (First Match)`
    t =   109.87s         Checking existence of `Any (First Match)`
    t =   109.88s         Capturing element debug description
    t =   110.95s     Checking `Expect predicate `existsNoRetry == 1` for object Any (First Match)`
    t =   110.95s         Checking existence of `Any (First Match)`
    t =   110.96s         Capturing element debug description
    t =   111.92s     Checking `Expect predicate `existsNoRetry == 1` for object Any (First Match)`
    t =   111.92s         Checking existence of `Any (First Match)`
    t =   111.94s         Capturing element debug description
    t =   112.90s     Checking `Expect predicate `existsNoRetry == 1` for object Any (First Match)`
    t =   112.90s         Checking existence of `Any (First Match)`
    t =   112.92s         Capturing element debug description
    t =   113.88s     Checking `Expect predicate `existsNoRetry == 1` for object Any (First Match)`
    t =   113.88s         Checking existence of `Any (First Match)`
    t =   113.89s         Capturing element debug description
    t =   114.86s     Checking `Expect predicate `existsNoRetry == 1` for object Any (First Match)`
    t =   114.86s         Checking existence of `Any (First Match)`
    t =   114.88s         Capturing element debug description
    t =   115.95s     Checking `Expect predicate `existsNoRetry == 1` for object Any (First Match)`
    t =   115.95s         Checking existence of `Any (First Match)`
    t =   115.97s         Capturing element debug description
    t =   116.93s     Checking `Expect predicate `existsNoRetry == 1` for object Any (First Match)`
    t =   116.93s         Checking existence of `Any (First Match)`
    t =   116.94s         Capturing element debug description
    t =   117.90s     Checking `Expect predicate `existsNoRetry == 1` for object Any (First Match)`
    t =   117.90s         Checking existence of `Any (First Match)`
    t =   117.92s         Capturing element debug description
    t =   118.88s     Checking `Expect predicate `existsNoRetry == 1` for object Any (First Match)`
    t =   118.88s         Checking existence of `Any (First Match)`
    t =   118.89s         Capturing element debug description
    t =   119.86s     Checking `Expect predicate `existsNoRetry == 1` for object Any (First Match)`
    t =   119.86s         Checking existence of `Any (First Match)`
    t =   119.88s         Capturing element debug description
    t =   120.94s     Checking `Expect predicate `existsNoRetry == 1` for object Any (First Match)`
    t =   120.94s         Checking existence of `Any (First Match)`
    t =   120.96s         Capturing element debug description
    t =   121.92s     Checking `Expect predicate `existsNoRetry == 1` for object Any (First Match)`
    t =   121.92s         Checking existence of `Any (First Match)`
    t =   121.94s         Capturing element debug description
    t =   122.90s     Checking `Expect predicate `existsNoRetry == 1` for object Any (First Match)`
    t =   122.90s         Checking existence of `Any (First Match)`
    t =   122.92s         Capturing element debug description
    t =   123.87s     Checking `Expect predicate `existsNoRetry == 1` for object Any (First Match)`
    t =   123.87s         Checking existence of `Any (First Match)`
    t =   123.89s         Capturing element debug description
    t =   124.86s     Checking `Expect predicate `existsNoRetry == 1` for object Any (First Match)`
    t =   124.86s         Checking existence of `Any (First Match)`
    t =   124.87s         Capturing element debug description
    t =   125.94s     Checking `Expect predicate `existsNoRetry == 1` for object Any (First Match)`
    t =   125.94s         Checking existence of `Any (First Match)`
    t =   125.96s         Capturing element debug description
    t =   126.92s     Checking `Expect predicate `existsNoRetry == 1` for object Any (First Match)`
    t =   126.92s         Checking existence of `Any (First Match)`
    t =   126.93s         Capturing element debug description
    t =   127.89s     Checking `Expect predicate `existsNoRetry == 1` for object Any (First Match)`
    t =   127.90s         Checking existence of `Any (First Match)`
    t =   127.91s         Capturing element debug description
    t =   128.87s     Checking `Expect predicate `existsNoRetry == 1` for object Any (First Match)`
    t =   128.87s         Checking existence of `Any (First Match)`
    t =   128.89s         Capturing element debug description
    t =   129.95s     Checking `Expect predicate `existsNoRetry == 1` for object Any (First Match)`
    t =   129.95s         Checking existence of `Any (First Match)`
    t =   129.97s         Capturing element debug description
    t =   130.93s     Checking `Expect predicate `existsNoRetry == 1` for object Any (First Match)`
    t =   130.93s         Checking existence of `Any (First Match)`
    t =   130.94s         Capturing element debug description
    t =   131.90s     Checking `Expect predicate `existsNoRetry == 1` for object Any (First Match)`
    t =   131.90s         Checking existence of `Any (First Match)`
    t =   131.92s         Capturing element debug description
    t =   132.88s     Checking `Expect predicate `existsNoRetry == 1` for object Any (First Match)`
    t =   132.88s         Checking existence of `Any (First Match)`
    t =   132.89s         Capturing element debug description
    t =   133.86s     Checking `Expect predicate `existsNoRetry == 1` for object Any (First Match)`
    t =   133.86s         Checking existence of `Any (First Match)`
    t =   133.88s         Capturing element debug description
    t =   134.95s     Checking `Expect predicate `existsNoRetry == 1` for object Any (First Match)`
    t =   134.95s         Checking existence of `Any (First Match)`
    t =   134.97s         Capturing element debug description
    t =   135.93s     Checking `Expect predicate `existsNoRetry == 1` for object Any (First Match)`
    t =   135.93s         Checking existence of `Any (First Match)`
    t =   135.94s         Capturing element debug description
    t =   136.90s     Checking `Expect predicate `existsNoRetry == 1` for object Any (First Match)`
    t =   136.90s         Checking existence of `Any (First Match)`
    t =   136.92s         Capturing element debug description
    t =   137.88s     Checking `Expect predicate `existsNoRetry == 1` for object Any (First Match)`
    t =   137.88s         Checking existence of `Any (First Match)`
    t =   137.90s         Capturing element debug description
    t =   138.87s     Checking `Expect predicate `existsNoRetry == 1` for object Any (First Match)`
    t =   138.87s         Checking existence of `Any (First Match)`
    t =   138.88s         Capturing element debug description
    t =   139.95s     Checking `Expect predicate `existsNoRetry == 1` for object Any (First Match)`
    t =   139.95s         Checking existence of `Any (First Match)`
    t =   139.97s         Capturing element debug description
    t =   140.93s     Checking `Expect predicate `existsNoRetry == 1` for object Any (First Match)`
    t =   140.93s         Checking existence of `Any (First Match)`
    t =   140.94s         Capturing element debug description
    t =   141.90s     Checking `Expect predicate `existsNoRetry == 1` for object Any (First Match)`
    t =   141.90s         Checking existence of `Any (First Match)`
    t =   141.92s         Capturing element debug description
    t =   142.88s     Checking `Expect predicate `existsNoRetry == 1` for object Any (First Match)`
    t =   142.88s         Checking existence of `Any (First Match)`
    t =   142.89s         Capturing element debug description
    t =   143.86s     Checking `Expect predicate `existsNoRetry == 1` for object Any (First Match)`
    t =   143.86s         Checking existence of `Any (First Match)`
    t =   143.88s         Capturing element debug description
    t =   144.94s     Checking `Expect predicate `existsNoRetry == 1` for object Any (First Match)`
    t =   144.94s         Checking existence of `Any (First Match)`
    t =   144.96s         Capturing element debug description
    t =   145.92s     Checking `Expect predicate `existsNoRetry == 1` for object Any (First Match)`
    t =   145.92s         Checking existence of `Any (First Match)`
    t =   145.94s         Capturing element debug description
    t =   146.89s     Checking `Expect predicate `existsNoRetry == 1` for object Any (First Match)`
    t =   146.90s         Checking existence of `Any (First Match)`
    t =   146.91s         Capturing element debug description
    t =   147.87s     Checking `Expect predicate `existsNoRetry == 1` for object Any (First Match)`
    t =   147.87s         Checking existence of `Any (First Match)`
    t =   147.88s         Capturing element debug description
    t =   148.95s     Checking `Expect predicate `existsNoRetry == 1` for object Any (First Match)`
    t =   148.95s         Checking existence of `Any (First Match)`
    t =   148.97s         Capturing element debug description
    t =   149.93s     Checking `Expect predicate `existsNoRetry == 1` for object Any (First Match)`
    t =   149.93s         Checking existence of `Any (First Match)`
    t =   149.94s         Capturing element debug description
    t =   150.90s     Checking `Expect predicate `existsNoRetry == 1` for object Any (First Match)`
    t =   150.90s         Checking existence of `Any (First Match)`
    t =   150.92s         Capturing element debug description
    t =   151.88s     Checking `Expect predicate `existsNoRetry == 1` for object Any (First Match)`
    t =   151.88s         Checking existence of `Any (First Match)`
    t =   151.89s         Capturing element debug description
    t =   152.87s     Checking `Expect predicate `existsNoRetry == 1` for object Any (First Match)`
    t =   152.87s         Checking existence of `Any (First Match)`
    t =   152.88s         Capturing element debug description
    t =   153.95s     Checking `Expect predicate `existsNoRetry == 1` for object Any (First Match)`
    t =   153.95s         Checking existence of `Any (First Match)`
    t =   153.97s         Capturing element debug description
    t =   154.93s     Checking `Expect predicate `existsNoRetry == 1` for object Any (First Match)`
    t =   154.93s         Checking existence of `Any (First Match)`
    t =   154.94s         Capturing element debug description
    t =   155.90s     Checking `Expect predicate `existsNoRetry == 1` for object Any (First Match)`
    t =   155.90s         Checking existence of `Any (First Match)`
    t =   155.92s         Capturing element debug description
    t =   156.88s     Checking `Expect predicate `existsNoRetry == 1` for object Any (First Match)`
    t =   156.88s         Checking existence of `Any (First Match)`
    t =   156.89s         Capturing element debug description
    t =   157.86s     Checking `Expect predicate `existsNoRetry == 1` for object Any (First Match)`
    t =   157.86s         Checking existence of `Any (First Match)`
    t =   157.88s         Capturing element debug description
    t =   158.94s     Checking `Expect predicate `existsNoRetry == 1` for object Any (First Match)`
    t =   158.94s         Checking existence of `Any (First Match)`
    t =   158.95s         Capturing element debug description
    t =   159.91s     Checking `Expect predicate `existsNoRetry == 1` for object Any (First Match)`
    t =   159.91s         Checking existence of `Any (First Match)`
    t =   159.93s         Capturing element debug description
    t =   160.89s     Checking `Expect predicate `existsNoRetry == 1` for object Any (First Match)`
    t =   160.89s         Checking existence of `Any (First Match)`
    t =   160.90s         Capturing element debug description
    t =   161.87s     Checking `Expect predicate `existsNoRetry == 1` for object Any (First Match)`
    t =   161.87s         Checking existence of `Any (First Match)`
    t =   161.88s         Capturing element debug description
    t =   162.95s     Checking `Expect predicate `existsNoRetry == 1` for object Any (First Match)`
    t =   162.95s         Checking existence of `Any (First Match)`
    t =   162.97s         Capturing element debug description
    t =   163.93s     Checking `Expect predicate `existsNoRetry == 1` for object Any (First Match)`
    t =   163.93s         Checking existence of `Any (First Match)`
    t =   163.95s         Capturing element debug description
    t =   164.91s     Checking `Expect predicate `existsNoRetry == 1` for object Any (First Match)`
    t =   164.91s         Checking existence of `Any (First Match)`
    t =   164.92s         Capturing element debug description
    t =   165.88s     Checking `Expect predicate `existsNoRetry == 1` for object Any (First Match)`
    t =   165.88s         Checking existence of `Any (First Match)`
    t =   165.90s         Capturing element debug description
    t =   166.87s     Checking `Expect predicate `existsNoRetry == 1` for object Any (First Match)`
    t =   166.87s         Checking existence of `Any (First Match)`
    t =   166.88s         Capturing element debug description
    t =   167.95s     Checking `Expect predicate `existsNoRetry == 1` for object Any (First Match)`
    t =   167.95s         Checking existence of `Any (First Match)`
    t =   167.97s         Capturing element debug description
    t =   168.93s     Checking `Expect predicate `existsNoRetry == 1` for object Any (First Match)`
    t =   168.93s         Checking existence of `Any (First Match)`
    t =   168.94s         Capturing element debug description
    t =   169.90s     Checking `Expect predicate `existsNoRetry == 1` for object Any (First Match)`
    t =   169.90s         Checking existence of `Any (First Match)`
    t =   169.92s         Capturing element debug description
    t =   170.88s     Checking `Expect predicate `existsNoRetry == 1` for object Any (First Match)`
    t =   170.88s         Checking existence of `Any (First Match)`
    t =   170.89s         Capturing element debug description
    t =   171.86s     Checking `Expect predicate `existsNoRetry == 1` for object Any (First Match)`
    t =   171.86s         Checking existence of `Any (First Match)`
    t =   171.88s         Capturing element debug description
    t =   172.94s     Checking `Expect predicate `existsNoRetry == 1` for object Any (First Match)`
    t =   172.94s         Checking existence of `Any (First Match)`
    t =   172.96s         Capturing element debug description
    t =   173.92s     Checking `Expect predicate `existsNoRetry == 1` for object Any (First Match)`
    t =   173.92s         Checking existence of `Any (First Match)`
    t =   173.93s         Capturing element debug description
    t =   174.89s     Checking `Expect predicate `existsNoRetry == 1` for object Any (First Match)`
    t =   174.89s         Checking existence of `Any (First Match)`
    t =   174.91s         Capturing element debug description
    t =   175.87s     Checking `Expect predicate `existsNoRetry == 1` for object Any (First Match)`
    t =   175.87s         Checking existence of `Any (First Match)`
    t =   175.89s         Capturing element debug description
    t =   176.95s     Checking `Expect predicate `existsNoRetry == 1` for object Any (First Match)`
    t =   176.95s         Checking existence of `Any (First Match)`
    t =   176.97s         Capturing element debug description
    t =   177.93s     Checking `Expect predicate `existsNoRetry == 1` for object Any (First Match)`
    t =   177.93s         Checking existence of `Any (First Match)`
    t =   177.94s         Capturing element debug description
    t =   178.90s     Checking `Expect predicate `existsNoRetry == 1` for object Any (First Match)`
    t =   178.90s         Checking existence of `Any (First Match)`
    t =   178.92s         Capturing element debug description
    t =   179.88s     Checking `Expect predicate `existsNoRetry == 1` for object Any (First Match)`
    t =   179.88s         Checking existence of `Any (First Match)`
    t =   179.89s         Capturing element debug description
    t =   180.86s     Checking `Expect predicate `existsNoRetry == 1` for object Any (First Match)`
    t =   180.86s         Checking existence of `Any (First Match)`
    t =   180.88s         Capturing element debug description
    t =   181.94s     Checking `Expect predicate `existsNoRetry == 1` for object Any (First Match)`
    t =   181.94s         Checking existence of `Any (First Match)`
    t =   181.96s         Capturing element debug description
    t =   182.92s     Checking `Expect predicate `existsNoRetry == 1` for object Any (First Match)`
    t =   182.92s         Checking existence of `Any (First Match)`
    t =   182.93s         Capturing element debug description
    t =   183.89s     Checking `Expect predicate `existsNoRetry == 1` for object Any (First Match)`
    t =   183.89s         Checking existence of `Any (First Match)`
    t =   183.91s         Capturing element debug description
    t =   184.87s     Checking `Expect predicate `existsNoRetry == 1` for object Any (First Match)`
    t =   184.87s         Checking existence of `Any (First Match)`
    t =   184.89s         Capturing element debug description
    t =   185.86s     Checking `Expect predicate `existsNoRetry == 1` for object Any (First Match)`
    t =   185.86s         Checking existence of `Any (First Match)`
    t =   185.87s         Capturing element debug description
    t =   186.94s     Checking `Expect predicate `existsNoRetry == 1` for object Any (First Match)`
    t =   186.94s         Checking existence of `Any (First Match)`
    t =   186.96s         Capturing element debug description
    t =   187.92s     Checking `Expect predicate `existsNoRetry == 1` for object Any (First Match)`
    t =   187.92s         Checking existence of `Any (First Match)`
    t =   187.94s         Capturing element debug description
    t =   188.89s     Checking `Expect predicate `existsNoRetry == 1` for object Any (First Match)`
    t =   188.89s         Checking existence of `Any (First Match)`
    t =   188.91s         Capturing element debug description
    t =   189.87s     Checking `Expect predicate `existsNoRetry == 1` for object Any (First Match)`
    t =   189.87s         Checking existence of `Any (First Match)`
    t =   189.89s         Capturing element debug description
    t =   190.95s     Checking `Expect predicate `existsNoRetry == 1` for object Any (First Match)`
    t =   190.95s         Checking existence of `Any (First Match)`
    t =   190.97s         Capturing element debug description
    t =   191.93s     Checking `Expect predicate `existsNoRetry == 1` for object Any (First Match)`
    t =   191.93s         Checking existence of `Any (First Match)`
    t =   191.94s         Capturing element debug description
    t =   192.90s     Checking `Expect predicate `existsNoRetry == 1` for object Any (First Match)`
    t =   192.90s         Checking existence of `Any (First Match)`
    t =   192.92s         Capturing element debug description
    t =   193.88s     Checking `Expect predicate `existsNoRetry == 1` for object Any (First Match)`
    t =   193.88s         Checking existence of `Any (First Match)`
    t =   193.89s         Capturing element debug description
    t =   194.86s     Checking `Expect predicate `existsNoRetry == 1` for object Any (First Match)`
    t =   194.86s         Checking existence of `Any (First Match)`
    t =   194.88s         Capturing element debug description
    t =   195.94s     Checking `Expect predicate `existsNoRetry == 1` for object Any (First Match)`
    t =   195.94s         Checking existence of `Any (First Match)`
    t =   195.96s         Capturing element debug description
    t =   196.92s     Checking `Expect predicate `existsNoRetry == 1` for object Any (First Match)`
    t =   196.92s         Checking existence of `Any (First Match)`
    t =   196.93s         Capturing element debug description
    t =   197.89s     Checking `Expect predicate `existsNoRetry == 1` for object Any (First Match)`
    t =   197.89s         Checking existence of `Any (First Match)`
    t =   197.91s         Capturing element debug description
    t =   198.87s     Checking `Expect predicate `existsNoRetry == 1` for object Any (First Match)`
    t =   198.87s         Checking existence of `Any (First Match)`
    t =   198.89s         Capturing element debug description
    t =   199.86s     Checking `Expect predicate `existsNoRetry == 1` for object Any (First Match)`
    t =   199.86s         Checking existence of `Any (First Match)`
    t =   199.87s         Capturing element debug description
    t =   200.93s     Checking `Expect predicate `existsNoRetry == 1` for object Any (First Match)`
    t =   200.94s         Checking existence of `Any (First Match)`
    t =   200.95s         Capturing element debug description
    t =   201.91s     Checking `Expect predicate `existsNoRetry == 1` for object Any (First Match)`
    t =   201.91s         Checking existence of `Any (First Match)`
    t =   201.93s         Capturing element debug description
    t =   202.88s     Checking `Expect predicate `existsNoRetry == 1` for object Any (First Match)`
    t =   202.89s         Checking existence of `Any (First Match)`
    t =   202.90s         Capturing element debug description
    t =   203.87s     Checking `Expect predicate `existsNoRetry == 1` for object Any (First Match)`
    t =   203.87s         Checking existence of `Any (First Match)`
    t =   203.88s         Capturing element debug description
    t =   204.95s     Checking `Expect predicate `existsNoRetry == 1` for object Any (First Match)`
    t =   204.95s         Checking existence of `Any (First Match)`
    t =   204.97s         Capturing element debug description
    t =   205.93s     Checking `Expect predicate `existsNoRetry == 1` for object Any (First Match)`
    t =   205.93s         Checking existence of `Any (First Match)`
    t =   205.94s         Capturing element debug description
    t =   206.90s     Checking `Expect predicate `existsNoRetry == 1` for object Any (First Match)`
    t =   206.90s         Checking existence of `Any (First Match)`
    t =   206.92s         Capturing element debug description
    t =   207.88s     Checking `Expect predicate `existsNoRetry == 1` for object Any (First Match)`
    t =   207.88s         Checking existence of `Any (First Match)`
    t =   207.89s         Capturing element debug description
    t =   208.86s     Checking `Expect predicate `existsNoRetry == 1` for object Any (First Match)`
    t =   208.86s         Checking existence of `Any (First Match)`
    t =   208.88s         Capturing element debug description
    t =   209.94s     Checking `Expect predicate `existsNoRetry == 1` for object Any (First Match)`
    t =   209.94s         Checking existence of `Any (First Match)`
    t =   209.95s         Capturing element debug description
    t =   210.91s     Checking `Expect predicate `existsNoRetry == 1` for object Any (First Match)`
    t =   210.91s         Checking existence of `Any (First Match)`
    t =   210.93s         Capturing element debug description
    t =   211.89s     Checking `Expect predicate `existsNoRetry == 1` for object Any (First Match)`
    t =   211.89s         Checking existence of `Any (First Match)`
    t =   211.89s         Capturing element debug description
    t =   212.86s     Checking `Expect predicate `existsNoRetry == 1` for object Any (First Match)`
    t =   212.86s         Checking existence of `Any (First Match)`
    t =   212.88s         Capturing element debug description
    t =   213.94s     Checking `Expect predicate `existsNoRetry == 1` for object Any (First Match)`
    t =   213.94s         Checking existence of `Any (First Match)`
    t =   213.96s         Capturing element debug description
    t =   214.92s     Checking `Expect predicate `existsNoRetry == 1` for object Any (First Match)`
    t =   214.92s         Checking existence of `Any (First Match)`
    t =   214.94s         Capturing element debug description
    t =   215.90s     Checking `Expect predicate `existsNoRetry == 1` for object Any (First Match)`
    t =   215.90s         Checking existence of `Any (First Match)`
    t =   215.92s         Capturing element debug description
    t =   216.88s     Checking `Expect predicate `existsNoRetry == 1` for object Any (First Match)`
    t =   216.88s         Checking existence of `Any (First Match)`
    t =   216.89s         Capturing element debug description
    t =   217.86s     Checking `Expect predicate `existsNoRetry == 1` for object Any (First Match)`
    t =   217.86s         Checking existence of `Any (First Match)`
    t =   217.88s         Capturing element debug description
    t =   218.94s     Checking `Expect predicate `existsNoRetry == 1` for object Any (First Match)`
    t =   218.94s         Checking existence of `Any (First Match)`
    t =   218.96s         Capturing element debug description
    t =   219.92s     Checking `Expect predicate `existsNoRetry == 1` for object Any (First Match)`
    t =   219.92s         Checking existence of `Any (First Match)`
    t =   219.93s         Capturing element debug description
    t =   220.89s     Checking `Expect predicate `existsNoRetry == 1` for object Any (First Match)`
    t =   220.89s         Checking existence of `Any (First Match)`
    t =   220.91s         Capturing element debug description
    t =   221.87s     Checking `Expect predicate `existsNoRetry == 1` for object Any (First Match)`
    t =   221.87s         Checking existence of `Any (First Match)`
    t =   221.88s         Capturing element debug description
    t =   222.95s     Checking `Expect predicate `existsNoRetry == 1` for object Any (First Match)`
    t =   222.95s         Checking existence of `Any (First Match)`
    t =   222.97s         Capturing element debug description
    t =   223.93s     Checking `Expect predicate `existsNoRetry == 1` for object Any (First Match)`
    t =   223.93s         Checking existence of `Any (First Match)`
    t =   223.94s         Capturing element debug description
    t =   224.90s     Checking `Expect predicate `existsNoRetry == 1` for object Any (First Match)`
    t =   224.90s         Checking existence of `Any (First Match)`
    t =   224.92s         Capturing element debug description
    t =   225.88s     Checking `Expect predicate `existsNoRetry == 1` for object Any (First Match)`
    t =   225.88s         Checking existence of `Any (First Match)`
    t =   225.89s         Capturing element debug description
    t =   226.86s     Checking `Expect predicate `existsNoRetry == 1` for object Any (First Match)`
    t =   226.86s         Checking existence of `Any (First Match)`
    t =   226.88s         Capturing element debug description
    t =   227.94s     Checking `Expect predicate `existsNoRetry == 1` for object Any (First Match)`
    t =   227.94s         Checking existence of `Any (First Match)`
    t =   227.96s         Capturing element debug description
    t =   228.92s     Checking `Expect predicate `existsNoRetry == 1` for object Any (First Match)`
    t =   228.92s         Checking existence of `Any (First Match)`
    t =   228.94s         Capturing element debug description
    t =   229.90s     Checking `Expect predicate `existsNoRetry == 1` for object Any (First Match)`
    t =   229.90s         Checking existence of `Any (First Match)`
    t =   229.92s         Capturing element debug description
    t =   230.88s     Checking `Expect predicate `existsNoRetry == 1` for object Any (First Match)`
    t =   230.88s         Checking existence of `Any (First Match)`
    t =   230.89s         Capturing element debug description
    t =   231.86s     Checking `Expect predicate `existsNoRetry == 1` for object Any (First Match)`
    t =   231.86s         Checking existence of `Any (First Match)`
    t =   231.88s         Capturing element debug description
    t =   232.94s     Checking `Expect predicate `existsNoRetry == 1` for object Any (First Match)`
    t =   232.94s         Checking existence of `Any (First Match)`
    t =   232.96s         Capturing element debug description
    t =   233.92s     Checking `Expect predicate `existsNoRetry == 1` for object Any (First Match)`
    t =   233.92s         Checking existence of `Any (First Match)`
    t =   233.94s         Capturing element debug description
    t =   234.89s     Checking `Expect predicate `existsNoRetry == 1` for object Any (First Match)`
    t =   234.89s         Checking existence of `Any (First Match)`
    t =   234.91s         Capturing element debug description
    t =   235.87s     Checking `Expect predicate `existsNoRetry == 1` for object Any (First Match)`
    t =   235.87s         Checking existence of `Any (First Match)`
    t =   235.89s         Capturing element debug description
    t =   236.95s     Checking `Expect predicate `existsNoRetry == 1` for object Any (First Match)`
    t =   236.95s         Checking existence of `Any (First Match)`
    t =   236.97s         Capturing element debug description
    t =   237.93s     Checking `Expect predicate `existsNoRetry == 1` for object Any (First Match)`
    t =   237.93s         Checking existence of `Any (First Match)`
    t =   237.94s         Capturing element debug description
    t =   238.90s     Checking `Expect predicate `existsNoRetry == 1` for object Any (First Match)`
    t =   238.90s         Checking existence of `Any (First Match)`
    t =   238.92s         Capturing element debug description
    t =   239.88s     Checking `Expect predicate `existsNoRetry == 1` for object Any (First Match)`
    t =   239.88s         Checking existence of `Any (First Match)`
    t =   239.89s         Capturing element debug description
    t =   240.87s     Checking `Expect predicate `existsNoRetry == 1` for object Any (First Match)`
    t =   240.87s         Checking existence of `Any (First Match)`
    t =   240.88s         Capturing element debug description
    t =   241.86s     Checking `Expect predicate `existsNoRetry == 1` for object Any (First Match)`
    t =   241.86s         Checking existence of `Any (First Match)`
    t =   241.88s         Capturing element debug description
    t =   241.95s     Checking existence of `Any (First Match)`
    t =   241.96s Collecting debug information to assist test failure triage
    t =   241.97s     Requesting snapshot of accessibility hierarchy for app with pid 42493
    t =   242.00s Checking existence of `Any (First Match)`
/Users/nstudio/Documents/github/NathanWalker/token-economics/harness/perf/uidriver/InteropCaptureTests.swift:24: error: -[UIDriverUITests.InteropCaptureTests testCaptureInteropResults] : failed - no INTEROPJSON element within 240s; last status: unknown
    t =   242.04s Tear Down
Test Case '-[UIDriverUITests.InteropCaptureTests testCaptureInteropResults]' failed (242.262 seconds).
Test Suite 'InteropCaptureTests' failed at 2026-08-01 19:20:45.314.
	 Executed 1 test, with 1 failure (0 unexpected) in 242.262 (242.263) seconds
Test Suite 'UIDriverUITests.xctest' failed at 2026-08-01 19:20:45.315.
	 Executed 2 tests, with 1 failure (0 unexpected) in 424.421 (424.427) seconds
Test Suite 'All tests' failed at 2026-08-01 19:20:45.316.
	 Executed 2 tests, with 1 failure (0 unexpected) in 424.421 (424.429) seconds
2026-08-01 19:20:54.578 xcodebuild[42355:30530442] [MT] IDETestOperationsObserverDebug: 435.198 elapsed -- Testing started completed.
2026-08-01 19:20:54.578 xcodebuild[42355:30530442] [MT] IDETestOperationsObserverDebug: 0.000 sec, +0.000 sec -- start
2026-08-01 19:20:54.578 xcodebuild[42355:30530442] [MT] IDETestOperationsObserverDebug: 435.198 sec, +435.198 sec -- end

Test session results, code coverage, and logs:
	/Users/nstudio/Library/Developer/Xcode/DerivedData/UIDriver-ekqcqbpucoqmcgbikewqdmafsmmj/Logs/Test/Test-UIDriver-2026.08.01_19-13-38--0700.xcresult

Failing tests:
	InteropCaptureTests.testCaptureInteropResults()

** TEST FAILED **

Testing started
