Command line invocation:
    /Applications/Xcode.app/Contents/Developer/usr/bin/xcodebuild test -project UIDriver.xcodeproj -scheme UIDriver -destination id=7DFF2660-A10C-449E-867A-92863D91663B

--- xcodebuild: WARNING: Using the first of multiple matching destinations:
{ platform:iOS Simulator, arch:arm64, id:7DFF2660-A10C-449E-867A-92863D91663B, OS:26.5, name:iPhone 17 Pro }
{ platform:iOS Simulator, arch:x86_64, id:7DFF2660-A10C-449E-867A-92863D91663B, OS:26.5, name:iPhone 17 Pro }
ComputePackagePrebuildTargetDependencyGraph

Prepare packages

CreateBuildRequest

SendProjectDescription

CreateBuildOperation

ComputeTargetDependencyGraph
note: Building targets in dependency order
note: Target dependency graph (1 target)
    Target 'UIDriverUITests' in project 'UIDriver' (no dependencies)

GatherProvisioningInputs

CreateBuildDescription

ClangStatCache /Applications/Xcode.app/Contents/Developer/Toolchains/XcodeDefault.xctoolchain/usr/bin/clang-stat-cache /Applications/Xcode.app/Contents/Developer/Platforms/iPhoneSimulator.platform/Developer/SDKs/iPhoneSimulator26.5.sdk /Users/nstudio/Library/Developer/Xcode/DerivedData/SDKStatCaches.noindex/iphonesimulator26.5-23F73-688ef53f1462e2c8f657fdc38a81448f6cfe768891a92b912361537c460fe42b.sdkstatcache
    cd /Users/nstudio/Documents/github/NathanWalker/token-economics/harness/perf/uidriver/UIDriver.xcodeproj
    /Applications/Xcode.app/Contents/Developer/Toolchains/XcodeDefault.xctoolchain/usr/bin/clang-stat-cache /Applications/Xcode.app/Contents/Developer/Platforms/iPhoneSimulator.platform/Developer/SDKs/iPhoneSimulator26.5.sdk -o /Users/nstudio/Library/Developer/Xcode/DerivedData/SDKStatCaches.noindex/iphonesimulator26.5-23F73-688ef53f1462e2c8f657fdc38a81448f6cfe768891a92b912361537c460fe42b.sdkstatcache

ProcessInfoPlistFile /Users/nstudio/Library/Developer/Xcode/DerivedData/UIDriver-ekqcqbpucoqmcgbikewqdmafsmmj/Build/Products/Debug-iphonesimulator/UIDriverUITests-Runner.app/PlugIns/UIDriverUITests.xctest/Info.plist /Users/nstudio/Library/Developer/Xcode/DerivedData/UIDriver-ekqcqbpucoqmcgbikewqdmafsmmj/Build/Intermediates.noindex/UIDriver.build/Debug-iphonesimulator/UIDriverUITests.build/empty-UIDriverUITests.plist (in target 'UIDriverUITests' from project 'UIDriver')
    cd /Users/nstudio/Documents/github/NathanWalker/token-economics/harness/perf/uidriver
    builtin-infoPlistUtility /Users/nstudio/Library/Developer/Xcode/DerivedData/UIDriver-ekqcqbpucoqmcgbikewqdmafsmmj/Build/Intermediates.noindex/UIDriver.build/Debug-iphonesimulator/UIDriverUITests.build/empty-UIDriverUITests.plist -producttype com.apple.product-type.bundle.ui-testing -expandbuildsettings -format binary -platform iphonesimulator -additionalcontentfile /Users/nstudio/Library/Developer/Xcode/DerivedData/UIDriver-ekqcqbpucoqmcgbikewqdmafsmmj/Build/Intermediates.noindex/UIDriver.build/Debug-iphonesimulator/UIDriverUITests.build/ProductTypeInfoPlistAdditions.plist -o /Users/nstudio/Library/Developer/Xcode/DerivedData/UIDriver-ekqcqbpucoqmcgbikewqdmafsmmj/Build/Products/Debug-iphonesimulator/UIDriverUITests-Runner.app/PlugIns/UIDriverUITests.xctest/Info.plist

CopySwiftLibs /Users/nstudio/Library/Developer/Xcode/DerivedData/UIDriver-ekqcqbpucoqmcgbikewqdmafsmmj/Build/Products/Debug-iphonesimulator/UIDriverUITests-Runner.app/PlugIns/UIDriverUITests.xctest (in target 'UIDriverUITests' from project 'UIDriver')
    cd /Users/nstudio/Documents/github/NathanWalker/token-economics/harness/perf/uidriver
    builtin-swiftStdLibTool --copy --verbose --scan-executable /Users/nstudio/Library/Developer/Xcode/DerivedData/UIDriver-ekqcqbpucoqmcgbikewqdmafsmmj/Build/Products/Debug-iphonesimulator/UIDriverUITests-Runner.app/PlugIns/UIDriverUITests.xctest/UIDriverUITests --scan-folder /Users/nstudio/Library/Developer/Xcode/DerivedData/UIDriver-ekqcqbpucoqmcgbikewqdmafsmmj/Build/Products/Debug-iphonesimulator/UIDriverUITests-Runner.app/PlugIns/UIDriverUITests.xctest/Frameworks --scan-folder /Users/nstudio/Library/Developer/Xcode/DerivedData/UIDriver-ekqcqbpucoqmcgbikewqdmafsmmj/Build/Products/Debug-iphonesimulator/UIDriverUITests-Runner.app/PlugIns/UIDriverUITests.xctest/PlugIns --scan-folder /Users/nstudio/Library/Developer/Xcode/DerivedData/UIDriver-ekqcqbpucoqmcgbikewqdmafsmmj/Build/Products/Debug-iphonesimulator/UIDriverUITests-Runner.app/PlugIns/UIDriverUITests.xctest/SystemExtensions --scan-folder /Users/nstudio/Library/Developer/Xcode/DerivedData/UIDriver-ekqcqbpucoqmcgbikewqdmafsmmj/Build/Products/Debug-iphonesimulator/UIDriverUITests-Runner.app/PlugIns/UIDriverUITests.xctest/Extensions --platform iphonesimulator --toolchain /var/run/com.apple.security.cryptexd/mnt/com.apple.MobileAsset.MetalToolchain-v17.6.42.0.xRBJyY/Metal.xctoolchain --toolchain /Applications/Xcode.app/Contents/Developer/Toolchains/XcodeDefault.xctoolchain --destination /Users/nstudio/Library/Developer/Xcode/DerivedData/UIDriver-ekqcqbpucoqmcgbikewqdmafsmmj/Build/Products/Debug-iphonesimulator/UIDriverUITests-Runner.app/PlugIns/UIDriverUITests.xctest/Frameworks --strip-bitcode --scan-executable /Applications/Xcode.app/Contents/Developer/Platforms/iPhoneSimulator.platform/Developer/usr/lib/libXCTestSwiftSupport.dylib --strip-bitcode-tool /Applications/Xcode.app/Contents/Developer/Toolchains/XcodeDefault.xctoolchain/usr/bin/bitcode_strip --emit-dependency-info /Users/nstudio/Library/Developer/Xcode/DerivedData/UIDriver-ekqcqbpucoqmcgbikewqdmafsmmj/Build/Intermediates.noindex/UIDriver.build/Debug-iphonesimulator/UIDriverUITests.build/SwiftStdLibToolInputDependencies.dep --filter-for-swift-os
Ignoring --strip-bitcode because --sign was not passed

2026-08-01 19:36:15.654047-0700 UIDriverUITests-Runner[43434:30579494] [Default] Running tests...
    t =      nans Interface orientation changed to Portrait
Test Suite 'All tests' started at 2026-08-01 19:36:16.229.
Test Suite 'UIDriverUITests.xctest' started at 2026-08-01 19:36:16.229.
Test Suite 'FeatureLatencyTests' started at 2026-08-01 19:36:16.229.
Test Case '-[UIDriverUITests.FeatureLatencyTests testFeatureLatencies]' started.
    t =     0.00s Start Test at 2026-08-01 19:36:16.230
    t =     0.02s Set Up
STEP[0s]: iter 0: launch com.nstudio.expobenchmark
    t =     0.02s Open com.nstudio.expobenchmark
    t =     0.02s     Launch com.nstudio.expobenchmark
    t =     0.11s         Setting up automation session
objc[43434]: Class UIAccessibilityLoaderWebShared is implemented in both /Library/Developer/CoreSimulator/Volumes/iOS_23F77/Library/Developer/CoreSimulator/Profiles/Runtimes/iOS 26.5.simruntime/Contents/Resources/RuntimeRoot/System/Library/AccessibilityBundles/WebCore.axbundle/WebCore (0x1087c0310) and /Library/Developer/CoreSimulator/Volumes/iOS_23F77/Library/Developer/CoreSimulator/Profiles/Runtimes/iOS 26.5.simruntime/Contents/Resources/RuntimeRoot/System/Library/AccessibilityBundles/WebKit.axbundle/WebKit (0x108448398). This may cause spurious casting failures and mysterious crashes. One of the duplicates must be removed or renamed.
    t =     0.66s         Wait for com.nstudio.expobenchmark to idle
    t =     1.78s Checking existence of `"Health" Button`
    t =     1.82s Waiting 20.0s for Any (First Match) to exist
    t =     2.83s     Checking `Expect predicate `existsNoRetry == 1` for object Any (First Match)`
    t =     2.83s         Checking existence of `Any (First Match)`
STEP[2s]: iter 0: nav Health
    t =     2.85s Checking existence of `"Health" Button`
    t =     2.86s Tap Any (First Match)
    t =     2.86s     Wait for com.nstudio.expobenchmark to idle
    t =     2.86s     Find the Any (First Match)
    t =     2.87s     Check for interrupting elements affecting "Health" Other
    t =     2.89s     Synthesize event
    t =     3.18s     Wait for com.nstudio.expobenchmark to idle
    t =     3.18s Waiting 10.0s for Any (First Match) to exist
    t =     4.19s     Checking `Expect predicate `existsNoRetry == 1` for object Any (First Match)`
    t =     4.19s         Checking existence of `Any (First Match)`
    t =     4.21s Checking existence of `Any (First Match)`
    t =     4.22s Find the Any (First Match)
STEP[4s]: iter 0: HK authorize
    t =     4.22s Checking existence of `"Request Access" Button`
    t =     4.23s Checking existence of `Any (First Match)`
    t =     4.24s Find the Any (First Match)
    t =     4.25s Tap "Request Access" Other
    t =     4.25s     Wait for com.nstudio.expobenchmark to idle
    t =     4.25s     Find the "Request Access" Other
    t =     4.26s     Check for interrupting elements affecting "Request Access" Other
    t =     4.27s     Synthesize event
    t =     4.56s     Wait for com.nstudio.expobenchmark to idle
    t =     4.56s Waiting 3.0s for Any (First Match) to exist
    t =     5.59s     Checking `Expect predicate `existsNoRetry == 1` for object Any (First Match)`
    t =     5.59s         Checking existence of `Any (First Match)`
    t =     5.63s Find the Any (First Match)
STEP[5s]: health sheet(app): tap 'Turn On All'
    t =     5.66s Tap "Turn On All" StaticText
    t =     5.66s     Wait for com.nstudio.expobenchmark to idle
    t =     5.67s     Find the "Turn On All" StaticText
    t =     5.69s     Check for interrupting elements affecting "Turn On All" StaticText
    t =     5.72s     Synthesize event
    t =     6.01s     Wait for com.nstudio.expobenchmark to idle
    t =     6.01s Waiting 2.0s for "Allow" Button to exist
    t =     7.03s     Checking `Expect predicate `existsNoRetry == 1` for object "Allow" Button`
    t =     7.03s         Checking existence of `"Allow" Button`
    t =     7.07s Find the "Allow" Button
STEP[7s]: health sheet(app): confirm 'Allow'
    t =     7.10s Tap "UIA.Health.Allow.Button" Button
    t =     7.10s     Wait for com.nstudio.expobenchmark to idle
    t =     7.11s     Find the "UIA.Health.Allow.Button" Button
    t =     7.13s     Check for interrupting elements affecting "UIA.Health.Allow.Button" Button
    t =     7.14s     Synthesize event
    t =     7.43s     Wait for com.nstudio.expobenchmark to idle
    t =     7.44s Waiting 15.0s for Any (First Match) to exist
    t =     8.46s     Checking `Expect predicate `existsNoRetry == 1` for object Any (First Match)`
    t =     8.46s         Checking existence of `Any (First Match)`
    t =     8.48s Checking existence of `"Health access: not requested" StaticText`
    t =     8.49s Find the "Health access: not requested" StaticText
    t =     8.50s Waiting 15.0s for Any (First Match) to exist
    t =     9.53s     Checking `Expect predicate `existsNoRetry == 1` for object Any (First Match)`
    t =     9.53s         Checking existence of `Any (First Match)`
    t =     9.55s Checking existence of `Any (First Match)`
    t =     9.56s Find the Any (First Match)
    t =     9.56s Checking existence of `"Log 500 Steps" Button`
    t =     9.57s Checking existence of `Any (First Match)`
    t =     9.58s Find the Any (First Match)
STEP[9s]: iter 0: log 500
    t =     9.59s Tap "Log 500 Steps" Other
    t =     9.59s     Wait for com.nstudio.expobenchmark to idle
    t =     9.59s     Find the "Log 500 Steps" Other
    t =     9.60s     Check for interrupting elements affecting "Log 500 Steps" Other
    t =     9.62s     Synthesize event
    t =     9.90s     Wait for com.nstudio.expobenchmark to idle
    t =     9.91s Checking existence of `"Sat Aug 1 — 25,000 steps (today)" StaticText`
    t =     9.92s Find the "Sat Aug 1 — 25,000 steps (today)" StaticText
    t =     9.99s Checking existence of `"Sat Aug 1 — 25,000 steps (today)" StaticText`
    t =    10.00s Find the "Sat Aug 1 — 25,000 steps (today)" StaticText
    t =    10.07s Checking existence of `"Sat Aug 1 — 25,000 steps (today)" StaticText`
    t =    10.07s Find the "Sat Aug 1 — 25,000 steps (today)" StaticText
    t =    10.14s Checking existence of `"Sat Aug 1 — 25,000 steps (today)" StaticText`
    t =    10.15s Find the "Sat Aug 1 — 25,000 steps (today)" StaticText
    t =    10.22s Checking existence of `"Sat Aug 1 — 25,000 steps (today)" StaticText`
    t =    10.22s Find the "Sat Aug 1 — 25,000 steps (today)" StaticText
    t =    10.29s Checking existence of `"Sat Aug 1 — 25,000 steps (today)" StaticText`
    t =    10.30s Find the "Sat Aug 1 — 25,000 steps (today)" StaticText
    t =    10.36s Checking existence of `"Sat Aug 1 — 25,000 steps (today)" StaticText`
    t =    10.37s Find the "Sat Aug 1 — 25,000 steps (today)" StaticText
    t =    10.44s Checking existence of `"Sat Aug 1 — 25,000 steps (today)" StaticText`
    t =    10.45s Find the "Sat Aug 1 — 25,000 steps (today)" StaticText
    t =    10.51s Checking existence of `"Sat Aug 1 — 25,000 steps (today)" StaticText`
    t =    10.52s Find the "Sat Aug 1 — 25,000 steps (today)" StaticText
    t =    10.59s Checking existence of `"Sat Aug 1 — 25,000 steps (today)" StaticText`
    t =    10.60s Find the "Sat Aug 1 — 25,000 steps (today)" StaticText
    t =    10.66s Checking existence of `"Sat Aug 1 — 25,000 steps (today)" StaticText`
    t =    10.67s Find the "Sat Aug 1 — 25,000 steps (today)" StaticText
    t =    10.74s Checking existence of `"Sat Aug 1 — 25,000 steps (today)" StaticText`
    t =    10.74s Find the "Sat Aug 1 — 25,000 steps (today)" StaticText
    t =    10.81s Checking existence of `"Sat Aug 1 — 25,000 steps (today)" StaticText`
    t =    10.82s Find the "Sat Aug 1 — 25,000 steps (today)" StaticText
    t =    10.89s Checking existence of `"Sat Aug 1 — 25,000 steps (today)" StaticText`
    t =    10.89s Find the "Sat Aug 1 — 25,000 steps (today)" StaticText
    t =    10.96s Checking existence of `"Sat Aug 1 — 25,000 steps (today)" StaticText`
    t =    10.97s Find the "Sat Aug 1 — 25,000 steps (today)" StaticText
    t =    11.04s Checking existence of `"Sat Aug 1 — 25,000 steps (today)" StaticText`
    t =    11.04s Find the "Sat Aug 1 — 25,000 steps (today)" StaticText
    t =    11.11s Checking existence of `"Sat Aug 1 — 25,000 steps (today)" StaticText`
    t =    11.12s Find the "Sat Aug 1 — 25,000 steps (today)" StaticText
    t =    11.19s Checking existence of `"Sat Aug 1 — 25,000 steps (today)" StaticText`
    t =    11.19s Find the "Sat Aug 1 — 25,000 steps (today)" StaticText
    t =    11.26s Checking existence of `"Sat Aug 1 — 25,000 steps (today)" StaticText`
    t =    11.27s Find the "Sat Aug 1 — 25,000 steps (today)" StaticText
    t =    11.33s Checking existence of `"Sat Aug 1 — 25,000 steps (today)" StaticText`
    t =    11.34s Find the "Sat Aug 1 — 25,000 steps (today)" StaticText
    t =    11.41s Checking existence of `"Sat Aug 1 — 25,000 steps (today)" StaticText`
    t =    11.42s Find the "Sat Aug 1 — 25,000 steps (today)" StaticText
    t =    11.48s Checking existence of `"Sat Aug 1 — 25,000 steps (today)" StaticText`
    t =    11.49s Find the "Sat Aug 1 — 25,000 steps (today)" StaticText
    t =    11.56s Checking existence of `"Sat Aug 1 — 25,000 steps (today)" StaticText`
    t =    11.57s Find the "Sat Aug 1 — 25,000 steps (today)" StaticText
    t =    11.63s Checking existence of `"Sat Aug 1 — 25,000 steps (today)" StaticText`
    t =    11.64s Find the "Sat Aug 1 — 25,000 steps (today)" StaticText
    t =    11.71s Checking existence of `"Sat Aug 1 — 25,000 steps (today)" StaticText`
    t =    11.72s Find the "Sat Aug 1 — 25,000 steps (today)" StaticText
    t =    11.78s Checking existence of `"Sat Aug 1 — 25,000 steps (today)" StaticText`
    t =    11.79s Find the "Sat Aug 1 — 25,000 steps (today)" StaticText
    t =    11.86s Checking existence of `"Sat Aug 1 — 25,000 steps (today)" StaticText`
    t =    11.87s Find the "Sat Aug 1 — 25,000 steps (today)" StaticText
    t =    11.93s Checking existence of `"Sat Aug 1 — 25,000 steps (today)" StaticText`
    t =    11.94s Find the "Sat Aug 1 — 25,000 steps (today)" StaticText
    t =    12.01s Checking existence of `"Sat Aug 1 — 25,000 steps (today)" StaticText`
    t =    12.02s Find the "Sat Aug 1 — 25,000 steps (today)" StaticText
    t =    12.08s Checking existence of `"Sat Aug 1 — 25,000 steps (today)" StaticText`
    t =    12.09s Find the "Sat Aug 1 — 25,000 steps (today)" StaticText
    t =    12.15s Checking existence of `"Sat Aug 1 — 25,000 steps (today)" StaticText`
    t =    12.16s Find the "Sat Aug 1 — 25,000 steps (today)" StaticText
    t =    12.22s Checking existence of `"Sat Aug 1 — 25,000 steps (today)" StaticText`
    t =    12.23s Find the "Sat Aug 1 — 25,000 steps (today)" StaticText
    t =    12.30s Checking existence of `"Sat Aug 1 — 25,000 steps (today)" StaticText`
    t =    12.31s Find the "Sat Aug 1 — 25,000 steps (today)" StaticText
    t =    12.37s Checking existence of `"Sat Aug 1 — 25,000 steps (today)" StaticText`
    t =    12.38s Find the "Sat Aug 1 — 25,000 steps (today)" StaticText
    t =    12.45s Checking existence of `"Sat Aug 1 — 25,000 steps (today)" StaticText`
    t =    12.46s Find the "Sat Aug 1 — 25,000 steps (today)" StaticText
    t =    12.52s Checking existence of `"Sat Aug 1 — 25,000 steps (today)" StaticText`
    t =    12.53s Find the "Sat Aug 1 — 25,000 steps (today)" StaticText
    t =    12.60s Checking existence of `"Sat Aug 1 — 25,000 steps (today)" StaticText`
    t =    12.61s Find the "Sat Aug 1 — 25,000 steps (today)" StaticText
    t =    12.67s Checking existence of `"Sat Aug 1 — 25,000 steps (today)" StaticText`
    t =    12.68s Find the "Sat Aug 1 — 25,000 steps (today)" StaticText
    t =    12.75s Checking existence of `"Sat Aug 1 — 25,000 steps (today)" StaticText`
    t =    12.76s Find the "Sat Aug 1 — 25,000 steps (today)" StaticText
    t =    12.82s Checking existence of `"Sat Aug 1 — 25,000 steps (today)" StaticText`
    t =    12.83s Find the "Sat Aug 1 — 25,000 steps (today)" StaticText
    t =    12.90s Checking existence of `"Sat Aug 1 — 25,000 steps (today)" StaticText`
    t =    12.91s Find the "Sat Aug 1 — 25,000 steps (today)" StaticText
    t =    12.97s Checking existence of `"Sat Aug 1 — 25,000 steps (today)" StaticText`
    t =    12.98s Find the "Sat Aug 1 — 25,000 steps (today)" StaticText
    t =    13.05s Checking existence of `"Sat Aug 1 — 25,000 steps (today)" StaticText`
    t =    13.06s Find the "Sat Aug 1 — 25,000 steps (today)" StaticText
    t =    13.12s Checking existence of `"Sat Aug 1 — 25,000 steps (today)" StaticText`
    t =    13.13s Find the "Sat Aug 1 — 25,000 steps (today)" StaticText
    t =    13.20s Checking existence of `"Sat Aug 1 — 25,000 steps (today)" StaticText`
    t =    13.21s Find the "Sat Aug 1 — 25,000 steps (today)" StaticText
    t =    13.27s Checking existence of `"Sat Aug 1 — 25,000 steps (today)" StaticText`
    t =    13.28s Find the "Sat Aug 1 — 25,000 steps (today)" StaticText
    t =    13.35s Checking existence of `"Sat Aug 1 — 25,000 steps (today)" StaticText`
    t =    13.36s Find the "Sat Aug 1 — 25,000 steps (today)" StaticText
    t =    13.42s Checking existence of `"Sat Aug 1 — 25,000 steps (today)" StaticText`
    t =    13.43s Find the "Sat Aug 1 — 25,000 steps (today)" StaticText
    t =    13.50s Checking existence of `"Sat Aug 1 — 25,000 steps (today)" StaticText`
    t =    13.51s Find the "Sat Aug 1 — 25,000 steps (today)" StaticText
    t =    13.57s Checking existence of `"Sat Aug 1 — 25,000 steps (today)" StaticText`
    t =    13.58s Find the "Sat Aug 1 — 25,000 steps (today)" StaticText
    t =    13.65s Checking existence of `"Sat Aug 1 — 25,000 steps (today)" StaticText`
    t =    13.66s Find the "Sat Aug 1 — 25,000 steps (today)" StaticText
    t =    13.72s Checking existence of `"Sat Aug 1 — 25,000 steps (today)" StaticText`
    t =    13.73s Find the "Sat Aug 1 — 25,000 steps (today)" StaticText
    t =    13.80s Checking existence of `"Sat Aug 1 — 25,000 steps (today)" StaticText`
    t =    13.81s Find the "Sat Aug 1 — 25,000 steps (today)" StaticText
    t =    13.87s Checking existence of `"Sat Aug 1 — 25,000 steps (today)" StaticText`
    t =    13.88s Find the "Sat Aug 1 — 25,000 steps (today)" StaticText
    t =    13.95s Checking existence of `"Sat Aug 1 — 25,000 steps (today)" StaticText`
    t =    13.96s Find the "Sat Aug 1 — 25,000 steps (today)" StaticText
    t =    14.02s Checking existence of `"Sat Aug 1 — 25,000 steps (today)" StaticText`
    t =    14.03s Find the "Sat Aug 1 — 25,000 steps (today)" StaticText
    t =    14.10s Checking existence of `"Sat Aug 1 — 25,000 steps (today)" StaticText`
    t =    14.11s Find the "Sat Aug 1 — 25,000 steps (today)" StaticText
    t =    14.17s Checking existence of `"Sat Aug 1 — 25,000 steps (today)" StaticText`
    t =    14.18s Find the "Sat Aug 1 — 25,000 steps (today)" StaticText
    t =    14.25s Checking existence of `"Sat Aug 1 — 25,000 steps (today)" StaticText`
    t =    14.26s Find the "Sat Aug 1 — 25,000 steps (today)" StaticText
    t =    14.32s Checking existence of `"Sat Aug 1 — 25,000 steps (today)" StaticText`
    t =    14.33s Find the "Sat Aug 1 — 25,000 steps (today)" StaticText
    t =    14.40s Checking existence of `"Sat Aug 1 — 25,000 steps (today)" StaticText`
    t =    14.41s Find the "Sat Aug 1 — 25,000 steps (today)" StaticText
    t =    14.47s Checking existence of `"Sat Aug 1 — 25,000 steps (today)" StaticText`
    t =    14.48s Find the "Sat Aug 1 — 25,000 steps (today)" StaticText
    t =    14.55s Checking existence of `"Sat Aug 1 — 25,000 steps (today)" StaticText`
    t =    14.56s Find the "Sat Aug 1 — 25,000 steps (today)" StaticText
    t =    14.62s Checking existence of `"Sat Aug 1 — 25,000 steps (today)" StaticText`
    t =    14.63s Find the "Sat Aug 1 — 25,000 steps (today)" StaticText
    t =    14.70s Checking existence of `"Sat Aug 1 — 25,000 steps (today)" StaticText`
    t =    14.71s Find the "Sat Aug 1 — 25,000 steps (today)" StaticText
    t =    14.77s Checking existence of `"Sat Aug 1 — 25,000 steps (today)" StaticText`
    t =    14.78s Find the "Sat Aug 1 — 25,000 steps (today)" StaticText
    t =    14.85s Checking existence of `"Sat Aug 1 — 25,000 steps (today)" StaticText`
    t =    14.86s Find the "Sat Aug 1 — 25,000 steps (today)" StaticText
    t =    14.92s Checking existence of `"Sat Aug 1 — 25,000 steps (today)" StaticText`
    t =    14.93s Find the "Sat Aug 1 — 25,000 steps (today)" StaticText
    t =    15.00s Checking existence of `"Sat Aug 1 — 25,000 steps (today)" StaticText`
    t =    15.01s Find the "Sat Aug 1 — 25,000 steps (today)" StaticText
    t =    15.07s Checking existence of `"Sat Aug 1 — 25,000 steps (today)" StaticText`
    t =    15.08s Find the "Sat Aug 1 — 25,000 steps (today)" StaticText
    t =    15.14s Checking existence of `"Sat Aug 1 — 25,000 steps (today)" StaticText`
    t =    15.15s Find the "Sat Aug 1 — 25,000 steps (today)" StaticText
    t =    15.21s Checking existence of `"Sat Aug 1 — 25,000 steps (today)" StaticText`
    t =    15.21s Find the "Sat Aug 1 — 25,000 steps (today)" StaticText
    t =    15.28s Checking existence of `"Sat Aug 1 — 25,000 steps (today)" StaticText`
    t =    15.28s Find the "Sat Aug 1 — 25,000 steps (today)" StaticText
    t =    15.34s Checking existence of `"Sat Aug 1 — 25,000 steps (today)" StaticText`
    t =    15.35s Find the "Sat Aug 1 — 25,000 steps (today)" StaticText
    t =    15.41s Checking existence of `"Sat Aug 1 — 25,000 steps (today)" StaticText`
    t =    15.42s Find the "Sat Aug 1 — 25,000 steps (today)" StaticText
    t =    15.49s Checking existence of `"Sat Aug 1 — 25,000 steps (today)" StaticText`
    t =    15.49s Find the "Sat Aug 1 — 25,000 steps (today)" StaticText
    t =    15.56s Checking existence of `"Sat Aug 1 — 25,000 steps (today)" StaticText`
    t =    15.57s Find the "Sat Aug 1 — 25,000 steps (today)" StaticText
    t =    15.63s Checking existence of `"Sat Aug 1 — 25,000 steps (today)" StaticText`
    t =    15.64s Find the "Sat Aug 1 — 25,000 steps (today)" StaticText
    t =    15.71s Checking existence of `"Sat Aug 1 — 25,000 steps (today)" StaticText`
    t =    15.71s Find the "Sat Aug 1 — 25,000 steps (today)" StaticText
    t =    15.78s Checking existence of `"Sat Aug 1 — 25,000 steps (today)" StaticText`
    t =    15.79s Find the "Sat Aug 1 — 25,000 steps (today)" StaticText
    t =    15.85s Checking existence of `"Sat Aug 1 — 25,000 steps (today)" StaticText`
    t =    15.86s Find the "Sat Aug 1 — 25,000 steps (today)" StaticText
    t =    15.93s Checking existence of `"Sat Aug 1 — 25,000 steps (today)" StaticText`
    t =    15.94s Find the "Sat Aug 1 — 25,000 steps (today)" StaticText
    t =    16.00s Checking existence of `"Sat Aug 1 — 25,000 steps (today)" StaticText`
    t =    16.01s Find the "Sat Aug 1 — 25,000 steps (today)" StaticText
    t =    16.08s Checking existence of `"Sat Aug 1 — 25,000 steps (today)" StaticText`
    t =    16.09s Find the "Sat Aug 1 — 25,000 steps (today)" StaticText
    t =    16.15s Checking existence of `"Sat Aug 1 — 25,000 steps (today)" StaticText`
    t =    16.16s Find the "Sat Aug 1 — 25,000 steps (today)" StaticText
    t =    16.23s Checking existence of `"Sat Aug 1 — 25,000 steps (today)" StaticText`
    t =    16.24s Find the "Sat Aug 1 — 25,000 steps (today)" StaticText
    t =    16.30s Checking existence of `"Sat Aug 1 — 25,000 steps (today)" StaticText`
    t =    16.31s Find the "Sat Aug 1 — 25,000 steps (today)" StaticText
    t =    16.38s Checking existence of `"Sat Aug 1 — 25,000 steps (today)" StaticText`
    t =    16.39s Find the "Sat Aug 1 — 25,000 steps (today)" StaticText
    t =    16.45s Checking existence of `"Sat Aug 1 — 25,000 steps (today)" StaticText`
    t =    16.46s Find the "Sat Aug 1 — 25,000 steps (today)" StaticText
    t =    16.53s Checking existence of `"Sat Aug 1 — 25,000 steps (today)" StaticText`
    t =    16.54s Find the "Sat Aug 1 — 25,000 steps (today)" StaticText
    t =    16.60s Checking existence of `"Sat Aug 1 — 25,000 steps (today)" StaticText`
    t =    16.61s Find the "Sat Aug 1 — 25,000 steps (today)" StaticText
    t =    16.68s Checking existence of `"Sat Aug 1 — 25,000 steps (today)" StaticText`
    t =    16.69s Find the "Sat Aug 1 — 25,000 steps (today)" StaticText
    t =    16.75s Checking existence of `"Sat Aug 1 — 25,000 steps (today)" StaticText`
    t =    16.76s Find the "Sat Aug 1 — 25,000 steps (today)" StaticText
    t =    16.83s Checking existence of `"Sat Aug 1 — 25,000 steps (today)" StaticText`
    t =    16.84s Find the "Sat Aug 1 — 25,000 steps (today)" StaticText
    t =    16.90s Checking existence of `"Sat Aug 1 — 25,000 steps (today)" StaticText`
    t =    16.91s Find the "Sat Aug 1 — 25,000 steps (today)" StaticText
    t =    16.98s Checking existence of `"Sat Aug 1 — 25,000 steps (today)" StaticText`
    t =    16.99s Find the "Sat Aug 1 — 25,000 steps (today)" StaticText
    t =    17.05s Checking existence of `"Sat Aug 1 — 25,000 steps (today)" StaticText`
    t =    17.06s Find the "Sat Aug 1 — 25,000 steps (today)" StaticText
    t =    17.13s Checking existence of `"Sat Aug 1 — 25,000 steps (today)" StaticText`
    t =    17.14s Find the "Sat Aug 1 — 25,000 steps (today)" StaticText
    t =    17.20s Checking existence of `"Sat Aug 1 — 25,000 steps (today)" StaticText`
    t =    17.21s Find the "Sat Aug 1 — 25,000 steps (today)" StaticText
    t =    17.28s Checking existence of `"Sat Aug 1 — 25,000 steps (today)" StaticText`
    t =    17.29s Find the "Sat Aug 1 — 25,000 steps (today)" StaticText
    t =    17.35s Checking existence of `"Sat Aug 1 — 25,000 steps (today)" StaticText`
    t =    17.36s Find the "Sat Aug 1 — 25,000 steps (today)" StaticText
    t =    17.43s Checking existence of `"Sat Aug 1 — 25,000 steps (today)" StaticText`
    t =    17.44s Find the "Sat Aug 1 — 25,000 steps (today)" StaticText
    t =    17.50s Checking existence of `"Sat Aug 1 — 25,000 steps (today)" StaticText`
    t =    17.51s Find the "Sat Aug 1 — 25,000 steps (today)" StaticText
    t =    17.58s Checking existence of `"Sat Aug 1 — 25,000 steps (today)" StaticText`
    t =    17.59s Find the "Sat Aug 1 — 25,000 steps (today)" StaticText
    t =    17.65s Checking existence of `"Sat Aug 1 — 25,000 steps (today)" StaticText`
    t =    17.66s Find the "Sat Aug 1 — 25,000 steps (today)" StaticText
    t =    17.72s Checking existence of `"Sat Aug 1 — 25,000 steps (today)" StaticText`
    t =    17.73s Find the "Sat Aug 1 — 25,000 steps (today)" StaticText
    t =    17.80s Checking existence of `"Sat Aug 1 — 25,000 steps (today)" StaticText`
    t =    17.81s Find the "Sat Aug 1 — 25,000 steps (today)" StaticText
    t =    17.87s Checking existence of `"Sat Aug 1 — 25,000 steps (today)" StaticText`
    t =    17.88s Find the "Sat Aug 1 — 25,000 steps (today)" StaticText
    t =    17.95s Checking existence of `"Sat Aug 1 — 25,000 steps (today)" StaticText`
    t =    17.96s Find the "Sat Aug 1 — 25,000 steps (today)" StaticText
    t =    18.02s Checking existence of `"Sat Aug 1 — 25,000 steps (today)" StaticText`
    t =    18.03s Find the "Sat Aug 1 — 25,000 steps (today)" StaticText
    t =    18.10s Checking existence of `"Sat Aug 1 — 25,000 steps (today)" StaticText`
    t =    18.11s Find the "Sat Aug 1 — 25,000 steps (today)" StaticText
    t =    18.17s Checking existence of `"Sat Aug 1 — 25,000 steps (today)" StaticText`
    t =    18.18s Find the "Sat Aug 1 — 25,000 steps (today)" StaticText
    t =    18.25s Checking existence of `"Sat Aug 1 — 25,000 steps (today)" StaticText`
    t =    18.26s Find the "Sat Aug 1 — 25,000 steps (today)" StaticText
    t =    18.32s Checking existence of `"Sat Aug 1 — 25,000 steps (today)" StaticText`
    t =    18.33s Find the "Sat Aug 1 — 25,000 steps (today)" StaticText
    t =    18.40s Checking existence of `"Sat Aug 1 — 25,000 steps (today)" StaticText`
    t =    18.41s Find the "Sat Aug 1 — 25,000 steps (today)" StaticText
    t =    18.47s Checking existence of `"Sat Aug 1 — 25,000 steps (today)" StaticText`
    t =    18.48s Find the "Sat Aug 1 — 25,000 steps (today)" StaticText
    t =    18.55s Checking existence of `"Sat Aug 1 — 25,000 steps (today)" StaticText`
    t =    18.56s Find the "Sat Aug 1 — 25,000 steps (today)" StaticText
    t =    18.62s Checking existence of `"Sat Aug 1 — 25,000 steps (today)" StaticText`
    t =    18.63s Find the "Sat Aug 1 — 25,000 steps (today)" StaticText
    t =    18.70s Checking existence of `"Sat Aug 1 — 25,000 steps (today)" StaticText`
    t =    18.71s Find the "Sat Aug 1 — 25,000 steps (today)" StaticText
    t =    18.77s Checking existence of `"Sat Aug 1 — 25,000 steps (today)" StaticText`
    t =    18.78s Find the "Sat Aug 1 — 25,000 steps (today)" StaticText
    t =    18.85s Checking existence of `"Sat Aug 1 — 25,000 steps (today)" StaticText`
    t =    18.86s Find the "Sat Aug 1 — 25,000 steps (today)" StaticText
    t =    18.92s Checking existence of `"Sat Aug 1 — 25,000 steps (today)" StaticText`
    t =    18.93s Find the "Sat Aug 1 — 25,000 steps (today)" StaticText
    t =    19.00s Checking existence of `"Sat Aug 1 — 25,000 steps (today)" StaticText`
    t =    19.01s Find the "Sat Aug 1 — 25,000 steps (today)" StaticText
    t =    19.07s Checking existence of `"Sat Aug 1 — 25,000 steps (today)" StaticText`
    t =    19.08s Find the "Sat Aug 1 — 25,000 steps (today)" StaticText
    t =    19.15s Checking existence of `"Sat Aug 1 — 25,000 steps (today)" StaticText`
    t =    19.16s Find the "Sat Aug 1 — 25,000 steps (today)" StaticText
    t =    19.22s Checking existence of `"Sat Aug 1 — 25,000 steps (today)" StaticText`
    t =    19.23s Find the "Sat Aug 1 — 25,000 steps (today)" StaticText
    t =    19.30s Checking existence of `"Sat Aug 1 — 25,000 steps (today)" StaticText`
    t =    19.31s Find the "Sat Aug 1 — 25,000 steps (today)" StaticText
    t =    19.37s Checking existence of `"Sat Aug 1 — 25,000 steps (today)" StaticText`
    t =    19.38s Find the "Sat Aug 1 — 25,000 steps (today)" StaticText
    t =    19.45s Checking existence of `"Sat Aug 1 — 25,000 steps (today)" StaticText`
    t =    19.46s Find the "Sat Aug 1 — 25,000 steps (today)" StaticText
    t =    19.52s Checking existence of `"Sat Aug 1 — 25,000 steps (today)" StaticText`
    t =    19.53s Find the "Sat Aug 1 — 25,000 steps (today)" StaticText
    t =    19.60s Checking existence of `"Sat Aug 1 — 25,000 steps (today)" StaticText`
    t =    19.61s Find the "Sat Aug 1 — 25,000 steps (today)" StaticText
    t =    19.67s Checking existence of `"Sat Aug 1 — 25,000 steps (today)" StaticText`
    t =    19.68s Find the "Sat Aug 1 — 25,000 steps (today)" StaticText
    t =    19.75s Checking existence of `"Sat Aug 1 — 25,000 steps (today)" StaticText`
    t =    19.76s Find the "Sat Aug 1 — 25,000 steps (today)" StaticText
    t =    19.82s Checking existence of `"Sat Aug 1 — 25,000 steps (today)" StaticText`
    t =    19.83s Find the "Sat Aug 1 — 25,000 steps (today)" StaticText
    t =    19.90s Checking existence of `"Sat Aug 1 — 25,000 steps (today)" StaticText`
    t =    19.91s Find the "Sat Aug 1 — 25,000 steps (today)" StaticText
    t =    19.97s Checking existence of `"Sat Aug 1 — 25,000 steps (today)" StaticText`
    t =    19.98s Find the "Sat Aug 1 — 25,000 steps (today)" StaticText
    t =    20.05s Checking existence of `"Sat Aug 1 — 25,000 steps (today)" StaticText`
    t =    20.06s Find the "Sat Aug 1 — 25,000 steps (today)" StaticText
    t =    20.12s Checking existence of `"Sat Aug 1 — 25,000 steps (today)" StaticText`
    t =    20.13s Find the "Sat Aug 1 — 25,000 steps (today)" StaticText
    t =    20.20s Checking existence of `"Sat Aug 1 — 25,000 steps (today)" StaticText`
    t =    20.21s Find the "Sat Aug 1 — 25,000 steps (today)" StaticText
    t =    20.27s Checking existence of `"Sat Aug 1 — 25,000 steps (today)" StaticText`
    t =    20.28s Find the "Sat Aug 1 — 25,000 steps (today)" StaticText
    t =    20.35s Checking existence of `"Sat Aug 1 — 25,000 steps (today)" StaticText`
    t =    20.35s Find the "Sat Aug 1 — 25,000 steps (today)" StaticText
    t =    20.42s Checking existence of `"Sat Aug 1 — 25,000 steps (today)" StaticText`
    t =    20.43s Find the "Sat Aug 1 — 25,000 steps (today)" StaticText
    t =    20.49s Checking existence of `"Sat Aug 1 — 25,000 steps (today)" StaticText`
    t =    20.50s Find the "Sat Aug 1 — 25,000 steps (today)" StaticText
    t =    20.57s Checking existence of `"Sat Aug 1 — 25,000 steps (today)" StaticText`
    t =    20.58s Find the "Sat Aug 1 — 25,000 steps (today)" StaticText
    t =    20.64s Checking existence of `"Sat Aug 1 — 25,000 steps (today)" StaticText`
    t =    20.65s Find the "Sat Aug 1 — 25,000 steps (today)" StaticText
    t =    20.72s Checking existence of `"Sat Aug 1 — 25,000 steps (today)" StaticText`
    t =    20.73s Find the "Sat Aug 1 — 25,000 steps (today)" StaticText
    t =    20.80s Checking existence of `"Sat Aug 1 — 25,000 steps (today)" StaticText`
    t =    20.80s Find the "Sat Aug 1 — 25,000 steps (today)" StaticText
    t =    20.87s Checking existence of `"Sat Aug 1 — 25,000 steps (today)" StaticText`
    t =    20.88s Find the "Sat Aug 1 — 25,000 steps (today)" StaticText
    t =    20.94s Checking existence of `"Sat Aug 1 — 25,000 steps (today)" StaticText`
    t =    20.95s Find the "Sat Aug 1 — 25,000 steps (today)" StaticText
    t =    21.02s Checking existence of `"Sat Aug 1 — 25,000 steps (today)" StaticText`
    t =    21.03s Find the "Sat Aug 1 — 25,000 steps (today)" StaticText
    t =    21.09s Checking existence of `"Sat Aug 1 — 25,000 steps (today)" StaticText`
    t =    21.10s Find the "Sat Aug 1 — 25,000 steps (today)" StaticText
    t =    21.17s Checking existence of `"Sat Aug 1 — 25,000 steps (today)" StaticText`
    t =    21.18s Find the "Sat Aug 1 — 25,000 steps (today)" StaticText
    t =    21.24s Checking existence of `"Sat Aug 1 — 25,000 steps (today)" StaticText`
    t =    21.25s Find the "Sat Aug 1 — 25,000 steps (today)" StaticText
    t =    21.32s Checking existence of `"Sat Aug 1 — 25,000 steps (today)" StaticText`
    t =    21.33s Find the "Sat Aug 1 — 25,000 steps (today)" StaticText
    t =    21.39s Checking existence of `"Sat Aug 1 — 25,000 steps (today)" StaticText`
    t =    21.40s Find the "Sat Aug 1 — 25,000 steps (today)" StaticText
    t =    21.47s Checking existence of `"Sat Aug 1 — 25,000 steps (today)" StaticText`
    t =    21.48s Find the "Sat Aug 1 — 25,000 steps (today)" StaticText
    t =    21.54s Checking existence of `"Sat Aug 1 — 25,000 steps (today)" StaticText`
    t =    21.55s Find the "Sat Aug 1 — 25,000 steps (today)" StaticText
    t =    21.61s Checking existence of `"Sat Aug 1 — 25,000 steps (today)" StaticText`
    t =    21.62s Find the "Sat Aug 1 — 25,000 steps (today)" StaticText
    t =    21.69s Checking existence of `"Sat Aug 1 — 25,000 steps (today)" StaticText`
    t =    21.70s Find the "Sat Aug 1 — 25,000 steps (today)" StaticText
    t =    21.77s Checking existence of `"Sat Aug 1 — 25,000 steps (today)" StaticText`
    t =    21.77s Find the "Sat Aug 1 — 25,000 steps (today)" StaticText
    t =    21.84s Checking existence of `"Sat Aug 1 — 25,000 steps (today)" StaticText`
    t =    21.85s Find the "Sat Aug 1 — 25,000 steps (today)" StaticText
    t =    21.92s Checking existence of `"Sat Aug 1 — 25,000 steps (today)" StaticText`
    t =    21.92s Find the "Sat Aug 1 — 25,000 steps (today)" StaticText
    t =    21.99s Checking existence of `"Sat Aug 1 — 25,000 steps (today)" StaticText`
    t =    22.00s Find the "Sat Aug 1 — 25,000 steps (today)" StaticText
    t =    22.07s Checking existence of `"Sat Aug 1 — 25,000 steps (today)" StaticText`
    t =    22.07s Find the "Sat Aug 1 — 25,000 steps (today)" StaticText
    t =    22.14s Checking existence of `"Sat Aug 1 — 25,000 steps (today)" StaticText`
    t =    22.15s Find the "Sat Aug 1 — 25,000 steps (today)" StaticText
    t =    22.22s Checking existence of `"Sat Aug 1 — 25,000 steps (today)" StaticText`
    t =    22.23s Find the "Sat Aug 1 — 25,000 steps (today)" StaticText
    t =    22.29s Checking existence of `"Sat Aug 1 — 25,000 steps (today)" StaticText`
    t =    22.30s Find the "Sat Aug 1 — 25,000 steps (today)" StaticText
    t =    22.37s Checking existence of `"Sat Aug 1 — 25,000 steps (today)" StaticText`
    t =    22.38s Find the "Sat Aug 1 — 25,000 steps (today)" StaticText
    t =    22.44s Checking existence of `"Sat Aug 1 — 25,000 steps (today)" StaticText`
    t =    22.45s Find the "Sat Aug 1 — 25,000 steps (today)" StaticText
    t =    22.52s Checking existence of `"Sat Aug 1 — 25,000 steps (today)" StaticText`
    t =    22.53s Find the "Sat Aug 1 — 25,000 steps (today)" StaticText
    t =    22.59s Checking existence of `"Sat Aug 1 — 25,000 steps (today)" StaticText`
    t =    22.60s Find the "Sat Aug 1 — 25,000 steps (today)" StaticText
    t =    22.67s Checking existence of `"Sat Aug 1 — 25,000 steps (today)" StaticText`
    t =    22.67s Find the "Sat Aug 1 — 25,000 steps (today)" StaticText
    t =    22.74s Checking existence of `"Sat Aug 1 — 25,000 steps (today)" StaticText`
    t =    22.75s Find the "Sat Aug 1 — 25,000 steps (today)" StaticText
    t =    22.82s Checking existence of `"Sat Aug 1 — 25,000 steps (today)" StaticText`
    t =    22.82s Find the "Sat Aug 1 — 25,000 steps (today)" StaticText
    t =    22.89s Checking existence of `"Sat Aug 1 — 25,000 steps (today)" StaticText`
    t =    22.90s Find the "Sat Aug 1 — 25,000 steps (today)" StaticText
    t =    22.97s Checking existence of `"Sat Aug 1 — 25,000 steps (today)" StaticText`
    t =    22.97s Find the "Sat Aug 1 — 25,000 steps (today)" StaticText
    t =    23.04s Checking existence of `"Sat Aug 1 — 25,000 steps (today)" StaticText`
    t =    23.05s Find the "Sat Aug 1 — 25,000 steps (today)" StaticText
    t =    23.12s Checking existence of `"Sat Aug 1 — 25,000 steps (today)" StaticText`
    t =    23.12s Find the "Sat Aug 1 — 25,000 steps (today)" StaticText
    t =    23.19s Checking existence of `"Sat Aug 1 — 25,000 steps (today)" StaticText`
    t =    23.20s Find the "Sat Aug 1 — 25,000 steps (today)" StaticText
    t =    23.27s Checking existence of `"Sat Aug 1 — 25,000 steps (today)" StaticText`
    t =    23.27s Find the "Sat Aug 1 — 25,000 steps (today)" StaticText
    t =    23.34s Checking existence of `"Sat Aug 1 — 25,000 steps (today)" StaticText`
    t =    23.35s Find the "Sat Aug 1 — 25,000 steps (today)" StaticText
    t =    23.42s Checking existence of `"Sat Aug 1 — 25,000 steps (today)" StaticText`
    t =    23.42s Find the "Sat Aug 1 — 25,000 steps (today)" StaticText
    t =    23.49s Checking existence of `"Sat Aug 1 — 25,000 steps (today)" StaticText`
    t =    23.50s Find the "Sat Aug 1 — 25,000 steps (today)" StaticText
    t =    23.56s Checking existence of `"Sat Aug 1 — 25,000 steps (today)" StaticText`
    t =    23.57s Find the "Sat Aug 1 — 25,000 steps (today)" StaticText
    t =    23.63s Checking existence of `"Sat Aug 1 — 25,000 steps (today)" StaticText`
    t =    23.64s Find the "Sat Aug 1 — 25,000 steps (today)" StaticText
    t =    23.70s Checking existence of `"Sat Aug 1 — 25,000 steps (today)" StaticText`
    t =    23.71s Find the "Sat Aug 1 — 25,000 steps (today)" StaticText
    t =    23.78s Checking existence of `"Sat Aug 1 — 25,000 steps (today)" StaticText`
    t =    23.78s Find the "Sat Aug 1 — 25,000 steps (today)" StaticText
    t =    23.85s Checking existence of `"Sat Aug 1 — 25,000 steps (today)" StaticText`
    t =    23.86s Find the "Sat Aug 1 — 25,000 steps (today)" StaticText
    t =    23.92s Checking existence of `"Sat Aug 1 — 25,000 steps (today)" StaticText`
    t =    23.93s Find the "Sat Aug 1 — 25,000 steps (today)" StaticText
    t =    24.00s Checking existence of `"Sat Aug 1 — 25,000 steps (today)" StaticText`
    t =    24.00s Find the "Sat Aug 1 — 25,000 steps (today)" StaticText
    t =    24.07s Checking existence of `"Sat Aug 1 — 25,000 steps (today)" StaticText`
    t =    24.08s Find the "Sat Aug 1 — 25,000 steps (today)" StaticText
    t =    24.15s Checking existence of `"Sat Aug 1 — 25,000 steps (today)" StaticText`
    t =    24.16s Find the "Sat Aug 1 — 25,000 steps (today)" StaticText
    t =    24.22s Checking existence of `"Sat Aug 1 — 25,000 steps (today)" StaticText`
    t =    24.23s Find the "Sat Aug 1 — 25,000 steps (today)" StaticText
    t =    24.30s Checking existence of `"Sat Aug 1 — 25,000 steps (today)" StaticText`
    t =    24.30s Find the "Sat Aug 1 — 25,000 steps (today)" StaticText
    t =    24.37s Checking existence of `"Sat Aug 1 — 25,000 steps (today)" StaticText`
    t =    24.38s Find the "Sat Aug 1 — 25,000 steps (today)" StaticText
    t =    24.45s Checking existence of `"Sat Aug 1 — 25,000 steps (today)" StaticText`
    t =    24.46s Find the "Sat Aug 1 — 25,000 steps (today)" StaticText
    t =    24.52s Checking existence of `"Sat Aug 1 — 25,000 steps (today)" StaticText`
    t =    24.53s Find the "Sat Aug 1 — 25,000 steps (today)" StaticText
    t =    24.60s Checking existence of `"Sat Aug 1 — 25,000 steps (today)" StaticText`
    t =    24.61s Find the "Sat Aug 1 — 25,000 steps (today)" StaticText
    t =    24.67s Checking existence of `"Sat Aug 1 — 25,000 steps (today)" StaticText`
    t =    24.68s Find the "Sat Aug 1 — 25,000 steps (today)" StaticText
    t =    24.75s Checking existence of `"Sat Aug 1 — 25,000 steps (today)" StaticText`
    t =    24.76s Find the "Sat Aug 1 — 25,000 steps (today)" StaticText
    t =    24.82s Checking existence of `"Sat Aug 1 — 25,000 steps (today)" StaticText`
    t =    24.83s Find the "Sat Aug 1 — 25,000 steps (today)" StaticText
    t =    24.90s Checking existence of `"Sat Aug 1 — 25,000 steps (today)" StaticText`
    t =    24.91s Find the "Sat Aug 1 — 25,000 steps (today)" StaticText
STEP[24s]: iter 0: go home
    t =    24.97s Checking existence of `"Transcribe" Button`
    t =    24.98s Checking existence of `"Health" Button`
    t =    24.99s Checking existence of `Any (First Match)`
    t =    25.00s Checking existence of `Button (Element at index 0)`
    t =    25.01s Checking existence of `"Back" Button`
    t =    25.02s Checking existence of `"Home" Button`
    t =    25.03s Checking existence of `Any (First Match)`
STEP[25s]: goHome: edge swipe fallback
    t =    25.04s Press Application 'com.nstudio.expobenchmark'[0.02, 0.50] for 0.1 seconds, then drag to Application 'com.nstudio.expobenchmark'[0.90, 0.50] with velocity of 500.00 pixels per second, and then hold for 0.0 seconds 
    t =    25.04s     Wait for com.nstudio.expobenchmark to idle
    t =    25.04s     Find the Application 'com.nstudio.expobenchmark'
    t =    25.04s     Check for interrupting elements affecting "ExpoBenchmark" Application
    t =    25.05s     Synthesize event
    t =    25.05s         Find the Application 'com.nstudio.expobenchmark'
    t =    25.06s         Find the Application 'com.nstudio.expobenchmark'
    t =    25.07s         Find the Application 'com.nstudio.expobenchmark'
    t =    25.07s         Find the Application 'com.nstudio.expobenchmark'
    t =    25.08s         Find the Application 'com.nstudio.expobenchmark'
    t =    26.08s     Wait for com.nstudio.expobenchmark to idle
    t =    26.09s Checking existence of `"Transcribe" Button`
    t =    26.10s Waiting 3.0s for Any (First Match) to exist
    t =    27.11s     Checking `Expect predicate `existsNoRetry == 1` for object Any (First Match)`
    t =    27.11s         Checking existence of `Any (First Match)`
    t =    27.14s         Capturing element debug description
    t =    28.15s     Checking `Expect predicate `existsNoRetry == 1` for object Any (First Match)`
    t =    28.15s         Checking existence of `Any (First Match)`
    t =    28.17s         Capturing element debug description
    t =    29.11s     Checking `Expect predicate `existsNoRetry == 1` for object Any (First Match)`
    t =    29.11s         Checking existence of `Any (First Match)`
    t =    29.13s         Capturing element debug description
    t =    29.13s     Checking existence of `Any (First Match)`
    t =    29.14s Collecting debug information to assist test failure triage
    t =    29.14s     Requesting snapshot of accessibility hierarchy for app with pid 43438
    t =    29.16s Requesting snapshot of accessibility hierarchy for app with pid 43438
    t =    29.20s Requesting snapshot of accessibility hierarchy for app with pid 43438
TREE(goHome failed):
Attributes: Application, 0x108379900, pid: 43438, label: 'ExpoBenchmark'
Element subtree:
 →Application, 0x108379900, pid: 43438, label: 'ExpoBenchmark'
    Window (Main), 0x108379a40, {{0.0, 0.0}, {402.0, 874.0}}
      Other, 0x108379b80, {{0.0, 0.0}, {402.0, 874.0}}
        Other, 0x108379cc0, {{0.0, 0.0}, {402.0, 874.0}}
          Other, 0x108379e00, {{0.0, 0.0}, {402.0, 874.0}}
            Other, 0x108379f40, {{0.0, 0.0}, {402.0, 874.0}}
              Other, 0x10837a080, {{0.0, 0.0}, {402.0, 874.0}}
                Other, 0x10837a1c0, {{0.0, 0.0}, {402.0, 874.0}}
                  Other, 0x10837a300, {{0.0, 62.0}, {402.0, 778.0}}
                  Other, 0x10837a440, {{16.0, 74.0}, {69.0, 28.3}}, label: '‹ Home'
                  StaticText, 0x10837a580, {{85.0, 76.0}, {62.3, 24.0}}, label: 'Health'
                    StaticText, 0x10837a6c0, {{85.0, 76.0}, {62.3, 24.0}}, label: 'Health'
                  StaticText, 0x10837a800, {{16.0, 122.3}, {370.0, 18.0}}, label: 'Health access: granted'
                    StaticText, 0x10837a940, {{16.0, 122.3}, {370.0, 18.0}}, label: 'Health access: granted'
                  Other, 0x10837aa80, {{16.0, 156.3}, {370.0, 48.3}}, label: 'Request Access'
                  Other, 0x10837abc0, {{16.0, 216.7}, {370.0, 48.3}}, label: 'Log 500 Steps'
                  StaticText, 0x10837ad00, {{16.0, 301.0}, {370.0, 21.7}}, label: 'Last 7 Days'
                    StaticText, 0x10837ae40, {{16.0, 301.0}, {370.0, 21.7}}, label: 'Last 7 Days'
                  StaticText, 0x10837af80, {{16.0, 330.7}, {370.0, 30.0}}, label: 'Sun Aug 2 — 0 steps'
                    StaticText, 0x10837b0c0, {{16.0, 330.7}, {370.0, 30.0}}, label: 'Sun Aug 2 — 0 steps'
                  StaticText, 0x10837b200, {{16.0, 360.7}, {370.0, 30.0}}, label: 'Sat Aug 1 — 25,000 steps (today)'
                    StaticText, 0x10837b340, {{16.0, 360.7}, {370.0, 30.0}}, label: 'Sat Aug 1 — 25,000 steps (today)'
                  StaticText, 0x10837b480, {{16.0, 390.7}, {370.0, 30.0}}, label: 'Fri Jul 31 — 0 steps'
                    StaticText, 0x10837b5c0, {{16.0, 390.7}, {370.0, 30.0}}, label: 'Fri Jul 31 — 0 steps'
                  StaticText, 0x10837b700, {{16.0, 420.7}, {370.0, 30.0}}, label: 'Thu Jul 30 — 0 steps'
                    StaticText, 0x10837b840, {{16.0, 420.7}, {370.0, 30.0}}, label: 'Thu Jul 30 — 0 steps'
                  StaticText, 0x10837b980, {{16.0, 450.7}, {370.0, 30.0}}, label: 'Wed Jul 29 — 0 steps'
                    StaticText, 0x10837bac0, {{16.0, 450.7}, {370.0, 30.0}}, label: 'Wed Jul 29 — 0 steps'
                  StaticText, 0x10837bc00, {{16.0, 480.7}, {370.0, 30.0}}, label: 'Tue Jul 28 — 0 steps'
                    StaticText, 0x10837bd40, {{16.0, 480.7}, {370.0, 30.0}}, label: 'Tue Jul 28 — 0 steps'
                  StaticText, 0x10837be80, {{16.0, 510.7}, {370.0, 30.0}}, label: 'Mon Jul 27 — 0 steps'
                    StaticText, 0x10827ee40, {{16.0, 510.7}, {370.0, 30.0}}, label: 'Mon Jul 27 — 0 steps'
                  StaticText, 0x10827f0c0, {{16.0, 540.7}, {370.0, 30.0}}, label: 'Sun Jul 26 — 0 steps'
                    StaticText, 0x108348000, {{16.0, 540.7}, {370.0, 30.0}}, label: 'Sun Jul 26 — 0 steps'
Path to element:
 →Application, 0x108379900, pid: 43438, label: 'ExpoBenchmark'
Query chain:
 →Find: Application 'com.nstudio.expobenchmark'
  Output: {
    Application, 0x108348140, pid: 43438, label: 'ExpoBenchmark'
  }

    t =    29.21s Terminate com.nstudio.expobenchmark:43438
STEP[30s]: iter 1: launch com.nstudio.expobenchmark
    t =    30.27s Open com.nstudio.expobenchmark
    t =    30.27s     Launch com.nstudio.expobenchmark
    t =    30.38s         Setting up automation session
    t =    30.89s         Wait for com.nstudio.expobenchmark to idle
    t =    32.01s Checking existence of `"Health" Button`
    t =    32.04s Waiting 20.0s for Any (First Match) to exist
    t =    33.05s     Checking `Expect predicate `existsNoRetry == 1` for object Any (First Match)`
    t =    33.06s         Checking existence of `Any (First Match)`
STEP[33s]: iter 1: nav Health
    t =    33.07s Checking existence of `"Health" Button`
    t =    33.08s Tap Any (First Match)
    t =    33.08s     Wait for com.nstudio.expobenchmark to idle
    t =    33.08s     Find the Any (First Match)
    t =    33.09s     Check for interrupting elements affecting "Health" Other
    t =    33.11s     Synthesize event
    t =    33.40s     Wait for com.nstudio.expobenchmark to idle
    t =    33.40s Waiting 10.0s for Any (First Match) to exist
    t =    34.44s     Checking `Expect predicate `existsNoRetry == 1` for object Any (First Match)`
    t =    34.44s         Checking existence of `Any (First Match)`
    t =    34.46s Checking existence of `Any (First Match)`
    t =    34.46s Find the Any (First Match)
    t =    34.47s Checking existence of `"Health access: granted" StaticText`
    t =    34.48s Find the "Health access: granted" StaticText
    t =    34.48s Waiting 15.0s for Any (First Match) to exist
    t =    35.49s     Checking `Expect predicate `existsNoRetry == 1` for object Any (First Match)`
    t =    35.50s         Checking existence of `Any (First Match)`
    t =    35.50s Checking existence of `Any (First Match)`
    t =    35.51s Find the Any (First Match)
    t =    35.51s Checking existence of `"Log 500 Steps" Button`
    t =    35.52s Checking existence of `Any (First Match)`
    t =    35.52s Find the Any (First Match)
STEP[35s]: iter 1: log 500
    t =    35.54s Tap "Log 500 Steps" Other
    t =    35.54s     Wait for com.nstudio.expobenchmark to idle
    t =    35.54s     Find the "Log 500 Steps" Other
    t =    35.55s     Check for interrupting elements affecting "Log 500 Steps" Other
    t =    35.56s     Synthesize event
    t =    35.85s     Wait for com.nstudio.expobenchmark to idle
    t =    35.86s Checking existence of `"Sat Aug 1 — 25,000 steps (today)" StaticText`
    t =    35.87s Find the "Sat Aug 1 — 25,000 steps (today)" StaticText
    t =    35.88s Checking existence of `"Sat Aug 1 — 25,500 steps (today)" StaticText`
STEP[35s]: iter 1: go home
    t =    35.89s Checking existence of `"Transcribe" Button`
    t =    35.90s Checking existence of `"Health" Button`
    t =    35.91s Checking existence of `Any (First Match)`
    t =    35.92s Checking existence of `Button (Element at index 0)`
    t =    35.92s Checking existence of `"Back" Button`
    t =    35.93s Checking existence of `"Home" Button`
    t =    35.94s Checking existence of `Any (First Match)`
STEP[35s]: goHome: edge swipe fallback
    t =    35.95s Press Application 'com.nstudio.expobenchmark'[0.02, 0.50] for 0.1 seconds, then drag to Application 'com.nstudio.expobenchmark'[0.90, 0.50] with velocity of 500.00 pixels per second, and then hold for 0.0 seconds 
    t =    35.95s     Wait for com.nstudio.expobenchmark to idle
    t =    35.95s     Find the Application 'com.nstudio.expobenchmark'
    t =    35.95s     Check for interrupting elements affecting "ExpoBenchmark" Application
    t =    35.96s     Synthesize event
    t =    35.96s         Find the Application 'com.nstudio.expobenchmark'
    t =    35.97s         Find the Application 'com.nstudio.expobenchmark'
    t =    35.97s         Find the Application 'com.nstudio.expobenchmark'
    t =    35.98s         Find the Application 'com.nstudio.expobenchmark'
    t =    35.99s         Find the Application 'com.nstudio.expobenchmark'
    t =    36.99s     Wait for com.nstudio.expobenchmark to idle
    t =    36.99s Checking existence of `"Transcribe" Button`
    t =    37.01s Waiting 3.0s for Any (First Match) to exist
    t =    38.03s     Checking `Expect predicate `existsNoRetry == 1` for object Any (First Match)`
    t =    38.03s         Checking existence of `Any (First Match)`
    t =    38.05s         Capturing element debug description
    t =    39.08s     Checking `Expect predicate `existsNoRetry == 1` for object Any (First Match)`
    t =    39.08s         Checking existence of `Any (First Match)`
    t =    39.10s         Capturing element debug description
    t =    40.01s     Checking `Expect predicate `existsNoRetry == 1` for object Any (First Match)`
    t =    40.02s         Checking existence of `Any (First Match)`
    t =    40.03s         Capturing element debug description
    t =    40.03s     Checking existence of `Any (First Match)`
    t =    40.04s Collecting debug information to assist test failure triage
    t =    40.04s     Requesting snapshot of accessibility hierarchy for app with pid 43454
    t =    40.06s Terminate com.nstudio.expobenchmark:43454
STEP[41s]: iter 2: launch com.nstudio.expobenchmark
    t =    41.08s Open com.nstudio.expobenchmark
    t =    41.08s     Launch com.nstudio.expobenchmark
    t =    41.19s         Setting up automation session
    t =    41.70s         Wait for com.nstudio.expobenchmark to idle
    t =    42.82s Checking existence of `"Health" Button`
    t =    42.85s Waiting 20.0s for Any (First Match) to exist
    t =    43.86s     Checking `Expect predicate `existsNoRetry == 1` for object Any (First Match)`
    t =    43.87s         Checking existence of `Any (First Match)`
STEP[43s]: iter 2: nav Health
    t =    43.88s Checking existence of `"Health" Button`
    t =    43.89s Tap Any (First Match)
    t =    43.89s     Wait for com.nstudio.expobenchmark to idle
    t =    43.89s     Find the Any (First Match)
    t =    43.90s     Check for interrupting elements affecting "Health" Other
    t =    43.92s     Synthesize event
    t =    44.21s     Wait for com.nstudio.expobenchmark to idle
    t =    44.22s Waiting 10.0s for Any (First Match) to exist
    t =    45.22s     Checking `Expect predicate `existsNoRetry == 1` for object Any (First Match)`
    t =    45.22s         Checking existence of `Any (First Match)`
    t =    45.24s Checking existence of `Any (First Match)`
    t =    45.25s Find the Any (First Match)
    t =    45.26s Checking existence of `"Health access: granted" StaticText`
    t =    45.26s Find the "Health access: granted" StaticText
    t =    45.27s Waiting 15.0s for Any (First Match) to exist
    t =    46.28s     Checking `Expect predicate `existsNoRetry == 1` for object Any (First Match)`
    t =    46.28s         Checking existence of `Any (First Match)`
    t =    46.30s Checking existence of `Any (First Match)`
    t =    46.31s Find the Any (First Match)
    t =    46.31s Checking existence of `"Log 500 Steps" Button`
    t =    46.33s Checking existence of `Any (First Match)`
    t =    46.33s Find the Any (First Match)
STEP[46s]: iter 2: log 500
    t =    46.34s Tap "Log 500 Steps" Other
    t =    46.34s     Wait for com.nstudio.expobenchmark to idle
    t =    46.35s     Find the "Log 500 Steps" Other
    t =    46.35s     Check for interrupting elements affecting "Log 500 Steps" Other
    t =    46.37s     Synthesize event
    t =    46.66s     Wait for com.nstudio.expobenchmark to idle
    t =    46.67s Checking existence of `"Sat Aug 1 — 25,500 steps (today)" StaticText`
    t =    46.68s Find the "Sat Aug 1 — 25,500 steps (today)" StaticText
    t =    46.69s Checking existence of `"Sat Aug 1 — 26,000 steps (today)" StaticText`
STEP[46s]: iter 2: go home
    t =    46.70s Checking existence of `"Transcribe" Button`
    t =    46.71s Checking existence of `"Health" Button`
    t =    46.72s Checking existence of `Any (First Match)`
    t =    46.73s Checking existence of `Button (Element at index 0)`
    t =    46.73s Checking existence of `"Back" Button`
    t =    46.74s Checking existence of `"Home" Button`
    t =    46.75s Checking existence of `Any (First Match)`
STEP[46s]: goHome: edge swipe fallback
    t =    46.75s Press Application 'com.nstudio.expobenchmark'[0.02, 0.50] for 0.1 seconds, then drag to Application 'com.nstudio.expobenchmark'[0.90, 0.50] with velocity of 500.00 pixels per second, and then hold for 0.0 seconds 
    t =    46.75s     Wait for com.nstudio.expobenchmark to idle
    t =    46.76s     Find the Application 'com.nstudio.expobenchmark'
    t =    46.76s     Check for interrupting elements affecting "ExpoBenchmark" Application
    t =    46.77s     Synthesize event
    t =    46.77s         Find the Application 'com.nstudio.expobenchmark'
    t =    46.78s         Find the Application 'com.nstudio.expobenchmark'
    t =    46.78s         Find the Application 'com.nstudio.expobenchmark'
    t =    46.79s         Find the Application 'com.nstudio.expobenchmark'
    t =    46.80s         Find the Application 'com.nstudio.expobenchmark'
    t =    47.81s     Wait for com.nstudio.expobenchmark to idle
    t =    47.81s Checking existence of `"Transcribe" Button`
    t =    47.83s Waiting 3.0s for Any (First Match) to exist
    t =    48.83s     Checking `Expect predicate `existsNoRetry == 1` for object Any (First Match)`
    t =    48.84s         Checking existence of `Any (First Match)`
    t =    48.86s         Capturing element debug description
    t =    49.86s     Checking `Expect predicate `existsNoRetry == 1` for object Any (First Match)`
    t =    49.87s         Checking existence of `Any (First Match)`
    t =    49.89s         Capturing element debug description
    t =    50.83s     Checking `Expect predicate `existsNoRetry == 1` for object Any (First Match)`
    t =    50.83s         Checking existence of `Any (First Match)`
    t =    50.86s         Capturing element debug description
    t =    50.86s     Checking existence of `Any (First Match)`
    t =    50.87s Collecting debug information to assist test failure triage
    t =    50.87s     Requesting snapshot of accessibility hierarchy for app with pid 43461
    t =    50.89s Terminate com.nstudio.expobenchmark:43461
PERFJSON:{"bundle_id":"com.nstudio.expobenchmark","runs":[{"health_granted":true,"hk_rows_ms":1047,"iter":0,"nav_health_ms":1358,"error":"goHome failed","error_hk_log":true},{"nav_health_ms":1380,"error":"goHome failed","iter":1,"hk_rows_ms":1016,"health_granted":true,"hk_log_roundtrip_ms":354},{"nav_health_ms":1359,"error":"goHome failed","health_granted":true,"iter":2,"hk_log_roundtrip_ms":356,"hk_rows_ms":1029}]}
    t =    51.93s Tear Down
Test Case '-[UIDriverUITests.FeatureLatencyTests testFeatureLatencies]' passed (51.981 seconds).
Test Suite 'FeatureLatencyTests' passed at 2026-08-01 19:37:08.212.
	 Executed 1 test, with 0 failures (0 unexpected) in 51.981 (51.983) seconds
Test Suite 'InteropCaptureTests' started at 2026-08-01 19:37:08.213.
Test Case '-[UIDriverUITests.InteropCaptureTests testCaptureInteropResults]' started.
    t =     0.00s Start Test at 2026-08-01 19:37:08.215
    t =     0.01s Set Up
    t =     0.01s Open com.nstudio.expobenchmark
    t =     0.02s     Launch com.nstudio.expobenchmark
    t =     0.11s         Setting up automation session
    t =     0.62s         Wait for com.nstudio.expobenchmark to idle
    t =     1.73s Waiting 240.0s for Any (First Match) to exist
    t =     2.74s     Checking `Expect predicate `existsNoRetry == 1` for object Any (First Match)`
    t =     2.74s         Checking existence of `Any (First Match)`
    t =     2.76s         Capturing element debug description
    t =     3.78s     Checking `Expect predicate `existsNoRetry == 1` for object Any (First Match)`
    t =     3.78s         Checking existence of `Any (First Match)`
    t =     3.80s         Capturing element debug description
    t =     4.83s     Checking `Expect predicate `existsNoRetry == 1` for object Any (First Match)`
    t =     4.83s         Checking existence of `Any (First Match)`
    t =     4.84s         Capturing element debug description
    t =     5.76s     Checking `Expect predicate `existsNoRetry == 1` for object Any (First Match)`
    t =     5.76s         Checking existence of `Any (First Match)`
    t =     5.77s         Capturing element debug description
    t =     6.79s     Checking `Expect predicate `existsNoRetry == 1` for object Any (First Match)`
    t =     6.79s         Checking existence of `Any (First Match)`
    t =     6.80s         Capturing element debug description
    t =     7.83s     Checking `Expect predicate `existsNoRetry == 1` for object Any (First Match)`
    t =     7.83s         Checking existence of `Any (First Match)`
    t =     7.84s         Capturing element debug description
    t =     8.76s     Checking `Expect predicate `existsNoRetry == 1` for object Any (First Match)`
    t =     8.76s         Checking existence of `Any (First Match)`
    t =     8.78s         Capturing element debug description
    t =     9.79s     Checking `Expect predicate `existsNoRetry == 1` for object Any (First Match)`
    t =     9.79s         Checking existence of `Any (First Match)`
    t =     9.81s         Capturing element debug description
    t =    10.79s     Checking `Expect predicate `existsNoRetry == 1` for object Any (First Match)`
    t =    10.79s         Checking existence of `Any (First Match)`
    t =    10.80s         Capturing element debug description
    t =    11.83s     Checking `Expect predicate `existsNoRetry == 1` for object Any (First Match)`
    t =    11.83s         Checking existence of `Any (First Match)`
    t =    11.84s         Capturing element debug description
    t =    12.76s     Checking `Expect predicate `existsNoRetry == 1` for object Any (First Match)`
    t =    12.76s         Checking existence of `Any (First Match)`
    t =    12.78s         Capturing element debug description
    t =    13.78s     Checking `Expect predicate `existsNoRetry == 1` for object Any (First Match)`
    t =    13.78s         Checking existence of `Any (First Match)`
    t =    13.80s         Capturing element debug description
    t =    14.83s     Checking `Expect predicate `existsNoRetry == 1` for object Any (First Match)`
    t =    14.83s         Checking existence of `Any (First Match)`
    t =    14.84s         Capturing element debug description
    t =    15.77s     Checking `Expect predicate `existsNoRetry == 1` for object Any (First Match)`
    t =    15.77s         Checking existence of `Any (First Match)`
    t =    15.78s         Capturing element debug description
    t =    16.79s     Checking `Expect predicate `existsNoRetry == 1` for object Any (First Match)`
    t =    16.80s         Checking existence of `Any (First Match)`
    t =    16.81s         Capturing element debug description
    t =    17.79s     Checking `Expect predicate `existsNoRetry == 1` for object Any (First Match)`
    t =    17.80s         Checking existence of `Any (First Match)`
    t =    17.81s         Capturing element debug description
    t =    18.83s     Checking `Expect predicate `existsNoRetry == 1` for object Any (First Match)`
    t =    18.83s         Checking existence of `Any (First Match)`
    t =    18.84s         Capturing element debug description
    t =    19.76s     Checking `Expect predicate `existsNoRetry == 1` for object Any (First Match)`
    t =    19.76s         Checking existence of `Any (First Match)`
    t =    19.77s         Capturing element debug description
    t =    20.79s     Checking `Expect predicate `existsNoRetry == 1` for object Any (First Match)`
    t =    20.79s         Checking existence of `Any (First Match)`
    t =    20.81s         Capturing element debug description
    t =    21.79s     Checking `Expect predicate `existsNoRetry == 1` for object Any (First Match)`
    t =    21.79s         Checking existence of `Any (First Match)`
    t =    21.81s         Capturing element debug description
    t =    22.81s     Checking `Expect predicate `existsNoRetry == 1` for object Any (First Match)`
    t =    22.82s         Checking existence of `Any (First Match)`
    t =    22.83s         Capturing element debug description
    t =    23.75s     Checking `Expect predicate `existsNoRetry == 1` for object Any (First Match)`
    t =    23.75s         Checking existence of `Any (First Match)`
    t =    23.76s         Capturing element debug description
    t =    24.79s     Checking `Expect predicate `existsNoRetry == 1` for object Any (First Match)`
    t =    24.79s         Checking existence of `Any (First Match)`
    t =    24.81s         Capturing element debug description
    t =    25.74s     Checking `Expect predicate `existsNoRetry == 1` for object Any (First Match)`
    t =    25.74s         Checking existence of `Any (First Match)`
    t =    25.75s         Capturing element debug description
    t =    26.76s     Checking `Expect predicate `existsNoRetry == 1` for object Any (First Match)`
    t =    26.76s         Checking existence of `Any (First Match)`
    t =    26.78s         Capturing element debug description
    t =    27.79s     Checking `Expect predicate `existsNoRetry == 1` for object Any (First Match)`
    t =    27.80s         Checking existence of `Any (First Match)`
    t =    27.81s         Capturing element debug description
    t =    28.73s     Checking `Expect predicate `existsNoRetry == 1` for object Any (First Match)`
    t =    28.74s         Checking existence of `Any (First Match)`
    t =    28.75s         Capturing element debug description
    t =    29.76s     Checking `Expect predicate `existsNoRetry == 1` for object Any (First Match)`
    t =    29.76s         Checking existence of `Any (First Match)`
    t =    29.78s         Capturing element debug description
    t =    30.81s     Checking `Expect predicate `existsNoRetry == 1` for object Any (First Match)`
    t =    30.81s         Checking existence of `Any (First Match)`
    t =    30.82s         Capturing element debug description
    t =    31.74s     Checking `Expect predicate `existsNoRetry == 1` for object Any (First Match)`
    t =    31.74s         Checking existence of `Any (First Match)`
    t =    31.75s         Capturing element debug description
    t =    32.76s     Checking `Expect predicate `existsNoRetry == 1` for object Any (First Match)`
    t =    32.76s         Checking existence of `Any (First Match)`
    t =    32.78s         Capturing element debug description
    t =    33.80s     Checking `Expect predicate `existsNoRetry == 1` for object Any (First Match)`
    t =    33.80s         Checking existence of `Any (First Match)`
    t =    33.81s         Capturing element debug description
    t =    34.74s     Checking `Expect predicate `existsNoRetry == 1` for object Any (First Match)`
    t =    34.74s         Checking existence of `Any (First Match)`
    t =    34.75s         Capturing element debug description
    t =    35.78s     Checking `Expect predicate `existsNoRetry == 1` for object Any (First Match)`
    t =    35.78s         Checking existence of `Any (First Match)`
    t =    35.79s         Capturing element debug description
    t =    36.81s     Checking `Expect predicate `existsNoRetry == 1` for object Any (First Match)`
    t =    36.81s         Checking existence of `Any (First Match)`
    t =    36.83s         Capturing element debug description
    t =    37.74s     Checking `Expect predicate `existsNoRetry == 1` for object Any (First Match)`
    t =    37.74s         Checking existence of `Any (First Match)`
    t =    37.75s         Capturing element debug description
    t =    38.77s     Checking `Expect predicate `existsNoRetry == 1` for object Any (First Match)`
    t =    38.77s         Checking existence of `Any (First Match)`
    t =    38.79s         Capturing element debug description
    t =    39.80s     Checking `Expect predicate `existsNoRetry == 1` for object Any (First Match)`
    t =    39.80s         Checking existence of `Any (First Match)`
    t =    39.82s         Capturing element debug description
    t =    40.74s     Checking `Expect predicate `existsNoRetry == 1` for object Any (First Match)`
    t =    40.74s         Checking existence of `Any (First Match)`
    t =    40.75s         Capturing element debug description
    t =    41.76s     Checking `Expect predicate `existsNoRetry == 1` for object Any (First Match)`
    t =    41.77s         Checking existence of `Any (First Match)`
    t =    41.78s         Capturing element debug description
    t =    42.78s     Checking `Expect predicate `existsNoRetry == 1` for object Any (First Match)`
    t =    42.78s         Checking existence of `Any (First Match)`
    t =    42.80s         Capturing element debug description
    t =    43.81s     Checking `Expect predicate `existsNoRetry == 1` for object Any (First Match)`
    t =    43.81s         Checking existence of `Any (First Match)`
    t =    43.82s         Capturing element debug description
    t =    44.74s     Checking `Expect predicate `existsNoRetry == 1` for object Any (First Match)`
    t =    44.74s         Checking existence of `Any (First Match)`
    t =    44.74s         Capturing element debug description
    t =    45.76s     Checking `Expect predicate `existsNoRetry == 1` for object Any (First Match)`
    t =    45.76s         Checking existence of `Any (First Match)`
    t =    45.77s         Capturing element debug description
    t =    46.79s     Checking `Expect predicate `existsNoRetry == 1` for object Any (First Match)`
    t =    46.79s         Checking existence of `Any (First Match)`
    t =    46.81s         Capturing element debug description
    t =    47.73s     Checking `Expect predicate `existsNoRetry == 1` for object Any (First Match)`
    t =    47.74s         Checking existence of `Any (First Match)`
    t =    47.75s         Capturing element debug description
    t =    48.76s     Checking `Expect predicate `existsNoRetry == 1` for object Any (First Match)`
    t =    48.76s         Checking existence of `Any (First Match)`
    t =    48.78s         Capturing element debug description
    t =    49.79s     Checking `Expect predicate `existsNoRetry == 1` for object Any (First Match)`
    t =    49.79s         Checking existence of `Any (First Match)`
    t =    49.81s         Capturing element debug description
    t =    50.73s     Checking `Expect predicate `existsNoRetry == 1` for object Any (First Match)`
    t =    50.74s         Checking existence of `Any (First Match)`
    t =    50.75s         Capturing element debug description
    t =    51.76s     Checking `Expect predicate `existsNoRetry == 1` for object Any (First Match)`
    t =    51.76s         Checking existence of `Any (First Match)`
    t =    51.77s         Capturing element debug description
    t =    52.79s     Checking `Expect predicate `existsNoRetry == 1` for object Any (First Match)`
    t =    52.79s         Checking existence of `Any (First Match)`
    t =    52.81s         Capturing element debug description
    t =    53.82s     Checking `Expect predicate `existsNoRetry == 1` for object Any (First Match)`
    t =    53.83s         Checking existence of `Any (First Match)`
    t =    53.84s         Capturing element debug description
    t =    54.76s     Checking `Expect predicate `existsNoRetry == 1` for object Any (First Match)`
    t =    54.76s         Checking existence of `Any (First Match)`
    t =    54.77s         Capturing element debug description
    t =    55.78s     Checking `Expect predicate `existsNoRetry == 1` for object Any (First Match)`
    t =    55.78s         Checking existence of `Any (First Match)`
    t =    55.80s         Capturing element debug description
    t =    56.80s     Checking `Expect predicate `existsNoRetry == 1` for object Any (First Match)`
    t =    56.80s         Checking existence of `Any (First Match)`
    t =    56.82s         Capturing element debug description
    t =    57.74s     Checking `Expect predicate `existsNoRetry == 1` for object Any (First Match)`
    t =    57.74s         Checking existence of `Any (First Match)`
    t =    57.75s         Capturing element debug description
    t =    58.76s     Checking `Expect predicate `existsNoRetry == 1` for object Any (First Match)`
    t =    58.76s         Checking existence of `Any (First Match)`
    t =    58.77s         Capturing element debug description
    t =    59.79s     Checking `Expect predicate `existsNoRetry == 1` for object Any (First Match)`
    t =    59.79s         Checking existence of `Any (First Match)`
    t =    59.80s         Capturing element debug description
    t =    60.82s     Checking `Expect predicate `existsNoRetry == 1` for object Any (First Match)`
    t =    60.83s         Checking existence of `Any (First Match)`
    t =    60.84s         Capturing element debug description
    t =    61.76s     Checking `Expect predicate `existsNoRetry == 1` for object Any (First Match)`
    t =    61.76s         Checking existence of `Any (First Match)`
    t =    61.78s         Capturing element debug description
    t =    62.79s     Checking `Expect predicate `existsNoRetry == 1` for object Any (First Match)`
    t =    62.79s         Checking existence of `Any (First Match)`
    t =    62.81s         Capturing element debug description
    t =    63.82s     Checking `Expect predicate `existsNoRetry == 1` for object Any (First Match)`
    t =    63.83s         Checking existence of `Any (First Match)`
    t =    63.84s         Capturing element debug description
    t =    64.76s     Checking `Expect predicate `existsNoRetry == 1` for object Any (First Match)`
    t =    64.76s         Checking existence of `Any (First Match)`
    t =    64.77s         Capturing element debug description
    t =    65.80s     Checking `Expect predicate `existsNoRetry == 1` for object Any (First Match)`
    t =    65.81s         Checking existence of `Any (First Match)`
    t =    65.82s         Capturing element debug description
    t =    66.75s     Checking `Expect predicate `existsNoRetry == 1` for object Any (First Match)`
    t =    66.75s         Checking existence of `Any (First Match)`
    t =    66.76s         Capturing element debug description
    t =    67.80s     Checking `Expect predicate `existsNoRetry == 1` for object Any (First Match)`
    t =    67.80s         Checking existence of `Any (First Match)`
    t =    67.82s         Capturing element debug description
    t =    68.74s     Checking `Expect predicate `existsNoRetry == 1` for object Any (First Match)`
    t =    68.74s         Checking existence of `Any (First Match)`
    t =    68.75s         Capturing element debug description
    t =    69.79s     Checking `Expect predicate `existsNoRetry == 1` for object Any (First Match)`
    t =    69.79s         Checking existence of `Any (First Match)`
    t =    69.80s         Capturing element debug description
    t =    70.74s     Checking `Expect predicate `existsNoRetry == 1` for object Any (First Match)`
    t =    70.74s         Checking existence of `Any (First Match)`
    t =    70.76s         Capturing element debug description
    t =    71.79s     Checking `Expect predicate `existsNoRetry == 1` for object Any (First Match)`
    t =    71.79s         Checking existence of `Any (First Match)`
    t =    71.81s         Capturing element debug description
    t =    72.74s     Checking `Expect predicate `existsNoRetry == 1` for object Any (First Match)`
    t =    72.74s         Checking existence of `Any (First Match)`
    t =    72.75s         Capturing element debug description
    t =    73.79s     Checking `Expect predicate `existsNoRetry == 1` for object Any (First Match)`
    t =    73.79s         Checking existence of `Any (First Match)`
    t =    73.80s         Capturing element debug description
    t =    74.73s     Checking `Expect predicate `existsNoRetry == 1` for object Any (First Match)`
    t =    74.74s         Checking existence of `Any (First Match)`
    t =    74.75s         Capturing element debug description
    t =    75.78s     Checking `Expect predicate `existsNoRetry == 1` for object Any (First Match)`
    t =    75.78s         Checking existence of `Any (First Match)`
    t =    75.80s         Capturing element debug description
    t =    76.73s     Checking `Expect predicate `existsNoRetry == 1` for object Any (First Match)`
    t =    76.74s         Checking existence of `Any (First Match)`
    t =    76.75s         Capturing element debug description
    t =    77.79s     Checking `Expect predicate `existsNoRetry == 1` for object Any (First Match)`
    t =    77.79s         Checking existence of `Any (First Match)`
    t =    77.80s         Capturing element debug description
    t =    78.74s     Checking `Expect predicate `existsNoRetry == 1` for object Any (First Match)`
    t =    78.74s         Checking existence of `Any (First Match)`
    t =    78.75s         Capturing element debug description
    t =    79.80s     Checking `Expect predicate `existsNoRetry == 1` for object Any (First Match)`
    t =    79.81s         Checking existence of `Any (First Match)`
    t =    79.82s         Capturing element debug description
    t =    80.74s     Checking `Expect predicate `existsNoRetry == 1` for object Any (First Match)`
    t =    80.74s         Checking existence of `Any (First Match)`
    t =    80.76s         Capturing element debug description
    t =    81.79s     Checking `Expect predicate `existsNoRetry == 1` for object Any (First Match)`
    t =    81.79s         Checking existence of `Any (First Match)`
    t =    81.81s         Capturing element debug description
    t =    82.74s     Checking `Expect predicate `existsNoRetry == 1` for object Any (First Match)`
    t =    82.74s         Checking existence of `Any (First Match)`
    t =    82.75s         Capturing element debug description
    t =    83.79s     Checking `Expect predicate `existsNoRetry == 1` for object Any (First Match)`
    t =    83.79s         Checking existence of `Any (First Match)`
    t =    83.80s         Capturing element debug description
    t =    84.74s     Checking `Expect predicate `existsNoRetry == 1` for object Any (First Match)`
    t =    84.74s         Checking existence of `Any (First Match)`
    t =    84.75s         Capturing element debug description
    t =    85.83s     Checking `Expect predicate `existsNoRetry == 1` for object Any (First Match)`
    t =    85.83s         Checking existence of `Any (First Match)`
    t =    85.84s         Capturing element debug description
    t =    86.76s     Checking `Expect predicate `existsNoRetry == 1` for object Any (First Match)`
    t =    86.76s         Checking existence of `Any (First Match)`
    t =    86.78s         Capturing element debug description
    t =    87.80s     Checking `Expect predicate `existsNoRetry == 1` for object Any (First Match)`
    t =    87.81s         Checking existence of `Any (First Match)`
    t =    87.82s         Capturing element debug description
    t =    88.74s     Checking `Expect predicate `existsNoRetry == 1` for object Any (First Match)`
    t =    88.74s         Checking existence of `Any (First Match)`
    t =    88.75s         Capturing element debug description
    t =    89.78s     Checking `Expect predicate `existsNoRetry == 1` for object Any (First Match)`
    t =    89.78s         Checking existence of `Any (First Match)`
    t =    89.80s         Capturing element debug description
    t =    90.73s     Checking `Expect predicate `existsNoRetry == 1` for object Any (First Match)`
    t =    90.73s         Checking existence of `Any (First Match)`
    t =    90.75s         Capturing element debug description
    t =    91.76s     Checking `Expect predicate `existsNoRetry == 1` for object Any (First Match)`
    t =    91.76s         Checking existence of `Any (First Match)`
    t =    91.77s         Capturing element debug description
    t =    92.82s     Checking `Expect predicate `existsNoRetry == 1` for object Any (First Match)`
    t =    92.83s         Checking existence of `Any (First Match)`
    t =    92.84s         Capturing element debug description
    t =    93.76s     Checking `Expect predicate `existsNoRetry == 1` for object Any (First Match)`
    t =    93.76s         Checking existence of `Any (First Match)`
    t =    93.77s         Capturing element debug description
    t =    94.80s     Checking `Expect predicate `existsNoRetry == 1` for object Any (First Match)`
    t =    94.80s         Checking existence of `Any (First Match)`
    t =    94.81s         Capturing element debug description
    t =    95.74s     Checking `Expect predicate `existsNoRetry == 1` for object Any (First Match)`
    t =    95.74s         Checking existence of `Any (First Match)`
    t =    95.75s         Capturing element debug description
    t =    96.79s     Checking `Expect predicate `existsNoRetry == 1` for object Any (First Match)`
    t =    96.80s         Checking existence of `Any (First Match)`
    t =    96.81s         Capturing element debug description
    t =    97.73s     Checking `Expect predicate `existsNoRetry == 1` for object Any (First Match)`
    t =    97.73s         Checking existence of `Any (First Match)`
    t =    97.75s         Capturing element debug description
    t =    98.79s     Checking `Expect predicate `existsNoRetry == 1` for object Any (First Match)`
    t =    98.79s         Checking existence of `Any (First Match)`
    t =    98.81s         Capturing element debug description
    t =    99.76s     Checking `Expect predicate `existsNoRetry == 1` for object Any (First Match)`
    t =    99.76s         Checking existence of `Any (First Match)`
    t =    99.77s         Capturing element debug description
    t =   100.78s     Checking `Expect predicate `existsNoRetry == 1` for object Any (First Match)`
    t =   100.78s         Checking existence of `Any (First Match)`
    t =   100.80s         Capturing element debug description
    t =   101.74s     Checking `Expect predicate `existsNoRetry == 1` for object Any (First Match)`
    t =   101.74s         Checking existence of `Any (First Match)`
    t =   101.76s         Capturing element debug description
    t =   102.79s     Checking `Expect predicate `existsNoRetry == 1` for object Any (First Match)`
    t =   102.79s         Checking existence of `Any (First Match)`
    t =   102.80s         Capturing element debug description
    t =   103.74s     Checking `Expect predicate `existsNoRetry == 1` for object Any (First Match)`
    t =   103.74s         Checking existence of `Any (First Match)`
    t =   103.75s         Capturing element debug description
    t =   104.80s     Checking `Expect predicate `existsNoRetry == 1` for object Any (First Match)`
    t =   104.80s         Checking existence of `Any (First Match)`
    t =   104.82s         Capturing element debug description
    t =   105.73s     Checking `Expect predicate `existsNoRetry == 1` for object Any (First Match)`
    t =   105.73s         Checking existence of `Any (First Match)`
    t =   105.74s         Capturing element debug description
    t =   106.76s     Checking `Expect predicate `existsNoRetry == 1` for object Any (First Match)`
    t =   106.76s         Checking existence of `Any (First Match)`
    t =   106.77s         Capturing element debug description
    t =   107.79s     Checking `Expect predicate `existsNoRetry == 1` for object Any (First Match)`
    t =   107.79s         Checking existence of `Any (First Match)`
    t =   107.81s         Capturing element debug description
    t =   108.73s     Checking `Expect predicate `existsNoRetry == 1` for object Any (First Match)`
    t =   108.74s         Checking existence of `Any (First Match)`
    t =   108.75s         Capturing element debug description
    t =   109.80s     Checking `Expect predicate `existsNoRetry == 1` for object Any (First Match)`
    t =   109.80s         Checking existence of `Any (First Match)`
    t =   109.81s         Capturing element debug description
    t =   110.73s     Checking `Expect predicate `existsNoRetry == 1` for object Any (First Match)`
    t =   110.74s         Checking existence of `Any (First Match)`
    t =   110.75s         Capturing element debug description
    t =   111.77s     Checking `Expect predicate `existsNoRetry == 1` for object Any (First Match)`
    t =   111.77s         Checking existence of `Any (First Match)`
    t =   111.78s         Capturing element debug description
    t =   112.81s     Checking `Expect predicate `existsNoRetry == 1` for object Any (First Match)`
    t =   112.81s         Checking existence of `Any (First Match)`
    t =   112.83s         Capturing element debug description
    t =   113.76s     Checking `Expect predicate `existsNoRetry == 1` for object Any (First Match)`
    t =   113.76s         Checking existence of `Any (First Match)`
    t =   113.77s         Capturing element debug description
    t =   114.82s     Checking `Expect predicate `existsNoRetry == 1` for object Any (First Match)`
    t =   114.83s         Checking existence of `Any (First Match)`
    t =   114.84s         Capturing element debug description
    t =   115.76s     Checking `Expect predicate `existsNoRetry == 1` for object Any (First Match)`
    t =   115.76s         Checking existence of `Any (First Match)`
    t =   115.78s         Capturing element debug description
    t =   116.82s     Checking `Expect predicate `existsNoRetry == 1` for object Any (First Match)`
    t =   116.82s         Checking existence of `Any (First Match)`
    t =   116.83s         Capturing element debug description
    t =   117.76s     Checking `Expect predicate `existsNoRetry == 1` for object Any (First Match)`
    t =   117.76s         Checking existence of `Any (First Match)`
    t =   117.77s         Capturing element debug description
    t =   118.79s     Checking `Expect predicate `existsNoRetry == 1` for object Any (First Match)`
    t =   118.79s         Checking existence of `Any (First Match)`
    t =   118.80s         Capturing element debug description
    t =   119.74s     Checking `Expect predicate `existsNoRetry == 1` for object Any (First Match)`
    t =   119.74s         Checking existence of `Any (First Match)`
    t =   119.75s         Capturing element debug description
    t =   120.78s     Checking `Expect predicate `existsNoRetry == 1` for object Any (First Match)`
    t =   120.78s         Checking existence of `Any (First Match)`
    t =   120.80s         Capturing element debug description
    t =   121.82s     Checking `Expect predicate `existsNoRetry == 1` for object Any (First Match)`
    t =   121.83s         Checking existence of `Any (First Match)`
    t =   121.84s         Capturing element debug description
    t =   122.76s     Checking `Expect predicate `existsNoRetry == 1` for object Any (First Match)`
    t =   122.76s         Checking existence of `Any (First Match)`
    t =   122.77s         Capturing element debug description
    t =   123.82s     Checking `Expect predicate `existsNoRetry == 1` for object Any (First Match)`
    t =   123.83s         Checking existence of `Any (First Match)`
    t =   123.84s         Capturing element debug description
    t =   124.76s     Checking `Expect predicate `existsNoRetry == 1` for object Any (First Match)`
    t =   124.76s         Checking existence of `Any (First Match)`
    t =   124.77s         Capturing element debug description
    t =   125.81s     Checking `Expect predicate `existsNoRetry == 1` for object Any (First Match)`
    t =   125.81s         Checking existence of `Any (First Match)`
    t =   125.82s         Capturing element debug description
    t =   126.75s     Checking `Expect predicate `existsNoRetry == 1` for object Any (First Match)`
    t =   126.75s         Checking existence of `Any (First Match)`
    t =   126.77s         Capturing element debug description
    t =   127.80s     Checking `Expect predicate `existsNoRetry == 1` for object Any (First Match)`
    t =   127.81s         Checking existence of `Any (First Match)`
    t =   127.82s         Capturing element debug description
    t =   128.76s     Checking `Expect predicate `existsNoRetry == 1` for object Any (First Match)`
    t =   128.76s         Checking existence of `Any (First Match)`
    t =   128.77s         Capturing element debug description
    t =   129.81s     Checking `Expect predicate `existsNoRetry == 1` for object Any (First Match)`
    t =   129.81s         Checking existence of `Any (First Match)`
    t =   129.82s         Capturing element debug description
    t =   130.75s     Checking `Expect predicate `existsNoRetry == 1` for object Any (First Match)`
    t =   130.75s         Checking existence of `Any (First Match)`
    t =   130.77s         Capturing element debug description
    t =   131.79s     Checking `Expect predicate `existsNoRetry == 1` for object Any (First Match)`
    t =   131.79s         Checking existence of `Any (First Match)`
    t =   131.81s         Capturing element debug description
    t =   132.73s     Checking `Expect predicate `existsNoRetry == 1` for object Any (First Match)`
    t =   132.73s         Checking existence of `Any (First Match)`
    t =   132.75s         Capturing element debug description
    t =   133.79s     Checking `Expect predicate `existsNoRetry == 1` for object Any (First Match)`
    t =   133.79s         Checking existence of `Any (First Match)`
    t =   133.80s         Capturing element debug description
    t =   134.73s     Checking `Expect predicate `existsNoRetry == 1` for object Any (First Match)`
    t =   134.73s         Checking existence of `Any (First Match)`
    t =   134.75s         Capturing element debug description
    t =   135.78s     Checking `Expect predicate `existsNoRetry == 1` for object Any (First Match)`
    t =   135.78s         Checking existence of `Any (First Match)`
    t =   135.79s         Capturing element debug description
    t =   136.73s     Checking `Expect predicate `existsNoRetry == 1` for object Any (First Match)`
    t =   136.74s         Checking existence of `Any (First Match)`
    t =   136.75s         Capturing element debug description
    t =   137.78s     Checking `Expect predicate `existsNoRetry == 1` for object Any (First Match)`
    t =   137.78s         Checking existence of `Any (First Match)`
    t =   137.80s         Capturing element debug description
    t =   138.75s     Checking `Expect predicate `existsNoRetry == 1` for object Any (First Match)`
    t =   138.75s         Checking existence of `Any (First Match)`
    t =   138.77s         Capturing element debug description
    t =   139.79s     Checking `Expect predicate `existsNoRetry == 1` for object Any (First Match)`
    t =   139.79s         Checking existence of `Any (First Match)`
    t =   139.81s         Capturing element debug description
    t =   140.73s     Checking `Expect predicate `existsNoRetry == 1` for object Any (First Match)`
    t =   140.73s         Checking existence of `Any (First Match)`
    t =   140.75s         Capturing element debug description
    t =   141.79s     Checking `Expect predicate `existsNoRetry == 1` for object Any (First Match)`
    t =   141.79s         Checking existence of `Any (First Match)`
    t =   141.81s         Capturing element debug description
    t =   142.73s     Checking `Expect predicate `existsNoRetry == 1` for object Any (First Match)`
    t =   142.74s         Checking existence of `Any (First Match)`
    t =   142.75s         Capturing element debug description
    t =   143.77s     Checking `Expect predicate `existsNoRetry == 1` for object Any (First Match)`
    t =   143.78s         Checking existence of `Any (First Match)`
    t =   143.79s         Capturing element debug description
    t =   144.74s     Checking `Expect predicate `existsNoRetry == 1` for object Any (First Match)`
    t =   144.74s         Checking existence of `Any (First Match)`
    t =   144.75s         Capturing element debug description
    t =   145.77s     Checking `Expect predicate `existsNoRetry == 1` for object Any (First Match)`
    t =   145.78s         Checking existence of `Any (First Match)`
    t =   145.79s         Capturing element debug description
    t =   146.73s     Checking `Expect predicate `existsNoRetry == 1` for object Any (First Match)`
    t =   146.73s         Checking existence of `Any (First Match)`
    t =   146.74s         Capturing element debug description
    t =   147.76s     Checking `Expect predicate `existsNoRetry == 1` for object Any (First Match)`
    t =   147.76s         Checking existence of `Any (First Match)`
    t =   147.77s         Capturing element debug description
    t =   148.81s     Checking `Expect predicate `existsNoRetry == 1` for object Any (First Match)`
    t =   148.81s         Checking existence of `Any (First Match)`
    t =   148.82s         Capturing element debug description
    t =   149.76s     Checking `Expect predicate `existsNoRetry == 1` for object Any (First Match)`
    t =   149.76s         Checking existence of `Any (First Match)`
    t =   149.77s         Capturing element debug description
    t =   150.79s     Checking `Expect predicate `existsNoRetry == 1` for object Any (First Match)`
    t =   150.79s         Checking existence of `Any (First Match)`
    t =   150.81s         Capturing element debug description
    t =   151.76s     Checking `Expect predicate `existsNoRetry == 1` for object Any (First Match)`
    t =   151.76s         Checking existence of `Any (First Match)`
    t =   151.77s         Capturing element debug description
    t =   152.79s     Checking `Expect predicate `existsNoRetry == 1` for object Any (First Match)`
    t =   152.79s         Checking existence of `Any (First Match)`
    t =   152.80s         Capturing element debug description
    t =   153.74s     Checking `Expect predicate `existsNoRetry == 1` for object Any (First Match)`
    t =   153.74s         Checking existence of `Any (First Match)`
    t =   153.75s         Capturing element debug description
    t =   154.79s     Checking `Expect predicate `existsNoRetry == 1` for object Any (First Match)`
    t =   154.79s         Checking existence of `Any (First Match)`
    t =   154.80s         Capturing element debug description
    t =   155.74s     Checking `Expect predicate `existsNoRetry == 1` for object Any (First Match)`
    t =   155.74s         Checking existence of `Any (First Match)`
    t =   155.75s         Capturing element debug description
    t =   156.79s     Checking `Expect predicate `existsNoRetry == 1` for object Any (First Match)`
    t =   156.79s         Checking existence of `Any (First Match)`
    t =   156.80s         Capturing element debug description
    t =   157.74s     Checking `Expect predicate `existsNoRetry == 1` for object Any (First Match)`
    t =   157.74s         Checking existence of `Any (First Match)`
    t =   157.75s         Capturing element debug description
    t =   158.78s     Checking `Expect predicate `existsNoRetry == 1` for object Any (First Match)`
    t =   158.78s         Checking existence of `Any (First Match)`
    t =   158.79s         Capturing element debug description
    t =   159.73s     Checking `Expect predicate `existsNoRetry == 1` for object Any (First Match)`
    t =   159.73s         Checking existence of `Any (First Match)`
    t =   159.75s         Capturing element debug description
    t =   160.76s     Checking `Expect predicate `existsNoRetry == 1` for object Any (First Match)`
    t =   160.76s         Checking existence of `Any (First Match)`
    t =   160.77s         Capturing element debug description
    t =   161.80s     Checking `Expect predicate `existsNoRetry == 1` for object Any (First Match)`
    t =   161.80s         Checking existence of `Any (First Match)`
    t =   161.82s         Capturing element debug description
    t =   162.76s     Checking `Expect predicate `existsNoRetry == 1` for object Any (First Match)`
    t =   162.76s         Checking existence of `Any (First Match)`
    t =   162.77s         Capturing element debug description
    t =   163.80s     Checking `Expect predicate `existsNoRetry == 1` for object Any (First Match)`
    t =   163.81s         Checking existence of `Any (First Match)`
    t =   163.82s         Capturing element debug description
    t =   164.76s     Checking `Expect predicate `existsNoRetry == 1` for object Any (First Match)`
    t =   164.76s         Checking existence of `Any (First Match)`
    t =   164.77s         Capturing element debug description
    t =   165.78s     Checking `Expect predicate `existsNoRetry == 1` for object Any (First Match)`
    t =   165.78s         Checking existence of `Any (First Match)`
    t =   165.80s         Capturing element debug description
    t =   166.74s     Checking `Expect predicate `existsNoRetry == 1` for object Any (First Match)`
    t =   166.74s         Checking existence of `Any (First Match)`
    t =   166.76s         Capturing element debug description
    t =   167.81s     Checking `Expect predicate `existsNoRetry == 1` for object Any (First Match)`
    t =   167.81s         Checking existence of `Any (First Match)`
    t =   167.83s         Capturing element debug description
    t =   168.76s     Checking `Expect predicate `existsNoRetry == 1` for object Any (First Match)`
    t =   168.76s         Checking existence of `Any (First Match)`
    t =   168.78s         Capturing element debug description
    t =   169.81s     Checking `Expect predicate `existsNoRetry == 1` for object Any (First Match)`
    t =   169.82s         Checking existence of `Any (First Match)`
    t =   169.83s         Capturing element debug description
    t =   170.76s     Checking `Expect predicate `existsNoRetry == 1` for object Any (First Match)`
    t =   170.76s         Checking existence of `Any (First Match)`
    t =   170.77s         Capturing element debug description
    t =   171.82s     Checking `Expect predicate `existsNoRetry == 1` for object Any (First Match)`
    t =   171.82s         Checking existence of `Any (First Match)`
    t =   171.83s         Capturing element debug description
    t =   172.78s     Checking `Expect predicate `existsNoRetry == 1` for object Any (First Match)`
    t =   172.78s         Checking existence of `Any (First Match)`
    t =   172.80s         Capturing element debug description
    t =   173.73s     Checking `Expect predicate `existsNoRetry == 1` for object Any (First Match)`
    t =   173.73s         Checking existence of `Any (First Match)`
    t =   173.75s         Capturing element debug description
    t =   174.79s     Checking `Expect predicate `existsNoRetry == 1` for object Any (First Match)`
    t =   174.79s         Checking existence of `Any (First Match)`
    t =   174.80s         Capturing element debug description
    t =   175.82s     Checking `Expect predicate `existsNoRetry == 1` for object Any (First Match)`
    t =   175.82s         Checking existence of `Any (First Match)`
    t =   175.84s         Capturing element debug description
    t =   176.76s     Checking `Expect predicate `existsNoRetry == 1` for object Any (First Match)`
    t =   176.76s         Checking existence of `Any (First Match)`
    t =   176.77s         Capturing element debug description
    t =   177.79s     Checking `Expect predicate `existsNoRetry == 1` for object Any (First Match)`
    t =   177.80s         Checking existence of `Any (First Match)`
    t =   177.81s         Capturing element debug description
    t =   178.74s     Checking `Expect predicate `existsNoRetry == 1` for object Any (First Match)`
    t =   178.74s         Checking existence of `Any (First Match)`
    t =   178.75s         Capturing element debug description
    t =   179.78s     Checking `Expect predicate `existsNoRetry == 1` for object Any (First Match)`
    t =   179.78s         Checking existence of `Any (First Match)`
    t =   179.80s         Capturing element debug description
    t =   180.74s     Checking `Expect predicate `existsNoRetry == 1` for object Any (First Match)`
    t =   180.74s         Checking existence of `Any (First Match)`
    t =   180.75s         Capturing element debug description
    t =   181.79s     Checking `Expect predicate `existsNoRetry == 1` for object Any (First Match)`
    t =   181.79s         Checking existence of `Any (First Match)`
    t =   181.80s         Capturing element debug description
    t =   182.73s     Checking `Expect predicate `existsNoRetry == 1` for object Any (First Match)`
    t =   182.73s         Checking existence of `Any (First Match)`
    t =   182.75s         Capturing element debug description
    t =   183.78s     Checking `Expect predicate `existsNoRetry == 1` for object Any (First Match)`
    t =   183.78s         Checking existence of `Any (First Match)`
    t =   183.79s         Capturing element debug description
    t =   184.74s     Checking `Expect predicate `existsNoRetry == 1` for object Any (First Match)`
    t =   184.74s         Checking existence of `Any (First Match)`
    t =   184.75s         Capturing element debug description
    t =   185.80s     Checking `Expect predicate `existsNoRetry == 1` for object Any (First Match)`
    t =   185.80s         Checking existence of `Any (First Match)`
    t =   185.81s         Capturing element debug description
    t =   186.73s     Checking `Expect predicate `existsNoRetry == 1` for object Any (First Match)`
    t =   186.73s         Checking existence of `Any (First Match)`
    t =   186.75s         Capturing element debug description
    t =   187.79s     Checking `Expect predicate `existsNoRetry == 1` for object Any (First Match)`
    t =   187.79s         Checking existence of `Any (First Match)`
    t =   187.80s         Capturing element debug description
    t =   188.73s     Checking `Expect predicate `existsNoRetry == 1` for object Any (First Match)`
    t =   188.73s         Checking existence of `Any (First Match)`
    t =   188.75s         Capturing element debug description
    t =   189.78s     Checking `Expect predicate `existsNoRetry == 1` for object Any (First Match)`
    t =   189.78s         Checking existence of `Any (First Match)`
    t =   189.80s         Capturing element debug description
    t =   190.82s     Checking `Expect predicate `existsNoRetry == 1` for object Any (First Match)`
    t =   190.82s         Checking existence of `Any (First Match)`
    t =   190.84s         Capturing element debug description
    t =   191.75s     Checking `Expect predicate `existsNoRetry == 1` for object Any (First Match)`
    t =   191.76s         Checking existence of `Any (First Match)`
    t =   191.77s         Capturing element debug description
    t =   192.78s     Checking `Expect predicate `existsNoRetry == 1` for object Any (First Match)`
    t =   192.78s         Checking existence of `Any (First Match)`
    t =   192.79s         Capturing element debug description
    t =   193.73s     Checking `Expect predicate `existsNoRetry == 1` for object Any (First Match)`
    t =   193.73s         Checking existence of `Any (First Match)`
    t =   193.75s         Capturing element debug description
    t =   194.79s     Checking `Expect predicate `existsNoRetry == 1` for object Any (First Match)`
    t =   194.79s         Checking existence of `Any (First Match)`
    t =   194.80s         Capturing element debug description
    t =   195.73s     Checking `Expect predicate `existsNoRetry == 1` for object Any (First Match)`
    t =   195.73s         Checking existence of `Any (First Match)`
    t =   195.75s         Capturing element debug description
    t =   196.77s     Checking `Expect predicate `existsNoRetry == 1` for object Any (First Match)`
    t =   196.77s         Checking existence of `Any (First Match)`
    t =   196.79s         Capturing element debug description
    t =   197.73s     Checking `Expect predicate `existsNoRetry == 1` for object Any (First Match)`
    t =   197.73s         Checking existence of `Any (First Match)`
    t =   197.74s         Capturing element debug description
    t =   198.78s     Checking `Expect predicate `existsNoRetry == 1` for object Any (First Match)`
    t =   198.78s         Checking existence of `Any (First Match)`
    t =   198.79s         Capturing element debug description
    t =   199.73s     Checking `Expect predicate `existsNoRetry == 1` for object Any (First Match)`
    t =   199.73s         Checking existence of `Any (First Match)`
    t =   199.75s         Capturing element debug description
    t =   200.78s     Checking `Expect predicate `existsNoRetry == 1` for object Any (First Match)`
    t =   200.78s         Checking existence of `Any (First Match)`
    t =   200.79s         Capturing element debug description
    t =   201.74s     Checking `Expect predicate `existsNoRetry == 1` for object Any (First Match)`
    t =   201.74s         Checking existence of `Any (First Match)`
    t =   201.75s         Capturing element debug description
    t =   202.79s     Checking `Expect predicate `existsNoRetry == 1` for object Any (First Match)`
    t =   202.79s         Checking existence of `Any (First Match)`
    t =   202.81s         Capturing element debug description
    t =   203.73s     Checking `Expect predicate `existsNoRetry == 1` for object Any (First Match)`
    t =   203.73s         Checking existence of `Any (First Match)`
    t =   203.75s         Capturing element debug description
    t =   204.80s     Checking `Expect predicate `existsNoRetry == 1` for object Any (First Match)`
    t =   204.80s         Checking existence of `Any (First Match)`
    t =   204.82s         Capturing element debug description
    t =   205.75s     Checking `Expect predicate `existsNoRetry == 1` for object Any (First Match)`
    t =   205.76s         Checking existence of `Any (First Match)`
    t =   205.77s         Capturing element debug description
    t =   206.80s     Checking `Expect predicate `existsNoRetry == 1` for object Any (First Match)`
    t =   206.80s         Checking existence of `Any (First Match)`
    t =   206.81s         Capturing element debug description
    t =   207.75s     Checking `Expect predicate `existsNoRetry == 1` for object Any (First Match)`
    t =   207.75s         Checking existence of `Any (First Match)`
    t =   207.75s         Capturing element debug description
    t =   208.78s     Checking `Expect predicate `existsNoRetry == 1` for object Any (First Match)`
    t =   208.78s         Checking existence of `Any (First Match)`
    t =   208.79s         Capturing element debug description
    t =   209.73s     Checking `Expect predicate `existsNoRetry == 1` for object Any (First Match)`
    t =   209.74s         Checking existence of `Any (First Match)`
    t =   209.75s         Capturing element debug description
    t =   210.78s     Checking `Expect predicate `existsNoRetry == 1` for object Any (First Match)`
    t =   210.78s         Checking existence of `Any (First Match)`
    t =   210.79s         Capturing element debug description
    t =   211.73s     Checking `Expect predicate `existsNoRetry == 1` for object Any (First Match)`
    t =   211.73s         Checking existence of `Any (First Match)`
    t =   211.75s         Capturing element debug description
    t =   212.78s     Checking `Expect predicate `existsNoRetry == 1` for object Any (First Match)`
    t =   212.78s         Checking existence of `Any (First Match)`
    t =   212.79s         Capturing element debug description
    t =   213.82s     Checking `Expect predicate `existsNoRetry == 1` for object Any (First Match)`
    t =   213.82s         Checking existence of `Any (First Match)`
    t =   213.84s         Capturing element debug description
    t =   214.76s     Checking `Expect predicate `existsNoRetry == 1` for object Any (First Match)`
    t =   214.76s         Checking existence of `Any (First Match)`
    t =   214.77s         Capturing element debug description
    t =   215.79s     Checking `Expect predicate `existsNoRetry == 1` for object Any (First Match)`
    t =   215.79s         Checking existence of `Any (First Match)`
    t =   215.81s         Capturing element debug description
    t =   216.73s     Checking `Expect predicate `existsNoRetry == 1` for object Any (First Match)`
    t =   216.73s         Checking existence of `Any (First Match)`
    t =   216.75s         Capturing element debug description
    t =   217.78s     Checking `Expect predicate `existsNoRetry == 1` for object Any (First Match)`
    t =   217.78s         Checking existence of `Any (First Match)`
    t =   217.79s         Capturing element debug description
    t =   218.73s     Checking `Expect predicate `existsNoRetry == 1` for object Any (First Match)`
    t =   218.74s         Checking existence of `Any (First Match)`
    t =   218.75s         Capturing element debug description
    t =   219.79s     Checking `Expect predicate `existsNoRetry == 1` for object Any (First Match)`
    t =   219.79s         Checking existence of `Any (First Match)`
    t =   219.81s         Capturing element debug description
    t =   220.73s     Checking `Expect predicate `existsNoRetry == 1` for object Any (First Match)`
    t =   220.73s         Checking existence of `Any (First Match)`
    t =   220.74s         Capturing element debug description
    t =   221.79s     Checking `Expect predicate `existsNoRetry == 1` for object Any (First Match)`
    t =   221.79s         Checking existence of `Any (First Match)`
    t =   221.81s         Capturing element debug description
    t =   222.73s     Checking `Expect predicate `existsNoRetry == 1` for object Any (First Match)`
    t =   222.73s         Checking existence of `Any (First Match)`
    t =   222.75s         Capturing element debug description
    t =   223.78s     Checking `Expect predicate `existsNoRetry == 1` for object Any (First Match)`
    t =   223.78s         Checking existence of `Any (First Match)`
    t =   223.79s         Capturing element debug description
    t =   224.73s     Checking `Expect predicate `existsNoRetry == 1` for object Any (First Match)`
    t =   224.73s         Checking existence of `Any (First Match)`
    t =   224.75s         Capturing element debug description
    t =   225.78s     Checking `Expect predicate `existsNoRetry == 1` for object Any (First Match)`
    t =   225.78s         Checking existence of `Any (First Match)`
    t =   225.79s         Capturing element debug description
    t =   226.82s     Checking `Expect predicate `existsNoRetry == 1` for object Any (First Match)`
    t =   226.82s         Checking existence of `Any (First Match)`
    t =   226.84s         Capturing element debug description
    t =   227.75s     Checking `Expect predicate `existsNoRetry == 1` for object Any (First Match)`
    t =   227.76s         Checking existence of `Any (First Match)`
    t =   227.77s         Capturing element debug description
    t =   228.82s     Checking `Expect predicate `existsNoRetry == 1` for object Any (First Match)`
    t =   228.82s         Checking existence of `Any (First Match)`
    t =   228.84s         Capturing element debug description
    t =   229.77s     Checking `Expect predicate `existsNoRetry == 1` for object Any (First Match)`
    t =   229.77s         Checking existence of `Any (First Match)`
    t =   229.79s         Capturing element debug description
    t =   230.82s     Checking `Expect predicate `existsNoRetry == 1` for object Any (First Match)`
    t =   230.82s         Checking existence of `Any (First Match)`
    t =   230.84s         Capturing element debug description
    t =   231.78s     Checking `Expect predicate `existsNoRetry == 1` for object Any (First Match)`
    t =   231.78s         Checking existence of `Any (First Match)`
    t =   231.79s         Capturing element debug description
    t =   232.80s     Checking `Expect predicate `existsNoRetry == 1` for object Any (First Match)`
    t =   232.80s         Checking existence of `Any (First Match)`
    t =   232.81s         Capturing element debug description
    t =   233.75s     Checking `Expect predicate `existsNoRetry == 1` for object Any (First Match)`
    t =   233.76s         Checking existence of `Any (First Match)`
    t =   233.77s         Capturing element debug description
    t =   234.82s     Checking `Expect predicate `existsNoRetry == 1` for object Any (First Match)`
    t =   234.82s         Checking existence of `Any (First Match)`
    t =   234.84s         Capturing element debug description
    t =   235.78s     Checking `Expect predicate `existsNoRetry == 1` for object Any (First Match)`
    t =   235.78s         Checking existence of `Any (First Match)`
    t =   235.79s         Capturing element debug description
    t =   236.73s     Checking `Expect predicate `existsNoRetry == 1` for object Any (First Match)`
    t =   236.73s         Checking existence of `Any (First Match)`
    t =   236.75s         Capturing element debug description
    t =   237.81s     Checking `Expect predicate `existsNoRetry == 1` for object Any (First Match)`
    t =   237.81s         Checking existence of `Any (First Match)`
    t =   237.82s         Capturing element debug description
    t =   238.75s     Checking `Expect predicate `existsNoRetry == 1` for object Any (First Match)`
    t =   238.76s         Checking existence of `Any (First Match)`
    t =   238.77s         Capturing element debug description
    t =   239.80s     Checking `Expect predicate `existsNoRetry == 1` for object Any (First Match)`
    t =   239.80s         Checking existence of `Any (First Match)`
    t =   239.82s         Capturing element debug description
    t =   240.75s     Checking `Expect predicate `existsNoRetry == 1` for object Any (First Match)`
    t =   240.76s         Checking existence of `Any (First Match)`
    t =   240.77s         Capturing element debug description
    t =   241.79s     Checking `Expect predicate `existsNoRetry == 1` for object Any (First Match)`
    t =   241.79s         Checking existence of `Any (First Match)`
    t =   241.81s         Capturing element debug description
    t =   241.81s     Checking existence of `Any (First Match)`
    t =   241.82s Collecting debug information to assist test failure triage
    t =   241.82s     Requesting snapshot of accessibility hierarchy for app with pid 43467
    t =   241.85s Checking existence of `Any (First Match)`
/Users/nstudio/Documents/github/NathanWalker/token-economics/harness/perf/uidriver/InteropCaptureTests.swift:24: error: -[UIDriverUITests.InteropCaptureTests testCaptureInteropResults] : failed - no INTEROPJSON element within 240s; last status: unknown
    t =   241.89s Tear Down
Test Case '-[UIDriverUITests.InteropCaptureTests testCaptureInteropResults]' failed (242.156 seconds).
Test Suite 'InteropCaptureTests' failed at 2026-08-01 19:41:10.371.
	 Executed 1 test, with 1 failure (0 unexpected) in 242.156 (242.158) seconds
Test Suite 'UIDriverUITests.xctest' failed at 2026-08-01 19:41:10.372.
	 Executed 2 tests, with 1 failure (0 unexpected) in 294.137 (294.143) seconds
Test Suite 'All tests' failed at 2026-08-01 19:41:10.373.
	 Executed 2 tests, with 1 failure (0 unexpected) in 294.137 (294.145) seconds
2026-08-01 19:41:19.334 xcodebuild[43429:30579319] [MT] IDETestOperationsObserverDebug: 304.646 elapsed -- Testing started completed.
2026-08-01 19:41:19.334 xcodebuild[43429:30579319] [MT] IDETestOperationsObserverDebug: 0.000 sec, +0.000 sec -- start
2026-08-01 19:41:19.334 xcodebuild[43429:30579319] [MT] IDETestOperationsObserverDebug: 304.646 sec, +304.646 sec -- end

Test session results, code coverage, and logs:
	/Users/nstudio/Library/Developer/Xcode/DerivedData/UIDriver-ekqcqbpucoqmcgbikewqdmafsmmj/Logs/Test/Test-UIDriver-2026.08.01_19-36-14--0700.xcresult

Failing tests:
	InteropCaptureTests.testCaptureInteropResults()

** TEST FAILED **

Testing started
