Command line invocation:
    /Applications/Xcode.app/Contents/Developer/usr/bin/xcodebuild test -project UIDriver.xcodeproj -scheme UIDriver -destination id=7DFF2660-A10C-449E-867A-92863D91663B

--- xcodebuild: WARNING: Using the first of multiple matching destinations:
{ platform:iOS Simulator, arch:arm64, id:7DFF2660-A10C-449E-867A-92863D91663B, OS:26.5, name:iPhone 17 Pro }
{ platform:iOS Simulator, arch:x86_64, id:7DFF2660-A10C-449E-867A-92863D91663B, OS:26.5, name:iPhone 17 Pro }
ComputePackagePrebuildTargetDependencyGraph

Prepare packages

CreateBuildRequest

SendProjectDescription

CreateBuildOperation

ComputeTargetDependencyGraph
note: Building targets in dependency order
note: Target dependency graph (1 target)
    Target 'UIDriverUITests' in project 'UIDriver' (no dependencies)

GatherProvisioningInputs

CreateBuildDescription

ClangStatCache /Applications/Xcode.app/Contents/Developer/Toolchains/XcodeDefault.xctoolchain/usr/bin/clang-stat-cache /Applications/Xcode.app/Contents/Developer/Platforms/iPhoneSimulator.platform/Developer/SDKs/iPhoneSimulator26.5.sdk /Users/nstudio/Library/Developer/Xcode/DerivedData/SDKStatCaches.noindex/iphonesimulator26.5-23F73-688ef53f1462e2c8f657fdc38a81448f6cfe768891a92b912361537c460fe42b.sdkstatcache
    cd /Users/nstudio/Documents/github/NathanWalker/token-economics/harness/perf/uidriver/UIDriver.xcodeproj
    /Applications/Xcode.app/Contents/Developer/Toolchains/XcodeDefault.xctoolchain/usr/bin/clang-stat-cache /Applications/Xcode.app/Contents/Developer/Platforms/iPhoneSimulator.platform/Developer/SDKs/iPhoneSimulator26.5.sdk -o /Users/nstudio/Library/Developer/Xcode/DerivedData/SDKStatCaches.noindex/iphonesimulator26.5-23F73-688ef53f1462e2c8f657fdc38a81448f6cfe768891a92b912361537c460fe42b.sdkstatcache

ProcessInfoPlistFile /Users/nstudio/Library/Developer/Xcode/DerivedData/UIDriver-ekqcqbpucoqmcgbikewqdmafsmmj/Build/Products/Debug-iphonesimulator/UIDriverUITests-Runner.app/PlugIns/UIDriverUITests.xctest/Info.plist /Users/nstudio/Library/Developer/Xcode/DerivedData/UIDriver-ekqcqbpucoqmcgbikewqdmafsmmj/Build/Intermediates.noindex/UIDriver.build/Debug-iphonesimulator/UIDriverUITests.build/empty-UIDriverUITests.plist (in target 'UIDriverUITests' from project 'UIDriver')
    cd /Users/nstudio/Documents/github/NathanWalker/token-economics/harness/perf/uidriver
    builtin-infoPlistUtility /Users/nstudio/Library/Developer/Xcode/DerivedData/UIDriver-ekqcqbpucoqmcgbikewqdmafsmmj/Build/Intermediates.noindex/UIDriver.build/Debug-iphonesimulator/UIDriverUITests.build/empty-UIDriverUITests.plist -producttype com.apple.product-type.bundle.ui-testing -expandbuildsettings -format binary -platform iphonesimulator -additionalcontentfile /Users/nstudio/Library/Developer/Xcode/DerivedData/UIDriver-ekqcqbpucoqmcgbikewqdmafsmmj/Build/Intermediates.noindex/UIDriver.build/Debug-iphonesimulator/UIDriverUITests.build/ProductTypeInfoPlistAdditions.plist -o /Users/nstudio/Library/Developer/Xcode/DerivedData/UIDriver-ekqcqbpucoqmcgbikewqdmafsmmj/Build/Products/Debug-iphonesimulator/UIDriverUITests-Runner.app/PlugIns/UIDriverUITests.xctest/Info.plist

CopySwiftLibs /Users/nstudio/Library/Developer/Xcode/DerivedData/UIDriver-ekqcqbpucoqmcgbikewqdmafsmmj/Build/Products/Debug-iphonesimulator/UIDriverUITests-Runner.app/PlugIns/UIDriverUITests.xctest (in target 'UIDriverUITests' from project 'UIDriver')
    cd /Users/nstudio/Documents/github/NathanWalker/token-economics/harness/perf/uidriver
    builtin-swiftStdLibTool --copy --verbose --scan-executable /Users/nstudio/Library/Developer/Xcode/DerivedData/UIDriver-ekqcqbpucoqmcgbikewqdmafsmmj/Build/Products/Debug-iphonesimulator/UIDriverUITests-Runner.app/PlugIns/UIDriverUITests.xctest/UIDriverUITests --scan-folder /Users/nstudio/Library/Developer/Xcode/DerivedData/UIDriver-ekqcqbpucoqmcgbikewqdmafsmmj/Build/Products/Debug-iphonesimulator/UIDriverUITests-Runner.app/PlugIns/UIDriverUITests.xctest/Frameworks --scan-folder /Users/nstudio/Library/Developer/Xcode/DerivedData/UIDriver-ekqcqbpucoqmcgbikewqdmafsmmj/Build/Products/Debug-iphonesimulator/UIDriverUITests-Runner.app/PlugIns/UIDriverUITests.xctest/PlugIns --scan-folder /Users/nstudio/Library/Developer/Xcode/DerivedData/UIDriver-ekqcqbpucoqmcgbikewqdmafsmmj/Build/Products/Debug-iphonesimulator/UIDriverUITests-Runner.app/PlugIns/UIDriverUITests.xctest/SystemExtensions --scan-folder /Users/nstudio/Library/Developer/Xcode/DerivedData/UIDriver-ekqcqbpucoqmcgbikewqdmafsmmj/Build/Products/Debug-iphonesimulator/UIDriverUITests-Runner.app/PlugIns/UIDriverUITests.xctest/Extensions --platform iphonesimulator --toolchain /var/run/com.apple.security.cryptexd/mnt/com.apple.MobileAsset.MetalToolchain-v17.6.42.0.xRBJyY/Metal.xctoolchain --toolchain /Applications/Xcode.app/Contents/Developer/Toolchains/XcodeDefault.xctoolchain --destination /Users/nstudio/Library/Developer/Xcode/DerivedData/UIDriver-ekqcqbpucoqmcgbikewqdmafsmmj/Build/Products/Debug-iphonesimulator/UIDriverUITests-Runner.app/PlugIns/UIDriverUITests.xctest/Frameworks --strip-bitcode --scan-executable /Applications/Xcode.app/Contents/Developer/Platforms/iPhoneSimulator.platform/Developer/usr/lib/libXCTestSwiftSupport.dylib --strip-bitcode-tool /Applications/Xcode.app/Contents/Developer/Toolchains/XcodeDefault.xctoolchain/usr/bin/bitcode_strip --emit-dependency-info /Users/nstudio/Library/Developer/Xcode/DerivedData/UIDriver-ekqcqbpucoqmcgbikewqdmafsmmj/Build/Intermediates.noindex/UIDriver.build/Debug-iphonesimulator/UIDriverUITests.build/SwiftStdLibToolInputDependencies.dep --filter-for-swift-os
Ignoring --strip-bitcode because --sign was not passed

2026-08-01 19:20:58.712612-0700 UIDriverUITests-Runner[42716:30547160] [Default] Running tests...
    t =      nans Interface orientation changed to Portrait
Test Suite 'All tests' started at 2026-08-01 19:20:59.303.
Test Suite 'UIDriverUITests.xctest' started at 2026-08-01 19:20:59.304.
Test Suite 'FeatureLatencyTests' started at 2026-08-01 19:20:59.304.
Test Case '-[UIDriverUITests.FeatureLatencyTests testFeatureLatencies]' started.
    t =     0.00s Start Test at 2026-08-01 19:20:59.305
    t =     0.02s Set Up
STEP[0s]: iter 0: launch com.nstudio.expobenchmark
    t =     0.02s Open com.nstudio.expobenchmark
    t =     0.02s     Launch com.nstudio.expobenchmark
    t =     0.11s         Setting up automation session
objc[42716]: Class UIAccessibilityLoaderWebShared is implemented in both /Library/Developer/CoreSimulator/Volumes/iOS_23F77/Library/Developer/CoreSimulator/Profiles/Runtimes/iOS 26.5.simruntime/Contents/Resources/RuntimeRoot/System/Library/AccessibilityBundles/WebCore.axbundle/WebCore (0x10666c310) and /Library/Developer/CoreSimulator/Volumes/iOS_23F77/Library/Developer/CoreSimulator/Profiles/Runtimes/iOS 26.5.simruntime/Contents/Resources/RuntimeRoot/System/Library/AccessibilityBundles/WebKit.axbundle/WebKit (0x1066f4398). This may cause spurious casting failures and mysterious crashes. One of the duplicates must be removed or renamed.
    t =     0.68s         Wait for com.nstudio.expobenchmark to idle
    t =     1.82s Checking existence of `"Health" Button`
    t =     1.86s Waiting 20.0s for Any (First Match) to exist
    t =     2.92s     Checking `Expect predicate `existsNoRetry == 1` for object Any (First Match)`
    t =     2.92s         Checking existence of `Any (First Match)`
STEP[2s]: iter 0: nav Health
    t =     2.94s Checking existence of `"Health" Button`
    t =     2.96s Tap Any (First Match)
    t =     2.96s     Wait for com.nstudio.expobenchmark to idle
    t =     2.96s     Find the Any (First Match)
    t =     2.97s     Check for interrupting elements affecting "Health" Other
    t =     2.99s     Synthesize event
    t =     3.28s     Wait for com.nstudio.expobenchmark to idle
    t =     4.10s Waiting 10.0s for Any (First Match) to exist
    t =     5.17s     Checking `Expect predicate `existsNoRetry == 1` for object Any (First Match)`
    t =     5.17s         Checking existence of `Any (First Match)`
    t =     5.20s Checking existence of `Any (First Match)`
    t =     5.22s Find the Any (First Match)
STEP[5s]: iter 0: HK authorize
    t =     5.23s Checking existence of `"Request Access" Button`
    t =     5.24s Checking existence of `Any (First Match)`
    t =     5.25s Find the Any (First Match)
    t =     5.27s Tap "Request Access" Other
    t =     5.27s     Wait for com.nstudio.expobenchmark to idle
    t =     5.27s     Find the "Request Access" Other
    t =     5.29s     Check for interrupting elements affecting "Request Access" Other
    t =     5.31s     Synthesize event
    t =     5.60s     Wait for com.nstudio.expobenchmark to idle
    t =     5.61s Waiting 3.0s for Any (First Match) to exist
    t =     6.68s     Checking `Expect predicate `existsNoRetry == 1` for object Any (First Match)`
    t =     6.69s         Checking existence of `Any (First Match)`
    t =     6.74s Find the Any (First Match)
STEP[6s]: health sheet(app): tap 'Turn On All'
    t =     6.78s Tap "Turn On All" StaticText
    t =     6.78s     Wait for com.nstudio.expobenchmark to idle
    t =     6.78s     Find the "Turn On All" StaticText
    t =     6.81s     Check for interrupting elements affecting "Turn On All" StaticText
    t =     6.85s     Synthesize event
    t =     7.14s     Wait for com.nstudio.expobenchmark to idle
    t =     7.15s Waiting 2.0s for "Allow" Button to exist
    t =     8.22s     Checking `Expect predicate `existsNoRetry == 1` for object "Allow" Button`
    t =     8.22s         Checking existence of `"Allow" Button`
    t =     8.27s Find the "Allow" Button
STEP[8s]: health sheet(app): confirm 'Allow'
    t =     8.31s Tap "UIA.Health.Allow.Button" Button
    t =     8.31s     Wait for com.nstudio.expobenchmark to idle
    t =     8.31s     Find the "UIA.Health.Allow.Button" Button
    t =     8.34s     Check for interrupting elements affecting "UIA.Health.Allow.Button" Button
    t =     8.37s     Synthesize event
    t =     8.66s     Wait for com.nstudio.expobenchmark to idle
    t =     8.66s Waiting 15.0s for Any (First Match) to exist
    t =     9.72s     Checking `Expect predicate `existsNoRetry == 1` for object Any (First Match)`
    t =     9.73s         Checking existence of `Any (First Match)`
    t =     9.76s Checking existence of `"Health access: not requested" StaticText`
    t =     9.77s Find the "Health access: not requested" StaticText
    t =     9.78s Waiting 15.0s for Any (First Match) to exist
    t =    10.87s     Checking `Expect predicate `existsNoRetry == 1` for object Any (First Match)`
    t =    10.87s         Checking existence of `Any (First Match)`
    t =    10.89s Checking existence of `Any (First Match)`
    t =    10.91s Find the Any (First Match)
    t =    10.92s Checking existence of `"Log 500 Steps" Button`
    t =    10.94s Checking existence of `Any (First Match)`
    t =    10.95s Find the Any (First Match)
STEP[10s]: iter 0: log 500
    t =    10.97s Tap "Log 500 Steps" Other
    t =    10.97s     Wait for com.nstudio.expobenchmark to idle
    t =    10.97s     Find the "Log 500 Steps" Other
    t =    10.99s     Check for interrupting elements affecting "Log 500 Steps" Other
    t =    11.02s     Synthesize event
    t =    11.31s     Wait for com.nstudio.expobenchmark to idle
    t =    11.32s Checking existence of `"Sat Aug 1 — 23,500 steps (today)" StaticText`
    t =    11.34s Find the "Sat Aug 1 — 23,500 steps (today)" StaticText
    t =    11.42s Checking existence of `"Sat Aug 1 — 23,500 steps (today)" StaticText`
    t =    11.43s Find the "Sat Aug 1 — 23,500 steps (today)" StaticText
    t =    11.51s Checking existence of `"Sat Aug 1 — 23,500 steps (today)" StaticText`
    t =    11.52s Find the "Sat Aug 1 — 23,500 steps (today)" StaticText
    t =    11.60s Checking existence of `"Sat Aug 1 — 23,500 steps (today)" StaticText`
    t =    11.62s Find the "Sat Aug 1 — 23,500 steps (today)" StaticText
    t =    11.70s Checking existence of `"Sat Aug 1 — 23,500 steps (today)" StaticText`
    t =    11.71s Find the "Sat Aug 1 — 23,500 steps (today)" StaticText
    t =    11.79s Checking existence of `"Sat Aug 1 — 23,500 steps (today)" StaticText`
    t =    11.80s Find the "Sat Aug 1 — 23,500 steps (today)" StaticText
    t =    11.88s Checking existence of `"Sat Aug 1 — 23,500 steps (today)" StaticText`
    t =    11.89s Find the "Sat Aug 1 — 23,500 steps (today)" StaticText
    t =    11.97s Checking existence of `"Sat Aug 1 — 23,500 steps (today)" StaticText`
    t =    11.99s Find the "Sat Aug 1 — 23,500 steps (today)" StaticText
    t =    12.06s Checking existence of `"Sat Aug 1 — 23,500 steps (today)" StaticText`
    t =    12.08s Find the "Sat Aug 1 — 23,500 steps (today)" StaticText
    t =    12.15s Checking existence of `"Sat Aug 1 — 23,500 steps (today)" StaticText`
    t =    12.16s Find the "Sat Aug 1 — 23,500 steps (today)" StaticText
    t =    12.24s Checking existence of `"Sat Aug 1 — 23,500 steps (today)" StaticText`
    t =    12.26s Find the "Sat Aug 1 — 23,500 steps (today)" StaticText
    t =    12.33s Checking existence of `"Sat Aug 1 — 23,500 steps (today)" StaticText`
    t =    12.35s Find the "Sat Aug 1 — 23,500 steps (today)" StaticText
    t =    12.42s Checking existence of `"Sat Aug 1 — 23,500 steps (today)" StaticText`
    t =    12.44s Find the "Sat Aug 1 — 23,500 steps (today)" StaticText
    t =    12.52s Checking existence of `"Sat Aug 1 — 23,500 steps (today)" StaticText`
    t =    12.53s Find the "Sat Aug 1 — 23,500 steps (today)" StaticText
    t =    12.61s Checking existence of `"Sat Aug 1 — 23,500 steps (today)" StaticText`
    t =    12.62s Find the "Sat Aug 1 — 23,500 steps (today)" StaticText
    t =    12.70s Checking existence of `"Sat Aug 1 — 23,500 steps (today)" StaticText`
    t =    12.72s Find the "Sat Aug 1 — 23,500 steps (today)" StaticText
    t =    12.79s Checking existence of `"Sat Aug 1 — 23,500 steps (today)" StaticText`
    t =    12.81s Find the "Sat Aug 1 — 23,500 steps (today)" StaticText
    t =    12.88s Checking existence of `"Sat Aug 1 — 23,500 steps (today)" StaticText`
    t =    12.90s Find the "Sat Aug 1 — 23,500 steps (today)" StaticText
    t =    12.98s Checking existence of `"Sat Aug 1 — 23,500 steps (today)" StaticText`
    t =    12.99s Find the "Sat Aug 1 — 23,500 steps (today)" StaticText
    t =    13.07s Checking existence of `"Sat Aug 1 — 23,500 steps (today)" StaticText`
    t =    13.08s Find the "Sat Aug 1 — 23,500 steps (today)" StaticText
    t =    13.16s Checking existence of `"Sat Aug 1 — 23,500 steps (today)" StaticText`
    t =    13.18s Find the "Sat Aug 1 — 23,500 steps (today)" StaticText
    t =    13.25s Checking existence of `"Sat Aug 1 — 23,500 steps (today)" StaticText`
    t =    13.27s Find the "Sat Aug 1 — 23,500 steps (today)" StaticText
    t =    13.34s Checking existence of `"Sat Aug 1 — 23,500 steps (today)" StaticText`
    t =    13.36s Find the "Sat Aug 1 — 23,500 steps (today)" StaticText
    t =    13.43s Checking existence of `"Sat Aug 1 — 23,500 steps (today)" StaticText`
    t =    13.45s Find the "Sat Aug 1 — 23,500 steps (today)" StaticText
    t =    13.52s Checking existence of `"Sat Aug 1 — 23,500 steps (today)" StaticText`
    t =    13.54s Find the "Sat Aug 1 — 23,500 steps (today)" StaticText
    t =    13.61s Checking existence of `"Sat Aug 1 — 23,500 steps (today)" StaticText`
    t =    13.63s Find the "Sat Aug 1 — 23,500 steps (today)" StaticText
    t =    13.70s Checking existence of `"Sat Aug 1 — 23,500 steps (today)" StaticText`
    t =    13.73s Find the "Sat Aug 1 — 23,500 steps (today)" StaticText
    t =    13.80s Checking existence of `"Sat Aug 1 — 23,500 steps (today)" StaticText`
    t =    13.82s Find the "Sat Aug 1 — 23,500 steps (today)" StaticText
    t =    13.90s Checking existence of `"Sat Aug 1 — 23,500 steps (today)" StaticText`
    t =    13.91s Find the "Sat Aug 1 — 23,500 steps (today)" StaticText
    t =    13.99s Checking existence of `"Sat Aug 1 — 23,500 steps (today)" StaticText`
    t =    14.00s Find the "Sat Aug 1 — 23,500 steps (today)" StaticText
    t =    14.08s Checking existence of `"Sat Aug 1 — 23,500 steps (today)" StaticText`
    t =    14.09s Find the "Sat Aug 1 — 23,500 steps (today)" StaticText
    t =    14.17s Checking existence of `"Sat Aug 1 — 23,500 steps (today)" StaticText`
    t =    14.19s Find the "Sat Aug 1 — 23,500 steps (today)" StaticText
    t =    14.26s Checking existence of `"Sat Aug 1 — 23,500 steps (today)" StaticText`
    t =    14.28s Find the "Sat Aug 1 — 23,500 steps (today)" StaticText
    t =    14.35s Checking existence of `"Sat Aug 1 — 23,500 steps (today)" StaticText`
    t =    14.37s Find the "Sat Aug 1 — 23,500 steps (today)" StaticText
    t =    14.44s Checking existence of `"Sat Aug 1 — 23,500 steps (today)" StaticText`
    t =    14.46s Find the "Sat Aug 1 — 23,500 steps (today)" StaticText
    t =    14.53s Checking existence of `"Sat Aug 1 — 23,500 steps (today)" StaticText`
    t =    14.55s Find the "Sat Aug 1 — 23,500 steps (today)" StaticText
    t =    14.62s Checking existence of `"Sat Aug 1 — 23,500 steps (today)" StaticText`
    t =    14.64s Find the "Sat Aug 1 — 23,500 steps (today)" StaticText
    t =    14.72s Checking existence of `"Sat Aug 1 — 23,500 steps (today)" StaticText`
    t =    14.73s Find the "Sat Aug 1 — 23,500 steps (today)" StaticText
    t =    14.80s Checking existence of `"Sat Aug 1 — 23,500 steps (today)" StaticText`
    t =    14.82s Find the "Sat Aug 1 — 23,500 steps (today)" StaticText
    t =    14.89s Checking existence of `"Sat Aug 1 — 23,500 steps (today)" StaticText`
    t =    14.91s Find the "Sat Aug 1 — 23,500 steps (today)" StaticText
    t =    14.98s Checking existence of `"Sat Aug 1 — 23,500 steps (today)" StaticText`
    t =    15.00s Find the "Sat Aug 1 — 23,500 steps (today)" StaticText
    t =    15.07s Checking existence of `"Sat Aug 1 — 23,500 steps (today)" StaticText`
    t =    15.08s Find the "Sat Aug 1 — 23,500 steps (today)" StaticText
    t =    15.16s Checking existence of `"Sat Aug 1 — 23,500 steps (today)" StaticText`
    t =    15.17s Find the "Sat Aug 1 — 23,500 steps (today)" StaticText
    t =    15.25s Checking existence of `"Sat Aug 1 — 23,500 steps (today)" StaticText`
    t =    15.27s Find the "Sat Aug 1 — 23,500 steps (today)" StaticText
    t =    15.34s Checking existence of `"Sat Aug 1 — 23,500 steps (today)" StaticText`
    t =    15.36s Find the "Sat Aug 1 — 23,500 steps (today)" StaticText
    t =    15.43s Checking existence of `"Sat Aug 1 — 23,500 steps (today)" StaticText`
    t =    15.45s Find the "Sat Aug 1 — 23,500 steps (today)" StaticText
    t =    15.52s Checking existence of `"Sat Aug 1 — 23,500 steps (today)" StaticText`
    t =    15.54s Find the "Sat Aug 1 — 23,500 steps (today)" StaticText
    t =    15.62s Checking existence of `"Sat Aug 1 — 23,500 steps (today)" StaticText`
    t =    15.63s Find the "Sat Aug 1 — 23,500 steps (today)" StaticText
    t =    15.71s Checking existence of `"Sat Aug 1 — 23,500 steps (today)" StaticText`
    t =    15.72s Find the "Sat Aug 1 — 23,500 steps (today)" StaticText
    t =    15.80s Checking existence of `"Sat Aug 1 — 23,500 steps (today)" StaticText`
    t =    15.81s Find the "Sat Aug 1 — 23,500 steps (today)" StaticText
    t =    15.89s Checking existence of `"Sat Aug 1 — 23,500 steps (today)" StaticText`
    t =    15.91s Find the "Sat Aug 1 — 23,500 steps (today)" StaticText
    t =    15.98s Checking existence of `"Sat Aug 1 — 23,500 steps (today)" StaticText`
    t =    16.00s Find the "Sat Aug 1 — 23,500 steps (today)" StaticText
    t =    16.08s Checking existence of `"Sat Aug 1 — 23,500 steps (today)" StaticText`
    t =    16.09s Find the "Sat Aug 1 — 23,500 steps (today)" StaticText
    t =    16.17s Checking existence of `"Sat Aug 1 — 23,500 steps (today)" StaticText`
    t =    16.19s Find the "Sat Aug 1 — 23,500 steps (today)" StaticText
    t =    16.26s Checking existence of `"Sat Aug 1 — 23,500 steps (today)" StaticText`
    t =    16.28s Find the "Sat Aug 1 — 23,500 steps (today)" StaticText
    t =    16.35s Checking existence of `"Sat Aug 1 — 23,500 steps (today)" StaticText`
    t =    16.37s Find the "Sat Aug 1 — 23,500 steps (today)" StaticText
    t =    16.45s Checking existence of `"Sat Aug 1 — 23,500 steps (today)" StaticText`
    t =    16.46s Find the "Sat Aug 1 — 23,500 steps (today)" StaticText
    t =    16.53s Checking existence of `"Sat Aug 1 — 23,500 steps (today)" StaticText`
    t =    16.55s Find the "Sat Aug 1 — 23,500 steps (today)" StaticText
    t =    16.62s Checking existence of `"Sat Aug 1 — 23,500 steps (today)" StaticText`
    t =    16.64s Find the "Sat Aug 1 — 23,500 steps (today)" StaticText
    t =    16.71s Checking existence of `"Sat Aug 1 — 23,500 steps (today)" StaticText`
    t =    16.73s Find the "Sat Aug 1 — 23,500 steps (today)" StaticText
    t =    16.81s Checking existence of `"Sat Aug 1 — 23,500 steps (today)" StaticText`
    t =    16.82s Find the "Sat Aug 1 — 23,500 steps (today)" StaticText
    t =    16.89s Checking existence of `"Sat Aug 1 — 23,500 steps (today)" StaticText`
    t =    16.91s Find the "Sat Aug 1 — 23,500 steps (today)" StaticText
    t =    16.99s Checking existence of `"Sat Aug 1 — 23,500 steps (today)" StaticText`
    t =    17.00s Find the "Sat Aug 1 — 23,500 steps (today)" StaticText
    t =    17.08s Checking existence of `"Sat Aug 1 — 23,500 steps (today)" StaticText`
    t =    17.09s Find the "Sat Aug 1 — 23,500 steps (today)" StaticText
    t =    17.17s Checking existence of `"Sat Aug 1 — 23,500 steps (today)" StaticText`
    t =    17.18s Find the "Sat Aug 1 — 23,500 steps (today)" StaticText
    t =    17.26s Checking existence of `"Sat Aug 1 — 23,500 steps (today)" StaticText`
    t =    17.28s Find the "Sat Aug 1 — 23,500 steps (today)" StaticText
    t =    17.35s Checking existence of `"Sat Aug 1 — 23,500 steps (today)" StaticText`
    t =    17.37s Find the "Sat Aug 1 — 23,500 steps (today)" StaticText
    t =    17.44s Checking existence of `"Sat Aug 1 — 23,500 steps (today)" StaticText`
    t =    17.46s Find the "Sat Aug 1 — 23,500 steps (today)" StaticText
    t =    17.54s Checking existence of `"Sat Aug 1 — 23,500 steps (today)" StaticText`
    t =    17.55s Find the "Sat Aug 1 — 23,500 steps (today)" StaticText
    t =    17.63s Checking existence of `"Sat Aug 1 — 23,500 steps (today)" StaticText`
    t =    17.64s Find the "Sat Aug 1 — 23,500 steps (today)" StaticText
    t =    17.72s Checking existence of `"Sat Aug 1 — 23,500 steps (today)" StaticText`
    t =    17.73s Find the "Sat Aug 1 — 23,500 steps (today)" StaticText
    t =    17.81s Checking existence of `"Sat Aug 1 — 23,500 steps (today)" StaticText`
    t =    17.82s Find the "Sat Aug 1 — 23,500 steps (today)" StaticText
    t =    17.90s Checking existence of `"Sat Aug 1 — 23,500 steps (today)" StaticText`
    t =    17.91s Find the "Sat Aug 1 — 23,500 steps (today)" StaticText
    t =    17.99s Checking existence of `"Sat Aug 1 — 23,500 steps (today)" StaticText`
    t =    18.01s Find the "Sat Aug 1 — 23,500 steps (today)" StaticText
    t =    18.08s Checking existence of `"Sat Aug 1 — 23,500 steps (today)" StaticText`
    t =    18.10s Find the "Sat Aug 1 — 23,500 steps (today)" StaticText
    t =    18.17s Checking existence of `"Sat Aug 1 — 23,500 steps (today)" StaticText`
    t =    18.19s Find the "Sat Aug 1 — 23,500 steps (today)" StaticText
    t =    18.27s Checking existence of `"Sat Aug 1 — 23,500 steps (today)" StaticText`
    t =    18.28s Find the "Sat Aug 1 — 23,500 steps (today)" StaticText
    t =    18.36s Checking existence of `"Sat Aug 1 — 23,500 steps (today)" StaticText`
    t =    18.37s Find the "Sat Aug 1 — 23,500 steps (today)" StaticText
    t =    18.45s Checking existence of `"Sat Aug 1 — 23,500 steps (today)" StaticText`
    t =    18.46s Find the "Sat Aug 1 — 23,500 steps (today)" StaticText
    t =    18.54s Checking existence of `"Sat Aug 1 — 23,500 steps (today)" StaticText`
    t =    18.56s Find the "Sat Aug 1 — 23,500 steps (today)" StaticText
    t =    18.63s Checking existence of `"Sat Aug 1 — 23,500 steps (today)" StaticText`
    t =    18.65s Find the "Sat Aug 1 — 23,500 steps (today)" StaticText
    t =    18.72s Checking existence of `"Sat Aug 1 — 23,500 steps (today)" StaticText`
    t =    18.74s Find the "Sat Aug 1 — 23,500 steps (today)" StaticText
    t =    18.82s Checking existence of `"Sat Aug 1 — 23,500 steps (today)" StaticText`
    t =    18.83s Find the "Sat Aug 1 — 23,500 steps (today)" StaticText
    t =    18.91s Checking existence of `"Sat Aug 1 — 23,500 steps (today)" StaticText`
    t =    18.92s Find the "Sat Aug 1 — 23,500 steps (today)" StaticText
    t =    19.00s Checking existence of `"Sat Aug 1 — 23,500 steps (today)" StaticText`
    t =    19.02s Find the "Sat Aug 1 — 23,500 steps (today)" StaticText
    t =    19.09s Checking existence of `"Sat Aug 1 — 23,500 steps (today)" StaticText`
    t =    19.11s Find the "Sat Aug 1 — 23,500 steps (today)" StaticText
    t =    19.18s Checking existence of `"Sat Aug 1 — 23,500 steps (today)" StaticText`
    t =    19.20s Find the "Sat Aug 1 — 23,500 steps (today)" StaticText
    t =    19.28s Checking existence of `"Sat Aug 1 — 23,500 steps (today)" StaticText`
    t =    19.29s Find the "Sat Aug 1 — 23,500 steps (today)" StaticText
    t =    19.37s Checking existence of `"Sat Aug 1 — 23,500 steps (today)" StaticText`
    t =    19.38s Find the "Sat Aug 1 — 23,500 steps (today)" StaticText
    t =    19.46s Checking existence of `"Sat Aug 1 — 23,500 steps (today)" StaticText`
    t =    19.48s Find the "Sat Aug 1 — 23,500 steps (today)" StaticText
    t =    19.55s Checking existence of `"Sat Aug 1 — 23,500 steps (today)" StaticText`
    t =    19.57s Find the "Sat Aug 1 — 23,500 steps (today)" StaticText
    t =    19.64s Checking existence of `"Sat Aug 1 — 23,500 steps (today)" StaticText`
    t =    19.66s Find the "Sat Aug 1 — 23,500 steps (today)" StaticText
    t =    19.73s Checking existence of `"Sat Aug 1 — 23,500 steps (today)" StaticText`
    t =    19.75s Find the "Sat Aug 1 — 23,500 steps (today)" StaticText
    t =    19.82s Checking existence of `"Sat Aug 1 — 23,500 steps (today)" StaticText`
    t =    19.84s Find the "Sat Aug 1 — 23,500 steps (today)" StaticText
    t =    19.91s Checking existence of `"Sat Aug 1 — 23,500 steps (today)" StaticText`
    t =    19.93s Find the "Sat Aug 1 — 23,500 steps (today)" StaticText
    t =    20.00s Checking existence of `"Sat Aug 1 — 23,500 steps (today)" StaticText`
    t =    20.02s Find the "Sat Aug 1 — 23,500 steps (today)" StaticText
    t =    20.09s Checking existence of `"Sat Aug 1 — 23,500 steps (today)" StaticText`
    t =    20.10s Find the "Sat Aug 1 — 23,500 steps (today)" StaticText
    t =    20.18s Checking existence of `"Sat Aug 1 — 23,500 steps (today)" StaticText`
    t =    20.19s Find the "Sat Aug 1 — 23,500 steps (today)" StaticText
    t =    20.27s Checking existence of `"Sat Aug 1 — 23,500 steps (today)" StaticText`
    t =    20.29s Find the "Sat Aug 1 — 23,500 steps (today)" StaticText
    t =    20.36s Checking existence of `"Sat Aug 1 — 23,500 steps (today)" StaticText`
    t =    20.38s Find the "Sat Aug 1 — 23,500 steps (today)" StaticText
    t =    20.46s Checking existence of `"Sat Aug 1 — 23,500 steps (today)" StaticText`
    t =    20.47s Find the "Sat Aug 1 — 23,500 steps (today)" StaticText
    t =    20.55s Checking existence of `"Sat Aug 1 — 23,500 steps (today)" StaticText`
    t =    20.56s Find the "Sat Aug 1 — 23,500 steps (today)" StaticText
    t =    20.64s Checking existence of `"Sat Aug 1 — 23,500 steps (today)" StaticText`
    t =    20.66s Find the "Sat Aug 1 — 23,500 steps (today)" StaticText
    t =    20.73s Checking existence of `"Sat Aug 1 — 23,500 steps (today)" StaticText`
    t =    20.75s Find the "Sat Aug 1 — 23,500 steps (today)" StaticText
    t =    20.83s Checking existence of `"Sat Aug 1 — 23,500 steps (today)" StaticText`
    t =    20.84s Find the "Sat Aug 1 — 23,500 steps (today)" StaticText
    t =    20.92s Checking existence of `"Sat Aug 1 — 23,500 steps (today)" StaticText`
    t =    20.93s Find the "Sat Aug 1 — 23,500 steps (today)" StaticText
    t =    21.01s Checking existence of `"Sat Aug 1 — 23,500 steps (today)" StaticText`
    t =    21.02s Find the "Sat Aug 1 — 23,500 steps (today)" StaticText
    t =    21.10s Checking existence of `"Sat Aug 1 — 23,500 steps (today)" StaticText`
    t =    21.12s Find the "Sat Aug 1 — 23,500 steps (today)" StaticText
    t =    21.19s Checking existence of `"Sat Aug 1 — 23,500 steps (today)" StaticText`
    t =    21.21s Find the "Sat Aug 1 — 23,500 steps (today)" StaticText
    t =    21.28s Checking existence of `"Sat Aug 1 — 23,500 steps (today)" StaticText`
    t =    21.30s Find the "Sat Aug 1 — 23,500 steps (today)" StaticText
    t =    21.37s Checking existence of `"Sat Aug 1 — 23,500 steps (today)" StaticText`
    t =    21.39s Find the "Sat Aug 1 — 23,500 steps (today)" StaticText
    t =    21.47s Checking existence of `"Sat Aug 1 — 23,500 steps (today)" StaticText`
    t =    21.48s Find the "Sat Aug 1 — 23,500 steps (today)" StaticText
    t =    21.55s Checking existence of `"Sat Aug 1 — 23,500 steps (today)" StaticText`
    t =    21.57s Find the "Sat Aug 1 — 23,500 steps (today)" StaticText
    t =    21.64s Checking existence of `"Sat Aug 1 — 23,500 steps (today)" StaticText`
    t =    21.66s Find the "Sat Aug 1 — 23,500 steps (today)" StaticText
    t =    21.73s Checking existence of `"Sat Aug 1 — 23,500 steps (today)" StaticText`
    t =    21.75s Find the "Sat Aug 1 — 23,500 steps (today)" StaticText
    t =    21.82s Checking existence of `"Sat Aug 1 — 23,500 steps (today)" StaticText`
    t =    21.84s Find the "Sat Aug 1 — 23,500 steps (today)" StaticText
    t =    21.91s Checking existence of `"Sat Aug 1 — 23,500 steps (today)" StaticText`
    t =    21.92s Find the "Sat Aug 1 — 23,500 steps (today)" StaticText
    t =    22.00s Checking existence of `"Sat Aug 1 — 23,500 steps (today)" StaticText`
    t =    22.01s Find the "Sat Aug 1 — 23,500 steps (today)" StaticText
    t =    22.09s Checking existence of `"Sat Aug 1 — 23,500 steps (today)" StaticText`
    t =    22.11s Find the "Sat Aug 1 — 23,500 steps (today)" StaticText
    t =    22.18s Checking existence of `"Sat Aug 1 — 23,500 steps (today)" StaticText`
    t =    22.20s Find the "Sat Aug 1 — 23,500 steps (today)" StaticText
    t =    22.27s Checking existence of `"Sat Aug 1 — 23,500 steps (today)" StaticText`
    t =    22.29s Find the "Sat Aug 1 — 23,500 steps (today)" StaticText
    t =    22.37s Checking existence of `"Sat Aug 1 — 23,500 steps (today)" StaticText`
    t =    22.38s Find the "Sat Aug 1 — 23,500 steps (today)" StaticText
    t =    22.46s Checking existence of `"Sat Aug 1 — 23,500 steps (today)" StaticText`
    t =    22.47s Find the "Sat Aug 1 — 23,500 steps (today)" StaticText
    t =    22.54s Checking existence of `"Sat Aug 1 — 23,500 steps (today)" StaticText`
    t =    22.56s Find the "Sat Aug 1 — 23,500 steps (today)" StaticText
    t =    22.63s Checking existence of `"Sat Aug 1 — 23,500 steps (today)" StaticText`
    t =    22.65s Find the "Sat Aug 1 — 23,500 steps (today)" StaticText
    t =    22.72s Checking existence of `"Sat Aug 1 — 23,500 steps (today)" StaticText`
    t =    22.73s Find the "Sat Aug 1 — 23,500 steps (today)" StaticText
    t =    22.80s Checking existence of `"Sat Aug 1 — 23,500 steps (today)" StaticText`
    t =    22.81s Find the "Sat Aug 1 — 23,500 steps (today)" StaticText
    t =    22.89s Checking existence of `"Sat Aug 1 — 23,500 steps (today)" StaticText`
    t =    22.90s Find the "Sat Aug 1 — 23,500 steps (today)" StaticText
    t =    22.98s Checking existence of `"Sat Aug 1 — 23,500 steps (today)" StaticText`
    t =    23.00s Find the "Sat Aug 1 — 23,500 steps (today)" StaticText
    t =    23.07s Checking existence of `"Sat Aug 1 — 23,500 steps (today)" StaticText`
    t =    23.08s Find the "Sat Aug 1 — 23,500 steps (today)" StaticText
    t =    23.16s Checking existence of `"Sat Aug 1 — 23,500 steps (today)" StaticText`
    t =    23.17s Find the "Sat Aug 1 — 23,500 steps (today)" StaticText
    t =    23.25s Checking existence of `"Sat Aug 1 — 23,500 steps (today)" StaticText`
    t =    23.26s Find the "Sat Aug 1 — 23,500 steps (today)" StaticText
    t =    23.34s Checking existence of `"Sat Aug 1 — 23,500 steps (today)" StaticText`
    t =    23.36s Find the "Sat Aug 1 — 23,500 steps (today)" StaticText
    t =    23.43s Checking existence of `"Sat Aug 1 — 23,500 steps (today)" StaticText`
    t =    23.45s Find the "Sat Aug 1 — 23,500 steps (today)" StaticText
    t =    23.53s Checking existence of `"Sat Aug 1 — 23,500 steps (today)" StaticText`
    t =    23.54s Find the "Sat Aug 1 — 23,500 steps (today)" StaticText
    t =    23.62s Checking existence of `"Sat Aug 1 — 23,500 steps (today)" StaticText`
    t =    23.63s Find the "Sat Aug 1 — 23,500 steps (today)" StaticText
    t =    23.71s Checking existence of `"Sat Aug 1 — 23,500 steps (today)" StaticText`
    t =    23.73s Find the "Sat Aug 1 — 23,500 steps (today)" StaticText
    t =    23.79s Checking existence of `"Sat Aug 1 — 23,500 steps (today)" StaticText`
    t =    23.81s Find the "Sat Aug 1 — 23,500 steps (today)" StaticText
    t =    23.89s Checking existence of `"Sat Aug 1 — 23,500 steps (today)" StaticText`
    t =    23.90s Find the "Sat Aug 1 — 23,500 steps (today)" StaticText
    t =    23.97s Checking existence of `"Sat Aug 1 — 23,500 steps (today)" StaticText`
    t =    23.99s Find the "Sat Aug 1 — 23,500 steps (today)" StaticText
    t =    24.07s Checking existence of `"Sat Aug 1 — 23,500 steps (today)" StaticText`
    t =    24.08s Find the "Sat Aug 1 — 23,500 steps (today)" StaticText
    t =    24.16s Checking existence of `"Sat Aug 1 — 23,500 steps (today)" StaticText`
    t =    24.17s Find the "Sat Aug 1 — 23,500 steps (today)" StaticText
    t =    24.25s Checking existence of `"Sat Aug 1 — 23,500 steps (today)" StaticText`
    t =    24.26s Find the "Sat Aug 1 — 23,500 steps (today)" StaticText
    t =    24.34s Checking existence of `"Sat Aug 1 — 23,500 steps (today)" StaticText`
    t =    24.36s Find the "Sat Aug 1 — 23,500 steps (today)" StaticText
    t =    24.43s Checking existence of `"Sat Aug 1 — 23,500 steps (today)" StaticText`
    t =    24.45s Find the "Sat Aug 1 — 23,500 steps (today)" StaticText
    t =    24.53s Checking existence of `"Sat Aug 1 — 23,500 steps (today)" StaticText`
    t =    24.54s Find the "Sat Aug 1 — 23,500 steps (today)" StaticText
    t =    24.61s Checking existence of `"Sat Aug 1 — 23,500 steps (today)" StaticText`
    t =    24.63s Find the "Sat Aug 1 — 23,500 steps (today)" StaticText
    t =    24.71s Checking existence of `"Sat Aug 1 — 23,500 steps (today)" StaticText`
    t =    24.72s Find the "Sat Aug 1 — 23,500 steps (today)" StaticText
    t =    24.80s Checking existence of `"Sat Aug 1 — 23,500 steps (today)" StaticText`
    t =    24.81s Find the "Sat Aug 1 — 23,500 steps (today)" StaticText
    t =    24.89s Checking existence of `"Sat Aug 1 — 23,500 steps (today)" StaticText`
    t =    24.90s Find the "Sat Aug 1 — 23,500 steps (today)" StaticText
    t =    24.98s Checking existence of `"Sat Aug 1 — 23,500 steps (today)" StaticText`
    t =    24.99s Find the "Sat Aug 1 — 23,500 steps (today)" StaticText
    t =    25.07s Checking existence of `"Sat Aug 1 — 23,500 steps (today)" StaticText`
    t =    25.08s Find the "Sat Aug 1 — 23,500 steps (today)" StaticText
    t =    25.16s Checking existence of `"Sat Aug 1 — 23,500 steps (today)" StaticText`
    t =    25.17s Find the "Sat Aug 1 — 23,500 steps (today)" StaticText
    t =    25.24s Checking existence of `"Sat Aug 1 — 23,500 steps (today)" StaticText`
    t =    25.26s Find the "Sat Aug 1 — 23,500 steps (today)" StaticText
    t =    25.33s Checking existence of `"Sat Aug 1 — 23,500 steps (today)" StaticText`
    t =    25.35s Find the "Sat Aug 1 — 23,500 steps (today)" StaticText
    t =    25.42s Checking existence of `"Sat Aug 1 — 23,500 steps (today)" StaticText`
    t =    25.44s Find the "Sat Aug 1 — 23,500 steps (today)" StaticText
    t =    25.52s Checking existence of `"Sat Aug 1 — 23,500 steps (today)" StaticText`
    t =    25.53s Find the "Sat Aug 1 — 23,500 steps (today)" StaticText
    t =    25.61s Checking existence of `"Sat Aug 1 — 23,500 steps (today)" StaticText`
    t =    25.62s Find the "Sat Aug 1 — 23,500 steps (today)" StaticText
    t =    25.70s Checking existence of `"Sat Aug 1 — 23,500 steps (today)" StaticText`
    t =    25.71s Find the "Sat Aug 1 — 23,500 steps (today)" StaticText
    t =    25.79s Checking existence of `"Sat Aug 1 — 23,500 steps (today)" StaticText`
    t =    25.81s Find the "Sat Aug 1 — 23,500 steps (today)" StaticText
    t =    25.88s Checking existence of `"Sat Aug 1 — 23,500 steps (today)" StaticText`
    t =    25.90s Find the "Sat Aug 1 — 23,500 steps (today)" StaticText
    t =    25.97s Checking existence of `"Sat Aug 1 — 23,500 steps (today)" StaticText`
    t =    25.99s Find the "Sat Aug 1 — 23,500 steps (today)" StaticText
    t =    26.06s Checking existence of `"Sat Aug 1 — 23,500 steps (today)" StaticText`
    t =    26.08s Find the "Sat Aug 1 — 23,500 steps (today)" StaticText
    t =    26.16s Checking existence of `"Sat Aug 1 — 23,500 steps (today)" StaticText`
    t =    26.17s Find the "Sat Aug 1 — 23,500 steps (today)" StaticText
    t =    26.25s Checking existence of `"Sat Aug 1 — 23,500 steps (today)" StaticText`
    t =    26.26s Find the "Sat Aug 1 — 23,500 steps (today)" StaticText
STEP[26s]: iter 0: go home
    t =    26.34s Checking existence of `"Transcribe" Button`
    t =    26.36s Checking existence of `"Health" Button`
    t =    26.37s Checking existence of `Any (First Match)`
    t =    26.39s Checking existence of `Button (Element at index 0)`
    t =    26.40s Find the Button (Element at index 0)
STEP[26s]: goHome: tapping candidate 0
    t =    26.42s Tap "BackButton" Button
    t =    26.42s     Wait for com.nstudio.expobenchmark to idle
    t =    26.42s     Find the "BackButton" Button
    t =    26.44s     Check for interrupting elements affecting "BackButton" Button
    t =    26.45s     Synthesize event
    t =    26.75s     Wait for com.nstudio.expobenchmark to idle
    t =    27.08s Checking existence of `"Transcribe" Button`
    t =    27.09s Waiting 3.0s for Any (First Match) to exist
    t =    28.17s     Checking `Expect predicate `existsNoRetry == 1` for object Any (First Match)`
    t =    28.17s         Checking existence of `Any (First Match)`
STEP[28s]: iter 0: nav Transcribe
    t =    28.18s Checking existence of `"Transcribe" Button`
    t =    28.19s Tap Any (First Match)
    t =    28.19s     Wait for com.nstudio.expobenchmark to idle
    t =    28.19s     Find the Any (First Match)
    t =    28.20s     Check for interrupting elements affecting "Transcribe" Other
    t =    28.22s     Synthesize event
    t =    28.52s     Wait for com.nstudio.expobenchmark to idle
    t =    29.30s Waiting 10.0s for Any (First Match) to exist
    t =    30.37s     Checking `Expect predicate `existsNoRetry == 1` for object Any (First Match)`
    t =    30.38s         Checking existence of `Any (First Match)`
    t =    30.40s Checking existence of `Any (First Match)`
    t =    30.41s Find the Any (First Match)
STEP[30s]: iter 0: speech authorize
    t =    30.43s Checking existence of `"Request Access" Button`
    t =    30.44s Checking existence of `Any (First Match)`
    t =    30.45s Find the Any (First Match)
    t =    30.47s Tap "Request Access" Other
    t =    30.47s     Wait for com.nstudio.expobenchmark to idle
    t =    30.47s     Find the "Request Access" Other
    t =    30.49s     Check for interrupting elements affecting "Request Access" Other
    t =    30.51s     Synthesize event
    t =    30.80s     Wait for com.nstudio.expobenchmark to idle
    t =    30.81s Waiting 3.0s for "Allow" Button to exist
    t =    31.87s     Checking `Expect predicate `existsNoRetry == 1` for object "Allow" Button`
    t =    31.88s         Checking existence of `"Allow" Button`
STEP[31s]: system alert: 'Allow'
    t =    31.91s Tap "Allow" Button
    t =    31.91s     Wait for com.apple.springboard to idle
    t =    31.91s     Find the "Allow" Button
    t =    31.93s     Check for interrupting elements affecting "Allow" Button
    t =    31.96s     Synthesize event
    t =    32.26s     Wait for com.apple.springboard to idle
    t =    32.48s Waiting 15.0s for Any (First Match) to exist
    t =    33.55s     Checking `Expect predicate `existsNoRetry == 1` for object Any (First Match)`
    t =    33.55s         Checking existence of `Any (First Match)`
    t =    33.58s Checking existence of `"Speech access: not requested" StaticText`
    t =    33.60s Find the "Speech access: not requested" StaticText
    t =    33.61s Checking existence of `"Transcribe Sample" Button`
    t =    33.62s Checking existence of `Any (First Match)`
    t =    33.63s Find the Any (First Match)
STEP[33s]: iter 0: transcribe
    t =    33.65s Tap "Transcribe Sample" Other
    t =    33.65s     Wait for com.nstudio.expobenchmark to idle
    t =    33.65s     Find the "Transcribe Sample" Other
    t =    33.67s     Check for interrupting elements affecting "Transcribe Sample" Other
    t =    33.69s     Synthesize event
    t =    33.98s     Wait for com.nstudio.expobenchmark to idle
    t =    33.99s Waiting 45.0s for Any (First Match) to exist
    t =    35.06s     Checking `Expect predicate `existsNoRetry == 1` for object Any (First Match)`
    t =    35.06s         Checking existence of `Any (First Match)`
    t =    35.07s         Capturing element debug description
    t =    36.01s     Checking `Expect predicate `existsNoRetry == 1` for object Any (First Match)`
    t =    36.01s         Checking existence of `Any (First Match)`
    t =    36.03s         Capturing element debug description
    t =    37.01s     Checking `Expect predicate `existsNoRetry == 1` for object Any (First Match)`
    t =    37.01s         Checking existence of `Any (First Match)`
    t =    37.03s         Capturing element debug description
    t =    38.08s     Checking `Expect predicate `existsNoRetry == 1` for object Any (First Match)`
    t =    38.08s         Checking existence of `Any (First Match)`
    t =    38.11s         Capturing element debug description
    t =    39.05s     Checking `Expect predicate `existsNoRetry == 1` for object Any (First Match)`
    t =    39.05s         Checking existence of `Any (First Match)`
    t =    39.07s         Capturing element debug description
    t =    40.03s     Checking `Expect predicate `existsNoRetry == 1` for object Any (First Match)`
    t =    40.03s         Checking existence of `Any (First Match)`
    t =    40.06s         Capturing element debug description
    t =    41.02s     Checking `Expect predicate `existsNoRetry == 1` for object Any (First Match)`
    t =    41.03s         Checking existence of `Any (First Match)`
    t =    41.05s         Capturing element debug description
    t =    42.07s     Checking `Expect predicate `existsNoRetry == 1` for object Any (First Match)`
    t =    42.07s         Checking existence of `Any (First Match)`
    t =    42.09s         Capturing element debug description
    t =    43.00s     Checking `Expect predicate `existsNoRetry == 1` for object Any (First Match)`
    t =    43.00s         Checking existence of `Any (First Match)`
    t =    43.02s         Capturing element debug description
    t =    44.03s     Checking `Expect predicate `existsNoRetry == 1` for object Any (First Match)`
    t =    44.03s         Checking existence of `Any (First Match)`
    t =    44.06s         Capturing element debug description
    t =    45.06s     Checking `Expect predicate `existsNoRetry == 1` for object Any (First Match)`
    t =    45.06s         Checking existence of `Any (First Match)`
    t =    45.09s         Capturing element debug description
    t =    45.99s     Checking `Expect predicate `existsNoRetry == 1` for object Any (First Match)`
    t =    45.99s         Checking existence of `Any (First Match)`
    t =    46.02s         Capturing element debug description
    t =    47.02s     Checking `Expect predicate `existsNoRetry == 1` for object Any (First Match)`
    t =    47.02s         Checking existence of `Any (First Match)`
    t =    47.05s         Capturing element debug description
    t =    48.06s     Checking `Expect predicate `existsNoRetry == 1` for object Any (First Match)`
    t =    48.06s         Checking existence of `Any (First Match)`
    t =    48.09s         Capturing element debug description
    t =    48.99s     Checking `Expect predicate `existsNoRetry == 1` for object Any (First Match)`
    t =    48.99s         Checking existence of `Any (First Match)`
    t =    49.02s         Capturing element debug description
    t =    50.02s     Checking `Expect predicate `existsNoRetry == 1` for object Any (First Match)`
    t =    50.02s         Checking existence of `Any (First Match)`
    t =    50.05s         Capturing element debug description
    t =    51.06s     Checking `Expect predicate `existsNoRetry == 1` for object Any (First Match)`
    t =    51.06s         Checking existence of `Any (First Match)`
    t =    51.08s         Capturing element debug description
    t =    51.99s     Checking `Expect predicate `existsNoRetry == 1` for object Any (First Match)`
    t =    51.99s         Checking existence of `Any (First Match)`
    t =    52.01s         Capturing element debug description
    t =    53.02s     Checking `Expect predicate `existsNoRetry == 1` for object Any (First Match)`
    t =    53.02s         Checking existence of `Any (First Match)`
    t =    53.04s         Capturing element debug description
    t =    54.04s     Checking `Expect predicate `existsNoRetry == 1` for object Any (First Match)`
    t =    54.05s         Checking existence of `Any (First Match)`
    t =    54.07s         Capturing element debug description
    t =    55.08s     Checking `Expect predicate `existsNoRetry == 1` for object Any (First Match)`
    t =    55.08s         Checking existence of `Any (First Match)`
    t =    55.10s         Capturing element debug description
    t =    56.00s     Checking `Expect predicate `existsNoRetry == 1` for object Any (First Match)`
    t =    56.01s         Checking existence of `Any (First Match)`
    t =    56.03s         Capturing element debug description
    t =    57.05s     Checking `Expect predicate `existsNoRetry == 1` for object Any (First Match)`
    t =    57.05s         Checking existence of `Any (First Match)`
    t =    57.07s         Capturing element debug description
    t =    58.03s     Checking `Expect predicate `existsNoRetry == 1` for object Any (First Match)`
    t =    58.03s         Checking existence of `Any (First Match)`
    t =    58.06s         Capturing element debug description
    t =    59.00s     Checking `Expect predicate `existsNoRetry == 1` for object Any (First Match)`
    t =    59.00s         Checking existence of `Any (First Match)`
    t =    59.03s         Capturing element debug description
    t =    59.99s     Checking `Expect predicate `existsNoRetry == 1` for object Any (First Match)`
    t =    60.00s         Checking existence of `Any (First Match)`
    t =    60.02s         Capturing element debug description
    t =    61.05s     Checking `Expect predicate `existsNoRetry == 1` for object Any (First Match)`
    t =    61.05s         Checking existence of `Any (First Match)`
    t =    61.08s         Capturing element debug description
    t =    62.05s     Checking `Expect predicate `existsNoRetry == 1` for object Any (First Match)`
    t =    62.05s         Checking existence of `Any (First Match)`
    t =    62.08s         Capturing element debug description
    t =    63.02s     Checking `Expect predicate `existsNoRetry == 1` for object Any (First Match)`
    t =    63.03s         Checking existence of `Any (First Match)`
    t =    63.05s         Capturing element debug description
    t =    64.00s     Checking `Expect predicate `existsNoRetry == 1` for object Any (First Match)`
    t =    64.00s         Checking existence of `Any (First Match)`
    t =    64.03s         Capturing element debug description
    t =    64.99s     Checking `Expect predicate `existsNoRetry == 1` for object Any (First Match)`
    t =    65.00s         Checking existence of `Any (First Match)`
    t =    65.02s         Capturing element debug description
    t =    66.06s     Checking `Expect predicate `existsNoRetry == 1` for object Any (First Match)`
    t =    66.06s         Checking existence of `Any (First Match)`
    t =    66.08s         Capturing element debug description
    t =    67.05s     Checking `Expect predicate `existsNoRetry == 1` for object Any (First Match)`
    t =    67.05s         Checking existence of `Any (First Match)`
    t =    67.07s         Capturing element debug description
    t =    68.02s     Checking `Expect predicate `existsNoRetry == 1` for object Any (First Match)`
    t =    68.02s         Checking existence of `Any (First Match)`
    t =    68.05s         Capturing element debug description
    t =    68.99s     Checking `Expect predicate `existsNoRetry == 1` for object Any (First Match)`
    t =    68.99s         Checking existence of `Any (First Match)`
    t =    69.02s         Capturing element debug description
    t =    70.08s     Checking `Expect predicate `existsNoRetry == 1` for object Any (First Match)`
    t =    70.08s         Checking existence of `Any (First Match)`
    t =    70.11s         Capturing element debug description
    t =    71.06s     Checking `Expect predicate `existsNoRetry == 1` for object Any (First Match)`
    t =    71.06s         Checking existence of `Any (First Match)`
    t =    71.08s         Capturing element debug description
    t =    72.04s     Checking `Expect predicate `existsNoRetry == 1` for object Any (First Match)`
    t =    72.04s         Checking existence of `Any (First Match)`
    t =    72.07s         Capturing element debug description
    t =    73.02s     Checking `Expect predicate `existsNoRetry == 1` for object Any (First Match)`
    t =    73.02s         Checking existence of `Any (First Match)`
    t =    73.04s         Capturing element debug description
    t =    73.99s     Checking `Expect predicate `existsNoRetry == 1` for object Any (First Match)`
    t =    74.00s         Checking existence of `Any (First Match)`
    t =    74.02s         Capturing element debug description
    t =    74.99s     Checking `Expect predicate `existsNoRetry == 1` for object Any (First Match)`
    t =    74.99s         Checking existence of `Any (First Match)`
    t =    75.02s         Capturing element debug description
    t =    75.99s     Checking `Expect predicate `existsNoRetry == 1` for object Any (First Match)`
    t =    75.99s         Checking existence of `Any (First Match)`
    t =    76.00s         Capturing element debug description
    t =    77.07s     Checking `Expect predicate `existsNoRetry == 1` for object Any (First Match)`
    t =    77.08s         Checking existence of `Any (First Match)`
    t =    77.10s         Capturing element debug description
    t =    78.06s     Checking `Expect predicate `existsNoRetry == 1` for object Any (First Match)`
    t =    78.06s         Checking existence of `Any (First Match)`
    t =    78.08s         Capturing element debug description
    t =    79.01s     Checking `Expect predicate `existsNoRetry == 1` for object Any (First Match)`
    t =    79.01s         Checking existence of `Any (First Match)`
    t =    79.03s         Capturing element debug description
    t =    79.03s     Checking existence of `Any (First Match)`
    t =    79.05s Collecting debug information to assist test failure triage
    t =    79.05s     Requesting snapshot of accessibility hierarchy for app with pid 42720
    t =    79.07s Checking existence of `Any (First Match)`
    t =    79.08s Checking existence of `Any (First Match)`
    t =    79.10s Checking existence of `Any (First Match)`
    t =    79.11s Find the Any (First Match)
STEP[79s]: iter 0: done
    t =    79.12s Terminate com.nstudio.expobenchmark:42720
STEP[80s]: iter 1: launch com.nstudio.expobenchmark
    t =    80.22s Open com.nstudio.expobenchmark
    t =    80.22s     Launch com.nstudio.expobenchmark
    t =    80.33s         Setting up automation session
    t =    80.85s         Wait for com.nstudio.expobenchmark to idle
    t =    81.97s Checking existence of `"Health" Button`
    t =    82.00s Waiting 20.0s for Any (First Match) to exist
    t =    83.07s     Checking `Expect predicate `existsNoRetry == 1` for object Any (First Match)`
    t =    83.08s         Checking existence of `Any (First Match)`
STEP[83s]: iter 1: nav Health
    t =    83.09s Checking existence of `"Health" Button`
    t =    83.11s Tap Any (First Match)
    t =    83.11s     Wait for com.nstudio.expobenchmark to idle
    t =    83.11s     Find the Any (First Match)
    t =    83.12s     Check for interrupting elements affecting "Health" Other
    t =    83.14s     Synthesize event
    t =    83.43s     Wait for com.nstudio.expobenchmark to idle
    t =    84.25s Waiting 10.0s for Any (First Match) to exist
    t =    85.32s     Checking `Expect predicate `existsNoRetry == 1` for object Any (First Match)`
    t =    85.32s         Checking existence of `Any (First Match)`
    t =    85.35s Checking existence of `Any (First Match)`
    t =    85.36s Find the Any (First Match)
    t =    85.38s Checking existence of `"Health access: granted" StaticText`
    t =    85.39s Find the "Health access: granted" StaticText
    t =    85.40s Waiting 15.0s for Any (First Match) to exist
    t =    86.47s     Checking `Expect predicate `existsNoRetry == 1` for object Any (First Match)`
    t =    86.48s         Checking existence of `Any (First Match)`
    t =    86.50s Checking existence of `Any (First Match)`
    t =    86.52s Find the Any (First Match)
    t =    86.53s Checking existence of `"Log 500 Steps" Button`
    t =    86.55s Checking existence of `Any (First Match)`
    t =    86.56s Find the Any (First Match)
STEP[86s]: iter 1: log 500
    t =    86.58s Tap "Log 500 Steps" Other
    t =    86.58s     Wait for com.nstudio.expobenchmark to idle
    t =    86.58s     Find the "Log 500 Steps" Other
    t =    86.60s     Check for interrupting elements affecting "Log 500 Steps" Other
    t =    86.63s     Synthesize event
    t =    86.92s     Wait for com.nstudio.expobenchmark to idle
    t =    86.93s Checking existence of `"Sat Aug 1 — 23,500 steps (today)" StaticText`
    t =    86.95s Find the "Sat Aug 1 — 23,500 steps (today)" StaticText
    t =    86.97s Checking existence of `"Sat Aug 1 — 24,000 steps (today)" StaticText`
STEP[86s]: iter 1: go home
    t =    86.98s Checking existence of `"Transcribe" Button`
    t =    87.00s Checking existence of `"Health" Button`
    t =    87.01s Checking existence of `Any (First Match)`
    t =    87.03s Checking existence of `Button (Element at index 0)`
    t =    87.04s Find the Button (Element at index 0)
STEP[87s]: goHome: tapping candidate 0
    t =    87.06s Tap "BackButton" Button
    t =    87.06s     Wait for com.nstudio.expobenchmark to idle
    t =    87.06s     Find the "BackButton" Button
    t =    87.08s     Check for interrupting elements affecting "BackButton" Button
    t =    87.09s     Synthesize event
    t =    87.39s     Wait for com.nstudio.expobenchmark to idle
    t =    87.69s Checking existence of `"Transcribe" Button`
    t =    87.70s Waiting 3.0s for Any (First Match) to exist
    t =    88.76s     Checking `Expect predicate `existsNoRetry == 1` for object Any (First Match)`
    t =    88.76s         Checking existence of `Any (First Match)`
STEP[88s]: iter 1: nav Transcribe
    t =    88.78s Checking existence of `"Transcribe" Button`
    t =    88.79s Tap Any (First Match)
    t =    88.79s     Wait for com.nstudio.expobenchmark to idle
    t =    88.79s     Find the Any (First Match)
    t =    88.80s     Check for interrupting elements affecting "Transcribe" Other
    t =    88.82s     Synthesize event
    t =    89.11s     Wait for com.nstudio.expobenchmark to idle
    t =    89.90s Waiting 10.0s for Any (First Match) to exist
    t =    90.97s     Checking `Expect predicate `existsNoRetry == 1` for object Any (First Match)`
    t =    90.97s         Checking existence of `Any (First Match)`
    t =    90.99s Checking existence of `Any (First Match)`
    t =    91.01s Find the Any (First Match)
    t =    91.02s Checking existence of `"Speech access: granted" StaticText`
    t =    91.04s Find the "Speech access: granted" StaticText
    t =    91.05s Checking existence of `"Transcribe Sample" Button`
    t =    91.06s Checking existence of `Any (First Match)`
    t =    91.07s Find the Any (First Match)
STEP[91s]: iter 1: transcribe
    t =    91.09s Tap "Transcribe Sample" Other
    t =    91.09s     Wait for com.nstudio.expobenchmark to idle
    t =    91.09s     Find the "Transcribe Sample" Other
    t =    91.10s     Check for interrupting elements affecting "Transcribe Sample" Other
    t =    91.13s     Synthesize event
    t =    91.42s     Wait for com.nstudio.expobenchmark to idle
    t =    91.43s Waiting 45.0s for Any (First Match) to exist
    t =    92.47s     Checking `Expect predicate `existsNoRetry == 1` for object Any (First Match)`
    t =    92.48s         Checking existence of `Any (First Match)`
    t =    92.50s         Capturing element debug description
    t =    93.45s     Checking `Expect predicate `existsNoRetry == 1` for object Any (First Match)`
    t =    93.45s         Checking existence of `Any (First Match)`
    t =    93.48s         Capturing element debug description
    t =    94.43s     Checking `Expect predicate `existsNoRetry == 1` for object Any (First Match)`
    t =    94.43s         Checking existence of `Any (First Match)`
    t =    94.46s         Capturing element debug description
    t =    95.52s     Checking `Expect predicate `existsNoRetry == 1` for object Any (First Match)`
    t =    95.52s         Checking existence of `Any (First Match)`
    t =    95.55s         Capturing element debug description
    t =    96.50s     Checking `Expect predicate `existsNoRetry == 1` for object Any (First Match)`
    t =    96.50s         Checking existence of `Any (First Match)`
    t =    96.52s         Capturing element debug description
    t =    97.47s     Checking `Expect predicate `existsNoRetry == 1` for object Any (First Match)`
    t =    97.48s         Checking existence of `Any (First Match)`
    t =    97.50s         Capturing element debug description
    t =    98.46s     Checking `Expect predicate `existsNoRetry == 1` for object Any (First Match)`
    t =    98.46s         Checking existence of `Any (First Match)`
    t =    98.48s         Capturing element debug description
    t =    99.44s     Checking `Expect predicate `existsNoRetry == 1` for object Any (First Match)`
    t =    99.44s         Checking existence of `Any (First Match)`
    t =    99.46s         Capturing element debug description
    t =   100.52s     Checking `Expect predicate `existsNoRetry == 1` for object Any (First Match)`
    t =   100.52s         Checking existence of `Any (First Match)`
    t =   100.55s         Capturing element debug description
    t =   101.52s     Checking `Expect predicate `existsNoRetry == 1` for object Any (First Match)`
    t =   101.52s         Checking existence of `Any (First Match)`
    t =   101.55s         Capturing element debug description
    t =   102.52s     Checking `Expect predicate `existsNoRetry == 1` for object Any (First Match)`
    t =   102.52s         Checking existence of `Any (First Match)`
    t =   102.54s         Capturing element debug description
    t =   103.50s     Checking `Expect predicate `existsNoRetry == 1` for object Any (First Match)`
    t =   103.50s         Checking existence of `Any (First Match)`
    t =   103.53s         Capturing element debug description
    t =   104.49s     Checking `Expect predicate `existsNoRetry == 1` for object Any (First Match)`
    t =   104.49s         Checking existence of `Any (First Match)`
    t =   104.52s         Capturing element debug description
    t =   105.48s     Checking `Expect predicate `existsNoRetry == 1` for object Any (First Match)`
    t =   105.48s         Checking existence of `Any (First Match)`
    t =   105.51s         Capturing element debug description
    t =   106.47s     Checking `Expect predicate `existsNoRetry == 1` for object Any (First Match)`
    t =   106.47s         Checking existence of `Any (First Match)`
    t =   106.49s         Capturing element debug description
    t =   107.45s     Checking `Expect predicate `existsNoRetry == 1` for object Any (First Match)`
    t =   107.45s         Checking existence of `Any (First Match)`
    t =   107.47s         Capturing element debug description
    t =   108.44s     Checking `Expect predicate `existsNoRetry == 1` for object Any (First Match)`
    t =   108.44s         Checking existence of `Any (First Match)`
    t =   108.46s         Capturing element debug description
    t =   109.52s     Checking `Expect predicate `existsNoRetry == 1` for object Any (First Match)`
    t =   109.53s         Checking existence of `Any (First Match)`
    t =   109.55s         Capturing element debug description
    t =   110.52s     Checking `Expect predicate `existsNoRetry == 1` for object Any (First Match)`
    t =   110.52s         Checking existence of `Any (First Match)`
    t =   110.55s         Capturing element debug description
    t =   111.51s     Checking `Expect predicate `existsNoRetry == 1` for object Any (First Match)`
    t =   111.51s         Checking existence of `Any (First Match)`
    t =   111.53s         Capturing element debug description
    t =   112.49s     Checking `Expect predicate `existsNoRetry == 1` for object Any (First Match)`
    t =   112.49s         Checking existence of `Any (First Match)`
    t =   112.52s         Capturing element debug description
    t =   113.48s     Checking `Expect predicate `existsNoRetry == 1` for object Any (First Match)`
    t =   113.48s         Checking existence of `Any (First Match)`
    t =   113.50s         Capturing element debug description
    t =   114.47s     Checking `Expect predicate `existsNoRetry == 1` for object Any (First Match)`
    t =   114.47s         Checking existence of `Any (First Match)`
    t =   114.49s         Capturing element debug description
    t =   115.46s     Checking `Expect predicate `existsNoRetry == 1` for object Any (First Match)`
    t =   115.46s         Checking existence of `Any (First Match)`
    t =   115.48s         Capturing element debug description
    t =   116.44s     Checking `Expect predicate `existsNoRetry == 1` for object Any (First Match)`
    t =   116.44s         Checking existence of `Any (First Match)`
    t =   116.46s         Capturing element debug description
    t =   117.49s     Checking `Expect predicate `existsNoRetry == 1` for object Any (First Match)`
    t =   117.49s         Checking existence of `Any (First Match)`
    t =   117.52s         Capturing element debug description
    t =   118.48s     Checking `Expect predicate `existsNoRetry == 1` for object Any (First Match)`
    t =   118.48s         Checking existence of `Any (First Match)`
    t =   118.51s         Capturing element debug description
    t =   119.46s     Checking `Expect predicate `existsNoRetry == 1` for object Any (First Match)`
    t =   119.46s         Checking existence of `Any (First Match)`
    t =   119.49s         Capturing element debug description
    t =   120.46s     Checking `Expect predicate `existsNoRetry == 1` for object Any (First Match)`
    t =   120.46s         Checking existence of `Any (First Match)`
    t =   120.48s         Capturing element debug description
    t =   121.44s     Checking `Expect predicate `existsNoRetry == 1` for object Any (First Match)`
    t =   121.44s         Checking existence of `Any (First Match)`
    t =   121.46s         Capturing element debug description
    t =   122.44s     Checking `Expect predicate `existsNoRetry == 1` for object Any (First Match)`
    t =   122.44s         Checking existence of `Any (First Match)`
    t =   122.46s         Capturing element debug description
    t =   123.43s     Checking `Expect predicate `existsNoRetry == 1` for object Any (First Match)`
    t =   123.43s         Checking existence of `Any (First Match)`
    t =   123.46s         Capturing element debug description
    t =   124.52s     Checking `Expect predicate `existsNoRetry == 1` for object Any (First Match)`
    t =   124.52s         Checking existence of `Any (First Match)`
    t =   124.55s         Capturing element debug description
    t =   125.52s     Checking `Expect predicate `existsNoRetry == 1` for object Any (First Match)`
    t =   125.52s         Checking existence of `Any (First Match)`
    t =   125.54s         Capturing element debug description
    t =   126.51s     Checking `Expect predicate `existsNoRetry == 1` for object Any (First Match)`
    t =   126.51s         Checking existence of `Any (First Match)`
    t =   126.53s         Capturing element debug description
    t =   127.49s     Checking `Expect predicate `existsNoRetry == 1` for object Any (First Match)`
    t =   127.49s         Checking existence of `Any (First Match)`
    t =   127.52s         Capturing element debug description
    t =   128.49s     Checking `Expect predicate `existsNoRetry == 1` for object Any (First Match)`
    t =   128.49s         Checking existence of `Any (First Match)`
    t =   128.52s         Capturing element debug description
    t =   129.48s     Checking `Expect predicate `existsNoRetry == 1` for object Any (First Match)`
    t =   129.48s         Checking existence of `Any (First Match)`
    t =   129.51s         Capturing element debug description
    t =   130.47s     Checking `Expect predicate `existsNoRetry == 1` for object Any (First Match)`
    t =   130.48s         Checking existence of `Any (First Match)`
    t =   130.50s         Capturing element debug description
    t =   131.46s     Checking `Expect predicate `existsNoRetry == 1` for object Any (First Match)`
    t =   131.46s         Checking existence of `Any (First Match)`
    t =   131.49s         Capturing element debug description
    t =   132.45s     Checking `Expect predicate `existsNoRetry == 1` for object Any (First Match)`
    t =   132.45s         Checking existence of `Any (First Match)`
    t =   132.48s         Capturing element debug description
    t =   133.44s     Checking `Expect predicate `existsNoRetry == 1` for object Any (First Match)`
    t =   133.44s         Checking existence of `Any (First Match)`
    t =   133.47s         Capturing element debug description
    t =   134.43s     Checking `Expect predicate `existsNoRetry == 1` for object Any (First Match)`
    t =   134.43s         Checking existence of `Any (First Match)`
    t =   134.46s         Capturing element debug description
    t =   135.52s     Checking `Expect predicate `existsNoRetry == 1` for object Any (First Match)`
    t =   135.53s         Checking existence of `Any (First Match)`
    t =   135.55s         Capturing element debug description
    t =   136.44s     Checking `Expect predicate `existsNoRetry == 1` for object Any (First Match)`
    t =   136.45s         Checking existence of `Any (First Match)`
    t =   136.47s         Capturing element debug description
    t =   136.47s     Checking existence of `Any (First Match)`
    t =   136.49s Collecting debug information to assist test failure triage
    t =   136.49s     Requesting snapshot of accessibility hierarchy for app with pid 42775
    t =   136.51s Checking existence of `Any (First Match)`
    t =   136.52s Checking existence of `Any (First Match)`
    t =   136.53s Checking existence of `Any (First Match)`
    t =   136.55s Find the Any (First Match)
STEP[136s]: iter 1: done
    t =   136.56s Terminate com.nstudio.expobenchmark:42775
STEP[137s]: iter 2: launch com.nstudio.expobenchmark
    t =   137.65s Open com.nstudio.expobenchmark
    t =   137.65s     Launch com.nstudio.expobenchmark
    t =   137.76s         Setting up automation session
    t =   138.29s         Wait for com.nstudio.expobenchmark to idle
    t =   139.42s Checking existence of `"Health" Button`
    t =   139.45s Waiting 20.0s for Any (First Match) to exist
    t =   140.52s     Checking `Expect predicate `existsNoRetry == 1` for object Any (First Match)`
    t =   140.52s         Checking existence of `Any (First Match)`
STEP[140s]: iter 2: nav Health
    t =   140.54s Checking existence of `"Health" Button`
    t =   140.55s Tap Any (First Match)
    t =   140.55s     Wait for com.nstudio.expobenchmark to idle
    t =   140.55s     Find the Any (First Match)
    t =   140.56s     Check for interrupting elements affecting "Health" Other
    t =   140.59s     Synthesize event
    t =   140.88s     Wait for com.nstudio.expobenchmark to idle
    t =   141.66s Waiting 10.0s for Any (First Match) to exist
    t =   142.74s     Checking `Expect predicate `existsNoRetry == 1` for object Any (First Match)`
    t =   142.74s         Checking existence of `Any (First Match)`
    t =   142.77s Checking existence of `Any (First Match)`
    t =   142.79s Find the Any (First Match)
    t =   142.80s Checking existence of `"Health access: granted" StaticText`
    t =   142.81s Find the "Health access: granted" StaticText
    t =   142.83s Waiting 15.0s for Any (First Match) to exist
    t =   143.88s     Checking `Expect predicate `existsNoRetry == 1` for object Any (First Match)`
    t =   143.88s         Checking existence of `Any (First Match)`
    t =   143.91s Checking existence of `Any (First Match)`
    t =   143.93s Find the Any (First Match)
    t =   143.94s Checking existence of `"Log 500 Steps" Button`
    t =   143.96s Checking existence of `Any (First Match)`
    t =   143.97s Find the Any (First Match)
STEP[143s]: iter 2: log 500
    t =   143.99s Tap "Log 500 Steps" Other
    t =   143.99s     Wait for com.nstudio.expobenchmark to idle
    t =   143.99s     Find the "Log 500 Steps" Other
    t =   144.01s     Check for interrupting elements affecting "Log 500 Steps" Other
    t =   144.04s     Synthesize event
    t =   144.33s     Wait for com.nstudio.expobenchmark to idle
    t =   144.34s Checking existence of `"Sat Aug 1 — 24,000 steps (today)" StaticText`
    t =   144.36s Find the "Sat Aug 1 — 24,000 steps (today)" StaticText
    t =   144.38s Checking existence of `"Sat Aug 1 — 24,500 steps (today)" StaticText`
STEP[144s]: iter 2: go home
    t =   144.39s Checking existence of `"Transcribe" Button`
    t =   144.41s Checking existence of `"Health" Button`
    t =   144.42s Checking existence of `Any (First Match)`
    t =   144.44s Checking existence of `Button (Element at index 0)`
    t =   144.45s Find the Button (Element at index 0)
STEP[144s]: goHome: tapping candidate 0
    t =   144.47s Tap "BackButton" Button
    t =   144.47s     Wait for com.nstudio.expobenchmark to idle
    t =   144.48s     Find the "BackButton" Button
    t =   144.49s     Check for interrupting elements affecting "BackButton" Button
    t =   144.51s     Synthesize event
    t =   144.80s     Wait for com.nstudio.expobenchmark to idle
    t =   145.12s Checking existence of `"Transcribe" Button`
    t =   145.14s Waiting 3.0s for Any (First Match) to exist
    t =   146.21s     Checking `Expect predicate `existsNoRetry == 1` for object Any (First Match)`
    t =   146.21s         Checking existence of `Any (First Match)`
STEP[146s]: iter 2: nav Transcribe
    t =   146.22s Checking existence of `"Transcribe" Button`
    t =   146.24s Tap Any (First Match)
    t =   146.24s     Wait for com.nstudio.expobenchmark to idle
    t =   146.24s     Find the Any (First Match)
    t =   146.25s     Check for interrupting elements affecting "Transcribe" Other
    t =   146.27s     Synthesize event
    t =   146.56s     Wait for com.nstudio.expobenchmark to idle
    t =   147.36s Waiting 10.0s for Any (First Match) to exist
    t =   148.42s     Checking `Expect predicate `existsNoRetry == 1` for object Any (First Match)`
    t =   148.43s         Checking existence of `Any (First Match)`
    t =   148.45s Checking existence of `Any (First Match)`
    t =   148.47s Find the Any (First Match)
    t =   148.48s Checking existence of `"Speech access: granted" StaticText`
    t =   148.49s Find the "Speech access: granted" StaticText
    t =   148.51s Checking existence of `"Transcribe Sample" Button`
    t =   148.52s Checking existence of `Any (First Match)`
    t =   148.53s Find the Any (First Match)
STEP[148s]: iter 2: transcribe
    t =   148.55s Tap "Transcribe Sample" Other
    t =   148.55s     Wait for com.nstudio.expobenchmark to idle
    t =   148.55s     Find the "Transcribe Sample" Other
    t =   148.56s     Check for interrupting elements affecting "Transcribe Sample" Other
    t =   148.59s     Synthesize event
    t =   148.88s     Wait for com.nstudio.expobenchmark to idle
    t =   148.88s Waiting 45.0s for Any (First Match) to exist
    t =   149.93s     Checking `Expect predicate `existsNoRetry == 1` for object Any (First Match)`
    t =   149.93s         Checking existence of `Any (First Match)`
    t =   149.96s         Capturing element debug description
    t =   150.93s     Checking `Expect predicate `existsNoRetry == 1` for object Any (First Match)`
    t =   150.93s         Checking existence of `Any (First Match)`
    t =   150.95s         Capturing element debug description
    t =   151.91s     Checking `Expect predicate `existsNoRetry == 1` for object Any (First Match)`
    t =   151.91s         Checking existence of `Any (First Match)`
    t =   151.93s         Capturing element debug description
    t =   152.89s     Checking `Expect predicate `existsNoRetry == 1` for object Any (First Match)`
    t =   152.89s         Checking existence of `Any (First Match)`
    t =   152.92s         Capturing element debug description
    t =   153.89s     Checking `Expect predicate `existsNoRetry == 1` for object Any (First Match)`
    t =   153.89s         Checking existence of `Any (First Match)`
    t =   153.92s         Capturing element debug description
    t =   154.97s     Checking `Expect predicate `existsNoRetry == 1` for object Any (First Match)`
    t =   154.97s         Checking existence of `Any (First Match)`
    t =   155.00s         Capturing element debug description
    t =   155.96s     Checking `Expect predicate `existsNoRetry == 1` for object Any (First Match)`
    t =   155.96s         Checking existence of `Any (First Match)`
    t =   155.98s         Capturing element debug description
    t =   156.94s     Checking `Expect predicate `existsNoRetry == 1` for object Any (First Match)`
    t =   156.94s         Checking existence of `Any (First Match)`
    t =   156.96s         Capturing element debug description
    t =   157.92s     Checking `Expect predicate `existsNoRetry == 1` for object Any (First Match)`
    t =   157.92s         Checking existence of `Any (First Match)`
    t =   157.95s         Capturing element debug description
    t =   158.91s     Checking `Expect predicate `existsNoRetry == 1` for object Any (First Match)`
    t =   158.91s         Checking existence of `Any (First Match)`
    t =   158.93s         Capturing element debug description
    t =   159.89s     Checking `Expect predicate `existsNoRetry == 1` for object Any (First Match)`
    t =   159.89s         Checking existence of `Any (First Match)`
    t =   159.92s         Capturing element debug description
    t =   160.89s     Checking `Expect predicate `existsNoRetry == 1` for object Any (First Match)`
    t =   160.89s         Checking existence of `Any (First Match)`
    t =   160.92s         Capturing element debug description
    t =   161.89s     Checking `Expect predicate `existsNoRetry == 1` for object Any (First Match)`
    t =   161.89s         Checking existence of `Any (First Match)`
    t =   161.92s         Capturing element debug description
    t =   162.98s     Checking `Expect predicate `existsNoRetry == 1` for object Any (First Match)`
    t =   162.98s         Checking existence of `Any (First Match)`
    t =   163.01s         Capturing element debug description
    t =   163.97s     Checking `Expect predicate `existsNoRetry == 1` for object Any (First Match)`
    t =   163.97s         Checking existence of `Any (First Match)`
    t =   164.00s         Capturing element debug description
    t =   164.96s     Checking `Expect predicate `existsNoRetry == 1` for object Any (First Match)`
    t =   164.96s         Checking existence of `Any (First Match)`
    t =   164.99s         Capturing element debug description
    t =   165.95s     Checking `Expect predicate `existsNoRetry == 1` for object Any (First Match)`
    t =   165.95s         Checking existence of `Any (First Match)`
    t =   165.98s         Capturing element debug description
    t =   166.93s     Checking `Expect predicate `existsNoRetry == 1` for object Any (First Match)`
    t =   166.93s         Checking existence of `Any (First Match)`
    t =   166.96s         Capturing element debug description
    t =   167.93s     Checking `Expect predicate `existsNoRetry == 1` for object Any (First Match)`
    t =   167.93s         Checking existence of `Any (First Match)`
    t =   167.95s         Capturing element debug description
    t =   168.92s     Checking `Expect predicate `existsNoRetry == 1` for object Any (First Match)`
    t =   168.92s         Checking existence of `Any (First Match)`
    t =   168.94s         Capturing element debug description
    t =   169.91s     Checking `Expect predicate `existsNoRetry == 1` for object Any (First Match)`
    t =   169.91s         Checking existence of `Any (First Match)`
    t =   169.93s         Capturing element debug description
    t =   170.89s     Checking `Expect predicate `existsNoRetry == 1` for object Any (First Match)`
    t =   170.89s         Checking existence of `Any (First Match)`
    t =   170.92s         Capturing element debug description
    t =   171.89s     Checking `Expect predicate `existsNoRetry == 1` for object Any (First Match)`
    t =   171.89s         Checking existence of `Any (First Match)`
    t =   171.92s         Capturing element debug description
    t =   172.89s     Checking `Expect predicate `existsNoRetry == 1` for object Any (First Match)`
    t =   172.89s         Checking existence of `Any (First Match)`
    t =   172.92s         Capturing element debug description
    t =   173.98s     Checking `Expect predicate `existsNoRetry == 1` for object Any (First Match)`
    t =   173.98s         Checking existence of `Any (First Match)`
    t =   174.01s         Capturing element debug description
    t =   174.93s     Checking `Expect predicate `existsNoRetry == 1` for object Any (First Match)`
    t =   174.93s         Checking existence of `Any (First Match)`
    t =   174.96s         Capturing element debug description
    t =   175.91s     Checking `Expect predicate `existsNoRetry == 1` for object Any (First Match)`
    t =   175.92s         Checking existence of `Any (First Match)`
    t =   175.94s         Capturing element debug description
    t =   176.98s     Checking `Expect predicate `existsNoRetry == 1` for object Any (First Match)`
    t =   176.98s         Checking existence of `Any (First Match)`
    t =   177.01s         Capturing element debug description
    t =   177.98s     Checking `Expect predicate `existsNoRetry == 1` for object Any (First Match)`
    t =   177.98s         Checking existence of `Any (First Match)`
    t =   177.99s         Capturing element debug description
    t =   178.95s     Checking `Expect predicate `existsNoRetry == 1` for object Any (First Match)`
    t =   178.95s         Checking existence of `Any (First Match)`
    t =   178.97s         Capturing element debug description
    t =   179.94s     Checking `Expect predicate `existsNoRetry == 1` for object Any (First Match)`
    t =   179.94s         Checking existence of `Any (First Match)`
    t =   179.96s         Capturing element debug description
    t =   180.92s     Checking `Expect predicate `existsNoRetry == 1` for object Any (First Match)`
    t =   180.93s         Checking existence of `Any (First Match)`
    t =   180.95s         Capturing element debug description
    t =   181.92s     Checking `Expect predicate `existsNoRetry == 1` for object Any (First Match)`
    t =   181.92s         Checking existence of `Any (First Match)`
    t =   181.94s         Capturing element debug description
    t =   182.92s     Checking `Expect predicate `existsNoRetry == 1` for object Any (First Match)`
    t =   182.92s         Checking existence of `Any (First Match)`
    t =   182.94s         Capturing element debug description
    t =   183.91s     Checking `Expect predicate `existsNoRetry == 1` for object Any (First Match)`
    t =   183.91s         Checking existence of `Any (First Match)`
    t =   183.93s         Capturing element debug description
    t =   184.90s     Checking `Expect predicate `existsNoRetry == 1` for object Any (First Match)`
    t =   184.90s         Checking existence of `Any (First Match)`
    t =   184.93s         Capturing element debug description
    t =   185.89s     Checking `Expect predicate `existsNoRetry == 1` for object Any (First Match)`
    t =   185.89s         Checking existence of `Any (First Match)`
    t =   185.92s         Capturing element debug description
    t =   186.89s     Checking `Expect predicate `existsNoRetry == 1` for object Any (First Match)`
    t =   186.89s         Checking existence of `Any (First Match)`
    t =   186.92s         Capturing element debug description
    t =   187.89s     Checking `Expect predicate `existsNoRetry == 1` for object Any (First Match)`
    t =   187.89s         Checking existence of `Any (First Match)`
    t =   187.92s         Capturing element debug description
    t =   188.89s     Checking `Expect predicate `existsNoRetry == 1` for object Any (First Match)`
    t =   188.89s         Checking existence of `Any (First Match)`
    t =   188.92s         Capturing element debug description
    t =   189.89s     Checking `Expect predicate `existsNoRetry == 1` for object Any (First Match)`
    t =   189.89s         Checking existence of `Any (First Match)`
    t =   189.92s         Capturing element debug description
    t =   190.89s     Checking `Expect predicate `existsNoRetry == 1` for object Any (First Match)`
    t =   190.89s         Checking existence of `Any (First Match)`
    t =   190.92s         Capturing element debug description
    t =   191.89s     Checking `Expect predicate `existsNoRetry == 1` for object Any (First Match)`
    t =   191.89s         Checking existence of `Any (First Match)`
    t =   191.92s         Capturing element debug description
    t =   192.89s     Checking `Expect predicate `existsNoRetry == 1` for object Any (First Match)`
    t =   192.89s         Checking existence of `Any (First Match)`
    t =   192.92s         Capturing element debug description
    t =   193.89s     Checking `Expect predicate `existsNoRetry == 1` for object Any (First Match)`
    t =   193.90s         Checking existence of `Any (First Match)`
    t =   193.92s         Capturing element debug description
    t =   193.92s     Checking existence of `Any (First Match)`
    t =   193.94s Collecting debug information to assist test failure triage
    t =   193.94s     Requesting snapshot of accessibility hierarchy for app with pid 42813
    t =   193.96s Checking existence of `Any (First Match)`
    t =   193.97s Checking existence of `Any (First Match)`
    t =   193.99s Checking existence of `Any (First Match)`
    t =   194.00s Find the Any (First Match)
STEP[193s]: iter 2: done
    t =   194.01s Terminate com.nstudio.expobenchmark:42813
PERFJSON:{"bundle_id":"com.nstudio.expobenchmark","runs":[{"nav_health_ms":2256,"hk_rows_ms":1107,"speech_granted":true,"nav_transcribe_ms":2219,"error_hk_log":true,"iter":0,"health_granted":true,"speech_state":"init_or_task_failed: UnexpectedException: Failed to initialize recognizer (at ExpoModulesCore\/Promise.swift:56)"},{"hk_rows_ms":1096,"nav_transcribe_ms":2216,"health_granted":true,"hk_log_roundtrip_ms":401,"iter":1,"speech_granted":true,"speech_state":"init_or_task_failed: UnexpectedException: Failed to initialize recognizer (at ExpoModulesCore\/Promise.swift:56)","nav_health_ms":2254},{"speech_granted":true,"iter":2,"speech_state":"init_or_task_failed: UnexpectedException: Failed to initialize recognizer (at ExpoModulesCore\/Promise.swift:56)","nav_health_ms":2229,"hk_log_roundtrip_ms":404,"nav_transcribe_ms":2228,"hk_rows_ms":1083,"health_granted":true}]}
    t =   195.12s Tear Down
Test Case '-[UIDriverUITests.FeatureLatencyTests testFeatureLatencies]' passed (195.229 seconds).
Test Suite 'FeatureLatencyTests' passed at 2026-08-01 19:24:14.536.
	 Executed 1 test, with 0 failures (0 unexpected) in 195.229 (195.232) seconds
Test Suite 'InteropCaptureTests' started at 2026-08-01 19:24:14.537.
Test Case '-[UIDriverUITests.InteropCaptureTests testCaptureInteropResults]' started.
    t =     0.00s Start Test at 2026-08-01 19:24:14.538
    t =     0.01s Set Up
    t =     0.01s Open com.nstudio.expobenchmark
    t =     0.01s     Launch com.nstudio.expobenchmark
    t =     0.11s         Setting up automation session
    t =     0.65s         Wait for com.nstudio.expobenchmark to idle
    t =     1.77s Waiting 240.0s for Any (First Match) to exist
    t =     2.83s     Checking `Expect predicate `existsNoRetry == 1` for object Any (First Match)`
    t =     2.83s         Checking existence of `Any (First Match)`
    t =     2.86s         Capturing element debug description
    t =     3.81s     Checking `Expect predicate `existsNoRetry == 1` for object Any (First Match)`
    t =     3.81s         Checking existence of `Any (First Match)`
    t =     3.83s         Capturing element debug description
    t =     4.80s     Checking `Expect predicate `existsNoRetry == 1` for object Any (First Match)`
    t =     4.80s         Checking existence of `Any (First Match)`
    t =     4.82s         Capturing element debug description
    t =     5.78s     Checking `Expect predicate `existsNoRetry == 1` for object Any (First Match)`
    t =     5.78s         Checking existence of `Any (First Match)`
    t =     5.80s         Capturing element debug description
    t =     6.86s     Checking `Expect predicate `existsNoRetry == 1` for object Any (First Match)`
    t =     6.86s         Checking existence of `Any (First Match)`
    t =     6.88s         Capturing element debug description
    t =     7.84s     Checking `Expect predicate `existsNoRetry == 1` for object Any (First Match)`
    t =     7.84s         Checking existence of `Any (First Match)`
    t =     7.86s         Capturing element debug description
    t =     8.82s     Checking `Expect predicate `existsNoRetry == 1` for object Any (First Match)`
    t =     8.82s         Checking existence of `Any (First Match)`
    t =     8.84s         Capturing element debug description
    t =     9.79s     Checking `Expect predicate `existsNoRetry == 1` for object Any (First Match)`
    t =     9.79s         Checking existence of `Any (First Match)`
    t =     9.81s         Capturing element debug description
    t =    10.86s     Checking `Expect predicate `existsNoRetry == 1` for object Any (First Match)`
    t =    10.87s         Checking existence of `Any (First Match)`
    t =    10.88s         Capturing element debug description
    t =    11.83s     Checking `Expect predicate `existsNoRetry == 1` for object Any (First Match)`
    t =    11.83s         Checking existence of `Any (First Match)`
    t =    11.85s         Capturing element debug description
    t =    12.81s     Checking `Expect predicate `existsNoRetry == 1` for object Any (First Match)`
    t =    12.81s         Checking existence of `Any (First Match)`
    t =    12.83s         Capturing element debug description
    t =    13.78s     Checking `Expect predicate `existsNoRetry == 1` for object Any (First Match)`
    t =    13.78s         Checking existence of `Any (First Match)`
    t =    13.80s         Capturing element debug description
    t =    14.85s     Checking `Expect predicate `existsNoRetry == 1` for object Any (First Match)`
    t =    14.85s         Checking existence of `Any (First Match)`
    t =    14.87s         Capturing element debug description
    t =    15.83s     Checking `Expect predicate `existsNoRetry == 1` for object Any (First Match)`
    t =    15.83s         Checking existence of `Any (First Match)`
    t =    15.85s         Capturing element debug description
    t =    16.81s     Checking `Expect predicate `existsNoRetry == 1` for object Any (First Match)`
    t =    16.81s         Checking existence of `Any (First Match)`
    t =    16.83s         Capturing element debug description
    t =    17.79s     Checking `Expect predicate `existsNoRetry == 1` for object Any (First Match)`
    t =    17.79s         Checking existence of `Any (First Match)`
    t =    17.81s         Capturing element debug description
    t =    18.77s     Checking `Expect predicate `existsNoRetry == 1` for object Any (First Match)`
    t =    18.78s         Checking existence of `Any (First Match)`
    t =    18.79s         Capturing element debug description
    t =    19.86s     Checking `Expect predicate `existsNoRetry == 1` for object Any (First Match)`
    t =    19.86s         Checking existence of `Any (First Match)`
    t =    19.88s         Capturing element debug description
    t =    20.84s     Checking `Expect predicate `existsNoRetry == 1` for object Any (First Match)`
    t =    20.84s         Checking existence of `Any (First Match)`
    t =    20.86s         Capturing element debug description
    t =    21.82s     Checking `Expect predicate `existsNoRetry == 1` for object Any (First Match)`
    t =    21.82s         Checking existence of `Any (First Match)`
    t =    21.83s         Capturing element debug description
    t =    22.80s     Checking `Expect predicate `existsNoRetry == 1` for object Any (First Match)`
    t =    22.80s         Checking existence of `Any (First Match)`
    t =    22.82s         Capturing element debug description
    t =    23.78s     Checking `Expect predicate `existsNoRetry == 1` for object Any (First Match)`
    t =    23.78s         Checking existence of `Any (First Match)`
    t =    23.80s         Capturing element debug description
    t =    24.78s     Checking `Expect predicate `existsNoRetry == 1` for object Any (First Match)`
    t =    24.78s         Checking existence of `Any (First Match)`
    t =    24.80s         Capturing element debug description
    t =    25.78s     Checking `Expect predicate `existsNoRetry == 1` for object Any (First Match)`
    t =    25.78s         Checking existence of `Any (First Match)`
    t =    25.80s         Capturing element debug description
    t =    26.78s     Checking `Expect predicate `existsNoRetry == 1` for object Any (First Match)`
    t =    26.78s         Checking existence of `Any (First Match)`
    t =    26.80s         Capturing element debug description
    t =    27.78s     Checking `Expect predicate `existsNoRetry == 1` for object Any (First Match)`
    t =    27.78s         Checking existence of `Any (First Match)`
    t =    27.80s         Capturing element debug description
    t =    28.78s     Checking `Expect predicate `existsNoRetry == 1` for object Any (First Match)`
    t =    28.78s         Checking existence of `Any (First Match)`
    t =    28.80s         Capturing element debug description
    t =    29.86s     Checking `Expect predicate `existsNoRetry == 1` for object Any (First Match)`
    t =    29.86s         Checking existence of `Any (First Match)`
    t =    29.88s         Capturing element debug description
    t =    30.83s     Checking `Expect predicate `existsNoRetry == 1` for object Any (First Match)`
    t =    30.83s         Checking existence of `Any (First Match)`
    t =    30.85s         Capturing element debug description
    t =    31.81s     Checking `Expect predicate `existsNoRetry == 1` for object Any (First Match)`
    t =    31.82s         Checking existence of `Any (First Match)`
    t =    31.83s         Capturing element debug description
    t =    32.81s     Checking `Expect predicate `existsNoRetry == 1` for object Any (First Match)`
    t =    32.81s         Checking existence of `Any (First Match)`
    t =    32.83s         Capturing element debug description
    t =    33.78s     Checking `Expect predicate `existsNoRetry == 1` for object Any (First Match)`
    t =    33.78s         Checking existence of `Any (First Match)`
    t =    33.79s         Capturing element debug description
    t =    34.86s     Checking `Expect predicate `existsNoRetry == 1` for object Any (First Match)`
    t =    34.86s         Checking existence of `Any (First Match)`
    t =    34.88s         Capturing element debug description
    t =    35.84s     Checking `Expect predicate `existsNoRetry == 1` for object Any (First Match)`
    t =    35.84s         Checking existence of `Any (First Match)`
    t =    35.86s         Capturing element debug description
    t =    36.82s     Checking `Expect predicate `existsNoRetry == 1` for object Any (First Match)`
    t =    36.82s         Checking existence of `Any (First Match)`
    t =    36.83s         Capturing element debug description
    t =    37.79s     Checking `Expect predicate `existsNoRetry == 1` for object Any (First Match)`
    t =    37.79s         Checking existence of `Any (First Match)`
    t =    37.81s         Capturing element debug description
    t =    38.78s     Checking `Expect predicate `existsNoRetry == 1` for object Any (First Match)`
    t =    38.78s         Checking existence of `Any (First Match)`
    t =    38.80s         Capturing element debug description
    t =    39.87s     Checking `Expect predicate `existsNoRetry == 1` for object Any (First Match)`
    t =    39.87s         Checking existence of `Any (First Match)`
    t =    39.88s         Capturing element debug description
    t =    40.85s     Checking `Expect predicate `existsNoRetry == 1` for object Any (First Match)`
    t =    40.85s         Checking existence of `Any (First Match)`
    t =    40.87s         Capturing element debug description
    t =    41.83s     Checking `Expect predicate `existsNoRetry == 1` for object Any (First Match)`
    t =    41.83s         Checking existence of `Any (First Match)`
    t =    41.85s         Capturing element debug description
    t =    42.82s     Checking `Expect predicate `existsNoRetry == 1` for object Any (First Match)`
    t =    42.82s         Checking existence of `Any (First Match)`
    t =    42.83s         Capturing element debug description
    t =    43.79s     Checking `Expect predicate `existsNoRetry == 1` for object Any (First Match)`
    t =    43.79s         Checking existence of `Any (First Match)`
    t =    43.80s         Capturing element debug description
    t =    44.87s     Checking `Expect predicate `existsNoRetry == 1` for object Any (First Match)`
    t =    44.88s         Checking existence of `Any (First Match)`
    t =    44.89s         Capturing element debug description
    t =    45.86s     Checking `Expect predicate `existsNoRetry == 1` for object Any (First Match)`
    t =    45.86s         Checking existence of `Any (First Match)`
    t =    45.88s         Capturing element debug description
    t =    46.85s     Checking `Expect predicate `existsNoRetry == 1` for object Any (First Match)`
    t =    46.85s         Checking existence of `Any (First Match)`
    t =    46.87s         Capturing element debug description
    t =    47.83s     Checking `Expect predicate `existsNoRetry == 1` for object Any (First Match)`
    t =    47.83s         Checking existence of `Any (First Match)`
    t =    47.85s         Capturing element debug description
    t =    48.81s     Checking `Expect predicate `existsNoRetry == 1` for object Any (First Match)`
    t =    48.82s         Checking existence of `Any (First Match)`
    t =    48.83s         Capturing element debug description
    t =    49.79s     Checking `Expect predicate `existsNoRetry == 1` for object Any (First Match)`
    t =    49.79s         Checking existence of `Any (First Match)`
    t =    49.81s         Capturing element debug description
    t =    50.78s     Checking `Expect predicate `existsNoRetry == 1` for object Any (First Match)`
    t =    50.78s         Checking existence of `Any (First Match)`
    t =    50.80s         Capturing element debug description
    t =    51.87s     Checking `Expect predicate `existsNoRetry == 1` for object Any (First Match)`
    t =    51.87s         Checking existence of `Any (First Match)`
    t =    51.89s         Capturing element debug description
    t =    52.85s     Checking `Expect predicate `existsNoRetry == 1` for object Any (First Match)`
    t =    52.85s         Checking existence of `Any (First Match)`
    t =    52.87s         Capturing element debug description
    t =    53.83s     Checking `Expect predicate `existsNoRetry == 1` for object Any (First Match)`
    t =    53.83s         Checking existence of `Any (First Match)`
    t =    53.85s         Capturing element debug description
    t =    54.81s     Checking `Expect predicate `existsNoRetry == 1` for object Any (First Match)`
    t =    54.81s         Checking existence of `Any (First Match)`
    t =    54.83s         Capturing element debug description
    t =    55.79s     Checking `Expect predicate `existsNoRetry == 1` for object Any (First Match)`
    t =    55.80s         Checking existence of `Any (First Match)`
    t =    55.81s         Capturing element debug description
    t =    56.78s     Checking `Expect predicate `existsNoRetry == 1` for object Any (First Match)`
    t =    56.78s         Checking existence of `Any (First Match)`
    t =    56.80s         Capturing element debug description
    t =    57.87s     Checking `Expect predicate `existsNoRetry == 1` for object Any (First Match)`
    t =    57.87s         Checking existence of `Any (First Match)`
    t =    57.88s         Capturing element debug description
    t =    58.85s     Checking `Expect predicate `existsNoRetry == 1` for object Any (First Match)`
    t =    58.85s         Checking existence of `Any (First Match)`
    t =    58.86s         Capturing element debug description
    t =    59.82s     Checking `Expect predicate `existsNoRetry == 1` for object Any (First Match)`
    t =    59.82s         Checking existence of `Any (First Match)`
    t =    59.84s         Capturing element debug description
    t =    60.80s     Checking `Expect predicate `existsNoRetry == 1` for object Any (First Match)`
    t =    60.80s         Checking existence of `Any (First Match)`
    t =    60.82s         Capturing element debug description
    t =    61.78s     Checking `Expect predicate `existsNoRetry == 1` for object Any (First Match)`
    t =    61.78s         Checking existence of `Any (First Match)`
    t =    61.80s         Capturing element debug description
    t =    62.87s     Checking `Expect predicate `existsNoRetry == 1` for object Any (First Match)`
    t =    62.87s         Checking existence of `Any (First Match)`
    t =    62.89s         Capturing element debug description
    t =    63.85s     Checking `Expect predicate `existsNoRetry == 1` for object Any (First Match)`
    t =    63.85s         Checking existence of `Any (First Match)`
    t =    63.87s         Capturing element debug description
    t =    64.82s     Checking `Expect predicate `existsNoRetry == 1` for object Any (First Match)`
    t =    64.82s         Checking existence of `Any (First Match)`
    t =    64.84s         Capturing element debug description
    t =    65.81s     Checking `Expect predicate `existsNoRetry == 1` for object Any (First Match)`
    t =    65.81s         Checking existence of `Any (First Match)`
    t =    65.82s         Capturing element debug description
    t =    66.78s     Checking `Expect predicate `existsNoRetry == 1` for object Any (First Match)`
    t =    66.78s         Checking existence of `Any (First Match)`
    t =    66.80s         Capturing element debug description
    t =    67.87s     Checking `Expect predicate `existsNoRetry == 1` for object Any (First Match)`
    t =    67.88s         Checking existence of `Any (First Match)`
    t =    67.89s         Capturing element debug description
    t =    68.85s     Checking `Expect predicate `existsNoRetry == 1` for object Any (First Match)`
    t =    68.85s         Checking existence of `Any (First Match)`
    t =    68.87s         Capturing element debug description
    t =    69.83s     Checking `Expect predicate `existsNoRetry == 1` for object Any (First Match)`
    t =    69.83s         Checking existence of `Any (First Match)`
    t =    69.85s         Capturing element debug description
    t =    70.81s     Checking `Expect predicate `existsNoRetry == 1` for object Any (First Match)`
    t =    70.81s         Checking existence of `Any (First Match)`
    t =    70.82s         Capturing element debug description
    t =    71.78s     Checking `Expect predicate `existsNoRetry == 1` for object Any (First Match)`
    t =    71.78s         Checking existence of `Any (First Match)`
    t =    71.80s         Capturing element debug description
    t =    72.87s     Checking `Expect predicate `existsNoRetry == 1` for object Any (First Match)`
    t =    72.87s         Checking existence of `Any (First Match)`
    t =    72.89s         Capturing element debug description
    t =    73.85s     Checking `Expect predicate `existsNoRetry == 1` for object Any (First Match)`
    t =    73.85s         Checking existence of `Any (First Match)`
    t =    73.87s         Capturing element debug description
    t =    74.83s     Checking `Expect predicate `existsNoRetry == 1` for object Any (First Match)`
    t =    74.83s         Checking existence of `Any (First Match)`
    t =    74.85s         Capturing element debug description
    t =    75.81s     Checking `Expect predicate `existsNoRetry == 1` for object Any (First Match)`
    t =    75.82s         Checking existence of `Any (First Match)`
    t =    75.84s         Capturing element debug description
    t =    76.79s     Checking `Expect predicate `existsNoRetry == 1` for object Any (First Match)`
    t =    76.80s         Checking existence of `Any (First Match)`
    t =    76.81s         Capturing element debug description
    t =    77.78s     Checking `Expect predicate `existsNoRetry == 1` for object Any (First Match)`
    t =    77.78s         Checking existence of `Any (First Match)`
    t =    77.80s         Capturing element debug description
    t =    78.86s     Checking `Expect predicate `existsNoRetry == 1` for object Any (First Match)`
    t =    78.87s         Checking existence of `Any (First Match)`
    t =    78.87s         Capturing element debug description
    t =    79.83s     Checking `Expect predicate `existsNoRetry == 1` for object Any (First Match)`
    t =    79.83s         Checking existence of `Any (First Match)`
    t =    79.85s         Capturing element debug description
    t =    80.81s     Checking `Expect predicate `existsNoRetry == 1` for object Any (First Match)`
    t =    80.81s         Checking existence of `Any (First Match)`
    t =    80.82s         Capturing element debug description
    t =    81.79s     Checking `Expect predicate `existsNoRetry == 1` for object Any (First Match)`
    t =    81.79s         Checking existence of `Any (First Match)`
    t =    81.81s         Capturing element debug description
    t =    82.78s     Checking `Expect predicate `existsNoRetry == 1` for object Any (First Match)`
    t =    82.78s         Checking existence of `Any (First Match)`
    t =    82.80s         Capturing element debug description
    t =    83.87s     Checking `Expect predicate `existsNoRetry == 1` for object Any (First Match)`
    t =    83.87s         Checking existence of `Any (First Match)`
    t =    83.89s         Capturing element debug description
    t =    84.85s     Checking `Expect predicate `existsNoRetry == 1` for object Any (First Match)`
    t =    84.85s         Checking existence of `Any (First Match)`
    t =    84.86s         Capturing element debug description
    t =    85.82s     Checking `Expect predicate `existsNoRetry == 1` for object Any (First Match)`
    t =    85.82s         Checking existence of `Any (First Match)`
    t =    85.84s         Capturing element debug description
    t =    86.81s     Checking `Expect predicate `existsNoRetry == 1` for object Any (First Match)`
    t =    86.81s         Checking existence of `Any (First Match)`
    t =    86.83s         Capturing element debug description
    t =    87.79s     Checking `Expect predicate `existsNoRetry == 1` for object Any (First Match)`
    t =    87.79s         Checking existence of `Any (First Match)`
    t =    87.81s         Capturing element debug description
    t =    88.78s     Checking `Expect predicate `existsNoRetry == 1` for object Any (First Match)`
    t =    88.78s         Checking existence of `Any (First Match)`
    t =    88.80s         Capturing element debug description
    t =    89.87s     Checking `Expect predicate `existsNoRetry == 1` for object Any (First Match)`
    t =    89.88s         Checking existence of `Any (First Match)`
    t =    89.89s         Capturing element debug description
    t =    90.85s     Checking `Expect predicate `existsNoRetry == 1` for object Any (First Match)`
    t =    90.85s         Checking existence of `Any (First Match)`
    t =    90.87s         Capturing element debug description
    t =    91.83s     Checking `Expect predicate `existsNoRetry == 1` for object Any (First Match)`
    t =    91.83s         Checking existence of `Any (First Match)`
    t =    91.85s         Capturing element debug description
    t =    92.81s     Checking `Expect predicate `existsNoRetry == 1` for object Any (First Match)`
    t =    92.81s         Checking existence of `Any (First Match)`
    t =    92.83s         Capturing element debug description
    t =    93.79s     Checking `Expect predicate `existsNoRetry == 1` for object Any (First Match)`
    t =    93.79s         Checking existence of `Any (First Match)`
    t =    93.81s         Capturing element debug description
    t =    94.78s     Checking `Expect predicate `existsNoRetry == 1` for object Any (First Match)`
    t =    94.78s         Checking existence of `Any (First Match)`
    t =    94.79s         Capturing element debug description
    t =    95.86s     Checking `Expect predicate `existsNoRetry == 1` for object Any (First Match)`
    t =    95.86s         Checking existence of `Any (First Match)`
    t =    95.87s         Capturing element debug description
    t =    96.84s     Checking `Expect predicate `existsNoRetry == 1` for object Any (First Match)`
    t =    96.84s         Checking existence of `Any (First Match)`
    t =    96.86s         Capturing element debug description
    t =    97.81s     Checking `Expect predicate `existsNoRetry == 1` for object Any (First Match)`
    t =    97.82s         Checking existence of `Any (First Match)`
    t =    97.83s         Capturing element debug description
    t =    98.85s     Checking `Expect predicate `existsNoRetry == 1` for object Any (First Match)`
    t =    98.85s         Checking existence of `Any (First Match)`
    t =    98.86s         Capturing element debug description
    t =    99.82s     Checking `Expect predicate `existsNoRetry == 1` for object Any (First Match)`
    t =    99.82s         Checking existence of `Any (First Match)`
    t =    99.84s         Capturing element debug description
    t =   100.80s     Checking `Expect predicate `existsNoRetry == 1` for object Any (First Match)`
    t =   100.80s         Checking existence of `Any (First Match)`
    t =   100.81s         Capturing element debug description
    t =   101.78s     Checking `Expect predicate `existsNoRetry == 1` for object Any (First Match)`
    t =   101.78s         Checking existence of `Any (First Match)`
    t =   101.80s         Capturing element debug description
    t =   102.87s     Checking `Expect predicate `existsNoRetry == 1` for object Any (First Match)`
    t =   102.87s         Checking existence of `Any (First Match)`
    t =   102.89s         Capturing element debug description
    t =   103.85s     Checking `Expect predicate `existsNoRetry == 1` for object Any (First Match)`
    t =   103.85s         Checking existence of `Any (First Match)`
    t =   103.87s         Capturing element debug description
    t =   104.83s     Checking `Expect predicate `existsNoRetry == 1` for object Any (First Match)`
    t =   104.83s         Checking existence of `Any (First Match)`
    t =   104.85s         Capturing element debug description
    t =   105.82s     Checking `Expect predicate `existsNoRetry == 1` for object Any (First Match)`
    t =   105.82s         Checking existence of `Any (First Match)`
    t =   105.83s         Capturing element debug description
    t =   106.80s     Checking `Expect predicate `existsNoRetry == 1` for object Any (First Match)`
    t =   106.80s         Checking existence of `Any (First Match)`
    t =   106.82s         Capturing element debug description
    t =   107.78s     Checking `Expect predicate `existsNoRetry == 1` for object Any (First Match)`
    t =   107.78s         Checking existence of `Any (First Match)`
    t =   107.80s         Capturing element debug description
    t =   108.87s     Checking `Expect predicate `existsNoRetry == 1` for object Any (First Match)`
    t =   108.87s         Checking existence of `Any (First Match)`
    t =   108.89s         Capturing element debug description
    t =   109.85s     Checking `Expect predicate `existsNoRetry == 1` for object Any (First Match)`
    t =   109.85s         Checking existence of `Any (First Match)`
    t =   109.87s         Capturing element debug description
    t =   110.84s     Checking `Expect predicate `existsNoRetry == 1` for object Any (First Match)`
    t =   110.84s         Checking existence of `Any (First Match)`
    t =   110.86s         Capturing element debug description
    t =   111.82s     Checking `Expect predicate `existsNoRetry == 1` for object Any (First Match)`
    t =   111.82s         Checking existence of `Any (First Match)`
    t =   111.84s         Capturing element debug description
    t =   112.81s     Checking `Expect predicate `existsNoRetry == 1` for object Any (First Match)`
    t =   112.81s         Checking existence of `Any (First Match)`
    t =   112.83s         Capturing element debug description
    t =   113.80s     Checking `Expect predicate `existsNoRetry == 1` for object Any (First Match)`
    t =   113.80s         Checking existence of `Any (First Match)`
    t =   113.82s         Capturing element debug description
    t =   114.78s     Checking `Expect predicate `existsNoRetry == 1` for object Any (First Match)`
    t =   114.78s         Checking existence of `Any (First Match)`
    t =   114.80s         Capturing element debug description
    t =   115.87s     Checking `Expect predicate `existsNoRetry == 1` for object Any (First Match)`
    t =   115.87s         Checking existence of `Any (First Match)`
    t =   115.89s         Capturing element debug description
    t =   116.86s     Checking `Expect predicate `existsNoRetry == 1` for object Any (First Match)`
    t =   116.86s         Checking existence of `Any (First Match)`
    t =   116.88s         Capturing element debug description
    t =   117.84s     Checking `Expect predicate `existsNoRetry == 1` for object Any (First Match)`
    t =   117.84s         Checking existence of `Any (First Match)`
    t =   117.86s         Capturing element debug description
    t =   118.82s     Checking `Expect predicate `existsNoRetry == 1` for object Any (First Match)`
    t =   118.82s         Checking existence of `Any (First Match)`
    t =   118.83s         Capturing element debug description
    t =   119.80s     Checking `Expect predicate `existsNoRetry == 1` for object Any (First Match)`
    t =   119.80s         Checking existence of `Any (First Match)`
    t =   119.82s         Capturing element debug description
    t =   120.78s     Checking `Expect predicate `existsNoRetry == 1` for object Any (First Match)`
    t =   120.78s         Checking existence of `Any (First Match)`
    t =   120.80s         Capturing element debug description
    t =   121.87s     Checking `Expect predicate `existsNoRetry == 1` for object Any (First Match)`
    t =   121.87s         Checking existence of `Any (First Match)`
    t =   121.89s         Capturing element debug description
    t =   122.85s     Checking `Expect predicate `existsNoRetry == 1` for object Any (First Match)`
    t =   122.85s         Checking existence of `Any (First Match)`
    t =   122.87s         Capturing element debug description
    t =   123.83s     Checking `Expect predicate `existsNoRetry == 1` for object Any (First Match)`
    t =   123.83s         Checking existence of `Any (First Match)`
    t =   123.85s         Capturing element debug description
    t =   124.81s     Checking `Expect predicate `existsNoRetry == 1` for object Any (First Match)`
    t =   124.81s         Checking existence of `Any (First Match)`
    t =   124.83s         Capturing element debug description
    t =   125.79s     Checking `Expect predicate `existsNoRetry == 1` for object Any (First Match)`
    t =   125.79s         Checking existence of `Any (First Match)`
    t =   125.81s         Capturing element debug description
    t =   126.78s     Checking `Expect predicate `existsNoRetry == 1` for object Any (First Match)`
    t =   126.78s         Checking existence of `Any (First Match)`
    t =   126.80s         Capturing element debug description
    t =   127.87s     Checking `Expect predicate `existsNoRetry == 1` for object Any (First Match)`
    t =   127.87s         Checking existence of `Any (First Match)`
    t =   127.89s         Capturing element debug description
    t =   128.86s     Checking `Expect predicate `existsNoRetry == 1` for object Any (First Match)`
    t =   128.86s         Checking existence of `Any (First Match)`
    t =   128.88s         Capturing element debug description
    t =   129.84s     Checking `Expect predicate `existsNoRetry == 1` for object Any (First Match)`
    t =   129.84s         Checking existence of `Any (First Match)`
    t =   129.85s         Capturing element debug description
    t =   130.81s     Checking `Expect predicate `existsNoRetry == 1` for object Any (First Match)`
    t =   130.82s         Checking existence of `Any (First Match)`
    t =   130.83s         Capturing element debug description
    t =   131.79s     Checking `Expect predicate `existsNoRetry == 1` for object Any (First Match)`
    t =   131.79s         Checking existence of `Any (First Match)`
    t =   131.80s         Capturing element debug description
    t =   132.86s     Checking `Expect predicate `existsNoRetry == 1` for object Any (First Match)`
    t =   132.87s         Checking existence of `Any (First Match)`
    t =   132.88s         Capturing element debug description
    t =   133.85s     Checking `Expect predicate `existsNoRetry == 1` for object Any (First Match)`
    t =   133.85s         Checking existence of `Any (First Match)`
    t =   133.87s         Capturing element debug description
    t =   134.83s     Checking `Expect predicate `existsNoRetry == 1` for object Any (First Match)`
    t =   134.83s         Checking existence of `Any (First Match)`
    t =   134.85s         Capturing element debug description
    t =   135.81s     Checking `Expect predicate `existsNoRetry == 1` for object Any (First Match)`
    t =   135.81s         Checking existence of `Any (First Match)`
    t =   135.82s         Capturing element debug description
    t =   136.78s     Checking `Expect predicate `existsNoRetry == 1` for object Any (First Match)`
    t =   136.78s         Checking existence of `Any (First Match)`
    t =   136.80s         Capturing element debug description
    t =   137.87s     Checking `Expect predicate `existsNoRetry == 1` for object Any (First Match)`
    t =   137.87s         Checking existence of `Any (First Match)`
    t =   137.89s         Capturing element debug description
    t =   138.85s     Checking `Expect predicate `existsNoRetry == 1` for object Any (First Match)`
    t =   138.85s         Checking existence of `Any (First Match)`
    t =   138.87s         Capturing element debug description
    t =   139.83s     Checking `Expect predicate `existsNoRetry == 1` for object Any (First Match)`
    t =   139.83s         Checking existence of `Any (First Match)`
    t =   139.85s         Capturing element debug description
    t =   140.81s     Checking `Expect predicate `existsNoRetry == 1` for object Any (First Match)`
    t =   140.81s         Checking existence of `Any (First Match)`
    t =   140.83s         Capturing element debug description
    t =   141.79s     Checking `Expect predicate `existsNoRetry == 1` for object Any (First Match)`
    t =   141.79s         Checking existence of `Any (First Match)`
    t =   141.80s         Capturing element debug description
    t =   142.87s     Checking `Expect predicate `existsNoRetry == 1` for object Any (First Match)`
    t =   142.87s         Checking existence of `Any (First Match)`
    t =   142.89s         Capturing element debug description
    t =   143.85s     Checking `Expect predicate `existsNoRetry == 1` for object Any (First Match)`
    t =   143.85s         Checking existence of `Any (First Match)`
    t =   143.87s         Capturing element debug description
    t =   144.83s     Checking `Expect predicate `existsNoRetry == 1` for object Any (First Match)`
    t =   144.83s         Checking existence of `Any (First Match)`
    t =   144.85s         Capturing element debug description
    t =   145.81s     Checking `Expect predicate `existsNoRetry == 1` for object Any (First Match)`
    t =   145.81s         Checking existence of `Any (First Match)`
    t =   145.82s         Capturing element debug description
    t =   146.78s     Checking `Expect predicate `existsNoRetry == 1` for object Any (First Match)`
    t =   146.78s         Checking existence of `Any (First Match)`
    t =   146.80s         Capturing element debug description
    t =   147.86s     Checking `Expect predicate `existsNoRetry == 1` for object Any (First Match)`
    t =   147.87s         Checking existence of `Any (First Match)`
    t =   147.88s         Capturing element debug description
    t =   148.85s     Checking `Expect predicate `existsNoRetry == 1` for object Any (First Match)`
    t =   148.85s         Checking existence of `Any (First Match)`
    t =   148.87s         Capturing element debug description
    t =   149.83s     Checking `Expect predicate `existsNoRetry == 1` for object Any (First Match)`
    t =   149.83s         Checking existence of `Any (First Match)`
    t =   149.85s         Capturing element debug description
    t =   150.81s     Checking `Expect predicate `existsNoRetry == 1` for object Any (First Match)`
    t =   150.81s         Checking existence of `Any (First Match)`
    t =   150.83s         Capturing element debug description
    t =   151.79s     Checking `Expect predicate `existsNoRetry == 1` for object Any (First Match)`
    t =   151.80s         Checking existence of `Any (First Match)`
    t =   151.81s         Capturing element debug description
    t =   152.78s     Checking `Expect predicate `existsNoRetry == 1` for object Any (First Match)`
    t =   152.78s         Checking existence of `Any (First Match)`
    t =   152.80s         Capturing element debug description
    t =   153.86s     Checking `Expect predicate `existsNoRetry == 1` for object Any (First Match)`
    t =   153.87s         Checking existence of `Any (First Match)`
    t =   153.89s         Capturing element debug description
    t =   154.84s     Checking `Expect predicate `existsNoRetry == 1` for object Any (First Match)`
    t =   154.85s         Checking existence of `Any (First Match)`
    t =   154.86s         Capturing element debug description
    t =   155.82s     Checking `Expect predicate `existsNoRetry == 1` for object Any (First Match)`
    t =   155.82s         Checking existence of `Any (First Match)`
    t =   155.84s         Capturing element debug description
    t =   156.80s     Checking `Expect predicate `existsNoRetry == 1` for object Any (First Match)`
    t =   156.80s         Checking existence of `Any (First Match)`
    t =   156.82s         Capturing element debug description
    t =   157.79s     Checking `Expect predicate `existsNoRetry == 1` for object Any (First Match)`
    t =   157.79s         Checking existence of `Any (First Match)`
    t =   157.81s         Capturing element debug description
    t =   158.78s     Checking `Expect predicate `existsNoRetry == 1` for object Any (First Match)`
    t =   158.78s         Checking existence of `Any (First Match)`
    t =   158.80s         Capturing element debug description
    t =   159.87s     Checking `Expect predicate `existsNoRetry == 1` for object Any (First Match)`
    t =   159.87s         Checking existence of `Any (First Match)`
    t =   159.89s         Capturing element debug description
    t =   160.85s     Checking `Expect predicate `existsNoRetry == 1` for object Any (First Match)`
    t =   160.85s         Checking existence of `Any (First Match)`
    t =   160.86s         Capturing element debug description
    t =   161.83s     Checking `Expect predicate `existsNoRetry == 1` for object Any (First Match)`
    t =   161.83s         Checking existence of `Any (First Match)`
    t =   161.85s         Capturing element debug description
    t =   162.81s     Checking `Expect predicate `existsNoRetry == 1` for object Any (First Match)`
    t =   162.81s         Checking existence of `Any (First Match)`
    t =   162.83s         Capturing element debug description
    t =   163.79s     Checking `Expect predicate `existsNoRetry == 1` for object Any (First Match)`
    t =   163.79s         Checking existence of `Any (First Match)`
    t =   163.81s         Capturing element debug description
    t =   164.87s     Checking `Expect predicate `existsNoRetry == 1` for object Any (First Match)`
    t =   164.87s         Checking existence of `Any (First Match)`
    t =   164.89s         Capturing element debug description
    t =   165.85s     Checking `Expect predicate `existsNoRetry == 1` for object Any (First Match)`
    t =   165.85s         Checking existence of `Any (First Match)`
    t =   165.87s         Capturing element debug description
    t =   166.83s     Checking `Expect predicate `existsNoRetry == 1` for object Any (First Match)`
    t =   166.84s         Checking existence of `Any (First Match)`
    t =   166.86s         Capturing element debug description
    t =   167.81s     Checking `Expect predicate `existsNoRetry == 1` for object Any (First Match)`
    t =   167.82s         Checking existence of `Any (First Match)`
    t =   167.83s         Capturing element debug description
    t =   168.79s     Checking `Expect predicate `existsNoRetry == 1` for object Any (First Match)`
    t =   168.80s         Checking existence of `Any (First Match)`
    t =   168.81s         Capturing element debug description
    t =   169.78s     Checking `Expect predicate `existsNoRetry == 1` for object Any (First Match)`
    t =   169.78s         Checking existence of `Any (First Match)`
    t =   169.80s         Capturing element debug description
    t =   170.87s     Checking `Expect predicate `existsNoRetry == 1` for object Any (First Match)`
    t =   170.87s         Checking existence of `Any (First Match)`
    t =   170.89s         Capturing element debug description
    t =   171.85s     Checking `Expect predicate `existsNoRetry == 1` for object Any (First Match)`
    t =   171.85s         Checking existence of `Any (First Match)`
    t =   171.87s         Capturing element debug description
    t =   172.82s     Checking `Expect predicate `existsNoRetry == 1` for object Any (First Match)`
    t =   172.82s         Checking existence of `Any (First Match)`
    t =   172.84s         Capturing element debug description
    t =   173.80s     Checking `Expect predicate `existsNoRetry == 1` for object Any (First Match)`
    t =   173.80s         Checking existence of `Any (First Match)`
    t =   173.82s         Capturing element debug description
    t =   174.78s     Checking `Expect predicate `existsNoRetry == 1` for object Any (First Match)`
    t =   174.78s         Checking existence of `Any (First Match)`
    t =   174.80s         Capturing element debug description
    t =   175.87s     Checking `Expect predicate `existsNoRetry == 1` for object Any (First Match)`
    t =   175.87s         Checking existence of `Any (First Match)`
    t =   175.89s         Capturing element debug description
    t =   176.85s     Checking `Expect predicate `existsNoRetry == 1` for object Any (First Match)`
    t =   176.85s         Checking existence of `Any (First Match)`
    t =   176.87s         Capturing element debug description
    t =   177.83s     Checking `Expect predicate `existsNoRetry == 1` for object Any (First Match)`
    t =   177.83s         Checking existence of `Any (First Match)`
    t =   177.85s         Capturing element debug description
    t =   178.81s     Checking `Expect predicate `existsNoRetry == 1` for object Any (First Match)`
    t =   178.81s         Checking existence of `Any (First Match)`
    t =   178.82s         Capturing element debug description
    t =   179.79s     Checking `Expect predicate `existsNoRetry == 1` for object Any (First Match)`
    t =   179.79s         Checking existence of `Any (First Match)`
    t =   179.81s         Capturing element debug description
    t =   180.87s     Checking `Expect predicate `existsNoRetry == 1` for object Any (First Match)`
    t =   180.87s         Checking existence of `Any (First Match)`
    t =   180.89s         Capturing element debug description
    t =   181.85s     Checking `Expect predicate `existsNoRetry == 1` for object Any (First Match)`
    t =   181.85s         Checking existence of `Any (First Match)`
    t =   181.87s         Capturing element debug description
    t =   182.83s     Checking `Expect predicate `existsNoRetry == 1` for object Any (First Match)`
    t =   182.83s         Checking existence of `Any (First Match)`
    t =   182.85s         Capturing element debug description
    t =   183.81s     Checking `Expect predicate `existsNoRetry == 1` for object Any (First Match)`
    t =   183.82s         Checking existence of `Any (First Match)`
    t =   183.83s         Capturing element debug description
    t =   184.79s     Checking `Expect predicate `existsNoRetry == 1` for object Any (First Match)`
    t =   184.80s         Checking existence of `Any (First Match)`
    t =   184.81s         Capturing element debug description
    t =   185.78s     Checking `Expect predicate `existsNoRetry == 1` for object Any (First Match)`
    t =   185.78s         Checking existence of `Any (First Match)`
    t =   185.80s         Capturing element debug description
    t =   186.86s     Checking `Expect predicate `existsNoRetry == 1` for object Any (First Match)`
    t =   186.87s         Checking existence of `Any (First Match)`
    t =   186.88s         Capturing element debug description
    t =   187.85s     Checking `Expect predicate `existsNoRetry == 1` for object Any (First Match)`
    t =   187.85s         Checking existence of `Any (First Match)`
    t =   187.87s         Capturing element debug description
    t =   188.82s     Checking `Expect predicate `existsNoRetry == 1` for object Any (First Match)`
    t =   188.82s         Checking existence of `Any (First Match)`
    t =   188.84s         Capturing element debug description
    t =   189.80s     Checking `Expect predicate `existsNoRetry == 1` for object Any (First Match)`
    t =   189.80s         Checking existence of `Any (First Match)`
    t =   189.82s         Capturing element debug description
    t =   190.78s     Checking `Expect predicate `existsNoRetry == 1` for object Any (First Match)`
    t =   190.78s         Checking existence of `Any (First Match)`
    t =   190.80s         Capturing element debug description
    t =   191.86s     Checking `Expect predicate `existsNoRetry == 1` for object Any (First Match)`
    t =   191.87s         Checking existence of `Any (First Match)`
    t =   191.88s         Capturing element debug description
    t =   192.85s     Checking `Expect predicate `existsNoRetry == 1` for object Any (First Match)`
    t =   192.85s         Checking existence of `Any (First Match)`
    t =   192.87s         Capturing element debug description
    t =   193.83s     Checking `Expect predicate `existsNoRetry == 1` for object Any (First Match)`
    t =   193.83s         Checking existence of `Any (First Match)`
    t =   193.85s         Capturing element debug description
    t =   194.81s     Checking `Expect predicate `existsNoRetry == 1` for object Any (First Match)`
    t =   194.81s         Checking existence of `Any (First Match)`
    t =   194.83s         Capturing element debug description
    t =   195.79s     Checking `Expect predicate `existsNoRetry == 1` for object Any (First Match)`
    t =   195.79s         Checking existence of `Any (First Match)`
    t =   195.81s         Capturing element debug description
    t =   196.78s     Checking `Expect predicate `existsNoRetry == 1` for object Any (First Match)`
    t =   196.78s         Checking existence of `Any (First Match)`
    t =   196.79s         Capturing element debug description
    t =   197.86s     Checking `Expect predicate `existsNoRetry == 1` for object Any (First Match)`
    t =   197.86s         Checking existence of `Any (First Match)`
    t =   197.88s         Capturing element debug description
    t =   198.84s     Checking `Expect predicate `existsNoRetry == 1` for object Any (First Match)`
    t =   198.84s         Checking existence of `Any (First Match)`
    t =   198.86s         Capturing element debug description
    t =   199.81s     Checking `Expect predicate `existsNoRetry == 1` for object Any (First Match)`
    t =   199.82s         Checking existence of `Any (First Match)`
    t =   199.83s         Capturing element debug description
    t =   200.79s     Checking `Expect predicate `existsNoRetry == 1` for object Any (First Match)`
    t =   200.79s         Checking existence of `Any (First Match)`
    t =   200.81s         Capturing element debug description
    t =   201.78s     Checking `Expect predicate `existsNoRetry == 1` for object Any (First Match)`
    t =   201.78s         Checking existence of `Any (First Match)`
    t =   201.80s         Capturing element debug description
    t =   202.87s     Checking `Expect predicate `existsNoRetry == 1` for object Any (First Match)`
    t =   202.87s         Checking existence of `Any (First Match)`
    t =   202.89s         Capturing element debug description
    t =   203.85s     Checking `Expect predicate `existsNoRetry == 1` for object Any (First Match)`
    t =   203.85s         Checking existence of `Any (First Match)`
    t =   203.87s         Capturing element debug description
    t =   204.83s     Checking `Expect predicate `existsNoRetry == 1` for object Any (First Match)`
    t =   204.83s         Checking existence of `Any (First Match)`
    t =   204.85s         Capturing element debug description
    t =   205.81s     Checking `Expect predicate `existsNoRetry == 1` for object Any (First Match)`
    t =   205.81s         Checking existence of `Any (First Match)`
    t =   205.83s         Capturing element debug description
    t =   206.79s     Checking `Expect predicate `existsNoRetry == 1` for object Any (First Match)`
    t =   206.79s         Checking existence of `Any (First Match)`
    t =   206.81s         Capturing element debug description
    t =   207.78s     Checking `Expect predicate `existsNoRetry == 1` for object Any (First Match)`
    t =   207.78s         Checking existence of `Any (First Match)`
    t =   207.80s         Capturing element debug description
    t =   208.86s     Checking `Expect predicate `existsNoRetry == 1` for object Any (First Match)`
    t =   208.87s         Checking existence of `Any (First Match)`
    t =   208.89s         Capturing element debug description
    t =   209.84s     Checking `Expect predicate `existsNoRetry == 1` for object Any (First Match)`
    t =   209.85s         Checking existence of `Any (First Match)`
    t =   209.86s         Capturing element debug description
    t =   210.82s     Checking `Expect predicate `existsNoRetry == 1` for object Any (First Match)`
    t =   210.82s         Checking existence of `Any (First Match)`
    t =   210.84s         Capturing element debug description
    t =   211.81s     Checking `Expect predicate `existsNoRetry == 1` for object Any (First Match)`
    t =   211.81s         Checking existence of `Any (First Match)`
    t =   211.82s         Capturing element debug description
    t =   212.78s     Checking `Expect predicate `existsNoRetry == 1` for object Any (First Match)`
    t =   212.78s         Checking existence of `Any (First Match)`
    t =   212.80s         Capturing element debug description
    t =   213.86s     Checking `Expect predicate `existsNoRetry == 1` for object Any (First Match)`
    t =   213.87s         Checking existence of `Any (First Match)`
    t =   213.88s         Capturing element debug description
    t =   214.84s     Checking `Expect predicate `existsNoRetry == 1` for object Any (First Match)`
    t =   214.85s         Checking existence of `Any (First Match)`
    t =   214.86s         Capturing element debug description
    t =   215.82s     Checking `Expect predicate `existsNoRetry == 1` for object Any (First Match)`
    t =   215.82s         Checking existence of `Any (First Match)`
    t =   215.84s         Capturing element debug description
    t =   216.80s     Checking `Expect predicate `existsNoRetry == 1` for object Any (First Match)`
    t =   216.80s         Checking existence of `Any (First Match)`
    t =   216.82s         Capturing element debug description
    t =   217.78s     Checking `Expect predicate `existsNoRetry == 1` for object Any (First Match)`
    t =   217.78s         Checking existence of `Any (First Match)`
    t =   217.80s         Capturing element debug description
    t =   218.87s     Checking `Expect predicate `existsNoRetry == 1` for object Any (First Match)`
    t =   218.87s         Checking existence of `Any (First Match)`
    t =   218.89s         Capturing element debug description
    t =   219.85s     Checking `Expect predicate `existsNoRetry == 1` for object Any (First Match)`
    t =   219.85s         Checking existence of `Any (First Match)`
    t =   219.87s         Capturing element debug description
    t =   220.83s     Checking `Expect predicate `existsNoRetry == 1` for object Any (First Match)`
    t =   220.83s         Checking existence of `Any (First Match)`
    t =   220.84s         Capturing element debug description
    t =   221.81s     Checking `Expect predicate `existsNoRetry == 1` for object Any (First Match)`
    t =   221.81s         Checking existence of `Any (First Match)`
    t =   221.82s         Capturing element debug description
    t =   222.78s     Checking `Expect predicate `existsNoRetry == 1` for object Any (First Match)`
    t =   222.78s         Checking existence of `Any (First Match)`
    t =   222.80s         Capturing element debug description
    t =   223.87s     Checking `Expect predicate `existsNoRetry == 1` for object Any (First Match)`
    t =   223.87s         Checking existence of `Any (First Match)`
    t =   223.89s         Capturing element debug description
    t =   224.85s     Checking `Expect predicate `existsNoRetry == 1` for object Any (First Match)`
    t =   224.85s         Checking existence of `Any (First Match)`
    t =   224.87s         Capturing element debug description
    t =   225.83s     Checking `Expect predicate `existsNoRetry == 1` for object Any (First Match)`
    t =   225.83s         Checking existence of `Any (First Match)`
    t =   225.85s         Capturing element debug description
    t =   226.81s     Checking `Expect predicate `existsNoRetry == 1` for object Any (First Match)`
    t =   226.81s         Checking existence of `Any (First Match)`
    t =   226.83s         Capturing element debug description
    t =   227.79s     Checking `Expect predicate `existsNoRetry == 1` for object Any (First Match)`
    t =   227.79s         Checking existence of `Any (First Match)`
    t =   227.80s         Capturing element debug description
    t =   228.87s     Checking `Expect predicate `existsNoRetry == 1` for object Any (First Match)`
    t =   228.87s         Checking existence of `Any (First Match)`
    t =   228.89s         Capturing element debug description
    t =   229.85s     Checking `Expect predicate `existsNoRetry == 1` for object Any (First Match)`
    t =   229.85s         Checking existence of `Any (First Match)`
    t =   229.87s         Capturing element debug description
    t =   230.83s     Checking `Expect predicate `existsNoRetry == 1` for object Any (First Match)`
    t =   230.83s         Checking existence of `Any (First Match)`
    t =   230.85s         Capturing element debug description
    t =   231.81s     Checking `Expect predicate `existsNoRetry == 1` for object Any (First Match)`
    t =   231.81s         Checking existence of `Any (First Match)`
    t =   231.83s         Capturing element debug description
    t =   232.79s     Checking `Expect predicate `existsNoRetry == 1` for object Any (First Match)`
    t =   232.79s         Checking existence of `Any (First Match)`
    t =   232.81s         Capturing element debug description
    t =   233.78s     Checking `Expect predicate `existsNoRetry == 1` for object Any (First Match)`
    t =   233.78s         Checking existence of `Any (First Match)`
    t =   233.80s         Capturing element debug description
    t =   234.87s     Checking `Expect predicate `existsNoRetry == 1` for object Any (First Match)`
    t =   234.87s         Checking existence of `Any (First Match)`
    t =   234.89s         Capturing element debug description
    t =   235.85s     Checking `Expect predicate `existsNoRetry == 1` for object Any (First Match)`
    t =   235.85s         Checking existence of `Any (First Match)`
    t =   235.87s         Capturing element debug description
    t =   236.83s     Checking `Expect predicate `existsNoRetry == 1` for object Any (First Match)`
    t =   236.83s         Checking existence of `Any (First Match)`
    t =   236.85s         Capturing element debug description
    t =   237.81s     Checking `Expect predicate `existsNoRetry == 1` for object Any (First Match)`
    t =   237.81s         Checking existence of `Any (First Match)`
    t =   237.82s         Capturing element debug description
    t =   238.79s     Checking `Expect predicate `existsNoRetry == 1` for object Any (First Match)`
    t =   238.79s         Checking existence of `Any (First Match)`
    t =   238.81s         Capturing element debug description
    t =   239.78s     Checking `Expect predicate `existsNoRetry == 1` for object Any (First Match)`
    t =   239.78s         Checking existence of `Any (First Match)`
    t =   239.79s         Capturing element debug description
    t =   240.86s     Checking `Expect predicate `existsNoRetry == 1` for object Any (First Match)`
    t =   240.87s         Checking existence of `Any (First Match)`
    t =   240.88s         Capturing element debug description
    t =   241.84s     Checking `Expect predicate `existsNoRetry == 1` for object Any (First Match)`
    t =   241.85s         Checking existence of `Any (First Match)`
    t =   241.86s         Capturing element debug description
    t =   241.87s     Checking existence of `Any (First Match)`
    t =   241.89s Collecting debug information to assist test failure triage
    t =   241.89s     Requesting snapshot of accessibility hierarchy for app with pid 42846
    t =   241.92s Checking existence of `Any (First Match)`
/Users/nstudio/Documents/github/NathanWalker/token-economics/harness/perf/uidriver/InteropCaptureTests.swift:24: error: -[UIDriverUITests.InteropCaptureTests testCaptureInteropResults] : failed - no INTEROPJSON element within 240s; last status: unknown
    t =   241.96s Tear Down
Test Case '-[UIDriverUITests.InteropCaptureTests testCaptureInteropResults]' failed (242.183 seconds).
Test Suite 'InteropCaptureTests' failed at 2026-08-01 19:28:16.721.
	 Executed 1 test, with 1 failure (0 unexpected) in 242.183 (242.184) seconds
Test Suite 'UIDriverUITests.xctest' failed at 2026-08-01 19:28:16.722.
	 Executed 2 tests, with 1 failure (0 unexpected) in 437.412 (437.418) seconds
Test Suite 'All tests' failed at 2026-08-01 19:28:16.723.
	 Executed 2 tests, with 1 failure (0 unexpected) in 437.412 (437.419) seconds
2026-08-01 19:28:26.124 xcodebuild[42712:30546986] [MT] IDETestOperationsObserverDebug: 448.386 elapsed -- Testing started completed.
2026-08-01 19:28:26.124 xcodebuild[42712:30546986] [MT] IDETestOperationsObserverDebug: 0.000 sec, +0.000 sec -- start
2026-08-01 19:28:26.124 xcodebuild[42712:30546986] [MT] IDETestOperationsObserverDebug: 448.386 sec, +448.386 sec -- end

Test session results, code coverage, and logs:
	/Users/nstudio/Library/Developer/Xcode/DerivedData/UIDriver-ekqcqbpucoqmcgbikewqdmafsmmj/Logs/Test/Test-UIDriver-2026.08.01_19-20-57--0700.xcresult

Failing tests:
	InteropCaptureTests.testCaptureInteropResults()

** TEST FAILED **

Testing started
