Command line invocation:
    /Applications/Xcode.app/Contents/Developer/usr/bin/xcodebuild test -project UIDriver.xcodeproj -scheme UIDriver -destination id=7DFF2660-A10C-449E-867A-92863D91663B

--- xcodebuild: WARNING: Using the first of multiple matching destinations:
{ platform:iOS Simulator, arch:arm64, id:7DFF2660-A10C-449E-867A-92863D91663B, OS:26.5, name:iPhone 17 Pro }
{ platform:iOS Simulator, arch:x86_64, id:7DFF2660-A10C-449E-867A-92863D91663B, OS:26.5, name:iPhone 17 Pro }
ComputePackagePrebuildTargetDependencyGraph

Prepare packages

CreateBuildRequest

SendProjectDescription

CreateBuildOperation

ComputeTargetDependencyGraph
note: Building targets in dependency order
note: Target dependency graph (1 target)
    Target 'UIDriverUITests' in project 'UIDriver' (no dependencies)

GatherProvisioningInputs

CreateBuildDescription

ClangStatCache /Applications/Xcode.app/Contents/Developer/Toolchains/XcodeDefault.xctoolchain/usr/bin/clang-stat-cache /Applications/Xcode.app/Contents/Developer/Platforms/iPhoneSimulator.platform/Developer/SDKs/iPhoneSimulator26.5.sdk /Users/nstudio/Library/Developer/Xcode/DerivedData/SDKStatCaches.noindex/iphonesimulator26.5-23F73-688ef53f1462e2c8f657fdc38a81448f6cfe768891a92b912361537c460fe42b.sdkstatcache
    cd /Users/nstudio/Documents/github/NathanWalker/token-economics/harness/perf/uidriver/UIDriver.xcodeproj
    /Applications/Xcode.app/Contents/Developer/Toolchains/XcodeDefault.xctoolchain/usr/bin/clang-stat-cache /Applications/Xcode.app/Contents/Developer/Platforms/iPhoneSimulator.platform/Developer/SDKs/iPhoneSimulator26.5.sdk -o /Users/nstudio/Library/Developer/Xcode/DerivedData/SDKStatCaches.noindex/iphonesimulator26.5-23F73-688ef53f1462e2c8f657fdc38a81448f6cfe768891a92b912361537c460fe42b.sdkstatcache

ProcessInfoPlistFile /Users/nstudio/Library/Developer/Xcode/DerivedData/UIDriver-ekqcqbpucoqmcgbikewqdmafsmmj/Build/Products/Debug-iphonesimulator/UIDriverUITests-Runner.app/PlugIns/UIDriverUITests.xctest/Info.plist /Users/nstudio/Library/Developer/Xcode/DerivedData/UIDriver-ekqcqbpucoqmcgbikewqdmafsmmj/Build/Intermediates.noindex/UIDriver.build/Debug-iphonesimulator/UIDriverUITests.build/empty-UIDriverUITests.plist (in target 'UIDriverUITests' from project 'UIDriver')
    cd /Users/nstudio/Documents/github/NathanWalker/token-economics/harness/perf/uidriver
    builtin-infoPlistUtility /Users/nstudio/Library/Developer/Xcode/DerivedData/UIDriver-ekqcqbpucoqmcgbikewqdmafsmmj/Build/Intermediates.noindex/UIDriver.build/Debug-iphonesimulator/UIDriverUITests.build/empty-UIDriverUITests.plist -producttype com.apple.product-type.bundle.ui-testing -expandbuildsettings -format binary -platform iphonesimulator -additionalcontentfile /Users/nstudio/Library/Developer/Xcode/DerivedData/UIDriver-ekqcqbpucoqmcgbikewqdmafsmmj/Build/Intermediates.noindex/UIDriver.build/Debug-iphonesimulator/UIDriverUITests.build/ProductTypeInfoPlistAdditions.plist -o /Users/nstudio/Library/Developer/Xcode/DerivedData/UIDriver-ekqcqbpucoqmcgbikewqdmafsmmj/Build/Products/Debug-iphonesimulator/UIDriverUITests-Runner.app/PlugIns/UIDriverUITests.xctest/Info.plist

CopySwiftLibs /Users/nstudio/Library/Developer/Xcode/DerivedData/UIDriver-ekqcqbpucoqmcgbikewqdmafsmmj/Build/Products/Debug-iphonesimulator/UIDriverUITests-Runner.app/PlugIns/UIDriverUITests.xctest (in target 'UIDriverUITests' from project 'UIDriver')
    cd /Users/nstudio/Documents/github/NathanWalker/token-economics/harness/perf/uidriver
    builtin-swiftStdLibTool --copy --verbose --scan-executable /Users/nstudio/Library/Developer/Xcode/DerivedData/UIDriver-ekqcqbpucoqmcgbikewqdmafsmmj/Build/Products/Debug-iphonesimulator/UIDriverUITests-Runner.app/PlugIns/UIDriverUITests.xctest/UIDriverUITests --scan-folder /Users/nstudio/Library/Developer/Xcode/DerivedData/UIDriver-ekqcqbpucoqmcgbikewqdmafsmmj/Build/Products/Debug-iphonesimulator/UIDriverUITests-Runner.app/PlugIns/UIDriverUITests.xctest/Frameworks --scan-folder /Users/nstudio/Library/Developer/Xcode/DerivedData/UIDriver-ekqcqbpucoqmcgbikewqdmafsmmj/Build/Products/Debug-iphonesimulator/UIDriverUITests-Runner.app/PlugIns/UIDriverUITests.xctest/PlugIns --scan-folder /Users/nstudio/Library/Developer/Xcode/DerivedData/UIDriver-ekqcqbpucoqmcgbikewqdmafsmmj/Build/Products/Debug-iphonesimulator/UIDriverUITests-Runner.app/PlugIns/UIDriverUITests.xctest/SystemExtensions --scan-folder /Users/nstudio/Library/Developer/Xcode/DerivedData/UIDriver-ekqcqbpucoqmcgbikewqdmafsmmj/Build/Products/Debug-iphonesimulator/UIDriverUITests-Runner.app/PlugIns/UIDriverUITests.xctest/Extensions --platform iphonesimulator --toolchain /var/run/com.apple.security.cryptexd/mnt/com.apple.MobileAsset.MetalToolchain-v17.6.42.0.xRBJyY/Metal.xctoolchain --toolchain /Applications/Xcode.app/Contents/Developer/Toolchains/XcodeDefault.xctoolchain --destination /Users/nstudio/Library/Developer/Xcode/DerivedData/UIDriver-ekqcqbpucoqmcgbikewqdmafsmmj/Build/Products/Debug-iphonesimulator/UIDriverUITests-Runner.app/PlugIns/UIDriverUITests.xctest/Frameworks --strip-bitcode --scan-executable /Applications/Xcode.app/Contents/Developer/Platforms/iPhoneSimulator.platform/Developer/usr/lib/libXCTestSwiftSupport.dylib --strip-bitcode-tool /Applications/Xcode.app/Contents/Developer/Toolchains/XcodeDefault.xctoolchain/usr/bin/bitcode_strip --emit-dependency-info /Users/nstudio/Library/Developer/Xcode/DerivedData/UIDriver-ekqcqbpucoqmcgbikewqdmafsmmj/Build/Intermediates.noindex/UIDriver.build/Debug-iphonesimulator/UIDriverUITests.build/SwiftStdLibToolInputDependencies.dep --filter-for-swift-os
Ignoring --strip-bitcode because --sign was not passed

2026-08-01 18:17:09.067315-0700 UIDriverUITests-Runner[39603:30405235] [Default] Running tests...
    t =      nans Interface orientation changed to Portrait
Test Suite 'All tests' started at 2026-08-01 18:17:09.664.
Test Suite 'UIDriverUITests.xctest' started at 2026-08-01 18:17:09.665.
Test Suite 'FeatureLatencyTests' started at 2026-08-01 18:17:09.665.
Test Case '-[UIDriverUITests.FeatureLatencyTests testFeatureLatencies]' started.
    t =     0.00s Start Test at 2026-08-01 18:17:09.665
    t =     0.02s Set Up
STEP[0s]: iter 0: launch org.nativescript.nsbenchmark
    t =     0.02s Open org.nativescript.nsbenchmark
    t =     0.02s     Launch org.nativescript.nsbenchmark
    t =     0.11s         Setting up automation session
objc[39603]: Class UIAccessibilityLoaderWebShared is implemented in both /Library/Developer/CoreSimulator/Volumes/iOS_23F77/Library/Developer/CoreSimulator/Profiles/Runtimes/iOS 26.5.simruntime/Contents/Resources/RuntimeRoot/System/Library/AccessibilityBundles/WebCore.axbundle/WebCore (0x10ad48310) and /Library/Developer/CoreSimulator/Volumes/iOS_23F77/Library/Developer/CoreSimulator/Profiles/Runtimes/iOS 26.5.simruntime/Contents/Resources/RuntimeRoot/System/Library/AccessibilityBundles/WebKit.axbundle/WebKit (0x10add0398). This may cause spurious casting failures and mysterious crashes. One of the duplicates must be removed or renamed.
    t =     0.87s         Wait for org.nativescript.nsbenchmark to idle
    t =     2.04s Checking existence of `"Health" Button`
    t =     2.07s Waiting 20.0s for "Health" Button to exist
    t =     3.14s     Checking `Expect predicate `existsNoRetry == 1` for object "Health" Button`
    t =     3.14s         Checking existence of `"Health" Button`
STEP[3s]: iter 0: nav Health
    t =     3.16s Checking existence of `"Health" Button`
    t =     3.17s Tap "Health" Button
    t =     3.17s     Wait for org.nativescript.nsbenchmark to idle
    t =     3.17s     Find the "Health" Button
    t =     3.18s     Check for interrupting elements affecting "Health" Button
    t =     3.20s     Synthesize event
    t =     3.49s     Wait for org.nativescript.nsbenchmark to idle
    t =     4.34s Waiting 10.0s for Any (First Match) to exist
    t =     5.41s     Checking `Expect predicate `existsNoRetry == 1` for object Any (First Match)`
    t =     5.41s         Checking existence of `Any (First Match)`
    t =     5.44s Checking existence of `Any (First Match)`
    t =     5.45s Find the Any (First Match)
STEP[5s]: iter 0: HK authorize
    t =     5.46s Checking existence of `"Request Access" Button`
    t =     5.47s Checking existence of `"Request Access" Button`
    t =     5.48s Find the "Request Access" Button
    t =     5.50s Tap "Request Access" Button
    t =     5.50s     Wait for org.nativescript.nsbenchmark to idle
    t =     5.50s     Find the "Request Access" Button
    t =     5.51s     Check for interrupting elements affecting "Request Access" Button
    t =     5.52s     Synthesize event
    t =     5.82s     Wait for org.nativescript.nsbenchmark to idle
    t =     6.31s Waiting 3.0s for Any (First Match) to exist
    t =     7.39s     Checking `Expect predicate `existsNoRetry == 1` for object Any (First Match)`
    t =     7.39s         Checking existence of `Any (First Match)`
    t =     7.45s Find the Any (First Match)
STEP[7s]: health sheet(app): tap 'Turn On All'
    t =     7.48s Tap "Turn On All" StaticText
    t =     7.49s     Wait for org.nativescript.nsbenchmark to idle
    t =     7.49s     Find the "Turn On All" StaticText
    t =     7.52s     Check for interrupting elements affecting "Turn On All" StaticText
    t =     7.56s     Synthesize event
    t =     7.85s     Wait for org.nativescript.nsbenchmark to idle
    t =     7.86s Waiting 2.0s for "Allow" Button to exist
    t =     8.93s     Checking `Expect predicate `existsNoRetry == 1` for object "Allow" Button`
    t =     8.94s         Checking existence of `"Allow" Button`
    t =     8.98s Find the "Allow" Button
STEP[9s]: health sheet(app): confirm 'Allow'
    t =     9.02s Tap "UIA.Health.Allow.Button" Button
    t =     9.02s     Wait for org.nativescript.nsbenchmark to idle
    t =     9.02s     Find the "UIA.Health.Allow.Button" Button
    t =     9.05s     Check for interrupting elements affecting "UIA.Health.Allow.Button" Button
    t =     9.08s     Synthesize event
    t =     9.37s     Wait for org.nativescript.nsbenchmark to idle
    t =     9.37s Waiting 15.0s for Any (First Match) to exist
    t =    10.43s     Checking `Expect predicate `existsNoRetry == 1` for object Any (First Match)`
    t =    10.44s         Checking existence of `Any (First Match)`
    t =    10.46s Checking existence of `"Health access: not requested" StaticText`
    t =    10.47s Find the "Health access: not requested" StaticText
    t =    10.48s Waiting 15.0s for Any (First Match) to exist
    t =    11.56s     Checking `Expect predicate `existsNoRetry == 1` for object Any (First Match)`
    t =    11.56s         Checking existence of `Any (First Match)`
    t =    11.57s Checking existence of `Any (First Match)`
    t =    11.58s Find the Any (First Match)
    t =    11.59s Checking existence of `"Log 500 Steps" Button`
    t =    11.60s Checking existence of `"Log 500 Steps" Button`
    t =    11.61s Find the "Log 500 Steps" Button
STEP[11s]: iter 0: log 500
    t =    11.62s Tap "Log 500 Steps" Button
    t =    11.62s     Wait for org.nativescript.nsbenchmark to idle
    t =    11.62s     Find the "Log 500 Steps" Button
    t =    11.63s     Check for interrupting elements affecting "Log 500 Steps" Button
    t =    11.65s     Synthesize event
    t =    11.94s     Wait for org.nativescript.nsbenchmark to idle
    t =    11.95s Checking existence of `"Sat Aug 1 — 25000 steps (today)" StaticText`
    t =    11.97s Find the "Sat Aug 1 — 25000 steps (today)" StaticText
    t =    11.99s Checking existence of `"Sat Aug 1 — 25500 steps (today)" StaticText`
STEP[11s]: iter 0: go home
    t =    12.00s Checking existence of `"Transcribe" Button`
    t =    12.01s Checking existence of `"Health" Button`
    t =    12.03s Checking existence of `Any (First Match)`
    t =    12.04s Checking existence of `Button (Element at index 0)`
    t =    12.05s Find the Button (Element at index 0)
STEP[12s]: goHome: tapping candidate 0
    t =    12.07s Tap "BackButton" Button
    t =    12.07s     Wait for org.nativescript.nsbenchmark to idle
    t =    12.07s     Find the "BackButton" Button
    t =    12.08s     Check for interrupting elements affecting "BackButton" Button
    t =    12.10s     Synthesize event
    t =    12.39s     Wait for org.nativescript.nsbenchmark to idle
    t =    12.71s Checking existence of `"Transcribe" Button`
    t =    12.72s Waiting 3.0s for "Transcribe" Button to exist
    t =    13.80s     Checking `Expect predicate `existsNoRetry == 1` for object "Transcribe" Button`
    t =    13.80s         Checking existence of `"Transcribe" Button`
STEP[13s]: iter 0: nav Transcribe
    t =    13.81s Checking existence of `"Transcribe" Button`
    t =    13.82s Tap "Transcribe" Button
    t =    13.82s     Wait for org.nativescript.nsbenchmark to idle
    t =    13.82s     Find the "Transcribe" Button
    t =    13.83s     Check for interrupting elements affecting "Transcribe" Button
    t =    13.84s     Synthesize event
    t =    14.14s     Wait for org.nativescript.nsbenchmark to idle
    t =    14.91s Waiting 10.0s for Any (First Match) to exist
    t =    15.99s     Checking `Expect predicate `existsNoRetry == 1` for object Any (First Match)`
    t =    15.99s         Checking existence of `Any (First Match)`
    t =    16.02s Checking existence of `Any (First Match)`
    t =    16.03s Find the Any (First Match)
STEP[16s]: iter 0: speech authorize
    t =    16.04s Checking existence of `"Request Access" Button`
    t =    16.05s Checking existence of `"Request Access" Button`
    t =    16.06s Find the "Request Access" Button
    t =    16.08s Tap "Request Access" Button
    t =    16.08s     Wait for org.nativescript.nsbenchmark to idle
    t =    16.08s     Find the "Request Access" Button
    t =    16.09s     Check for interrupting elements affecting "Request Access" Button
    t =    16.10s     Synthesize event
    t =    16.39s     Wait for org.nativescript.nsbenchmark to idle
    t =    16.39s Waiting 3.0s for "Allow" Button to exist
    t =    17.47s     Checking `Expect predicate `existsNoRetry == 1` for object "Allow" Button`
    t =    17.47s         Checking existence of `"Allow" Button`
STEP[17s]: system alert: 'Allow'
    t =    17.50s Tap "Allow" Button
    t =    17.50s     Wait for com.apple.springboard to idle
    t =    17.51s     Find the "Allow" Button
    t =    17.53s     Check for interrupting elements affecting "Allow" Button
    t =    17.56s     Synthesize event
    t =    17.86s     Wait for com.apple.springboard to idle
    t =    18.08s Waiting 15.0s for Any (First Match) to exist
    t =    19.15s     Checking `Expect predicate `existsNoRetry == 1` for object Any (First Match)`
    t =    19.15s         Checking existence of `Any (First Match)`
    t =    19.18s Checking existence of `"Speech access: not requested" StaticText`
    t =    19.19s Find the "Speech access: not requested" StaticText
    t =    19.20s Checking existence of `"Transcribe Sample" Button`
    t =    19.21s Checking existence of `"Transcribe Sample" Button`
    t =    19.22s Find the "Transcribe Sample" Button
STEP[19s]: iter 0: transcribe
    t =    19.24s Tap "Transcribe Sample" Button
    t =    19.24s     Wait for org.nativescript.nsbenchmark to idle
    t =    19.24s     Find the "Transcribe Sample" Button
    t =    19.25s     Check for interrupting elements affecting "Transcribe Sample" Button
    t =    19.26s     Synthesize event
    t =    19.55s     Wait for org.nativescript.nsbenchmark to idle
    t =    19.55s Waiting 45.0s for Any (First Match) to exist
    t =    20.62s     Checking `Expect predicate `existsNoRetry == 1` for object Any (First Match)`
    t =    20.62s         Checking existence of `Any (First Match)`
    t =    20.65s         Capturing element debug description
    t =    21.62s     Checking `Expect predicate `existsNoRetry == 1` for object Any (First Match)`
    t =    21.62s         Checking existence of `Any (First Match)`
    t =    21.64s         Capturing element debug description
    t =    22.61s     Checking `Expect predicate `existsNoRetry == 1` for object Any (First Match)`
    t =    22.61s         Checking existence of `Any (First Match)`
    t =    22.62s         Capturing element debug description
    t =    23.59s     Checking `Expect predicate `existsNoRetry == 1` for object Any (First Match)`
    t =    23.59s         Checking existence of `Any (First Match)`
    t =    23.62s         Capturing element debug description
    t =    24.59s     Checking `Expect predicate `existsNoRetry == 1` for object Any (First Match)`
    t =    24.59s         Checking existence of `Any (First Match)`
    t =    24.62s         Capturing element debug description
    t =    25.57s     Checking `Expect predicate `existsNoRetry == 1` for object Any (First Match)`
    t =    25.57s         Checking existence of `Any (First Match)`
    t =    25.60s         Capturing element debug description
    t =    26.56s     Checking `Expect predicate `existsNoRetry == 1` for object Any (First Match)`
    t =    26.57s         Checking existence of `Any (First Match)`
    t =    26.59s         Capturing element debug description
    t =    27.56s     Checking `Expect predicate `existsNoRetry == 1` for object Any (First Match)`
    t =    27.56s         Checking existence of `Any (First Match)`
    t =    27.59s         Capturing element debug description
    t =    28.56s     Checking `Expect predicate `existsNoRetry == 1` for object Any (First Match)`
    t =    28.57s         Checking existence of `Any (First Match)`
    t =    28.59s         Capturing element debug description
    t =    29.56s     Checking `Expect predicate `existsNoRetry == 1` for object Any (First Match)`
    t =    29.56s         Checking existence of `Any (First Match)`
    t =    29.59s         Capturing element debug description
    t =    30.64s     Checking `Expect predicate `existsNoRetry == 1` for object Any (First Match)`
    t =    30.64s         Checking existence of `Any (First Match)`
    t =    30.66s         Capturing element debug description
    t =    31.62s     Checking `Expect predicate `existsNoRetry == 1` for object Any (First Match)`
    t =    31.62s         Checking existence of `Any (First Match)`
    t =    31.65s         Capturing element debug description
    t =    32.61s     Checking `Expect predicate `existsNoRetry == 1` for object Any (First Match)`
    t =    32.61s         Checking existence of `Any (First Match)`
    t =    32.63s         Capturing element debug description
    t =    33.58s     Checking `Expect predicate `existsNoRetry == 1` for object Any (First Match)`
    t =    33.58s         Checking existence of `Any (First Match)`
    t =    33.61s         Capturing element debug description
    t =    34.57s     Checking `Expect predicate `existsNoRetry == 1` for object Any (First Match)`
    t =    34.57s         Checking existence of `Any (First Match)`
    t =    34.59s         Capturing element debug description
    t =    35.56s     Checking `Expect predicate `existsNoRetry == 1` for object Any (First Match)`
    t =    35.57s         Checking existence of `Any (First Match)`
    t =    35.59s         Capturing element debug description
    t =    36.63s     Checking `Expect predicate `existsNoRetry == 1` for object Any (First Match)`
    t =    36.64s         Checking existence of `Any (First Match)`
    t =    36.66s         Capturing element debug description
    t =    37.63s     Checking `Expect predicate `existsNoRetry == 1` for object Any (First Match)`
    t =    37.63s         Checking existence of `Any (First Match)`
    t =    37.65s         Capturing element debug description
    t =    38.59s     Checking `Expect predicate `existsNoRetry == 1` for object Any (First Match)`
    t =    38.59s         Checking existence of `Any (First Match)`
    t =    38.62s         Capturing element debug description
    t =    39.56s     Checking `Expect predicate `existsNoRetry == 1` for object Any (First Match)`
    t =    39.56s         Checking existence of `Any (First Match)`
    t =    39.59s         Capturing element debug description
    t =    40.56s     Checking `Expect predicate `existsNoRetry == 1` for object Any (First Match)`
    t =    40.56s         Checking existence of `Any (First Match)`
    t =    40.59s         Capturing element debug description
    t =    41.55s     Checking `Expect predicate `existsNoRetry == 1` for object Any (First Match)`
    t =    41.56s         Checking existence of `Any (First Match)`
    t =    41.58s         Capturing element debug description
    t =    42.62s     Checking `Expect predicate `existsNoRetry == 1` for object Any (First Match)`
    t =    42.62s         Checking existence of `Any (First Match)`
    t =    42.65s         Capturing element debug description
    t =    43.61s     Checking `Expect predicate `existsNoRetry == 1` for object Any (First Match)`
    t =    43.61s         Checking existence of `Any (First Match)`
    t =    43.64s         Capturing element debug description
    t =    44.58s     Checking `Expect predicate `existsNoRetry == 1` for object Any (First Match)`
    t =    44.59s         Checking existence of `Any (First Match)`
    t =    44.61s         Capturing element debug description
    t =    45.58s     Checking `Expect predicate `existsNoRetry == 1` for object Any (First Match)`
    t =    45.58s         Checking existence of `Any (First Match)`
    t =    45.61s         Capturing element debug description
    t =    46.56s     Checking `Expect predicate `existsNoRetry == 1` for object Any (First Match)`
    t =    46.56s         Checking existence of `Any (First Match)`
    t =    46.59s         Capturing element debug description
    t =    47.56s     Checking `Expect predicate `existsNoRetry == 1` for object Any (First Match)`
    t =    47.56s         Checking existence of `Any (First Match)`
    t =    47.59s         Capturing element debug description
    t =    48.65s     Checking `Expect predicate `existsNoRetry == 1` for object Any (First Match)`
    t =    48.65s         Checking existence of `Any (First Match)`
    t =    48.67s         Capturing element debug description
    t =    49.63s     Checking `Expect predicate `existsNoRetry == 1` for object Any (First Match)`
    t =    49.63s         Checking existence of `Any (First Match)`
    t =    49.65s         Capturing element debug description
    t =    50.61s     Checking `Expect predicate `existsNoRetry == 1` for object Any (First Match)`
    t =    50.61s         Checking existence of `Any (First Match)`
    t =    50.64s         Capturing element debug description
    t =    51.61s     Checking `Expect predicate `existsNoRetry == 1` for object Any (First Match)`
    t =    51.61s         Checking existence of `Any (First Match)`
    t =    51.63s         Capturing element debug description
    t =    52.59s     Checking `Expect predicate `existsNoRetry == 1` for object Any (First Match)`
    t =    52.59s         Checking existence of `Any (First Match)`
    t =    52.61s         Capturing element debug description
    t =    53.58s     Checking `Expect predicate `existsNoRetry == 1` for object Any (First Match)`
    t =    53.58s         Checking existence of `Any (First Match)`
    t =    53.60s         Capturing element debug description
    t =    54.56s     Checking `Expect predicate `existsNoRetry == 1` for object Any (First Match)`
    t =    54.56s         Checking existence of `Any (First Match)`
    t =    54.59s         Capturing element debug description
    t =    55.56s     Checking `Expect predicate `existsNoRetry == 1` for object Any (First Match)`
    t =    55.56s         Checking existence of `Any (First Match)`
    t =    55.59s         Capturing element debug description
    t =    56.55s     Checking `Expect predicate `existsNoRetry == 1` for object Any (First Match)`
    t =    56.56s         Checking existence of `Any (First Match)`
    t =    56.58s         Capturing element debug description
    t =    57.65s     Checking `Expect predicate `existsNoRetry == 1` for object Any (First Match)`
    t =    57.65s         Checking existence of `Any (First Match)`
    t =    57.68s         Capturing element debug description
    t =    58.64s     Checking `Expect predicate `existsNoRetry == 1` for object Any (First Match)`
    t =    58.64s         Checking existence of `Any (First Match)`
    t =    58.67s         Capturing element debug description
    t =    59.63s     Checking `Expect predicate `existsNoRetry == 1` for object Any (First Match)`
    t =    59.63s         Checking existence of `Any (First Match)`
    t =    59.66s         Capturing element debug description
    t =    60.60s     Checking `Expect predicate `existsNoRetry == 1` for object Any (First Match)`
    t =    60.60s         Checking existence of `Any (First Match)`
    t =    60.62s         Capturing element debug description
    t =    61.57s     Checking `Expect predicate `existsNoRetry == 1` for object Any (First Match)`
    t =    61.57s         Checking existence of `Any (First Match)`
    t =    61.60s         Capturing element debug description
    t =    62.56s     Checking `Expect predicate `existsNoRetry == 1` for object Any (First Match)`
    t =    62.56s         Checking existence of `Any (First Match)`
    t =    62.58s         Capturing element debug description
    t =    63.63s     Checking `Expect predicate `existsNoRetry == 1` for object Any (First Match)`
    t =    63.64s         Checking existence of `Any (First Match)`
    t =    63.66s         Capturing element debug description
    t =    64.58s     Checking `Expect predicate `existsNoRetry == 1` for object Any (First Match)`
    t =    64.58s         Checking existence of `Any (First Match)`
    t =    64.60s         Capturing element debug description
    t =    64.60s     Checking existence of `Any (First Match)`
    t =    64.62s Collecting debug information to assist test failure triage
    t =    64.62s     Requesting snapshot of accessibility hierarchy for app with pid 39607
    t =    64.64s Checking existence of `Any (First Match)`
    t =    64.66s Checking existence of `Any (First Match)`
    t =    64.66s Checking existence of `Any (First Match)`
    t =    64.67s Find the Any (First Match)
STEP[64s]: iter 0: done
    t =    64.68s Terminate org.nativescript.nsbenchmark:39607
STEP[65s]: iter 1: launch org.nativescript.nsbenchmark
    t =    65.77s Open org.nativescript.nsbenchmark
    t =    65.77s     Launch org.nativescript.nsbenchmark
    t =    65.88s         Setting up automation session
    t =    66.49s         Wait for org.nativescript.nsbenchmark to idle
    t =    67.67s Checking existence of `"Health" Button`
    t =    67.70s Waiting 20.0s for "Health" Button to exist
    t =    68.75s     Checking `Expect predicate `existsNoRetry == 1` for object "Health" Button`
    t =    68.75s         Checking existence of `"Health" Button`
STEP[68s]: iter 1: nav Health
    t =    68.76s Checking existence of `"Health" Button`
    t =    68.77s Tap "Health" Button
    t =    68.77s     Wait for org.nativescript.nsbenchmark to idle
    t =    68.78s     Find the "Health" Button
    t =    68.78s     Check for interrupting elements affecting "Health" Button
    t =    68.80s     Synthesize event
    t =    69.09s     Wait for org.nativescript.nsbenchmark to idle
    t =    69.93s Waiting 10.0s for Any (First Match) to exist
    t =    70.99s     Checking `Expect predicate `existsNoRetry == 1` for object Any (First Match)`
    t =    70.99s         Checking existence of `Any (First Match)`
    t =    71.02s Checking existence of `Any (First Match)`
    t =    71.03s Find the Any (First Match)
    t =    71.04s Checking existence of `"Health access: granted" StaticText`
    t =    71.05s Find the "Health access: granted" StaticText
    t =    71.06s Waiting 15.0s for Any (First Match) to exist
    t =    72.13s     Checking `Expect predicate `existsNoRetry == 1` for object Any (First Match)`
    t =    72.13s         Checking existence of `Any (First Match)`
    t =    72.15s Checking existence of `Any (First Match)`
    t =    72.17s Find the Any (First Match)
    t =    72.18s Checking existence of `"Log 500 Steps" Button`
    t =    72.19s Checking existence of `"Log 500 Steps" Button`
    t =    72.20s Find the "Log 500 Steps" Button
STEP[72s]: iter 1: log 500
    t =    72.22s Tap "Log 500 Steps" Button
    t =    72.22s     Wait for org.nativescript.nsbenchmark to idle
    t =    72.22s     Find the "Log 500 Steps" Button
    t =    72.23s     Check for interrupting elements affecting "Log 500 Steps" Button
    t =    72.24s     Synthesize event
    t =    72.54s     Wait for org.nativescript.nsbenchmark to idle
    t =    72.56s Checking existence of `"Sat Aug 1 — 25500 steps (today)" StaticText`
    t =    72.58s Find the "Sat Aug 1 — 25500 steps (today)" StaticText
    t =    72.59s Checking existence of `"Sat Aug 1 — 26000 steps (today)" StaticText`
STEP[72s]: iter 1: go home
    t =    72.60s Checking existence of `"Transcribe" Button`
    t =    72.62s Checking existence of `"Health" Button`
    t =    72.63s Checking existence of `Any (First Match)`
    t =    72.64s Checking existence of `Button (Element at index 0)`
    t =    72.65s Find the Button (Element at index 0)
STEP[72s]: goHome: tapping candidate 0
    t =    72.67s Tap "BackButton" Button
    t =    72.67s     Wait for org.nativescript.nsbenchmark to idle
    t =    72.68s     Find the "BackButton" Button
    t =    72.69s     Check for interrupting elements affecting "BackButton" Button
    t =    72.70s     Synthesize event
    t =    72.99s     Wait for org.nativescript.nsbenchmark to idle
    t =    73.31s Checking existence of `"Transcribe" Button`
    t =    73.32s Waiting 3.0s for "Transcribe" Button to exist
    t =    74.37s     Checking `Expect predicate `existsNoRetry == 1` for object "Transcribe" Button`
    t =    74.37s         Checking existence of `"Transcribe" Button`
STEP[74s]: iter 1: nav Transcribe
    t =    74.39s Checking existence of `"Transcribe" Button`
    t =    74.39s Tap "Transcribe" Button
    t =    74.40s     Wait for org.nativescript.nsbenchmark to idle
    t =    74.40s     Find the "Transcribe" Button
    t =    74.41s     Check for interrupting elements affecting "Transcribe" Button
    t =    74.42s     Synthesize event
    t =    74.71s     Wait for org.nativescript.nsbenchmark to idle
    t =    75.49s Waiting 10.0s for Any (First Match) to exist
    t =    76.55s     Checking `Expect predicate `existsNoRetry == 1` for object Any (First Match)`
    t =    76.55s         Checking existence of `Any (First Match)`
    t =    76.57s Checking existence of `Any (First Match)`
    t =    76.59s Find the Any (First Match)
    t =    76.60s Checking existence of `"Speech access: granted" StaticText`
    t =    76.61s Find the "Speech access: granted" StaticText
    t =    76.62s Checking existence of `"Transcribe Sample" Button`
    t =    76.63s Checking existence of `"Transcribe Sample" Button`
    t =    76.64s Find the "Transcribe Sample" Button
STEP[76s]: iter 1: transcribe
    t =    76.65s Tap "Transcribe Sample" Button
    t =    76.65s     Wait for org.nativescript.nsbenchmark to idle
    t =    76.65s     Find the "Transcribe Sample" Button
    t =    76.66s     Check for interrupting elements affecting "Transcribe Sample" Button
    t =    76.68s     Synthesize event
    t =    76.96s     Wait for org.nativescript.nsbenchmark to idle
    t =    76.97s Waiting 45.0s for Any (First Match) to exist
    t =    78.01s     Checking `Expect predicate `existsNoRetry == 1` for object Any (First Match)`
    t =    78.01s         Checking existence of `Any (First Match)`
    t =    78.04s         Capturing element debug description
    t =    79.00s     Checking `Expect predicate `existsNoRetry == 1` for object Any (First Match)`
    t =    79.00s         Checking existence of `Any (First Match)`
    t =    79.03s         Capturing element debug description
    t =    79.97s     Checking `Expect predicate `existsNoRetry == 1` for object Any (First Match)`
    t =    79.97s         Checking existence of `Any (First Match)`
    t =    79.99s         Capturing element debug description
    t =    81.05s     Checking `Expect predicate `existsNoRetry == 1` for object Any (First Match)`
    t =    81.06s         Checking existence of `Any (First Match)`
    t =    81.08s         Capturing element debug description
    t =    82.03s     Checking `Expect predicate `existsNoRetry == 1` for object Any (First Match)`
    t =    82.04s         Checking existence of `Any (First Match)`
    t =    82.06s         Capturing element debug description
    t =    83.01s     Checking `Expect predicate `existsNoRetry == 1` for object Any (First Match)`
    t =    83.01s         Checking existence of `Any (First Match)`
    t =    83.03s         Capturing element debug description
    t =    83.98s     Checking `Expect predicate `existsNoRetry == 1` for object Any (First Match)`
    t =    83.99s         Checking existence of `Any (First Match)`
    t =    84.01s         Capturing element debug description
    t =    84.97s     Checking `Expect predicate `existsNoRetry == 1` for object Any (First Match)`
    t =    84.97s         Checking existence of `Any (First Match)`
    t =    85.00s         Capturing element debug description
    t =    86.06s     Checking `Expect predicate `existsNoRetry == 1` for object Any (First Match)`
    t =    86.06s         Checking existence of `Any (First Match)`
    t =    86.09s         Capturing element debug description
    t =    87.04s     Checking `Expect predicate `existsNoRetry == 1` for object Any (First Match)`
    t =    87.04s         Checking existence of `Any (First Match)`
    t =    87.06s         Capturing element debug description
    t =    88.03s     Checking `Expect predicate `existsNoRetry == 1` for object Any (First Match)`
    t =    88.03s         Checking existence of `Any (First Match)`
    t =    88.05s         Capturing element debug description
    t =    89.01s     Checking `Expect predicate `existsNoRetry == 1` for object Any (First Match)`
    t =    89.02s         Checking existence of `Any (First Match)`
    t =    89.04s         Capturing element debug description
    t =    90.00s     Checking `Expect predicate `existsNoRetry == 1` for object Any (First Match)`
    t =    90.00s         Checking existence of `Any (First Match)`
    t =    90.03s         Capturing element debug description
    t =    90.98s     Checking `Expect predicate `existsNoRetry == 1` for object Any (First Match)`
    t =    90.99s         Checking existence of `Any (First Match)`
    t =    91.01s         Capturing element debug description
    t =    91.98s     Checking `Expect predicate `existsNoRetry == 1` for object Any (First Match)`
    t =    91.98s         Checking existence of `Any (First Match)`
    t =    92.00s         Capturing element debug description
    t =    92.98s     Checking `Expect predicate `existsNoRetry == 1` for object Any (First Match)`
    t =    92.98s         Checking existence of `Any (First Match)`
    t =    93.00s         Capturing element debug description
    t =    93.98s     Checking `Expect predicate `existsNoRetry == 1` for object Any (First Match)`
    t =    93.98s         Checking existence of `Any (First Match)`
    t =    93.99s         Capturing element debug description
    t =    95.05s     Checking `Expect predicate `existsNoRetry == 1` for object Any (First Match)`
    t =    95.05s         Checking existence of `Any (First Match)`
    t =    95.09s         Capturing element debug description
    t =    96.06s     Checking `Expect predicate `existsNoRetry == 1` for object Any (First Match)`
    t =    96.06s         Checking existence of `Any (First Match)`
    t =    96.08s         Capturing element debug description
    t =    97.04s     Checking `Expect predicate `existsNoRetry == 1` for object Any (First Match)`
    t =    97.04s         Checking existence of `Any (First Match)`
    t =    97.07s         Capturing element debug description
    t =    98.03s     Checking `Expect predicate `existsNoRetry == 1` for object Any (First Match)`
    t =    98.03s         Checking existence of `Any (First Match)`
    t =    98.05s         Capturing element debug description
    t =    99.03s     Checking `Expect predicate `existsNoRetry == 1` for object Any (First Match)`
    t =    99.03s         Checking existence of `Any (First Match)`
    t =    99.05s         Capturing element debug description
    t =   100.00s     Checking `Expect predicate `existsNoRetry == 1` for object Any (First Match)`
    t =   100.01s         Checking existence of `Any (First Match)`
    t =   100.03s         Capturing element debug description
    t =   101.00s     Checking `Expect predicate `existsNoRetry == 1` for object Any (First Match)`
    t =   101.00s         Checking existence of `Any (First Match)`
    t =   101.03s         Capturing element debug description
    t =   101.98s     Checking `Expect predicate `existsNoRetry == 1` for object Any (First Match)`
    t =   101.99s         Checking existence of `Any (First Match)`
    t =   102.01s         Capturing element debug description
    t =   103.05s     Checking `Expect predicate `existsNoRetry == 1` for object Any (First Match)`
    t =   103.05s         Checking existence of `Any (First Match)`
    t =   103.07s         Capturing element debug description
    t =   104.03s     Checking `Expect predicate `existsNoRetry == 1` for object Any (First Match)`
    t =   104.03s         Checking existence of `Any (First Match)`
    t =   104.04s         Capturing element debug description
    t =   104.99s     Checking `Expect predicate `existsNoRetry == 1` for object Any (First Match)`
    t =   104.99s         Checking existence of `Any (First Match)`
    t =   105.01s         Capturing element debug description
    t =   105.99s     Checking `Expect predicate `existsNoRetry == 1` for object Any (First Match)`
    t =   105.99s         Checking existence of `Any (First Match)`
    t =   106.02s         Capturing element debug description
    t =   106.98s     Checking `Expect predicate `existsNoRetry == 1` for object Any (First Match)`
    t =   106.98s         Checking existence of `Any (First Match)`
    t =   107.00s         Capturing element debug description
    t =   107.98s     Checking `Expect predicate `existsNoRetry == 1` for object Any (First Match)`
    t =   107.98s         Checking existence of `Any (First Match)`
    t =   108.00s         Capturing element debug description
    t =   108.97s     Checking `Expect predicate `existsNoRetry == 1` for object Any (First Match)`
    t =   108.97s         Checking existence of `Any (First Match)`
    t =   109.00s         Capturing element debug description
    t =   109.97s     Checking `Expect predicate `existsNoRetry == 1` for object Any (First Match)`
    t =   109.97s         Checking existence of `Any (First Match)`
    t =   109.99s         Capturing element debug description
    t =   110.97s     Checking `Expect predicate `existsNoRetry == 1` for object Any (First Match)`
    t =   110.97s         Checking existence of `Any (First Match)`
    t =   110.99s         Capturing element debug description
    t =   111.97s     Checking `Expect predicate `existsNoRetry == 1` for object Any (First Match)`
    t =   111.97s         Checking existence of `Any (First Match)`
    t =   111.99s         Capturing element debug description
    t =   113.06s     Checking `Expect predicate `existsNoRetry == 1` for object Any (First Match)`
    t =   113.06s         Checking existence of `Any (First Match)`
    t =   113.08s         Capturing element debug description
    t =   114.05s     Checking `Expect predicate `existsNoRetry == 1` for object Any (First Match)`
    t =   114.05s         Checking existence of `Any (First Match)`
    t =   114.07s         Capturing element debug description
    t =   115.03s     Checking `Expect predicate `existsNoRetry == 1` for object Any (First Match)`
    t =   115.04s         Checking existence of `Any (First Match)`
    t =   115.06s         Capturing element debug description
    t =   116.02s     Checking `Expect predicate `existsNoRetry == 1` for object Any (First Match)`
    t =   116.02s         Checking existence of `Any (First Match)`
    t =   116.04s         Capturing element debug description
    t =   117.01s     Checking `Expect predicate `existsNoRetry == 1` for object Any (First Match)`
    t =   117.01s         Checking existence of `Any (First Match)`
    t =   117.03s         Capturing element debug description
    t =   117.99s     Checking `Expect predicate `existsNoRetry == 1` for object Any (First Match)`
    t =   117.99s         Checking existence of `Any (First Match)`
    t =   118.02s         Capturing element debug description
    t =   118.98s     Checking `Expect predicate `existsNoRetry == 1` for object Any (First Match)`
    t =   118.98s         Checking existence of `Any (First Match)`
    t =   119.00s         Capturing element debug description
    t =   119.97s     Checking `Expect predicate `existsNoRetry == 1` for object Any (First Match)`
    t =   119.97s         Checking existence of `Any (First Match)`
    t =   120.00s         Capturing element debug description
    t =   120.97s     Checking `Expect predicate `existsNoRetry == 1` for object Any (First Match)`
    t =   120.97s         Checking existence of `Any (First Match)`
    t =   120.99s         Capturing element debug description
    t =   121.98s     Checking `Expect predicate `existsNoRetry == 1` for object Any (First Match)`
    t =   121.99s         Checking existence of `Any (First Match)`
    t =   122.01s         Capturing element debug description
    t =   122.01s     Checking existence of `Any (First Match)`
    t =   122.03s Collecting debug information to assist test failure triage
    t =   122.03s     Requesting snapshot of accessibility hierarchy for app with pid 39649
    t =   122.05s Checking existence of `Any (First Match)`
    t =   122.06s Checking existence of `Any (First Match)`
    t =   122.07s Checking existence of `Any (First Match)`
    t =   122.08s Find the Any (First Match)
STEP[122s]: iter 1: done
    t =   122.09s Terminate org.nativescript.nsbenchmark:39649
STEP[123s]: iter 2: launch org.nativescript.nsbenchmark
    t =   123.10s Open org.nativescript.nsbenchmark
    t =   123.10s     Launch org.nativescript.nsbenchmark
    t =   123.20s         Setting up automation session
    t =   123.83s         Wait for org.nativescript.nsbenchmark to idle
    t =   125.00s Checking existence of `"Health" Button`
    t =   125.03s Waiting 20.0s for "Health" Button to exist
    t =   126.10s     Checking `Expect predicate `existsNoRetry == 1` for object "Health" Button`
    t =   126.10s         Checking existence of `"Health" Button`
STEP[126s]: iter 2: nav Health
    t =   126.12s Checking existence of `"Health" Button`
    t =   126.13s Tap "Health" Button
    t =   126.13s     Wait for org.nativescript.nsbenchmark to idle
    t =   126.13s     Find the "Health" Button
    t =   126.14s     Check for interrupting elements affecting "Health" Button
    t =   126.15s     Synthesize event
    t =   126.44s     Wait for org.nativescript.nsbenchmark to idle
    t =   127.29s Waiting 10.0s for Any (First Match) to exist
    t =   128.36s     Checking `Expect predicate `existsNoRetry == 1` for object Any (First Match)`
    t =   128.36s         Checking existence of `Any (First Match)`
    t =   128.39s Checking existence of `Any (First Match)`
    t =   128.40s Find the Any (First Match)
    t =   128.41s Checking existence of `"Health access: granted" StaticText`
    t =   128.42s Find the "Health access: granted" StaticText
    t =   128.43s Waiting 15.0s for Any (First Match) to exist
    t =   129.49s     Checking `Expect predicate `existsNoRetry == 1` for object Any (First Match)`
    t =   129.49s         Checking existence of `Any (First Match)`
    t =   129.52s Checking existence of `Any (First Match)`
    t =   129.53s Find the Any (First Match)
    t =   129.54s Checking existence of `"Log 500 Steps" Button`
    t =   129.55s Checking existence of `"Log 500 Steps" Button`
    t =   129.56s Find the "Log 500 Steps" Button
STEP[129s]: iter 2: log 500
    t =   129.58s Tap "Log 500 Steps" Button
    t =   129.58s     Wait for org.nativescript.nsbenchmark to idle
    t =   129.58s     Find the "Log 500 Steps" Button
    t =   129.59s     Check for interrupting elements affecting "Log 500 Steps" Button
    t =   129.61s     Synthesize event
    t =   129.90s     Wait for org.nativescript.nsbenchmark to idle
    t =   129.91s Checking existence of `"Sat Aug 1 — 26000 steps (today)" StaticText`
    t =   129.92s Find the "Sat Aug 1 — 26000 steps (today)" StaticText
    t =   129.94s Checking existence of `"Sat Aug 1 — 26500 steps (today)" StaticText`
STEP[129s]: iter 2: go home
    t =   129.95s Checking existence of `"Transcribe" Button`
    t =   129.97s Checking existence of `"Health" Button`
    t =   129.98s Checking existence of `Any (First Match)`
    t =   129.99s Checking existence of `Button (Element at index 0)`
    t =   130.00s Find the Button (Element at index 0)
STEP[130s]: goHome: tapping candidate 0
    t =   130.02s Tap "BackButton" Button
    t =   130.02s     Wait for org.nativescript.nsbenchmark to idle
    t =   130.03s     Find the "BackButton" Button
    t =   130.04s     Check for interrupting elements affecting "BackButton" Button
    t =   130.05s     Synthesize event
    t =   130.35s     Wait for org.nativescript.nsbenchmark to idle
    t =   130.66s Checking existence of `"Transcribe" Button`
    t =   130.66s Waiting 3.0s for "Transcribe" Button to exist
    t =   131.73s     Checking `Expect predicate `existsNoRetry == 1` for object "Transcribe" Button`
    t =   131.73s         Checking existence of `"Transcribe" Button`
STEP[131s]: iter 2: nav Transcribe
    t =   131.75s Checking existence of `"Transcribe" Button`
    t =   131.76s Tap "Transcribe" Button
    t =   131.76s     Wait for org.nativescript.nsbenchmark to idle
    t =   131.76s     Find the "Transcribe" Button
    t =   131.77s     Check for interrupting elements affecting "Transcribe" Button
    t =   131.78s     Synthesize event
    t =   132.07s     Wait for org.nativescript.nsbenchmark to idle
    t =   132.84s Waiting 10.0s for Any (First Match) to exist
    t =   133.90s     Checking `Expect predicate `existsNoRetry == 1` for object Any (First Match)`
    t =   133.90s         Checking existence of `Any (First Match)`
    t =   133.92s Checking existence of `Any (First Match)`
    t =   133.93s Find the Any (First Match)
    t =   133.94s Checking existence of `"Speech access: granted" StaticText`
    t =   133.95s Find the "Speech access: granted" StaticText
    t =   133.96s Checking existence of `"Transcribe Sample" Button`
    t =   133.97s Checking existence of `"Transcribe Sample" Button`
    t =   133.98s Find the "Transcribe Sample" Button
STEP[133s]: iter 2: transcribe
    t =   134.00s Tap "Transcribe Sample" Button
    t =   134.00s     Wait for org.nativescript.nsbenchmark to idle
    t =   134.00s     Find the "Transcribe Sample" Button
    t =   134.01s     Check for interrupting elements affecting "Transcribe Sample" Button
    t =   134.02s     Synthesize event
    t =   134.31s     Wait for org.nativescript.nsbenchmark to idle
    t =   134.31s Waiting 45.0s for Any (First Match) to exist
    t =   135.36s     Checking `Expect predicate `existsNoRetry == 1` for object Any (First Match)`
    t =   135.36s         Checking existence of `Any (First Match)`
    t =   135.39s         Capturing element debug description
    t =   136.35s     Checking `Expect predicate `existsNoRetry == 1` for object Any (First Match)`
    t =   136.35s         Checking existence of `Any (First Match)`
    t =   136.38s         Capturing element debug description
    t =   137.33s     Checking `Expect predicate `existsNoRetry == 1` for object Any (First Match)`
    t =   137.33s         Checking existence of `Any (First Match)`
    t =   137.35s         Capturing element debug description
    t =   138.40s     Checking `Expect predicate `existsNoRetry == 1` for object Any (First Match)`
    t =   138.40s         Checking existence of `Any (First Match)`
    t =   138.43s         Capturing element debug description
    t =   139.38s     Checking `Expect predicate `existsNoRetry == 1` for object Any (First Match)`
    t =   139.39s         Checking existence of `Any (First Match)`
    t =   139.41s         Capturing element debug description
    t =   140.36s     Checking `Expect predicate `existsNoRetry == 1` for object Any (First Match)`
    t =   140.36s         Checking existence of `Any (First Match)`
    t =   140.39s         Capturing element debug description
    t =   141.35s     Checking `Expect predicate `existsNoRetry == 1` for object Any (First Match)`
    t =   141.35s         Checking existence of `Any (First Match)`
    t =   141.38s         Capturing element debug description
    t =   142.33s     Checking `Expect predicate `existsNoRetry == 1` for object Any (First Match)`
    t =   142.33s         Checking existence of `Any (First Match)`
    t =   142.35s         Capturing element debug description
    t =   143.32s     Checking `Expect predicate `existsNoRetry == 1` for object Any (First Match)`
    t =   143.32s         Checking existence of `Any (First Match)`
    t =   143.35s         Capturing element debug description
    t =   144.41s     Checking `Expect predicate `existsNoRetry == 1` for object Any (First Match)`
    t =   144.41s         Checking existence of `Any (First Match)`
    t =   144.43s         Capturing element debug description
    t =   145.39s     Checking `Expect predicate `existsNoRetry == 1` for object Any (First Match)`
    t =   145.39s         Checking existence of `Any (First Match)`
    t =   145.42s         Capturing element debug description
    t =   146.38s     Checking `Expect predicate `existsNoRetry == 1` for object Any (First Match)`
    t =   146.38s         Checking existence of `Any (First Match)`
    t =   146.41s         Capturing element debug description
    t =   147.37s     Checking `Expect predicate `existsNoRetry == 1` for object Any (First Match)`
    t =   147.37s         Checking existence of `Any (First Match)`
    t =   147.39s         Capturing element debug description
    t =   148.35s     Checking `Expect predicate `existsNoRetry == 1` for object Any (First Match)`
    t =   148.35s         Checking existence of `Any (First Match)`
    t =   148.38s         Capturing element debug description
    t =   149.34s     Checking `Expect predicate `existsNoRetry == 1` for object Any (First Match)`
    t =   149.34s         Checking existence of `Any (First Match)`
    t =   149.37s         Capturing element debug description
    t =   150.33s     Checking `Expect predicate `existsNoRetry == 1` for object Any (First Match)`
    t =   150.34s         Checking existence of `Any (First Match)`
    t =   150.36s         Capturing element debug description
    t =   151.33s     Checking `Expect predicate `existsNoRetry == 1` for object Any (First Match)`
    t =   151.33s         Checking existence of `Any (First Match)`
    t =   151.35s         Capturing element debug description
    t =   152.33s     Checking `Expect predicate `existsNoRetry == 1` for object Any (First Match)`
    t =   152.33s         Checking existence of `Any (First Match)`
    t =   152.35s         Capturing element debug description
    t =   153.32s     Checking `Expect predicate `existsNoRetry == 1` for object Any (First Match)`
    t =   153.32s         Checking existence of `Any (First Match)`
    t =   153.35s         Capturing element debug description
    t =   154.32s     Checking `Expect predicate `existsNoRetry == 1` for object Any (First Match)`
    t =   154.32s         Checking existence of `Any (First Match)`
    t =   154.34s         Capturing element debug description
    t =   155.41s     Checking `Expect predicate `existsNoRetry == 1` for object Any (First Match)`
    t =   155.41s         Checking existence of `Any (First Match)`
    t =   155.43s         Capturing element debug description
    t =   156.40s     Checking `Expect predicate `existsNoRetry == 1` for object Any (First Match)`
    t =   156.40s         Checking existence of `Any (First Match)`
    t =   156.42s         Capturing element debug description
    t =   157.37s     Checking `Expect predicate `existsNoRetry == 1` for object Any (First Match)`
    t =   157.37s         Checking existence of `Any (First Match)`
    t =   157.40s         Capturing element debug description
    t =   158.37s     Checking `Expect predicate `existsNoRetry == 1` for object Any (First Match)`
    t =   158.37s         Checking existence of `Any (First Match)`
    t =   158.39s         Capturing element debug description
    t =   159.35s     Checking `Expect predicate `existsNoRetry == 1` for object Any (First Match)`
    t =   159.35s         Checking existence of `Any (First Match)`
    t =   159.38s         Capturing element debug description
    t =   160.31s     Checking `Expect predicate `existsNoRetry == 1` for object Any (First Match)`
    t =   160.31s         Checking existence of `Any (First Match)`
    t =   160.34s         Capturing element debug description
    t =   161.39s     Checking `Expect predicate `existsNoRetry == 1` for object Any (First Match)`
    t =   161.39s         Checking existence of `Any (First Match)`
    t =   161.42s         Capturing element debug description
    t =   162.37s     Checking `Expect predicate `existsNoRetry == 1` for object Any (First Match)`
    t =   162.37s         Checking existence of `Any (First Match)`
    t =   162.40s         Capturing element debug description
    t =   163.36s     Checking `Expect predicate `existsNoRetry == 1` for object Any (First Match)`
    t =   163.36s         Checking existence of `Any (First Match)`
    t =   163.39s         Capturing element debug description
    t =   164.35s     Checking `Expect predicate `existsNoRetry == 1` for object Any (First Match)`
    t =   164.35s         Checking existence of `Any (First Match)`
    t =   164.38s         Capturing element debug description
    t =   165.33s     Checking `Expect predicate `existsNoRetry == 1` for object Any (First Match)`
    t =   165.33s         Checking existence of `Any (First Match)`
    t =   165.35s         Capturing element debug description
    t =   166.32s     Checking `Expect predicate `existsNoRetry == 1` for object Any (First Match)`
    t =   166.32s         Checking existence of `Any (First Match)`
    t =   166.35s         Capturing element debug description
    t =   167.31s     Checking `Expect predicate `existsNoRetry == 1` for object Any (First Match)`
    t =   167.31s         Checking existence of `Any (First Match)`
    t =   167.34s         Capturing element debug description
    t =   168.41s     Checking `Expect predicate `existsNoRetry == 1` for object Any (First Match)`
    t =   168.41s         Checking existence of `Any (First Match)`
    t =   168.44s         Capturing element debug description
    t =   169.41s     Checking `Expect predicate `existsNoRetry == 1` for object Any (First Match)`
    t =   169.41s         Checking existence of `Any (First Match)`
    t =   169.44s         Capturing element debug description
    t =   170.40s     Checking `Expect predicate `existsNoRetry == 1` for object Any (First Match)`
    t =   170.40s         Checking existence of `Any (First Match)`
    t =   170.42s         Capturing element debug description
    t =   171.38s     Checking `Expect predicate `existsNoRetry == 1` for object Any (First Match)`
    t =   171.39s         Checking existence of `Any (First Match)`
    t =   171.41s         Capturing element debug description
    t =   172.38s     Checking `Expect predicate `existsNoRetry == 1` for object Any (First Match)`
    t =   172.38s         Checking existence of `Any (First Match)`
    t =   172.40s         Capturing element debug description
    t =   173.37s     Checking `Expect predicate `existsNoRetry == 1` for object Any (First Match)`
    t =   173.37s         Checking existence of `Any (First Match)`
    t =   173.39s         Capturing element debug description
    t =   174.35s     Checking `Expect predicate `existsNoRetry == 1` for object Any (First Match)`
    t =   174.36s         Checking existence of `Any (First Match)`
    t =   174.38s         Capturing element debug description
    t =   175.34s     Checking `Expect predicate `existsNoRetry == 1` for object Any (First Match)`
    t =   175.34s         Checking existence of `Any (First Match)`
    t =   175.35s         Capturing element debug description
    t =   176.32s     Checking `Expect predicate `existsNoRetry == 1` for object Any (First Match)`
    t =   176.32s         Checking existence of `Any (First Match)`
    t =   176.35s         Capturing element debug description
    t =   177.32s     Checking `Expect predicate `existsNoRetry == 1` for object Any (First Match)`
    t =   177.32s         Checking existence of `Any (First Match)`
    t =   177.35s         Capturing element debug description
    t =   178.31s     Checking `Expect predicate `existsNoRetry == 1` for object Any (First Match)`
    t =   178.31s         Checking existence of `Any (First Match)`
    t =   178.34s         Capturing element debug description
    t =   179.33s     Checking `Expect predicate `existsNoRetry == 1` for object Any (First Match)`
    t =   179.33s         Checking existence of `Any (First Match)`
    t =   179.36s         Capturing element debug description
    t =   179.36s     Checking existence of `Any (First Match)`
    t =   179.37s Collecting debug information to assist test failure triage
    t =   179.37s     Requesting snapshot of accessibility hierarchy for app with pid 39681
    t =   179.40s Checking existence of `Any (First Match)`
    t =   179.41s Checking existence of `Any (First Match)`
    t =   179.42s Checking existence of `Any (First Match)`
    t =   179.43s Find the Any (First Match)
STEP[179s]: iter 2: done
    t =   179.43s Terminate org.nativescript.nsbenchmark:39681
PERFJSON:{"bundle_id":"org.nativescript.nsbenchmark","runs":[{"health_granted":true,"nav_health_ms":2278,"speech_state":"init_or_task_failed: Speech access: Failed to initialize recognizer","iter":0,"hk_rows_ms":1088,"speech_granted":true,"hk_log_roundtrip_ms":376,"nav_transcribe_ms":2203},{"speech_state":"init_or_task_failed: Speech access: Failed to initialize recognizer","hk_log_roundtrip_ms":389,"health_granted":true,"iter":1,"nav_health_ms":2253,"hk_rows_ms":1090,"speech_granted":true,"nav_transcribe_ms":2186},{"hk_log_roundtrip_ms":373,"nav_health_ms":2268,"iter":2,"hk_rows_ms":1085,"nav_transcribe_ms":2168,"speech_granted":true,"health_granted":true,"speech_state":"init_or_task_failed: Speech access: Failed to initialize recognizer"}]}
    t =   180.54s Tear Down
Test Case '-[UIDriverUITests.FeatureLatencyTests testFeatureLatencies]' passed (180.609 seconds).
Test Suite 'FeatureLatencyTests' passed at 2026-08-01 18:20:10.275.
	 Executed 1 test, with 0 failures (0 unexpected) in 180.609 (180.610) seconds
Test Suite 'InteropCaptureTests' started at 2026-08-01 18:20:10.276.
Test Case '-[UIDriverUITests.InteropCaptureTests testCaptureInteropResults]' started.
    t =     0.00s Start Test at 2026-08-01 18:20:10.278
    t =     0.01s Set Up
    t =     0.02s Open org.nativescript.nsbenchmark
    t =     0.02s     Launch org.nativescript.nsbenchmark
    t =     0.11s         Setting up automation session
    t =     0.74s         Wait for org.nativescript.nsbenchmark to idle
    t =     1.92s Waiting 240.0s for Any (First Match) to exist
    t =     2.97s     Checking `Expect predicate `existsNoRetry == 1` for object Any (First Match)`
    t =     2.97s         Checking existence of `Any (First Match)`
    t =     2.99s         Capturing element debug description
    t =     3.95s     Checking `Expect predicate `existsNoRetry == 1` for object Any (First Match)`
    t =     3.95s         Checking existence of `Any (First Match)`
    t =     3.97s         Capturing element debug description
    t =     4.94s     Checking `Expect predicate `existsNoRetry == 1` for object Any (First Match)`
    t =     4.94s         Checking existence of `Any (First Match)`
    t =     4.94s         Capturing element debug description
    t =     6.01s     Checking `Expect predicate `existsNoRetry == 1` for object Any (First Match)`
    t =     6.01s         Checking existence of `Any (First Match)`
    t =     6.03s         Capturing element debug description
    t =     6.99s     Checking `Expect predicate `existsNoRetry == 1` for object Any (First Match)`
    t =     6.99s         Checking existence of `Any (First Match)`
    t =     7.01s         Capturing element debug description
    t =     7.97s     Checking `Expect predicate `existsNoRetry == 1` for object Any (First Match)`
    t =     7.97s         Checking existence of `Any (First Match)`
    t =     7.98s         Capturing element debug description
    t =     8.95s     Checking `Expect predicate `existsNoRetry == 1` for object Any (First Match)`
    t =     8.95s         Checking existence of `Any (First Match)`
    t =     8.96s         Capturing element debug description
    t =    10.00s     Checking `Expect predicate `existsNoRetry == 1` for object Any (First Match)`
    t =    10.01s         Checking existence of `Any (First Match)`
    t =    10.02s         Capturing element debug description
    t =    10.98s     Checking `Expect predicate `existsNoRetry == 1` for object Any (First Match)`
    t =    10.98s         Checking existence of `Any (First Match)`
    t =    11.00s         Capturing element debug description
    t =    11.94s     Checking `Expect predicate `existsNoRetry == 1` for object Any (First Match)`
    t =    11.94s         Checking existence of `Any (First Match)`
    t =    11.96s         Capturing element debug description
    t =    12.93s     Checking `Expect predicate `existsNoRetry == 1` for object Any (First Match)`
    t =    12.93s         Checking existence of `Any (First Match)`
    t =    12.94s         Capturing element debug description
    t =    14.00s     Checking `Expect predicate `existsNoRetry == 1` for object Any (First Match)`
    t =    14.00s         Checking existence of `Any (First Match)`
    t =    14.02s         Capturing element debug description
    t =    14.96s     Checking `Expect predicate `existsNoRetry == 1` for object Any (First Match)`
    t =    14.96s         Checking existence of `Any (First Match)`
    t =    14.97s         Capturing element debug description
    t =    15.94s     Checking `Expect predicate `existsNoRetry == 1` for object Any (First Match)`
    t =    15.94s         Checking existence of `Any (First Match)`
    t =    15.96s         Capturing element debug description
    t =    16.92s     Checking `Expect predicate `existsNoRetry == 1` for object Any (First Match)`
    t =    16.92s         Checking existence of `Any (First Match)`
    t =    16.94s         Capturing element debug description
    t =    18.00s     Checking `Expect predicate `existsNoRetry == 1` for object Any (First Match)`
    t =    18.01s         Checking existence of `Any (First Match)`
    t =    18.02s         Capturing element debug description
    t =    18.96s     Checking `Expect predicate `existsNoRetry == 1` for object Any (First Match)`
    t =    18.97s         Checking existence of `Any (First Match)`
    t =    18.98s         Capturing element debug description
    t =    19.94s     Checking `Expect predicate `existsNoRetry == 1` for object Any (First Match)`
    t =    19.94s         Checking existence of `Any (First Match)`
    t =    19.96s         Capturing element debug description
    t =    20.92s     Checking `Expect predicate `existsNoRetry == 1` for object Any (First Match)`
    t =    20.92s         Checking existence of `Any (First Match)`
    t =    20.94s         Capturing element debug description
    t =    22.01s     Checking `Expect predicate `existsNoRetry == 1` for object Any (First Match)`
    t =    22.01s         Checking existence of `Any (First Match)`
    t =    22.02s         Capturing element debug description
    t =    22.99s     Checking `Expect predicate `existsNoRetry == 1` for object Any (First Match)`
    t =    22.99s         Checking existence of `Any (First Match)`
    t =    23.01s         Capturing element debug description
    t =    23.97s     Checking `Expect predicate `existsNoRetry == 1` for object Any (First Match)`
    t =    23.97s         Checking existence of `Any (First Match)`
    t =    23.98s         Capturing element debug description
    t =    24.94s     Checking `Expect predicate `existsNoRetry == 1` for object Any (First Match)`
    t =    24.94s         Checking existence of `Any (First Match)`
    t =    24.95s         Capturing element debug description
    t =    25.92s     Checking `Expect predicate `existsNoRetry == 1` for object Any (First Match)`
    t =    25.92s         Checking existence of `Any (First Match)`
    t =    25.94s         Capturing element debug description
    t =    27.00s     Checking `Expect predicate `existsNoRetry == 1` for object Any (First Match)`
    t =    27.01s         Checking existence of `Any (First Match)`
    t =    27.02s         Capturing element debug description
    t =    27.99s     Checking `Expect predicate `existsNoRetry == 1` for object Any (First Match)`
    t =    27.99s         Checking existence of `Any (First Match)`
    t =    28.01s         Capturing element debug description
    t =    28.97s     Checking `Expect predicate `existsNoRetry == 1` for object Any (First Match)`
    t =    28.97s         Checking existence of `Any (First Match)`
    t =    28.99s         Capturing element debug description
    t =    29.95s     Checking `Expect predicate `existsNoRetry == 1` for object Any (First Match)`
    t =    29.95s         Checking existence of `Any (First Match)`
    t =    29.96s         Capturing element debug description
    t =    30.93s     Checking `Expect predicate `existsNoRetry == 1` for object Any (First Match)`
    t =    30.93s         Checking existence of `Any (First Match)`
    t =    30.94s         Capturing element debug description
    t =    32.01s     Checking `Expect predicate `existsNoRetry == 1` for object Any (First Match)`
    t =    32.01s         Checking existence of `Any (First Match)`
    t =    32.02s         Capturing element debug description
    t =    32.99s     Checking `Expect predicate `existsNoRetry == 1` for object Any (First Match)`
    t =    32.99s         Checking existence of `Any (First Match)`
    t =    33.01s         Capturing element debug description
    t =    33.98s     Checking `Expect predicate `existsNoRetry == 1` for object Any (First Match)`
    t =    33.98s         Checking existence of `Any (First Match)`
    t =    33.99s         Capturing element debug description
    t =    34.96s     Checking `Expect predicate `existsNoRetry == 1` for object Any (First Match)`
    t =    34.96s         Checking existence of `Any (First Match)`
    t =    34.97s         Capturing element debug description
    t =    35.93s     Checking `Expect predicate `existsNoRetry == 1` for object Any (First Match)`
    t =    35.93s         Checking existence of `Any (First Match)`
    t =    35.94s         Capturing element debug description
    t =    37.01s     Checking `Expect predicate `existsNoRetry == 1` for object Any (First Match)`
    t =    37.01s         Checking existence of `Any (First Match)`
    t =    37.03s         Capturing element debug description
    t =    37.99s     Checking `Expect predicate `existsNoRetry == 1` for object Any (First Match)`
    t =    37.99s         Checking existence of `Any (First Match)`
    t =    38.00s         Capturing element debug description
    t =    38.96s     Checking `Expect predicate `existsNoRetry == 1` for object Any (First Match)`
    t =    38.97s         Checking existence of `Any (First Match)`
    t =    38.98s         Capturing element debug description
    t =    39.94s     Checking `Expect predicate `existsNoRetry == 1` for object Any (First Match)`
    t =    39.94s         Checking existence of `Any (First Match)`
    t =    39.96s         Capturing element debug description
    t =    40.92s     Checking `Expect predicate `existsNoRetry == 1` for object Any (First Match)`
    t =    40.92s         Checking existence of `Any (First Match)`
    t =    40.94s         Capturing element debug description
    t =    42.00s     Checking `Expect predicate `existsNoRetry == 1` for object Any (First Match)`
    t =    42.01s         Checking existence of `Any (First Match)`
    t =    42.02s         Capturing element debug description
    t =    42.98s     Checking `Expect predicate `existsNoRetry == 1` for object Any (First Match)`
    t =    42.98s         Checking existence of `Any (First Match)`
    t =    43.00s         Capturing element debug description
    t =    43.96s     Checking `Expect predicate `existsNoRetry == 1` for object Any (First Match)`
    t =    43.96s         Checking existence of `Any (First Match)`
    t =    43.97s         Capturing element debug description
    t =    44.93s     Checking `Expect predicate `existsNoRetry == 1` for object Any (First Match)`
    t =    44.93s         Checking existence of `Any (First Match)`
    t =    44.95s         Capturing element debug description
    t =    46.01s     Checking `Expect predicate `existsNoRetry == 1` for object Any (First Match)`
    t =    46.01s         Checking existence of `Any (First Match)`
    t =    46.03s         Capturing element debug description
    t =    46.99s     Checking `Expect predicate `existsNoRetry == 1` for object Any (First Match)`
    t =    46.99s         Checking existence of `Any (First Match)`
    t =    47.01s         Capturing element debug description
    t =    47.97s     Checking `Expect predicate `existsNoRetry == 1` for object Any (First Match)`
    t =    47.97s         Checking existence of `Any (First Match)`
    t =    47.98s         Capturing element debug description
    t =    48.95s     Checking `Expect predicate `existsNoRetry == 1` for object Any (First Match)`
    t =    48.95s         Checking existence of `Any (First Match)`
    t =    48.96s         Capturing element debug description
    t =    49.93s     Checking `Expect predicate `existsNoRetry == 1` for object Any (First Match)`
    t =    49.93s         Checking existence of `Any (First Match)`
    t =    49.94s         Capturing element debug description
    t =    51.01s     Checking `Expect predicate `existsNoRetry == 1` for object Any (First Match)`
    t =    51.01s         Checking existence of `Any (First Match)`
    t =    51.02s         Capturing element debug description
    t =    51.99s     Checking `Expect predicate `existsNoRetry == 1` for object Any (First Match)`
    t =    51.99s         Checking existence of `Any (First Match)`
    t =    52.00s         Capturing element debug description
    t =    52.97s     Checking `Expect predicate `existsNoRetry == 1` for object Any (First Match)`
    t =    52.97s         Checking existence of `Any (First Match)`
    t =    52.98s         Capturing element debug description
    t =    53.94s     Checking `Expect predicate `existsNoRetry == 1` for object Any (First Match)`
    t =    53.94s         Checking existence of `Any (First Match)`
    t =    53.96s         Capturing element debug description
    t =    54.93s     Checking `Expect predicate `existsNoRetry == 1` for object Any (First Match)`
    t =    54.93s         Checking existence of `Any (First Match)`
    t =    54.94s         Capturing element debug description
    t =    56.01s     Checking `Expect predicate `existsNoRetry == 1` for object Any (First Match)`
    t =    56.01s         Checking existence of `Any (First Match)`
    t =    56.02s         Capturing element debug description
    t =    56.98s     Checking `Expect predicate `existsNoRetry == 1` for object Any (First Match)`
    t =    56.98s         Checking existence of `Any (First Match)`
    t =    56.99s         Capturing element debug description
    t =    57.95s     Checking `Expect predicate `existsNoRetry == 1` for object Any (First Match)`
    t =    57.95s         Checking existence of `Any (First Match)`
    t =    57.97s         Capturing element debug description
    t =    58.93s     Checking `Expect predicate `existsNoRetry == 1` for object Any (First Match)`
    t =    58.93s         Checking existence of `Any (First Match)`
    t =    58.94s         Capturing element debug description
    t =    60.00s     Checking `Expect predicate `existsNoRetry == 1` for object Any (First Match)`
    t =    60.00s         Checking existence of `Any (First Match)`
    t =    60.02s         Capturing element debug description
    t =    60.96s     Checking `Expect predicate `existsNoRetry == 1` for object Any (First Match)`
    t =    60.96s         Checking existence of `Any (First Match)`
    t =    60.97s         Capturing element debug description
    t =    61.93s     Checking `Expect predicate `existsNoRetry == 1` for object Any (First Match)`
    t =    61.93s         Checking existence of `Any (First Match)`
    t =    61.95s         Capturing element debug description
    t =    62.92s     Checking `Expect predicate `existsNoRetry == 1` for object Any (First Match)`
    t =    62.92s         Checking existence of `Any (First Match)`
    t =    62.94s         Capturing element debug description
    t =    64.00s     Checking `Expect predicate `existsNoRetry == 1` for object Any (First Match)`
    t =    64.01s         Checking existence of `Any (First Match)`
    t =    64.02s         Capturing element debug description
    t =    64.98s     Checking `Expect predicate `existsNoRetry == 1` for object Any (First Match)`
    t =    64.99s         Checking existence of `Any (First Match)`
    t =    65.00s         Capturing element debug description
    t =    65.97s     Checking `Expect predicate `existsNoRetry == 1` for object Any (First Match)`
    t =    65.97s         Checking existence of `Any (First Match)`
    t =    65.97s         Capturing element debug description
    t =    66.94s     Checking `Expect predicate `existsNoRetry == 1` for object Any (First Match)`
    t =    66.94s         Checking existence of `Any (First Match)`
    t =    66.95s         Capturing element debug description
    t =    67.92s     Checking `Expect predicate `existsNoRetry == 1` for object Any (First Match)`
    t =    67.92s         Checking existence of `Any (First Match)`
    t =    67.94s         Capturing element debug description
    t =    69.00s     Checking `Expect predicate `existsNoRetry == 1` for object Any (First Match)`
    t =    69.01s         Checking existence of `Any (First Match)`
    t =    69.02s         Capturing element debug description
    t =    69.98s     Checking `Expect predicate `existsNoRetry == 1` for object Any (First Match)`
    t =    69.98s         Checking existence of `Any (First Match)`
    t =    70.00s         Capturing element debug description
    t =    70.96s     Checking `Expect predicate `existsNoRetry == 1` for object Any (First Match)`
    t =    70.96s         Checking existence of `Any (First Match)`
    t =    70.98s         Capturing element debug description
    t =    71.93s     Checking `Expect predicate `existsNoRetry == 1` for object Any (First Match)`
    t =    71.94s         Checking existence of `Any (First Match)`
    t =    71.95s         Capturing element debug description
    t =    73.02s     Checking `Expect predicate `existsNoRetry == 1` for object Any (First Match)`
    t =    73.02s         Checking existence of `Any (First Match)`
    t =    73.04s         Capturing element debug description
    t =    74.00s     Checking `Expect predicate `existsNoRetry == 1` for object Any (First Match)`
    t =    74.00s         Checking existence of `Any (First Match)`
    t =    74.01s         Capturing element debug description
    t =    74.97s     Checking `Expect predicate `existsNoRetry == 1` for object Any (First Match)`
    t =    74.97s         Checking existence of `Any (First Match)`
    t =    74.99s         Capturing element debug description
    t =    75.95s     Checking `Expect predicate `existsNoRetry == 1` for object Any (First Match)`
    t =    75.95s         Checking existence of `Any (First Match)`
    t =    75.95s         Capturing element debug description
    t =    76.93s     Checking `Expect predicate `existsNoRetry == 1` for object Any (First Match)`
    t =    76.93s         Checking existence of `Any (First Match)`
    t =    76.94s         Capturing element debug description
    t =    78.01s     Checking `Expect predicate `existsNoRetry == 1` for object Any (First Match)`
    t =    78.01s         Checking existence of `Any (First Match)`
    t =    78.03s         Capturing element debug description
    t =    78.99s     Checking `Expect predicate `existsNoRetry == 1` for object Any (First Match)`
    t =    78.99s         Checking existence of `Any (First Match)`
    t =    79.00s         Capturing element debug description
    t =    79.96s     Checking `Expect predicate `existsNoRetry == 1` for object Any (First Match)`
    t =    79.97s         Checking existence of `Any (First Match)`
    t =    79.98s         Capturing element debug description
    t =    80.94s     Checking `Expect predicate `existsNoRetry == 1` for object Any (First Match)`
    t =    80.94s         Checking existence of `Any (First Match)`
    t =    80.96s         Capturing element debug description
    t =    81.93s     Checking `Expect predicate `existsNoRetry == 1` for object Any (First Match)`
    t =    81.93s         Checking existence of `Any (First Match)`
    t =    81.94s         Capturing element debug description
    t =    83.01s     Checking `Expect predicate `existsNoRetry == 1` for object Any (First Match)`
    t =    83.01s         Checking existence of `Any (First Match)`
    t =    83.02s         Capturing element debug description
    t =    83.98s     Checking `Expect predicate `existsNoRetry == 1` for object Any (First Match)`
    t =    83.98s         Checking existence of `Any (First Match)`
    t =    83.99s         Capturing element debug description
    t =    84.96s     Checking `Expect predicate `existsNoRetry == 1` for object Any (First Match)`
    t =    84.96s         Checking existence of `Any (First Match)`
    t =    84.97s         Capturing element debug description
    t =    85.93s     Checking `Expect predicate `existsNoRetry == 1` for object Any (First Match)`
    t =    85.94s         Checking existence of `Any (First Match)`
    t =    85.95s         Capturing element debug description
    t =    86.92s     Checking `Expect predicate `existsNoRetry == 1` for object Any (First Match)`
    t =    86.92s         Checking existence of `Any (First Match)`
    t =    86.94s         Capturing element debug description
    t =    88.00s     Checking `Expect predicate `existsNoRetry == 1` for object Any (First Match)`
    t =    88.01s         Checking existence of `Any (First Match)`
    t =    88.02s         Capturing element debug description
    t =    88.98s     Checking `Expect predicate `existsNoRetry == 1` for object Any (First Match)`
    t =    88.98s         Checking existence of `Any (First Match)`
    t =    89.00s         Capturing element debug description
    t =    89.96s     Checking `Expect predicate `existsNoRetry == 1` for object Any (First Match)`
    t =    89.96s         Checking existence of `Any (First Match)`
    t =    89.97s         Capturing element debug description
    t =    90.93s     Checking `Expect predicate `existsNoRetry == 1` for object Any (First Match)`
    t =    90.93s         Checking existence of `Any (First Match)`
    t =    90.95s         Capturing element debug description
    t =    92.01s     Checking `Expect predicate `existsNoRetry == 1` for object Any (First Match)`
    t =    92.02s         Checking existence of `Any (First Match)`
    t =    92.03s         Capturing element debug description
    t =    92.99s     Checking `Expect predicate `existsNoRetry == 1` for object Any (First Match)`
    t =    92.99s         Checking existence of `Any (First Match)`
    t =    93.01s         Capturing element debug description
    t =    93.97s     Checking `Expect predicate `existsNoRetry == 1` for object Any (First Match)`
    t =    93.97s         Checking existence of `Any (First Match)`
    t =    93.98s         Capturing element debug description
    t =    94.95s     Checking `Expect predicate `existsNoRetry == 1` for object Any (First Match)`
    t =    94.95s         Checking existence of `Any (First Match)`
    t =    94.96s         Capturing element debug description
    t =    95.93s     Checking `Expect predicate `existsNoRetry == 1` for object Any (First Match)`
    t =    95.93s         Checking existence of `Any (First Match)`
    t =    95.94s         Capturing element debug description
    t =    97.01s     Checking `Expect predicate `existsNoRetry == 1` for object Any (First Match)`
    t =    97.01s         Checking existence of `Any (First Match)`
    t =    97.03s         Capturing element debug description
    t =    97.99s     Checking `Expect predicate `existsNoRetry == 1` for object Any (First Match)`
    t =    97.99s         Checking existence of `Any (First Match)`
    t =    98.01s         Capturing element debug description
    t =    98.96s     Checking `Expect predicate `existsNoRetry == 1` for object Any (First Match)`
    t =    98.97s         Checking existence of `Any (First Match)`
    t =    98.98s         Capturing element debug description
    t =    99.94s     Checking `Expect predicate `existsNoRetry == 1` for object Any (First Match)`
    t =    99.94s         Checking existence of `Any (First Match)`
    t =    99.95s         Capturing element debug description
    t =   100.92s     Checking `Expect predicate `existsNoRetry == 1` for object Any (First Match)`
    t =   100.92s         Checking existence of `Any (First Match)`
    t =   100.94s         Capturing element debug description
    t =   102.00s     Checking `Expect predicate `existsNoRetry == 1` for object Any (First Match)`
    t =   102.01s         Checking existence of `Any (First Match)`
    t =   102.02s         Capturing element debug description
    t =   102.98s     Checking `Expect predicate `existsNoRetry == 1` for object Any (First Match)`
    t =   102.98s         Checking existence of `Any (First Match)`
    t =   103.00s         Capturing element debug description
    t =   103.96s     Checking `Expect predicate `existsNoRetry == 1` for object Any (First Match)`
    t =   103.96s         Checking existence of `Any (First Match)`
    t =   103.97s         Capturing element debug description
    t =   104.94s     Checking `Expect predicate `existsNoRetry == 1` for object Any (First Match)`
    t =   104.94s         Checking existence of `Any (First Match)`
    t =   104.96s         Capturing element debug description
    t =   105.92s     Checking `Expect predicate `existsNoRetry == 1` for object Any (First Match)`
    t =   105.92s         Checking existence of `Any (First Match)`
    t =   105.94s         Capturing element debug description
    t =   107.00s     Checking `Expect predicate `existsNoRetry == 1` for object Any (First Match)`
    t =   107.00s         Checking existence of `Any (First Match)`
    t =   107.01s         Capturing element debug description
    t =   107.97s     Checking `Expect predicate `existsNoRetry == 1` for object Any (First Match)`
    t =   107.97s         Checking existence of `Any (First Match)`
    t =   107.99s         Capturing element debug description
    t =   108.95s     Checking `Expect predicate `existsNoRetry == 1` for object Any (First Match)`
    t =   108.96s         Checking existence of `Any (First Match)`
    t =   108.97s         Capturing element debug description
    t =   109.93s     Checking `Expect predicate `existsNoRetry == 1` for object Any (First Match)`
    t =   109.93s         Checking existence of `Any (First Match)`
    t =   109.95s         Capturing element debug description
    t =   111.02s     Checking `Expect predicate `existsNoRetry == 1` for object Any (First Match)`
    t =   111.02s         Checking existence of `Any (First Match)`
    t =   111.03s         Capturing element debug description
    t =   111.99s     Checking `Expect predicate `existsNoRetry == 1` for object Any (First Match)`
    t =   111.99s         Checking existence of `Any (First Match)`
    t =   112.01s         Capturing element debug description
    t =   112.97s     Checking `Expect predicate `existsNoRetry == 1` for object Any (First Match)`
    t =   112.97s         Checking existence of `Any (First Match)`
    t =   112.99s         Capturing element debug description
    t =   113.95s     Checking `Expect predicate `existsNoRetry == 1` for object Any (First Match)`
    t =   113.95s         Checking existence of `Any (First Match)`
    t =   113.96s         Capturing element debug description
    t =   114.93s     Checking `Expect predicate `existsNoRetry == 1` for object Any (First Match)`
    t =   114.93s         Checking existence of `Any (First Match)`
    t =   114.94s         Capturing element debug description
    t =   116.01s     Checking `Expect predicate `existsNoRetry == 1` for object Any (First Match)`
    t =   116.01s         Checking existence of `Any (First Match)`
    t =   116.03s         Capturing element debug description
    t =   116.99s     Checking `Expect predicate `existsNoRetry == 1` for object Any (First Match)`
    t =   116.99s         Checking existence of `Any (First Match)`
    t =   117.00s         Capturing element debug description
    t =   117.96s     Checking `Expect predicate `existsNoRetry == 1` for object Any (First Match)`
    t =   117.96s         Checking existence of `Any (First Match)`
    t =   117.98s         Capturing element debug description
    t =   118.93s     Checking `Expect predicate `existsNoRetry == 1` for object Any (First Match)`
    t =   118.93s         Checking existence of `Any (First Match)`
    t =   118.95s         Capturing element debug description
    t =   120.02s     Checking `Expect predicate `existsNoRetry == 1` for object Any (First Match)`
    t =   120.02s         Checking existence of `Any (First Match)`
    t =   120.03s         Capturing element debug description
    t =   121.00s     Checking `Expect predicate `existsNoRetry == 1` for object Any (First Match)`
    t =   121.00s         Checking existence of `Any (First Match)`
    t =   121.01s         Capturing element debug description
    t =   121.97s     Checking `Expect predicate `existsNoRetry == 1` for object Any (First Match)`
    t =   121.97s         Checking existence of `Any (First Match)`
    t =   121.99s         Capturing element debug description
    t =   122.95s     Checking `Expect predicate `existsNoRetry == 1` for object Any (First Match)`
    t =   122.95s         Checking existence of `Any (First Match)`
    t =   122.96s         Capturing element debug description
    t =   123.93s     Checking `Expect predicate `existsNoRetry == 1` for object Any (First Match)`
    t =   123.93s         Checking existence of `Any (First Match)`
    t =   123.94s         Capturing element debug description
    t =   125.00s     Checking `Expect predicate `existsNoRetry == 1` for object Any (First Match)`
    t =   125.01s         Checking existence of `Any (First Match)`
    t =   125.02s         Capturing element debug description
    t =   125.98s     Checking `Expect predicate `existsNoRetry == 1` for object Any (First Match)`
    t =   125.98s         Checking existence of `Any (First Match)`
    t =   126.00s         Capturing element debug description
    t =   126.96s     Checking `Expect predicate `existsNoRetry == 1` for object Any (First Match)`
    t =   126.96s         Checking existence of `Any (First Match)`
    t =   126.97s         Capturing element debug description
    t =   127.93s     Checking `Expect predicate `existsNoRetry == 1` for object Any (First Match)`
    t =   127.93s         Checking existence of `Any (First Match)`
    t =   127.94s         Capturing element debug description
    t =   129.01s     Checking `Expect predicate `existsNoRetry == 1` for object Any (First Match)`
    t =   129.01s         Checking existence of `Any (First Match)`
    t =   129.03s         Capturing element debug description
    t =   129.99s     Checking `Expect predicate `existsNoRetry == 1` for object Any (First Match)`
    t =   129.99s         Checking existence of `Any (First Match)`
    t =   130.00s         Capturing element debug description
    t =   130.96s     Checking `Expect predicate `existsNoRetry == 1` for object Any (First Match)`
    t =   130.97s         Checking existence of `Any (First Match)`
    t =   130.98s         Capturing element debug description
    t =   131.94s     Checking `Expect predicate `existsNoRetry == 1` for object Any (First Match)`
    t =   131.94s         Checking existence of `Any (First Match)`
    t =   131.96s         Capturing element debug description
    t =   132.93s     Checking `Expect predicate `existsNoRetry == 1` for object Any (First Match)`
    t =   132.93s         Checking existence of `Any (First Match)`
    t =   132.94s         Capturing element debug description
    t =   134.01s     Checking `Expect predicate `existsNoRetry == 1` for object Any (First Match)`
    t =   134.01s         Checking existence of `Any (First Match)`
    t =   134.03s         Capturing element debug description
    t =   134.99s     Checking `Expect predicate `existsNoRetry == 1` for object Any (First Match)`
    t =   134.99s         Checking existence of `Any (First Match)`
    t =   135.00s         Capturing element debug description
    t =   135.96s     Checking `Expect predicate `existsNoRetry == 1` for object Any (First Match)`
    t =   135.97s         Checking existence of `Any (First Match)`
    t =   135.98s         Capturing element debug description
    t =   136.94s     Checking `Expect predicate `existsNoRetry == 1` for object Any (First Match)`
    t =   136.94s         Checking existence of `Any (First Match)`
    t =   136.95s         Capturing element debug description
    t =   137.92s     Checking `Expect predicate `existsNoRetry == 1` for object Any (First Match)`
    t =   137.92s         Checking existence of `Any (First Match)`
    t =   137.94s         Capturing element debug description
    t =   139.00s     Checking `Expect predicate `existsNoRetry == 1` for object Any (First Match)`
    t =   139.01s         Checking existence of `Any (First Match)`
    t =   139.02s         Capturing element debug description
    t =   139.98s     Checking `Expect predicate `existsNoRetry == 1` for object Any (First Match)`
    t =   139.98s         Checking existence of `Any (First Match)`
    t =   140.00s         Capturing element debug description
    t =   140.96s     Checking `Expect predicate `existsNoRetry == 1` for object Any (First Match)`
    t =   140.96s         Checking existence of `Any (First Match)`
    t =   140.97s         Capturing element debug description
    t =   141.93s     Checking `Expect predicate `existsNoRetry == 1` for object Any (First Match)`
    t =   141.93s         Checking existence of `Any (First Match)`
    t =   141.95s         Capturing element debug description
    t =   143.01s     Checking `Expect predicate `existsNoRetry == 1` for object Any (First Match)`
    t =   143.02s         Checking existence of `Any (First Match)`
    t =   143.03s         Capturing element debug description
    t =   143.99s     Checking `Expect predicate `existsNoRetry == 1` for object Any (First Match)`
    t =   143.99s         Checking existence of `Any (First Match)`
    t =   144.00s         Capturing element debug description
    t =   144.96s     Checking `Expect predicate `existsNoRetry == 1` for object Any (First Match)`
    t =   144.97s         Checking existence of `Any (First Match)`
    t =   144.98s         Capturing element debug description
    t =   145.94s     Checking `Expect predicate `existsNoRetry == 1` for object Any (First Match)`
    t =   145.94s         Checking existence of `Any (First Match)`
    t =   145.96s         Capturing element debug description
    t =   146.93s     Checking `Expect predicate `existsNoRetry == 1` for object Any (First Match)`
    t =   146.93s         Checking existence of `Any (First Match)`
    t =   146.94s         Capturing element debug description
    t =   148.00s     Checking `Expect predicate `existsNoRetry == 1` for object Any (First Match)`
    t =   148.01s         Checking existence of `Any (First Match)`
    t =   148.02s         Capturing element debug description
    t =   148.98s     Checking `Expect predicate `existsNoRetry == 1` for object Any (First Match)`
    t =   148.98s         Checking existence of `Any (First Match)`
    t =   149.00s         Capturing element debug description
    t =   149.95s     Checking `Expect predicate `existsNoRetry == 1` for object Any (First Match)`
    t =   149.96s         Checking existence of `Any (First Match)`
    t =   149.97s         Capturing element debug description
    t =   150.93s     Checking `Expect predicate `existsNoRetry == 1` for object Any (First Match)`
    t =   150.93s         Checking existence of `Any (First Match)`
    t =   150.95s         Capturing element debug description
    t =   152.01s     Checking `Expect predicate `existsNoRetry == 1` for object Any (First Match)`
    t =   152.01s         Checking existence of `Any (First Match)`
    t =   152.03s         Capturing element debug description
    t =   152.99s     Checking `Expect predicate `existsNoRetry == 1` for object Any (First Match)`
    t =   152.99s         Checking existence of `Any (First Match)`
    t =   153.01s         Capturing element debug description
    t =   153.97s     Checking `Expect predicate `existsNoRetry == 1` for object Any (First Match)`
    t =   153.97s         Checking existence of `Any (First Match)`
    t =   153.98s         Capturing element debug description
    t =   154.94s     Checking `Expect predicate `existsNoRetry == 1` for object Any (First Match)`
    t =   154.94s         Checking existence of `Any (First Match)`
    t =   154.96s         Capturing element debug description
    t =   155.93s     Checking `Expect predicate `existsNoRetry == 1` for object Any (First Match)`
    t =   155.93s         Checking existence of `Any (First Match)`
    t =   155.94s         Capturing element debug description
    t =   157.01s     Checking `Expect predicate `existsNoRetry == 1` for object Any (First Match)`
    t =   157.01s         Checking existence of `Any (First Match)`
    t =   157.02s         Capturing element debug description
    t =   157.98s     Checking `Expect predicate `existsNoRetry == 1` for object Any (First Match)`
    t =   157.99s         Checking existence of `Any (First Match)`
    t =   158.00s         Capturing element debug description
    t =   158.96s     Checking `Expect predicate `existsNoRetry == 1` for object Any (First Match)`
    t =   158.96s         Checking existence of `Any (First Match)`
    t =   158.97s         Capturing element debug description
    t =   159.94s     Checking `Expect predicate `existsNoRetry == 1` for object Any (First Match)`
    t =   159.94s         Checking existence of `Any (First Match)`
    t =   159.95s         Capturing element debug description
    t =   160.92s     Checking `Expect predicate `existsNoRetry == 1` for object Any (First Match)`
    t =   160.92s         Checking existence of `Any (First Match)`
    t =   160.94s         Capturing element debug description
    t =   162.01s     Checking `Expect predicate `existsNoRetry == 1` for object Any (First Match)`
    t =   162.01s         Checking existence of `Any (First Match)`
    t =   162.03s         Capturing element debug description
    t =   162.99s     Checking `Expect predicate `existsNoRetry == 1` for object Any (First Match)`
    t =   162.99s         Checking existence of `Any (First Match)`
    t =   163.01s         Capturing element debug description
    t =   163.96s     Checking `Expect predicate `existsNoRetry == 1` for object Any (First Match)`
    t =   163.97s         Checking existence of `Any (First Match)`
    t =   163.98s         Capturing element debug description
    t =   164.94s     Checking `Expect predicate `existsNoRetry == 1` for object Any (First Match)`
    t =   164.94s         Checking existence of `Any (First Match)`
    t =   164.95s         Capturing element debug description
    t =   165.92s     Checking `Expect predicate `existsNoRetry == 1` for object Any (First Match)`
    t =   165.92s         Checking existence of `Any (First Match)`
    t =   165.94s         Capturing element debug description
    t =   167.00s     Checking `Expect predicate `existsNoRetry == 1` for object Any (First Match)`
    t =   167.01s         Checking existence of `Any (First Match)`
    t =   167.02s         Capturing element debug description
    t =   167.98s     Checking `Expect predicate `existsNoRetry == 1` for object Any (First Match)`
    t =   167.98s         Checking existence of `Any (First Match)`
    t =   167.99s         Capturing element debug description
    t =   168.95s     Checking `Expect predicate `existsNoRetry == 1` for object Any (First Match)`
    t =   168.95s         Checking existence of `Any (First Match)`
    t =   168.96s         Capturing element debug description
    t =   169.93s     Checking `Expect predicate `existsNoRetry == 1` for object Any (First Match)`
    t =   169.93s         Checking existence of `Any (First Match)`
    t =   169.94s         Capturing element debug description
    t =   171.02s     Checking `Expect predicate `existsNoRetry == 1` for object Any (First Match)`
    t =   171.02s         Checking existence of `Any (First Match)`
    t =   171.03s         Capturing element debug description
    t =   171.99s     Checking `Expect predicate `existsNoRetry == 1` for object Any (First Match)`
    t =   171.99s         Checking existence of `Any (First Match)`
    t =   172.01s         Capturing element debug description
    t =   172.97s     Checking `Expect predicate `existsNoRetry == 1` for object Any (First Match)`
    t =   172.97s         Checking existence of `Any (First Match)`
    t =   172.98s         Capturing element debug description
    t =   173.94s     Checking `Expect predicate `existsNoRetry == 1` for object Any (First Match)`
    t =   173.94s         Checking existence of `Any (First Match)`
    t =   173.96s         Capturing element debug description
    t =   174.93s     Checking `Expect predicate `existsNoRetry == 1` for object Any (First Match)`
    t =   174.93s         Checking existence of `Any (First Match)`
    t =   174.94s         Capturing element debug description
    t =   176.01s     Checking `Expect predicate `existsNoRetry == 1` for object Any (First Match)`
    t =   176.01s         Checking existence of `Any (First Match)`
    t =   176.02s         Capturing element debug description
    t =   176.99s     Checking `Expect predicate `existsNoRetry == 1` for object Any (First Match)`
    t =   176.99s         Checking existence of `Any (First Match)`
    t =   177.00s         Capturing element debug description
    t =   177.96s     Checking `Expect predicate `existsNoRetry == 1` for object Any (First Match)`
    t =   177.96s         Checking existence of `Any (First Match)`
    t =   177.97s         Capturing element debug description
    t =   178.93s     Checking `Expect predicate `existsNoRetry == 1` for object Any (First Match)`
    t =   178.93s         Checking existence of `Any (First Match)`
    t =   178.95s         Capturing element debug description
    t =   180.01s     Checking `Expect predicate `existsNoRetry == 1` for object Any (First Match)`
    t =   180.02s         Checking existence of `Any (First Match)`
    t =   180.03s         Capturing element debug description
    t =   180.99s     Checking `Expect predicate `existsNoRetry == 1` for object Any (First Match)`
    t =   180.99s         Checking existence of `Any (First Match)`
    t =   181.01s         Capturing element debug description
    t =   181.96s     Checking `Expect predicate `existsNoRetry == 1` for object Any (First Match)`
    t =   181.97s         Checking existence of `Any (First Match)`
    t =   181.98s         Capturing element debug description
    t =   182.94s     Checking `Expect predicate `existsNoRetry == 1` for object Any (First Match)`
    t =   182.94s         Checking existence of `Any (First Match)`
    t =   182.95s         Capturing element debug description
    t =   183.92s     Checking `Expect predicate `existsNoRetry == 1` for object Any (First Match)`
    t =   183.92s         Checking existence of `Any (First Match)`
    t =   183.94s         Capturing element debug description
    t =   185.00s     Checking `Expect predicate `existsNoRetry == 1` for object Any (First Match)`
    t =   185.01s         Checking existence of `Any (First Match)`
    t =   185.02s         Capturing element debug description
    t =   185.98s     Checking `Expect predicate `existsNoRetry == 1` for object Any (First Match)`
    t =   185.98s         Checking existence of `Any (First Match)`
    t =   186.00s         Capturing element debug description
    t =   186.96s     Checking `Expect predicate `existsNoRetry == 1` for object Any (First Match)`
    t =   186.96s         Checking existence of `Any (First Match)`
    t =   186.97s         Capturing element debug description
    t =   187.93s     Checking `Expect predicate `existsNoRetry == 1` for object Any (First Match)`
    t =   187.94s         Checking existence of `Any (First Match)`
    t =   187.95s         Capturing element debug description
    t =   189.02s     Checking `Expect predicate `existsNoRetry == 1` for object Any (First Match)`
    t =   189.02s         Checking existence of `Any (First Match)`
    t =   189.03s         Capturing element debug description
    t =   190.00s     Checking `Expect predicate `existsNoRetry == 1` for object Any (First Match)`
    t =   190.00s         Checking existence of `Any (First Match)`
    t =   190.01s         Capturing element debug description
    t =   190.97s     Checking `Expect predicate `existsNoRetry == 1` for object Any (First Match)`
    t =   190.97s         Checking existence of `Any (First Match)`
    t =   190.99s         Capturing element debug description
    t =   191.95s     Checking `Expect predicate `existsNoRetry == 1` for object Any (First Match)`
    t =   191.95s         Checking existence of `Any (First Match)`
    t =   191.96s         Capturing element debug description
    t =   192.93s     Checking `Expect predicate `existsNoRetry == 1` for object Any (First Match)`
    t =   192.93s         Checking existence of `Any (First Match)`
    t =   192.94s         Capturing element debug description
    t =   194.01s     Checking `Expect predicate `existsNoRetry == 1` for object Any (First Match)`
    t =   194.01s         Checking existence of `Any (First Match)`
    t =   194.03s         Capturing element debug description
    t =   194.99s     Checking `Expect predicate `existsNoRetry == 1` for object Any (First Match)`
    t =   194.99s         Checking existence of `Any (First Match)`
    t =   195.01s         Capturing element debug description
    t =   195.96s     Checking `Expect predicate `existsNoRetry == 1` for object Any (First Match)`
    t =   195.97s         Checking existence of `Any (First Match)`
    t =   195.98s         Capturing element debug description
    t =   196.94s     Checking `Expect predicate `existsNoRetry == 1` for object Any (First Match)`
    t =   196.94s         Checking existence of `Any (First Match)`
    t =   196.95s         Capturing element debug description
    t =   197.92s     Checking `Expect predicate `existsNoRetry == 1` for object Any (First Match)`
    t =   197.92s         Checking existence of `Any (First Match)`
    t =   197.94s         Capturing element debug description
    t =   199.00s     Checking `Expect predicate `existsNoRetry == 1` for object Any (First Match)`
    t =   199.01s         Checking existence of `Any (First Match)`
    t =   199.02s         Capturing element debug description
    t =   199.98s     Checking `Expect predicate `existsNoRetry == 1` for object Any (First Match)`
    t =   199.98s         Checking existence of `Any (First Match)`
    t =   200.00s         Capturing element debug description
    t =   200.96s     Checking `Expect predicate `existsNoRetry == 1` for object Any (First Match)`
    t =   200.96s         Checking existence of `Any (First Match)`
    t =   200.97s         Capturing element debug description
    t =   201.93s     Checking `Expect predicate `existsNoRetry == 1` for object Any (First Match)`
    t =   201.93s         Checking existence of `Any (First Match)`
    t =   201.95s         Capturing element debug description
    t =   203.01s     Checking `Expect predicate `existsNoRetry == 1` for object Any (First Match)`
    t =   203.01s         Checking existence of `Any (First Match)`
    t =   203.03s         Capturing element debug description
    t =   203.99s     Checking `Expect predicate `existsNoRetry == 1` for object Any (First Match)`
    t =   203.99s         Checking existence of `Any (First Match)`
    t =   204.01s         Capturing element debug description
    t =   204.96s     Checking `Expect predicate `existsNoRetry == 1` for object Any (First Match)`
    t =   204.97s         Checking existence of `Any (First Match)`
    t =   204.98s         Capturing element debug description
    t =   205.94s     Checking `Expect predicate `existsNoRetry == 1` for object Any (First Match)`
    t =   205.94s         Checking existence of `Any (First Match)`
    t =   205.95s         Capturing element debug description
    t =   206.92s     Checking `Expect predicate `existsNoRetry == 1` for object Any (First Match)`
    t =   206.92s         Checking existence of `Any (First Match)`
    t =   206.94s         Capturing element debug description
    t =   208.00s     Checking `Expect predicate `existsNoRetry == 1` for object Any (First Match)`
    t =   208.01s         Checking existence of `Any (First Match)`
    t =   208.02s         Capturing element debug description
    t =   208.98s     Checking `Expect predicate `existsNoRetry == 1` for object Any (First Match)`
    t =   208.98s         Checking existence of `Any (First Match)`
    t =   209.00s         Capturing element debug description
    t =   209.96s     Checking `Expect predicate `existsNoRetry == 1` for object Any (First Match)`
    t =   209.96s         Checking existence of `Any (First Match)`
    t =   209.97s         Capturing element debug description
    t =   210.93s     Checking `Expect predicate `existsNoRetry == 1` for object Any (First Match)`
    t =   210.93s         Checking existence of `Any (First Match)`
    t =   210.95s         Capturing element debug description
    t =   212.02s     Checking `Expect predicate `existsNoRetry == 1` for object Any (First Match)`
    t =   212.02s         Checking existence of `Any (First Match)`
    t =   212.04s         Capturing element debug description
    t =   213.00s     Checking `Expect predicate `existsNoRetry == 1` for object Any (First Match)`
    t =   213.00s         Checking existence of `Any (First Match)`
    t =   213.01s         Capturing element debug description
    t =   213.97s     Checking `Expect predicate `existsNoRetry == 1` for object Any (First Match)`
    t =   213.97s         Checking existence of `Any (First Match)`
    t =   213.99s         Capturing element debug description
    t =   214.95s     Checking `Expect predicate `existsNoRetry == 1` for object Any (First Match)`
    t =   214.95s         Checking existence of `Any (First Match)`
    t =   214.96s         Capturing element debug description
    t =   215.93s     Checking `Expect predicate `existsNoRetry == 1` for object Any (First Match)`
    t =   215.93s         Checking existence of `Any (First Match)`
    t =   215.94s         Capturing element debug description
    t =   217.01s     Checking `Expect predicate `existsNoRetry == 1` for object Any (First Match)`
    t =   217.02s         Checking existence of `Any (First Match)`
    t =   217.03s         Capturing element debug description
    t =   217.99s     Checking `Expect predicate `existsNoRetry == 1` for object Any (First Match)`
    t =   217.99s         Checking existence of `Any (First Match)`
    t =   218.01s         Capturing element debug description
    t =   218.96s     Checking `Expect predicate `existsNoRetry == 1` for object Any (First Match)`
    t =   218.96s         Checking existence of `Any (First Match)`
    t =   218.97s         Capturing element debug description
    t =   219.93s     Checking `Expect predicate `existsNoRetry == 1` for object Any (First Match)`
    t =   219.93s         Checking existence of `Any (First Match)`
    t =   219.95s         Capturing element debug description
    t =   221.02s     Checking `Expect predicate `existsNoRetry == 1` for object Any (First Match)`
    t =   221.02s         Checking existence of `Any (First Match)`
    t =   221.03s         Capturing element debug description
    t =   221.99s     Checking `Expect predicate `existsNoRetry == 1` for object Any (First Match)`
    t =   221.99s         Checking existence of `Any (First Match)`
    t =   222.01s         Capturing element debug description
    t =   222.97s     Checking `Expect predicate `existsNoRetry == 1` for object Any (First Match)`
    t =   222.97s         Checking existence of `Any (First Match)`
    t =   222.98s         Capturing element debug description
    t =   223.95s     Checking `Expect predicate `existsNoRetry == 1` for object Any (First Match)`
    t =   223.95s         Checking existence of `Any (First Match)`
    t =   223.96s         Capturing element debug description
    t =   224.93s     Checking `Expect predicate `existsNoRetry == 1` for object Any (First Match)`
    t =   224.93s         Checking existence of `Any (First Match)`
    t =   224.94s         Capturing element debug description
    t =   226.01s     Checking `Expect predicate `existsNoRetry == 1` for object Any (First Match)`
    t =   226.01s         Checking existence of `Any (First Match)`
    t =   226.02s         Capturing element debug description
    t =   226.98s     Checking `Expect predicate `existsNoRetry == 1` for object Any (First Match)`
    t =   226.99s         Checking existence of `Any (First Match)`
    t =   227.00s         Capturing element debug description
    t =   227.96s     Checking `Expect predicate `existsNoRetry == 1` for object Any (First Match)`
    t =   227.96s         Checking existence of `Any (First Match)`
    t =   227.97s         Capturing element debug description
    t =   228.93s     Checking `Expect predicate `existsNoRetry == 1` for object Any (First Match)`
    t =   228.93s         Checking existence of `Any (First Match)`
    t =   228.94s         Capturing element debug description
    t =   230.02s     Checking `Expect predicate `existsNoRetry == 1` for object Any (First Match)`
    t =   230.02s         Checking existence of `Any (First Match)`
    t =   230.03s         Capturing element debug description
    t =   231.00s     Checking `Expect predicate `existsNoRetry == 1` for object Any (First Match)`
    t =   231.00s         Checking existence of `Any (First Match)`
    t =   231.01s         Capturing element debug description
    t =   231.97s     Checking `Expect predicate `existsNoRetry == 1` for object Any (First Match)`
    t =   231.97s         Checking existence of `Any (First Match)`
    t =   231.99s         Capturing element debug description
    t =   232.95s     Checking `Expect predicate `existsNoRetry == 1` for object Any (First Match)`
    t =   232.95s         Checking existence of `Any (First Match)`
    t =   232.96s         Capturing element debug description
    t =   233.93s     Checking `Expect predicate `existsNoRetry == 1` for object Any (First Match)`
    t =   233.93s         Checking existence of `Any (First Match)`
    t =   233.94s         Capturing element debug description
    t =   235.01s     Checking `Expect predicate `existsNoRetry == 1` for object Any (First Match)`
    t =   235.01s         Checking existence of `Any (First Match)`
    t =   235.02s         Capturing element debug description
    t =   235.98s     Checking `Expect predicate `existsNoRetry == 1` for object Any (First Match)`
    t =   235.99s         Checking existence of `Any (First Match)`
    t =   236.00s         Capturing element debug description
    t =   236.96s     Checking `Expect predicate `existsNoRetry == 1` for object Any (First Match)`
    t =   236.96s         Checking existence of `Any (First Match)`
    t =   236.97s         Capturing element debug description
    t =   237.93s     Checking `Expect predicate `existsNoRetry == 1` for object Any (First Match)`
    t =   237.93s         Checking existence of `Any (First Match)`
    t =   237.95s         Capturing element debug description
    t =   239.02s     Checking `Expect predicate `existsNoRetry == 1` for object Any (First Match)`
    t =   239.02s         Checking existence of `Any (First Match)`
    t =   239.03s         Capturing element debug description
    t =   240.00s     Checking `Expect predicate `existsNoRetry == 1` for object Any (First Match)`
    t =   240.00s         Checking existence of `Any (First Match)`
    t =   240.01s         Capturing element debug description
    t =   240.97s     Checking `Expect predicate `existsNoRetry == 1` for object Any (First Match)`
    t =   240.97s         Checking existence of `Any (First Match)`
    t =   240.99s         Capturing element debug description
    t =   241.95s     Checking `Expect predicate `existsNoRetry == 1` for object Any (First Match)`
    t =   241.95s         Checking existence of `Any (First Match)`
    t =   241.97s         Capturing element debug description
    t =   242.02s     Checking existence of `Any (First Match)`
    t =   242.03s Collecting debug information to assist test failure triage
    t =   242.03s     Requesting snapshot of accessibility hierarchy for app with pid 39721
    t =   242.07s Checking existence of `Any (First Match)`
/Users/nstudio/Documents/github/NathanWalker/token-economics/harness/perf/uidriver/InteropCaptureTests.swift:24: error: -[UIDriverUITests.InteropCaptureTests testCaptureInteropResults] : failed - no INTEROPJSON element within 240s; last status: unknown
    t =   242.11s Tear Down
Test Case '-[UIDriverUITests.InteropCaptureTests testCaptureInteropResults]' failed (242.320 seconds).
Test Suite 'InteropCaptureTests' failed at 2026-08-01 18:24:12.599.
	 Executed 1 test, with 1 failure (0 unexpected) in 242.320 (242.322) seconds
Test Suite 'UIDriverUITests.xctest' failed at 2026-08-01 18:24:12.599.
	 Executed 2 tests, with 1 failure (0 unexpected) in 422.929 (422.935) seconds
Test Suite 'All tests' failed at 2026-08-01 18:24:12.600.
	 Executed 2 tests, with 1 failure (0 unexpected) in 422.929 (422.936) seconds
2026-08-01 18:24:22.075 xcodebuild[39599:30405051] [MT] IDETestOperationsObserverDebug: 433.977 elapsed -- Testing started completed.
2026-08-01 18:24:22.075 xcodebuild[39599:30405051] [MT] IDETestOperationsObserverDebug: 0.000 sec, +0.000 sec -- start
2026-08-01 18:24:22.075 xcodebuild[39599:30405051] [MT] IDETestOperationsObserverDebug: 433.977 sec, +433.977 sec -- end

Test session results, code coverage, and logs:
	/Users/nstudio/Library/Developer/Xcode/DerivedData/UIDriver-ekqcqbpucoqmcgbikewqdmafsmmj/Logs/Test/Test-UIDriver-2026.08.01_18-17-07--0700.xcresult

Failing tests:
	InteropCaptureTests.testCaptureInteropResults()

** TEST FAILED **

Testing started
