Command line invocation:
    /Applications/Xcode.app/Contents/Developer/usr/bin/xcodebuild test -project UIDriver.xcodeproj -scheme UIDriver -destination id=7DFF2660-A10C-449E-867A-92863D91663B

--- xcodebuild: WARNING: Using the first of multiple matching destinations:
{ platform:iOS Simulator, arch:arm64, id:7DFF2660-A10C-449E-867A-92863D91663B, OS:26.5, name:iPhone 17 Pro }
{ platform:iOS Simulator, arch:x86_64, id:7DFF2660-A10C-449E-867A-92863D91663B, OS:26.5, name:iPhone 17 Pro }
ComputePackagePrebuildTargetDependencyGraph

Prepare packages

CreateBuildRequest

SendProjectDescription

CreateBuildOperation

ComputeTargetDependencyGraph
note: Building targets in dependency order
note: Target dependency graph (1 target)
    Target 'UIDriverUITests' in project 'UIDriver' (no dependencies)

GatherProvisioningInputs

CreateBuildDescription

ClangStatCache /Applications/Xcode.app/Contents/Developer/Toolchains/XcodeDefault.xctoolchain/usr/bin/clang-stat-cache /Applications/Xcode.app/Contents/Developer/Platforms/iPhoneSimulator.platform/Developer/SDKs/iPhoneSimulator26.5.sdk /Users/nstudio/Library/Developer/Xcode/DerivedData/SDKStatCaches.noindex/iphonesimulator26.5-23F73-688ef53f1462e2c8f657fdc38a81448f6cfe768891a92b912361537c460fe42b.sdkstatcache
    cd /Users/nstudio/Documents/github/NathanWalker/token-economics/harness/perf/uidriver/UIDriver.xcodeproj
    /Applications/Xcode.app/Contents/Developer/Toolchains/XcodeDefault.xctoolchain/usr/bin/clang-stat-cache /Applications/Xcode.app/Contents/Developer/Platforms/iPhoneSimulator.platform/Developer/SDKs/iPhoneSimulator26.5.sdk -o /Users/nstudio/Library/Developer/Xcode/DerivedData/SDKStatCaches.noindex/iphonesimulator26.5-23F73-688ef53f1462e2c8f657fdc38a81448f6cfe768891a92b912361537c460fe42b.sdkstatcache

ProcessInfoPlistFile /Users/nstudio/Library/Developer/Xcode/DerivedData/UIDriver-ekqcqbpucoqmcgbikewqdmafsmmj/Build/Products/Debug-iphonesimulator/UIDriverUITests-Runner.app/PlugIns/UIDriverUITests.xctest/Info.plist /Users/nstudio/Library/Developer/Xcode/DerivedData/UIDriver-ekqcqbpucoqmcgbikewqdmafsmmj/Build/Intermediates.noindex/UIDriver.build/Debug-iphonesimulator/UIDriverUITests.build/empty-UIDriverUITests.plist (in target 'UIDriverUITests' from project 'UIDriver')
    cd /Users/nstudio/Documents/github/NathanWalker/token-economics/harness/perf/uidriver
    builtin-infoPlistUtility /Users/nstudio/Library/Developer/Xcode/DerivedData/UIDriver-ekqcqbpucoqmcgbikewqdmafsmmj/Build/Intermediates.noindex/UIDriver.build/Debug-iphonesimulator/UIDriverUITests.build/empty-UIDriverUITests.plist -producttype com.apple.product-type.bundle.ui-testing -expandbuildsettings -format binary -platform iphonesimulator -additionalcontentfile /Users/nstudio/Library/Developer/Xcode/DerivedData/UIDriver-ekqcqbpucoqmcgbikewqdmafsmmj/Build/Intermediates.noindex/UIDriver.build/Debug-iphonesimulator/UIDriverUITests.build/ProductTypeInfoPlistAdditions.plist -o /Users/nstudio/Library/Developer/Xcode/DerivedData/UIDriver-ekqcqbpucoqmcgbikewqdmafsmmj/Build/Products/Debug-iphonesimulator/UIDriverUITests-Runner.app/PlugIns/UIDriverUITests.xctest/Info.plist

CopySwiftLibs /Users/nstudio/Library/Developer/Xcode/DerivedData/UIDriver-ekqcqbpucoqmcgbikewqdmafsmmj/Build/Products/Debug-iphonesimulator/UIDriverUITests-Runner.app/PlugIns/UIDriverUITests.xctest (in target 'UIDriverUITests' from project 'UIDriver')
    cd /Users/nstudio/Documents/github/NathanWalker/token-economics/harness/perf/uidriver
    builtin-swiftStdLibTool --copy --verbose --scan-executable /Users/nstudio/Library/Developer/Xcode/DerivedData/UIDriver-ekqcqbpucoqmcgbikewqdmafsmmj/Build/Products/Debug-iphonesimulator/UIDriverUITests-Runner.app/PlugIns/UIDriverUITests.xctest/UIDriverUITests --scan-folder /Users/nstudio/Library/Developer/Xcode/DerivedData/UIDriver-ekqcqbpucoqmcgbikewqdmafsmmj/Build/Products/Debug-iphonesimulator/UIDriverUITests-Runner.app/PlugIns/UIDriverUITests.xctest/Frameworks --scan-folder /Users/nstudio/Library/Developer/Xcode/DerivedData/UIDriver-ekqcqbpucoqmcgbikewqdmafsmmj/Build/Products/Debug-iphonesimulator/UIDriverUITests-Runner.app/PlugIns/UIDriverUITests.xctest/PlugIns --scan-folder /Users/nstudio/Library/Developer/Xcode/DerivedData/UIDriver-ekqcqbpucoqmcgbikewqdmafsmmj/Build/Products/Debug-iphonesimulator/UIDriverUITests-Runner.app/PlugIns/UIDriverUITests.xctest/SystemExtensions --scan-folder /Users/nstudio/Library/Developer/Xcode/DerivedData/UIDriver-ekqcqbpucoqmcgbikewqdmafsmmj/Build/Products/Debug-iphonesimulator/UIDriverUITests-Runner.app/PlugIns/UIDriverUITests.xctest/Extensions --platform iphonesimulator --toolchain /var/run/com.apple.security.cryptexd/mnt/com.apple.MobileAsset.MetalToolchain-v17.6.42.0.xRBJyY/Metal.xctoolchain --toolchain /Applications/Xcode.app/Contents/Developer/Toolchains/XcodeDefault.xctoolchain --destination /Users/nstudio/Library/Developer/Xcode/DerivedData/UIDriver-ekqcqbpucoqmcgbikewqdmafsmmj/Build/Products/Debug-iphonesimulator/UIDriverUITests-Runner.app/PlugIns/UIDriverUITests.xctest/Frameworks --strip-bitcode --scan-executable /Applications/Xcode.app/Contents/Developer/Platforms/iPhoneSimulator.platform/Developer/usr/lib/libXCTestSwiftSupport.dylib --strip-bitcode-tool /Applications/Xcode.app/Contents/Developer/Toolchains/XcodeDefault.xctoolchain/usr/bin/bitcode_strip --emit-dependency-info /Users/nstudio/Library/Developer/Xcode/DerivedData/UIDriver-ekqcqbpucoqmcgbikewqdmafsmmj/Build/Intermediates.noindex/UIDriver.build/Debug-iphonesimulator/UIDriverUITests.build/SwiftStdLibToolInputDependencies.dep --filter-for-swift-os
Ignoring --strip-bitcode because --sign was not passed

2026-08-01 19:28:30.401119-0700 UIDriverUITests-Runner[43070:30562805] [Default] Running tests...
    t =      nans Interface orientation changed to Portrait
Test Suite 'All tests' started at 2026-08-01 19:28:30.991.
Test Suite 'UIDriverUITests.xctest' started at 2026-08-01 19:28:30.992.
Test Suite 'FeatureLatencyTests' started at 2026-08-01 19:28:30.992.
Test Case '-[UIDriverUITests.FeatureLatencyTests testFeatureLatencies]' started.
    t =     0.00s Start Test at 2026-08-01 19:28:30.992
    t =     0.02s Set Up
STEP[0s]: iter 0: launch org.nativescript.nsbenchmark
    t =     0.02s Open org.nativescript.nsbenchmark
    t =     0.02s     Launch org.nativescript.nsbenchmark
    t =     0.11s         Setting up automation session
objc[43070]: Class UIAccessibilityLoaderWebShared is implemented in both /Library/Developer/CoreSimulator/Volumes/iOS_23F77/Library/Developer/CoreSimulator/Profiles/Runtimes/iOS 26.5.simruntime/Contents/Resources/RuntimeRoot/System/Library/AccessibilityBundles/WebCore.axbundle/WebCore (0x105bc8310) and /Library/Developer/CoreSimulator/Volumes/iOS_23F77/Library/Developer/CoreSimulator/Profiles/Runtimes/iOS 26.5.simruntime/Contents/Resources/RuntimeRoot/System/Library/AccessibilityBundles/WebKit.axbundle/WebKit (0x10608c398). This may cause spurious casting failures and mysterious crashes. One of the duplicates must be removed or renamed.
    t =     0.87s         Wait for org.nativescript.nsbenchmark to idle
    t =     2.03s Checking existence of `"Health" Button`
    t =     2.06s Waiting 20.0s for "Health" Button to exist
    t =     3.13s     Checking `Expect predicate `existsNoRetry == 1` for object "Health" Button`
    t =     3.14s         Checking existence of `"Health" Button`
STEP[3s]: iter 0: nav Health
    t =     3.15s Checking existence of `"Health" Button`
    t =     3.16s Tap "Health" Button
    t =     3.16s     Wait for org.nativescript.nsbenchmark to idle
    t =     3.16s     Find the "Health" Button
    t =     3.17s     Check for interrupting elements affecting "Health" Button
    t =     3.18s     Synthesize event
    t =     3.47s     Wait for org.nativescript.nsbenchmark to idle
    t =     3.84s Waiting 10.0s for Any (First Match) to exist
    t =     4.90s     Checking `Expect predicate `existsNoRetry == 1` for object Any (First Match)`
    t =     4.90s         Checking existence of `Any (First Match)`
    t =     4.93s Checking existence of `Any (First Match)`
    t =     4.94s Find the Any (First Match)
STEP[4s]: iter 0: HK authorize
    t =     4.96s Checking existence of `"Request Access" Button`
    t =     4.97s Checking existence of `"Request Access" Button`
    t =     4.98s Find the "Request Access" Button
    t =     5.00s Tap "Request Access" Button
    t =     5.00s     Wait for org.nativescript.nsbenchmark to idle
    t =     5.00s     Find the "Request Access" Button
    t =     5.01s     Check for interrupting elements affecting "Request Access" Button
    t =     5.02s     Synthesize event
    t =     5.32s     Wait for org.nativescript.nsbenchmark to idle
    t =     5.32s Waiting 3.0s for Any (First Match) to exist
    t =     6.39s     Checking `Expect predicate `existsNoRetry == 1` for object Any (First Match)`
    t =     6.39s         Checking existence of `Any (First Match)`
    t =     6.45s Find the Any (First Match)
STEP[6s]: health sheet(app): tap 'Turn On All'
    t =     6.49s Tap "Turn On All" StaticText
    t =     6.49s     Wait for org.nativescript.nsbenchmark to idle
    t =     6.49s     Find the "Turn On All" StaticText
    t =     6.53s     Check for interrupting elements affecting "Turn On All" StaticText
    t =     6.57s     Synthesize event
    t =     6.86s     Wait for org.nativescript.nsbenchmark to idle
    t =     6.87s Waiting 2.0s for "Allow" Button to exist
    t =     7.94s     Checking `Expect predicate `existsNoRetry == 1` for object "Allow" Button`
    t =     7.94s         Checking existence of `"Allow" Button`
    t =     8.00s Find the "Allow" Button
STEP[8s]: health sheet(app): confirm 'Allow'
    t =     8.03s Tap "UIA.Health.Allow.Button" Button
    t =     8.03s     Wait for org.nativescript.nsbenchmark to idle
    t =     8.03s     Find the "UIA.Health.Allow.Button" Button
    t =     8.06s     Check for interrupting elements affecting "UIA.Health.Allow.Button" Button
    t =     8.09s     Synthesize event
    t =     8.38s     Wait for org.nativescript.nsbenchmark to idle
    t =     8.39s Waiting 15.0s for Any (First Match) to exist
    t =     9.45s     Checking `Expect predicate `existsNoRetry == 1` for object Any (First Match)`
    t =     9.45s         Checking existence of `Any (First Match)`
    t =     9.48s Checking existence of `"Health access: not requested" StaticText`
    t =     9.49s Find the "Health access: not requested" StaticText
    t =     9.50s Waiting 15.0s for Any (First Match) to exist
    t =    10.58s     Checking `Expect predicate `existsNoRetry == 1` for object Any (First Match)`
    t =    10.59s         Checking existence of `Any (First Match)`
    t =    10.61s Checking existence of `Any (First Match)`
    t =    10.63s Find the Any (First Match)
    t =    10.64s Checking existence of `"Log 500 Steps" Button`
    t =    10.65s Checking existence of `"Log 500 Steps" Button`
    t =    10.67s Find the "Log 500 Steps" Button
STEP[10s]: iter 0: log 500
    t =    10.68s Tap "Log 500 Steps" Button
    t =    10.68s     Wait for org.nativescript.nsbenchmark to idle
    t =    10.68s     Find the "Log 500 Steps" Button
    t =    10.69s     Check for interrupting elements affecting "Log 500 Steps" Button
    t =    10.71s     Synthesize event
    t =    11.00s     Wait for org.nativescript.nsbenchmark to idle
    t =    11.01s Checking existence of `"Sat Aug 1 — 24500 steps (today)" StaticText`
    t =    11.03s Find the "Sat Aug 1 — 24500 steps (today)" StaticText
    t =    11.11s Checking existence of `"Sat Aug 1 — 24500 steps (today)" StaticText`
    t =    11.13s Find the "Sat Aug 1 — 24500 steps (today)" StaticText
    t =    11.20s Checking existence of `"Sat Aug 1 — 24500 steps (today)" StaticText`
    t =    11.22s Find the "Sat Aug 1 — 24500 steps (today)" StaticText
    t =    11.29s Checking existence of `"Sat Aug 1 — 24500 steps (today)" StaticText`
    t =    11.31s Find the "Sat Aug 1 — 24500 steps (today)" StaticText
    t =    11.39s Checking existence of `"Sat Aug 1 — 24500 steps (today)" StaticText`
    t =    11.40s Find the "Sat Aug 1 — 24500 steps (today)" StaticText
    t =    11.48s Checking existence of `"Sat Aug 1 — 24500 steps (today)" StaticText`
    t =    11.49s Find the "Sat Aug 1 — 24500 steps (today)" StaticText
    t =    11.57s Checking existence of `"Sat Aug 1 — 24500 steps (today)" StaticText`
    t =    11.58s Find the "Sat Aug 1 — 24500 steps (today)" StaticText
    t =    11.66s Checking existence of `"Sat Aug 1 — 24500 steps (today)" StaticText`
    t =    11.67s Find the "Sat Aug 1 — 24500 steps (today)" StaticText
    t =    11.74s Checking existence of `"Sat Aug 1 — 24500 steps (today)" StaticText`
    t =    11.76s Find the "Sat Aug 1 — 24500 steps (today)" StaticText
    t =    11.83s Checking existence of `"Sat Aug 1 — 24500 steps (today)" StaticText`
    t =    11.84s Find the "Sat Aug 1 — 24500 steps (today)" StaticText
    t =    11.91s Checking existence of `"Sat Aug 1 — 24500 steps (today)" StaticText`
    t =    11.93s Find the "Sat Aug 1 — 24500 steps (today)" StaticText
    t =    12.00s Checking existence of `"Sat Aug 1 — 24500 steps (today)" StaticText`
    t =    12.02s Find the "Sat Aug 1 — 24500 steps (today)" StaticText
    t =    12.10s Checking existence of `"Sat Aug 1 — 24500 steps (today)" StaticText`
    t =    12.11s Find the "Sat Aug 1 — 24500 steps (today)" StaticText
    t =    12.18s Checking existence of `"Sat Aug 1 — 24500 steps (today)" StaticText`
    t =    12.20s Find the "Sat Aug 1 — 24500 steps (today)" StaticText
    t =    12.28s Checking existence of `"Sat Aug 1 — 24500 steps (today)" StaticText`
    t =    12.29s Find the "Sat Aug 1 — 24500 steps (today)" StaticText
    t =    12.37s Checking existence of `"Sat Aug 1 — 24500 steps (today)" StaticText`
    t =    12.38s Find the "Sat Aug 1 — 24500 steps (today)" StaticText
    t =    12.46s Checking existence of `"Sat Aug 1 — 24500 steps (today)" StaticText`
    t =    12.47s Find the "Sat Aug 1 — 24500 steps (today)" StaticText
    t =    12.55s Checking existence of `"Sat Aug 1 — 24500 steps (today)" StaticText`
    t =    12.57s Find the "Sat Aug 1 — 24500 steps (today)" StaticText
    t =    12.64s Checking existence of `"Sat Aug 1 — 24500 steps (today)" StaticText`
    t =    12.66s Find the "Sat Aug 1 — 24500 steps (today)" StaticText
    t =    12.73s Checking existence of `"Sat Aug 1 — 24500 steps (today)" StaticText`
    t =    12.75s Find the "Sat Aug 1 — 24500 steps (today)" StaticText
    t =    12.83s Checking existence of `"Sat Aug 1 — 24500 steps (today)" StaticText`
    t =    12.84s Find the "Sat Aug 1 — 24500 steps (today)" StaticText
    t =    12.91s Checking existence of `"Sat Aug 1 — 24500 steps (today)" StaticText`
    t =    12.93s Find the "Sat Aug 1 — 24500 steps (today)" StaticText
    t =    13.00s Checking existence of `"Sat Aug 1 — 24500 steps (today)" StaticText`
    t =    13.02s Find the "Sat Aug 1 — 24500 steps (today)" StaticText
    t =    13.09s Checking existence of `"Sat Aug 1 — 24500 steps (today)" StaticText`
    t =    13.11s Find the "Sat Aug 1 — 24500 steps (today)" StaticText
    t =    13.18s Checking existence of `"Sat Aug 1 — 24500 steps (today)" StaticText`
    t =    13.20s Find the "Sat Aug 1 — 24500 steps (today)" StaticText
    t =    13.27s Checking existence of `"Sat Aug 1 — 24500 steps (today)" StaticText`
    t =    13.29s Find the "Sat Aug 1 — 24500 steps (today)" StaticText
    t =    13.36s Checking existence of `"Sat Aug 1 — 24500 steps (today)" StaticText`
    t =    13.37s Find the "Sat Aug 1 — 24500 steps (today)" StaticText
    t =    13.45s Checking existence of `"Sat Aug 1 — 24500 steps (today)" StaticText`
    t =    13.47s Find the "Sat Aug 1 — 24500 steps (today)" StaticText
    t =    13.54s Checking existence of `"Sat Aug 1 — 24500 steps (today)" StaticText`
    t =    13.56s Find the "Sat Aug 1 — 24500 steps (today)" StaticText
    t =    13.63s Checking existence of `"Sat Aug 1 — 24500 steps (today)" StaticText`
    t =    13.65s Find the "Sat Aug 1 — 24500 steps (today)" StaticText
    t =    13.73s Checking existence of `"Sat Aug 1 — 24500 steps (today)" StaticText`
    t =    13.74s Find the "Sat Aug 1 — 24500 steps (today)" StaticText
    t =    13.81s Checking existence of `"Sat Aug 1 — 24500 steps (today)" StaticText`
    t =    13.82s Find the "Sat Aug 1 — 24500 steps (today)" StaticText
    t =    13.90s Checking existence of `"Sat Aug 1 — 24500 steps (today)" StaticText`
    t =    13.91s Find the "Sat Aug 1 — 24500 steps (today)" StaticText
    t =    13.99s Checking existence of `"Sat Aug 1 — 24500 steps (today)" StaticText`
    t =    14.01s Find the "Sat Aug 1 — 24500 steps (today)" StaticText
    t =    14.08s Checking existence of `"Sat Aug 1 — 24500 steps (today)" StaticText`
    t =    14.10s Find the "Sat Aug 1 — 24500 steps (today)" StaticText
    t =    14.18s Checking existence of `"Sat Aug 1 — 24500 steps (today)" StaticText`
    t =    14.19s Find the "Sat Aug 1 — 24500 steps (today)" StaticText
    t =    14.27s Checking existence of `"Sat Aug 1 — 24500 steps (today)" StaticText`
    t =    14.28s Find the "Sat Aug 1 — 24500 steps (today)" StaticText
    t =    14.36s Checking existence of `"Sat Aug 1 — 24500 steps (today)" StaticText`
    t =    14.38s Find the "Sat Aug 1 — 24500 steps (today)" StaticText
    t =    14.45s Checking existence of `"Sat Aug 1 — 24500 steps (today)" StaticText`
    t =    14.47s Find the "Sat Aug 1 — 24500 steps (today)" StaticText
    t =    14.54s Checking existence of `"Sat Aug 1 — 24500 steps (today)" StaticText`
    t =    14.56s Find the "Sat Aug 1 — 24500 steps (today)" StaticText
    t =    14.63s Checking existence of `"Sat Aug 1 — 24500 steps (today)" StaticText`
    t =    14.64s Find the "Sat Aug 1 — 24500 steps (today)" StaticText
    t =    14.72s Checking existence of `"Sat Aug 1 — 24500 steps (today)" StaticText`
    t =    14.74s Find the "Sat Aug 1 — 24500 steps (today)" StaticText
    t =    14.81s Checking existence of `"Sat Aug 1 — 24500 steps (today)" StaticText`
    t =    14.83s Find the "Sat Aug 1 — 24500 steps (today)" StaticText
    t =    14.91s Checking existence of `"Sat Aug 1 — 24500 steps (today)" StaticText`
    t =    14.92s Find the "Sat Aug 1 — 24500 steps (today)" StaticText
    t =    15.00s Checking existence of `"Sat Aug 1 — 24500 steps (today)" StaticText`
    t =    15.01s Find the "Sat Aug 1 — 24500 steps (today)" StaticText
    t =    15.09s Checking existence of `"Sat Aug 1 — 24500 steps (today)" StaticText`
    t =    15.11s Find the "Sat Aug 1 — 24500 steps (today)" StaticText
    t =    15.18s Checking existence of `"Sat Aug 1 — 24500 steps (today)" StaticText`
    t =    15.20s Find the "Sat Aug 1 — 24500 steps (today)" StaticText
    t =    15.27s Checking existence of `"Sat Aug 1 — 24500 steps (today)" StaticText`
    t =    15.29s Find the "Sat Aug 1 — 24500 steps (today)" StaticText
    t =    15.36s Checking existence of `"Sat Aug 1 — 24500 steps (today)" StaticText`
    t =    15.37s Find the "Sat Aug 1 — 24500 steps (today)" StaticText
    t =    15.44s Checking existence of `"Sat Aug 1 — 24500 steps (today)" StaticText`
    t =    15.46s Find the "Sat Aug 1 — 24500 steps (today)" StaticText
    t =    15.53s Checking existence of `"Sat Aug 1 — 24500 steps (today)" StaticText`
    t =    15.55s Find the "Sat Aug 1 — 24500 steps (today)" StaticText
    t =    15.62s Checking existence of `"Sat Aug 1 — 24500 steps (today)" StaticText`
    t =    15.64s Find the "Sat Aug 1 — 24500 steps (today)" StaticText
    t =    15.72s Checking existence of `"Sat Aug 1 — 24500 steps (today)" StaticText`
    t =    15.73s Find the "Sat Aug 1 — 24500 steps (today)" StaticText
    t =    15.81s Checking existence of `"Sat Aug 1 — 24500 steps (today)" StaticText`
    t =    15.82s Find the "Sat Aug 1 — 24500 steps (today)" StaticText
    t =    15.90s Checking existence of `"Sat Aug 1 — 24500 steps (today)" StaticText`
    t =    15.91s Find the "Sat Aug 1 — 24500 steps (today)" StaticText
    t =    15.99s Checking existence of `"Sat Aug 1 — 24500 steps (today)" StaticText`
    t =    16.00s Find the "Sat Aug 1 — 24500 steps (today)" StaticText
    t =    16.08s Checking existence of `"Sat Aug 1 — 24500 steps (today)" StaticText`
    t =    16.10s Find the "Sat Aug 1 — 24500 steps (today)" StaticText
    t =    16.17s Checking existence of `"Sat Aug 1 — 24500 steps (today)" StaticText`
    t =    16.19s Find the "Sat Aug 1 — 24500 steps (today)" StaticText
    t =    16.26s Checking existence of `"Sat Aug 1 — 24500 steps (today)" StaticText`
    t =    16.28s Find the "Sat Aug 1 — 24500 steps (today)" StaticText
    t =    16.36s Checking existence of `"Sat Aug 1 — 24500 steps (today)" StaticText`
    t =    16.37s Find the "Sat Aug 1 — 24500 steps (today)" StaticText
    t =    16.45s Checking existence of `"Sat Aug 1 — 24500 steps (today)" StaticText`
    t =    16.46s Find the "Sat Aug 1 — 24500 steps (today)" StaticText
    t =    16.54s Checking existence of `"Sat Aug 1 — 24500 steps (today)" StaticText`
    t =    16.55s Find the "Sat Aug 1 — 24500 steps (today)" StaticText
    t =    16.63s Checking existence of `"Sat Aug 1 — 24500 steps (today)" StaticText`
    t =    16.64s Find the "Sat Aug 1 — 24500 steps (today)" StaticText
    t =    16.72s Checking existence of `"Sat Aug 1 — 24500 steps (today)" StaticText`
    t =    16.74s Find the "Sat Aug 1 — 24500 steps (today)" StaticText
    t =    16.81s Checking existence of `"Sat Aug 1 — 24500 steps (today)" StaticText`
    t =    16.82s Find the "Sat Aug 1 — 24500 steps (today)" StaticText
    t =    16.90s Checking existence of `"Sat Aug 1 — 24500 steps (today)" StaticText`
    t =    16.92s Find the "Sat Aug 1 — 24500 steps (today)" StaticText
    t =    16.99s Checking existence of `"Sat Aug 1 — 24500 steps (today)" StaticText`
    t =    17.01s Find the "Sat Aug 1 — 24500 steps (today)" StaticText
    t =    17.08s Checking existence of `"Sat Aug 1 — 24500 steps (today)" StaticText`
    t =    17.10s Find the "Sat Aug 1 — 24500 steps (today)" StaticText
    t =    17.18s Checking existence of `"Sat Aug 1 — 24500 steps (today)" StaticText`
    t =    17.19s Find the "Sat Aug 1 — 24500 steps (today)" StaticText
    t =    17.26s Checking existence of `"Sat Aug 1 — 24500 steps (today)" StaticText`
    t =    17.27s Find the "Sat Aug 1 — 24500 steps (today)" StaticText
    t =    17.35s Checking existence of `"Sat Aug 1 — 24500 steps (today)" StaticText`
    t =    17.37s Find the "Sat Aug 1 — 24500 steps (today)" StaticText
    t =    17.43s Checking existence of `"Sat Aug 1 — 24500 steps (today)" StaticText`
    t =    17.45s Find the "Sat Aug 1 — 24500 steps (today)" StaticText
    t =    17.52s Checking existence of `"Sat Aug 1 — 24500 steps (today)" StaticText`
    t =    17.54s Find the "Sat Aug 1 — 24500 steps (today)" StaticText
    t =    17.61s Checking existence of `"Sat Aug 1 — 24500 steps (today)" StaticText`
    t =    17.62s Find the "Sat Aug 1 — 24500 steps (today)" StaticText
    t =    17.70s Checking existence of `"Sat Aug 1 — 24500 steps (today)" StaticText`
    t =    17.72s Find the "Sat Aug 1 — 24500 steps (today)" StaticText
    t =    17.78s Checking existence of `"Sat Aug 1 — 24500 steps (today)" StaticText`
    t =    17.80s Find the "Sat Aug 1 — 24500 steps (today)" StaticText
    t =    17.87s Checking existence of `"Sat Aug 1 — 24500 steps (today)" StaticText`
    t =    17.89s Find the "Sat Aug 1 — 24500 steps (today)" StaticText
    t =    17.96s Checking existence of `"Sat Aug 1 — 24500 steps (today)" StaticText`
    t =    17.97s Find the "Sat Aug 1 — 24500 steps (today)" StaticText
    t =    18.05s Checking existence of `"Sat Aug 1 — 24500 steps (today)" StaticText`
    t =    18.07s Find the "Sat Aug 1 — 24500 steps (today)" StaticText
    t =    18.14s Checking existence of `"Sat Aug 1 — 24500 steps (today)" StaticText`
    t =    18.16s Find the "Sat Aug 1 — 24500 steps (today)" StaticText
    t =    18.23s Checking existence of `"Sat Aug 1 — 24500 steps (today)" StaticText`
    t =    18.25s Find the "Sat Aug 1 — 24500 steps (today)" StaticText
    t =    18.33s Checking existence of `"Sat Aug 1 — 24500 steps (today)" StaticText`
    t =    18.34s Find the "Sat Aug 1 — 24500 steps (today)" StaticText
    t =    18.42s Checking existence of `"Sat Aug 1 — 24500 steps (today)" StaticText`
    t =    18.43s Find the "Sat Aug 1 — 24500 steps (today)" StaticText
    t =    18.51s Checking existence of `"Sat Aug 1 — 24500 steps (today)" StaticText`
    t =    18.52s Find the "Sat Aug 1 — 24500 steps (today)" StaticText
    t =    18.60s Checking existence of `"Sat Aug 1 — 24500 steps (today)" StaticText`
    t =    18.62s Find the "Sat Aug 1 — 24500 steps (today)" StaticText
    t =    18.69s Checking existence of `"Sat Aug 1 — 24500 steps (today)" StaticText`
    t =    18.70s Find the "Sat Aug 1 — 24500 steps (today)" StaticText
    t =    18.78s Checking existence of `"Sat Aug 1 — 24500 steps (today)" StaticText`
    t =    18.79s Find the "Sat Aug 1 — 24500 steps (today)" StaticText
    t =    18.87s Checking existence of `"Sat Aug 1 — 24500 steps (today)" StaticText`
    t =    18.89s Find the "Sat Aug 1 — 24500 steps (today)" StaticText
    t =    18.96s Checking existence of `"Sat Aug 1 — 24500 steps (today)" StaticText`
    t =    18.98s Find the "Sat Aug 1 — 24500 steps (today)" StaticText
    t =    19.05s Checking existence of `"Sat Aug 1 — 24500 steps (today)" StaticText`
    t =    19.07s Find the "Sat Aug 1 — 24500 steps (today)" StaticText
    t =    19.15s Checking existence of `"Sat Aug 1 — 24500 steps (today)" StaticText`
    t =    19.16s Find the "Sat Aug 1 — 24500 steps (today)" StaticText
    t =    19.24s Checking existence of `"Sat Aug 1 — 24500 steps (today)" StaticText`
    t =    19.25s Find the "Sat Aug 1 — 24500 steps (today)" StaticText
    t =    19.33s Checking existence of `"Sat Aug 1 — 24500 steps (today)" StaticText`
    t =    19.35s Find the "Sat Aug 1 — 24500 steps (today)" StaticText
    t =    19.42s Checking existence of `"Sat Aug 1 — 24500 steps (today)" StaticText`
    t =    19.44s Find the "Sat Aug 1 — 24500 steps (today)" StaticText
    t =    19.50s Checking existence of `"Sat Aug 1 — 24500 steps (today)" StaticText`
    t =    19.52s Find the "Sat Aug 1 — 24500 steps (today)" StaticText
    t =    19.60s Checking existence of `"Sat Aug 1 — 24500 steps (today)" StaticText`
    t =    19.61s Find the "Sat Aug 1 — 24500 steps (today)" StaticText
    t =    19.69s Checking existence of `"Sat Aug 1 — 24500 steps (today)" StaticText`
    t =    19.70s Find the "Sat Aug 1 — 24500 steps (today)" StaticText
    t =    19.78s Checking existence of `"Sat Aug 1 — 24500 steps (today)" StaticText`
    t =    19.79s Find the "Sat Aug 1 — 24500 steps (today)" StaticText
    t =    19.87s Checking existence of `"Sat Aug 1 — 24500 steps (today)" StaticText`
    t =    19.88s Find the "Sat Aug 1 — 24500 steps (today)" StaticText
    t =    19.95s Checking existence of `"Sat Aug 1 — 24500 steps (today)" StaticText`
    t =    19.97s Find the "Sat Aug 1 — 24500 steps (today)" StaticText
    t =    20.04s Checking existence of `"Sat Aug 1 — 24500 steps (today)" StaticText`
    t =    20.06s Find the "Sat Aug 1 — 24500 steps (today)" StaticText
    t =    20.14s Checking existence of `"Sat Aug 1 — 24500 steps (today)" StaticText`
    t =    20.15s Find the "Sat Aug 1 — 24500 steps (today)" StaticText
    t =    20.23s Checking existence of `"Sat Aug 1 — 24500 steps (today)" StaticText`
    t =    20.24s Find the "Sat Aug 1 — 24500 steps (today)" StaticText
    t =    20.32s Checking existence of `"Sat Aug 1 — 24500 steps (today)" StaticText`
    t =    20.33s Find the "Sat Aug 1 — 24500 steps (today)" StaticText
    t =    20.40s Checking existence of `"Sat Aug 1 — 24500 steps (today)" StaticText`
    t =    20.42s Find the "Sat Aug 1 — 24500 steps (today)" StaticText
    t =    20.49s Checking existence of `"Sat Aug 1 — 24500 steps (today)" StaticText`
    t =    20.50s Find the "Sat Aug 1 — 24500 steps (today)" StaticText
    t =    20.58s Checking existence of `"Sat Aug 1 — 24500 steps (today)" StaticText`
    t =    20.59s Find the "Sat Aug 1 — 24500 steps (today)" StaticText
    t =    20.67s Checking existence of `"Sat Aug 1 — 24500 steps (today)" StaticText`
    t =    20.69s Find the "Sat Aug 1 — 24500 steps (today)" StaticText
    t =    20.76s Checking existence of `"Sat Aug 1 — 24500 steps (today)" StaticText`
    t =    20.78s Find the "Sat Aug 1 — 24500 steps (today)" StaticText
    t =    20.85s Checking existence of `"Sat Aug 1 — 24500 steps (today)" StaticText`
    t =    20.87s Find the "Sat Aug 1 — 24500 steps (today)" StaticText
    t =    20.94s Checking existence of `"Sat Aug 1 — 24500 steps (today)" StaticText`
    t =    20.95s Find the "Sat Aug 1 — 24500 steps (today)" StaticText
    t =    21.03s Checking existence of `"Sat Aug 1 — 24500 steps (today)" StaticText`
    t =    21.04s Find the "Sat Aug 1 — 24500 steps (today)" StaticText
    t =    21.12s Checking existence of `"Sat Aug 1 — 24500 steps (today)" StaticText`
    t =    21.13s Find the "Sat Aug 1 — 24500 steps (today)" StaticText
    t =    21.21s Checking existence of `"Sat Aug 1 — 24500 steps (today)" StaticText`
    t =    21.22s Find the "Sat Aug 1 — 24500 steps (today)" StaticText
    t =    21.29s Checking existence of `"Sat Aug 1 — 24500 steps (today)" StaticText`
    t =    21.31s Find the "Sat Aug 1 — 24500 steps (today)" StaticText
    t =    21.38s Checking existence of `"Sat Aug 1 — 24500 steps (today)" StaticText`
    t =    21.40s Find the "Sat Aug 1 — 24500 steps (today)" StaticText
    t =    21.47s Checking existence of `"Sat Aug 1 — 24500 steps (today)" StaticText`
    t =    21.49s Find the "Sat Aug 1 — 24500 steps (today)" StaticText
    t =    21.57s Checking existence of `"Sat Aug 1 — 24500 steps (today)" StaticText`
    t =    21.58s Find the "Sat Aug 1 — 24500 steps (today)" StaticText
    t =    21.65s Checking existence of `"Sat Aug 1 — 24500 steps (today)" StaticText`
    t =    21.67s Find the "Sat Aug 1 — 24500 steps (today)" StaticText
    t =    21.74s Checking existence of `"Sat Aug 1 — 24500 steps (today)" StaticText`
    t =    21.76s Find the "Sat Aug 1 — 24500 steps (today)" StaticText
    t =    21.84s Checking existence of `"Sat Aug 1 — 24500 steps (today)" StaticText`
    t =    21.85s Find the "Sat Aug 1 — 24500 steps (today)" StaticText
    t =    21.92s Checking existence of `"Sat Aug 1 — 24500 steps (today)" StaticText`
    t =    21.93s Find the "Sat Aug 1 — 24500 steps (today)" StaticText
    t =    22.01s Checking existence of `"Sat Aug 1 — 24500 steps (today)" StaticText`
    t =    22.02s Find the "Sat Aug 1 — 24500 steps (today)" StaticText
    t =    22.09s Checking existence of `"Sat Aug 1 — 24500 steps (today)" StaticText`
    t =    22.11s Find the "Sat Aug 1 — 24500 steps (today)" StaticText
    t =    22.18s Checking existence of `"Sat Aug 1 — 24500 steps (today)" StaticText`
    t =    22.20s Find the "Sat Aug 1 — 24500 steps (today)" StaticText
    t =    22.27s Checking existence of `"Sat Aug 1 — 24500 steps (today)" StaticText`
    t =    22.29s Find the "Sat Aug 1 — 24500 steps (today)" StaticText
    t =    22.37s Checking existence of `"Sat Aug 1 — 24500 steps (today)" StaticText`
    t =    22.38s Find the "Sat Aug 1 — 24500 steps (today)" StaticText
    t =    22.46s Checking existence of `"Sat Aug 1 — 24500 steps (today)" StaticText`
    t =    22.47s Find the "Sat Aug 1 — 24500 steps (today)" StaticText
    t =    22.55s Checking existence of `"Sat Aug 1 — 24500 steps (today)" StaticText`
    t =    22.57s Find the "Sat Aug 1 — 24500 steps (today)" StaticText
    t =    22.64s Checking existence of `"Sat Aug 1 — 24500 steps (today)" StaticText`
    t =    22.66s Find the "Sat Aug 1 — 24500 steps (today)" StaticText
    t =    22.73s Checking existence of `"Sat Aug 1 — 24500 steps (today)" StaticText`
    t =    22.75s Find the "Sat Aug 1 — 24500 steps (today)" StaticText
    t =    22.82s Checking existence of `"Sat Aug 1 — 24500 steps (today)" StaticText`
    t =    22.84s Find the "Sat Aug 1 — 24500 steps (today)" StaticText
    t =    22.91s Checking existence of `"Sat Aug 1 — 24500 steps (today)" StaticText`
    t =    22.93s Find the "Sat Aug 1 — 24500 steps (today)" StaticText
    t =    23.00s Checking existence of `"Sat Aug 1 — 24500 steps (today)" StaticText`
    t =    23.02s Find the "Sat Aug 1 — 24500 steps (today)" StaticText
    t =    23.10s Checking existence of `"Sat Aug 1 — 24500 steps (today)" StaticText`
    t =    23.11s Find the "Sat Aug 1 — 24500 steps (today)" StaticText
    t =    23.19s Checking existence of `"Sat Aug 1 — 24500 steps (today)" StaticText`
    t =    23.20s Find the "Sat Aug 1 — 24500 steps (today)" StaticText
    t =    23.28s Checking existence of `"Sat Aug 1 — 24500 steps (today)" StaticText`
    t =    23.30s Find the "Sat Aug 1 — 24500 steps (today)" StaticText
    t =    23.37s Checking existence of `"Sat Aug 1 — 24500 steps (today)" StaticText`
    t =    23.39s Find the "Sat Aug 1 — 24500 steps (today)" StaticText
    t =    23.46s Checking existence of `"Sat Aug 1 — 24500 steps (today)" StaticText`
    t =    23.48s Find the "Sat Aug 1 — 24500 steps (today)" StaticText
    t =    23.56s Checking existence of `"Sat Aug 1 — 24500 steps (today)" StaticText`
    t =    23.57s Find the "Sat Aug 1 — 24500 steps (today)" StaticText
    t =    23.65s Checking existence of `"Sat Aug 1 — 24500 steps (today)" StaticText`
    t =    23.66s Find the "Sat Aug 1 — 24500 steps (today)" StaticText
    t =    23.74s Checking existence of `"Sat Aug 1 — 24500 steps (today)" StaticText`
    t =    23.76s Find the "Sat Aug 1 — 24500 steps (today)" StaticText
    t =    23.84s Checking existence of `"Sat Aug 1 — 24500 steps (today)" StaticText`
    t =    23.85s Find the "Sat Aug 1 — 24500 steps (today)" StaticText
    t =    23.93s Checking existence of `"Sat Aug 1 — 24500 steps (today)" StaticText`
    t =    23.94s Find the "Sat Aug 1 — 24500 steps (today)" StaticText
    t =    24.02s Checking existence of `"Sat Aug 1 — 24500 steps (today)" StaticText`
    t =    24.03s Find the "Sat Aug 1 — 24500 steps (today)" StaticText
    t =    24.11s Checking existence of `"Sat Aug 1 — 24500 steps (today)" StaticText`
    t =    24.13s Find the "Sat Aug 1 — 24500 steps (today)" StaticText
    t =    24.20s Checking existence of `"Sat Aug 1 — 24500 steps (today)" StaticText`
    t =    24.21s Find the "Sat Aug 1 — 24500 steps (today)" StaticText
    t =    24.29s Checking existence of `"Sat Aug 1 — 24500 steps (today)" StaticText`
    t =    24.31s Find the "Sat Aug 1 — 24500 steps (today)" StaticText
    t =    24.38s Checking existence of `"Sat Aug 1 — 24500 steps (today)" StaticText`
    t =    24.40s Find the "Sat Aug 1 — 24500 steps (today)" StaticText
    t =    24.48s Checking existence of `"Sat Aug 1 — 24500 steps (today)" StaticText`
    t =    24.49s Find the "Sat Aug 1 — 24500 steps (today)" StaticText
    t =    24.57s Checking existence of `"Sat Aug 1 — 24500 steps (today)" StaticText`
    t =    24.58s Find the "Sat Aug 1 — 24500 steps (today)" StaticText
    t =    24.66s Checking existence of `"Sat Aug 1 — 24500 steps (today)" StaticText`
    t =    24.67s Find the "Sat Aug 1 — 24500 steps (today)" StaticText
    t =    24.75s Checking existence of `"Sat Aug 1 — 24500 steps (today)" StaticText`
    t =    24.77s Find the "Sat Aug 1 — 24500 steps (today)" StaticText
    t =    24.84s Checking existence of `"Sat Aug 1 — 24500 steps (today)" StaticText`
    t =    24.85s Find the "Sat Aug 1 — 24500 steps (today)" StaticText
    t =    24.93s Checking existence of `"Sat Aug 1 — 24500 steps (today)" StaticText`
    t =    24.94s Find the "Sat Aug 1 — 24500 steps (today)" StaticText
    t =    25.02s Checking existence of `"Sat Aug 1 — 24500 steps (today)" StaticText`
    t =    25.04s Find the "Sat Aug 1 — 24500 steps (today)" StaticText
    t =    25.11s Checking existence of `"Sat Aug 1 — 24500 steps (today)" StaticText`
    t =    25.13s Find the "Sat Aug 1 — 24500 steps (today)" StaticText
    t =    25.20s Checking existence of `"Sat Aug 1 — 24500 steps (today)" StaticText`
    t =    25.21s Find the "Sat Aug 1 — 24500 steps (today)" StaticText
    t =    25.28s Checking existence of `"Sat Aug 1 — 24500 steps (today)" StaticText`
    t =    25.30s Find the "Sat Aug 1 — 24500 steps (today)" StaticText
    t =    25.38s Checking existence of `"Sat Aug 1 — 24500 steps (today)" StaticText`
    t =    25.39s Find the "Sat Aug 1 — 24500 steps (today)" StaticText
    t =    25.47s Checking existence of `"Sat Aug 1 — 24500 steps (today)" StaticText`
    t =    25.48s Find the "Sat Aug 1 — 24500 steps (today)" StaticText
    t =    25.56s Checking existence of `"Sat Aug 1 — 24500 steps (today)" StaticText`
    t =    25.57s Find the "Sat Aug 1 — 24500 steps (today)" StaticText
    t =    25.65s Checking existence of `"Sat Aug 1 — 24500 steps (today)" StaticText`
    t =    25.67s Find the "Sat Aug 1 — 24500 steps (today)" StaticText
    t =    25.74s Checking existence of `"Sat Aug 1 — 24500 steps (today)" StaticText`
    t =    25.76s Find the "Sat Aug 1 — 24500 steps (today)" StaticText
    t =    25.83s Checking existence of `"Sat Aug 1 — 24500 steps (today)" StaticText`
    t =    25.84s Find the "Sat Aug 1 — 24500 steps (today)" StaticText
    t =    25.91s Checking existence of `"Sat Aug 1 — 24500 steps (today)" StaticText`
    t =    25.93s Find the "Sat Aug 1 — 24500 steps (today)" StaticText
    t =    26.00s Checking existence of `"Sat Aug 1 — 24500 steps (today)" StaticText`
    t =    26.02s Find the "Sat Aug 1 — 24500 steps (today)" StaticText
STEP[26s]: iter 0: go home
    t =    26.09s Checking existence of `"Transcribe" Button`
    t =    26.11s Checking existence of `"Health" Button`
    t =    26.13s Checking existence of `Any (First Match)`
    t =    26.14s Checking existence of `Button (Element at index 0)`
    t =    26.15s Find the Button (Element at index 0)
STEP[26s]: goHome: tapping candidate 0
    t =    26.17s Tap "BackButton" Button
    t =    26.18s     Wait for org.nativescript.nsbenchmark to idle
    t =    26.18s     Find the "BackButton" Button
    t =    26.19s     Check for interrupting elements affecting "BackButton" Button
    t =    26.21s     Synthesize event
    t =    26.50s     Wait for org.nativescript.nsbenchmark to idle
    t =    27.33s Checking existence of `"Transcribe" Button`
    t =    27.34s Waiting 3.0s for "Transcribe" Button to exist
    t =    28.42s     Checking `Expect predicate `existsNoRetry == 1` for object "Transcribe" Button`
    t =    28.42s         Checking existence of `"Transcribe" Button`
STEP[28s]: iter 0: nav Transcribe
    t =    28.43s Checking existence of `"Transcribe" Button`
    t =    28.44s Tap "Transcribe" Button
    t =    28.44s     Wait for org.nativescript.nsbenchmark to idle
    t =    28.44s     Find the "Transcribe" Button
    t =    28.45s     Check for interrupting elements affecting "Transcribe" Button
    t =    28.46s     Synthesize event
    t =    28.75s     Wait for org.nativescript.nsbenchmark to idle
    t =    29.07s Waiting 10.0s for Any (First Match) to exist
    t =    30.15s     Checking `Expect predicate `existsNoRetry == 1` for object Any (First Match)`
    t =    30.15s         Checking existence of `Any (First Match)`
    t =    30.17s Checking existence of `Any (First Match)`
    t =    30.18s Find the Any (First Match)
STEP[30s]: iter 0: speech authorize
    t =    30.20s Checking existence of `"Request Access" Button`
    t =    30.21s Checking existence of `"Request Access" Button`
    t =    30.22s Find the "Request Access" Button
    t =    30.23s Tap "Request Access" Button
    t =    30.23s     Wait for org.nativescript.nsbenchmark to idle
    t =    30.24s     Find the "Request Access" Button
    t =    30.25s     Check for interrupting elements affecting "Request Access" Button
    t =    30.26s     Synthesize event
    t =    30.55s     Wait for org.nativescript.nsbenchmark to idle
    t =    30.55s Waiting 3.0s for "Allow" Button to exist
    t =    31.61s     Checking `Expect predicate `existsNoRetry == 1` for object "Allow" Button`
    t =    31.62s         Checking existence of `"Allow" Button`
STEP[31s]: system alert: 'Allow'
    t =    31.65s Tap "Allow" Button
    t =    31.65s     Wait for com.apple.springboard to idle
    t =    31.65s     Find the "Allow" Button
    t =    31.67s     Check for interrupting elements affecting "Allow" Button
    t =    31.70s     Synthesize event
    t =    31.99s     Wait for com.apple.springboard to idle
    t =    32.22s Waiting 15.0s for Any (First Match) to exist
    t =    33.29s     Checking `Expect predicate `existsNoRetry == 1` for object Any (First Match)`
    t =    33.29s         Checking existence of `Any (First Match)`
    t =    33.31s Checking existence of `"Speech access: not requested" StaticText`
    t =    33.32s Find the "Speech access: not requested" StaticText
    t =    33.34s Checking existence of `"Transcribe Sample" Button`
    t =    33.35s Checking existence of `"Transcribe Sample" Button`
    t =    33.36s Find the "Transcribe Sample" Button
STEP[33s]: iter 0: transcribe
    t =    33.37s Tap "Transcribe Sample" Button
    t =    33.37s     Wait for org.nativescript.nsbenchmark to idle
    t =    33.38s     Find the "Transcribe Sample" Button
    t =    33.39s     Check for interrupting elements affecting "Transcribe Sample" Button
    t =    33.40s     Synthesize event
    t =    33.69s     Wait for org.nativescript.nsbenchmark to idle
    t =    33.70s Waiting 45.0s for Any (First Match) to exist
    t =    34.76s     Checking `Expect predicate `existsNoRetry == 1` for object Any (First Match)`
    t =    34.76s         Checking existence of `Any (First Match)`
    t =    34.79s         Capturing element debug description
    t =    35.72s     Checking `Expect predicate `existsNoRetry == 1` for object Any (First Match)`
    t =    35.72s         Checking existence of `Any (First Match)`
    t =    35.75s         Capturing element debug description
    t =    36.72s     Checking `Expect predicate `existsNoRetry == 1` for object Any (First Match)`
    t =    36.72s         Checking existence of `Any (First Match)`
    t =    36.74s         Capturing element debug description
    t =    37.70s     Checking `Expect predicate `existsNoRetry == 1` for object Any (First Match)`
    t =    37.70s         Checking existence of `Any (First Match)`
    t =    37.72s         Capturing element debug description
    t =    38.77s     Checking `Expect predicate `existsNoRetry == 1` for object Any (First Match)`
    t =    38.77s         Checking existence of `Any (First Match)`
    t =    38.80s         Capturing element debug description
    t =    39.76s     Checking `Expect predicate `existsNoRetry == 1` for object Any (First Match)`
    t =    39.76s         Checking existence of `Any (First Match)`
    t =    39.79s         Capturing element debug description
    t =    40.76s     Checking `Expect predicate `existsNoRetry == 1` for object Any (First Match)`
    t =    40.76s         Checking existence of `Any (First Match)`
    t =    40.78s         Capturing element debug description
    t =    41.79s     Checking `Expect predicate `existsNoRetry == 1` for object Any (First Match)`
    t =    41.79s         Checking existence of `Any (First Match)`
    t =    41.82s         Capturing element debug description
    t =    42.73s     Checking `Expect predicate `existsNoRetry == 1` for object Any (First Match)`
    t =    42.73s         Checking existence of `Any (First Match)`
    t =    42.75s         Capturing element debug description
    t =    43.76s     Checking `Expect predicate `existsNoRetry == 1` for object Any (First Match)`
    t =    43.76s         Checking existence of `Any (First Match)`
    t =    43.78s         Capturing element debug description
    t =    44.79s     Checking `Expect predicate `existsNoRetry == 1` for object Any (First Match)`
    t =    44.79s         Checking existence of `Any (First Match)`
    t =    44.81s         Capturing element debug description
    t =    45.72s     Checking `Expect predicate `existsNoRetry == 1` for object Any (First Match)`
    t =    45.72s         Checking existence of `Any (First Match)`
    t =    45.74s         Capturing element debug description
    t =    46.75s     Checking `Expect predicate `existsNoRetry == 1` for object Any (First Match)`
    t =    46.75s         Checking existence of `Any (First Match)`
    t =    46.78s         Capturing element debug description
    t =    47.78s     Checking `Expect predicate `existsNoRetry == 1` for object Any (First Match)`
    t =    47.79s         Checking existence of `Any (First Match)`
    t =    47.81s         Capturing element debug description
    t =    48.72s     Checking `Expect predicate `existsNoRetry == 1` for object Any (First Match)`
    t =    48.72s         Checking existence of `Any (First Match)`
    t =    48.75s         Capturing element debug description
    t =    49.75s     Checking `Expect predicate `existsNoRetry == 1` for object Any (First Match)`
    t =    49.75s         Checking existence of `Any (First Match)`
    t =    49.78s         Capturing element debug description
    t =    50.78s     Checking `Expect predicate `existsNoRetry == 1` for object Any (First Match)`
    t =    50.78s         Checking existence of `Any (First Match)`
    t =    50.81s         Capturing element debug description
    t =    51.71s     Checking `Expect predicate `existsNoRetry == 1` for object Any (First Match)`
    t =    51.72s         Checking existence of `Any (First Match)`
    t =    51.74s         Capturing element debug description
    t =    52.75s     Checking `Expect predicate `existsNoRetry == 1` for object Any (First Match)`
    t =    52.75s         Checking existence of `Any (First Match)`
    t =    52.78s         Capturing element debug description
    t =    53.78s     Checking `Expect predicate `existsNoRetry == 1` for object Any (First Match)`
    t =    53.78s         Checking existence of `Any (First Match)`
    t =    53.81s         Capturing element debug description
    t =    54.72s     Checking `Expect predicate `existsNoRetry == 1` for object Any (First Match)`
    t =    54.72s         Checking existence of `Any (First Match)`
    t =    54.74s         Capturing element debug description
    t =    55.75s     Checking `Expect predicate `existsNoRetry == 1` for object Any (First Match)`
    t =    55.75s         Checking existence of `Any (First Match)`
    t =    55.78s         Capturing element debug description
    t =    56.78s     Checking `Expect predicate `existsNoRetry == 1` for object Any (First Match)`
    t =    56.79s         Checking existence of `Any (First Match)`
    t =    56.81s         Capturing element debug description
    t =    57.77s     Checking `Expect predicate `existsNoRetry == 1` for object Any (First Match)`
    t =    57.77s         Checking existence of `Any (First Match)`
    t =    57.80s         Capturing element debug description
    t =    58.77s     Checking `Expect predicate `existsNoRetry == 1` for object Any (First Match)`
    t =    58.77s         Checking existence of `Any (First Match)`
    t =    58.80s         Capturing element debug description
    t =    59.76s     Checking `Expect predicate `existsNoRetry == 1` for object Any (First Match)`
    t =    59.76s         Checking existence of `Any (First Match)`
    t =    59.79s         Capturing element debug description
    t =    60.72s     Checking `Expect predicate `existsNoRetry == 1` for object Any (First Match)`
    t =    60.72s         Checking existence of `Any (First Match)`
    t =    60.75s         Capturing element debug description
    t =    61.71s     Checking `Expect predicate `existsNoRetry == 1` for object Any (First Match)`
    t =    61.71s         Checking existence of `Any (First Match)`
    t =    61.73s         Capturing element debug description
    t =    62.78s     Checking `Expect predicate `existsNoRetry == 1` for object Any (First Match)`
    t =    62.79s         Checking existence of `Any (First Match)`
    t =    62.80s         Capturing element debug description
    t =    63.75s     Checking `Expect predicate `existsNoRetry == 1` for object Any (First Match)`
    t =    63.75s         Checking existence of `Any (First Match)`
    t =    63.78s         Capturing element debug description
    t =    64.73s     Checking `Expect predicate `existsNoRetry == 1` for object Any (First Match)`
    t =    64.74s         Checking existence of `Any (First Match)`
    t =    64.76s         Capturing element debug description
    t =    65.71s     Checking `Expect predicate `existsNoRetry == 1` for object Any (First Match)`
    t =    65.71s         Checking existence of `Any (First Match)`
    t =    65.74s         Capturing element debug description
    t =    66.70s     Checking `Expect predicate `existsNoRetry == 1` for object Any (First Match)`
    t =    66.70s         Checking existence of `Any (First Match)`
    t =    66.73s         Capturing element debug description
    t =    67.79s     Checking `Expect predicate `existsNoRetry == 1` for object Any (First Match)`
    t =    67.79s         Checking existence of `Any (First Match)`
    t =    67.81s         Capturing element debug description
    t =    68.75s     Checking `Expect predicate `existsNoRetry == 1` for object Any (First Match)`
    t =    68.75s         Checking existence of `Any (First Match)`
    t =    68.78s         Capturing element debug description
    t =    69.73s     Checking `Expect predicate `existsNoRetry == 1` for object Any (First Match)`
    t =    69.74s         Checking existence of `Any (First Match)`
    t =    69.76s         Capturing element debug description
    t =    70.71s     Checking `Expect predicate `existsNoRetry == 1` for object Any (First Match)`
    t =    70.71s         Checking existence of `Any (First Match)`
    t =    70.74s         Capturing element debug description
    t =    71.79s     Checking `Expect predicate `existsNoRetry == 1` for object Any (First Match)`
    t =    71.79s         Checking existence of `Any (First Match)`
    t =    71.82s         Capturing element debug description
    t =    72.77s     Checking `Expect predicate `existsNoRetry == 1` for object Any (First Match)`
    t =    72.77s         Checking existence of `Any (First Match)`
    t =    72.78s         Capturing element debug description
    t =    73.73s     Checking `Expect predicate `existsNoRetry == 1` for object Any (First Match)`
    t =    73.73s         Checking existence of `Any (First Match)`
    t =    73.75s         Capturing element debug description
    t =    74.72s     Checking `Expect predicate `existsNoRetry == 1` for object Any (First Match)`
    t =    74.72s         Checking existence of `Any (First Match)`
    t =    74.74s         Capturing element debug description
    t =    75.71s     Checking `Expect predicate `existsNoRetry == 1` for object Any (First Match)`
    t =    75.71s         Checking existence of `Any (First Match)`
    t =    75.74s         Capturing element debug description
    t =    76.70s     Checking `Expect predicate `existsNoRetry == 1` for object Any (First Match)`
    t =    76.70s         Checking existence of `Any (First Match)`
    t =    76.72s         Capturing element debug description
    t =    77.79s     Checking `Expect predicate `existsNoRetry == 1` for object Any (First Match)`
    t =    77.79s         Checking existence of `Any (First Match)`
    t =    77.82s         Capturing element debug description
    t =    78.71s     Checking `Expect predicate `existsNoRetry == 1` for object Any (First Match)`
    t =    78.72s         Checking existence of `Any (First Match)`
    t =    78.74s         Capturing element debug description
    t =    78.74s     Checking existence of `Any (First Match)`
    t =    78.76s Collecting debug information to assist test failure triage
    t =    78.76s     Requesting snapshot of accessibility hierarchy for app with pid 43074
    t =    78.79s Checking existence of `Any (First Match)`
    t =    78.80s Checking existence of `Any (First Match)`
    t =    78.81s Checking existence of `Any (First Match)`
    t =    78.82s Find the Any (First Match)
STEP[78s]: iter 0: done
    t =    78.83s Terminate org.nativescript.nsbenchmark:43074
STEP[79s]: iter 1: launch org.nativescript.nsbenchmark
    t =    79.92s Open org.nativescript.nsbenchmark
    t =    79.92s     Launch org.nativescript.nsbenchmark
    t =    80.03s         Setting up automation session
    t =    80.64s         Wait for org.nativescript.nsbenchmark to idle
    t =    81.81s Checking existence of `"Health" Button`
    t =    81.84s Waiting 20.0s for "Health" Button to exist
    t =    82.91s     Checking `Expect predicate `existsNoRetry == 1` for object "Health" Button`
    t =    82.91s         Checking existence of `"Health" Button`
STEP[82s]: iter 1: nav Health
    t =    82.92s Checking existence of `"Health" Button`
    t =    82.93s Tap "Health" Button
    t =    82.93s     Wait for org.nativescript.nsbenchmark to idle
    t =    82.93s     Find the "Health" Button
    t =    82.94s     Check for interrupting elements affecting "Health" Button
    t =    82.95s     Synthesize event
    t =    83.24s     Wait for org.nativescript.nsbenchmark to idle
    t =    83.62s Waiting 10.0s for Any (First Match) to exist
    t =    84.69s     Checking `Expect predicate `existsNoRetry == 1` for object Any (First Match)`
    t =    84.69s         Checking existence of `Any (First Match)`
    t =    84.72s Checking existence of `Any (First Match)`
    t =    84.74s Find the Any (First Match)
    t =    84.75s Checking existence of `"Health access: granted" StaticText`
    t =    84.76s Find the "Health access: granted" StaticText
    t =    84.77s Waiting 15.0s for Any (First Match) to exist
    t =    85.84s     Checking `Expect predicate `existsNoRetry == 1` for object Any (First Match)`
    t =    85.84s         Checking existence of `Any (First Match)`
    t =    85.87s Checking existence of `Any (First Match)`
    t =    85.88s Find the Any (First Match)
    t =    85.90s Checking existence of `"Log 500 Steps" Button`
    t =    85.91s Checking existence of `"Log 500 Steps" Button`
    t =    85.92s Find the "Log 500 Steps" Button
STEP[85s]: iter 1: log 500
    t =    85.94s Tap "Log 500 Steps" Button
    t =    85.94s     Wait for org.nativescript.nsbenchmark to idle
    t =    85.94s     Find the "Log 500 Steps" Button
    t =    85.95s     Check for interrupting elements affecting "Log 500 Steps" Button
    t =    85.97s     Synthesize event
    t =    86.26s     Wait for org.nativescript.nsbenchmark to idle
    t =    86.27s Checking existence of `"Sat Aug 1 — 24500 steps (today)" StaticText`
    t =    86.29s Find the "Sat Aug 1 — 24500 steps (today)" StaticText
    t =    86.37s Checking existence of `"Sat Aug 1 — 24500 steps (today)" StaticText`
    t =    86.38s Find the "Sat Aug 1 — 24500 steps (today)" StaticText
    t =    86.46s Checking existence of `"Sat Aug 1 — 24500 steps (today)" StaticText`
    t =    86.48s Find the "Sat Aug 1 — 24500 steps (today)" StaticText
    t =    86.55s Checking existence of `"Sat Aug 1 — 24500 steps (today)" StaticText`
    t =    86.57s Find the "Sat Aug 1 — 24500 steps (today)" StaticText
    t =    86.65s Checking existence of `"Sat Aug 1 — 24500 steps (today)" StaticText`
    t =    86.66s Find the "Sat Aug 1 — 24500 steps (today)" StaticText
    t =    86.73s Checking existence of `"Sat Aug 1 — 24500 steps (today)" StaticText`
    t =    86.75s Find the "Sat Aug 1 — 24500 steps (today)" StaticText
    t =    86.82s Checking existence of `"Sat Aug 1 — 24500 steps (today)" StaticText`
    t =    86.84s Find the "Sat Aug 1 — 24500 steps (today)" StaticText
    t =    86.91s Checking existence of `"Sat Aug 1 — 24500 steps (today)" StaticText`
    t =    86.93s Find the "Sat Aug 1 — 24500 steps (today)" StaticText
    t =    87.01s Checking existence of `"Sat Aug 1 — 24500 steps (today)" StaticText`
    t =    87.02s Find the "Sat Aug 1 — 24500 steps (today)" StaticText
    t =    87.10s Checking existence of `"Sat Aug 1 — 24500 steps (today)" StaticText`
    t =    87.11s Find the "Sat Aug 1 — 24500 steps (today)" StaticText
    t =    87.19s Checking existence of `"Sat Aug 1 — 24500 steps (today)" StaticText`
    t =    87.20s Find the "Sat Aug 1 — 24500 steps (today)" StaticText
    t =    87.28s Checking existence of `"Sat Aug 1 — 24500 steps (today)" StaticText`
    t =    87.30s Find the "Sat Aug 1 — 24500 steps (today)" StaticText
    t =    87.36s Checking existence of `"Sat Aug 1 — 24500 steps (today)" StaticText`
    t =    87.38s Find the "Sat Aug 1 — 24500 steps (today)" StaticText
    t =    87.45s Checking existence of `"Sat Aug 1 — 24500 steps (today)" StaticText`
    t =    87.47s Find the "Sat Aug 1 — 24500 steps (today)" StaticText
    t =    87.55s Checking existence of `"Sat Aug 1 — 24500 steps (today)" StaticText`
    t =    87.56s Find the "Sat Aug 1 — 24500 steps (today)" StaticText
    t =    87.63s Checking existence of `"Sat Aug 1 — 24500 steps (today)" StaticText`
    t =    87.64s Find the "Sat Aug 1 — 24500 steps (today)" StaticText
    t =    87.72s Checking existence of `"Sat Aug 1 — 24500 steps (today)" StaticText`
    t =    87.73s Find the "Sat Aug 1 — 24500 steps (today)" StaticText
    t =    87.81s Checking existence of `"Sat Aug 1 — 24500 steps (today)" StaticText`
    t =    87.83s Find the "Sat Aug 1 — 24500 steps (today)" StaticText
    t =    87.90s Checking existence of `"Sat Aug 1 — 24500 steps (today)" StaticText`
    t =    87.92s Find the "Sat Aug 1 — 24500 steps (today)" StaticText
    t =    87.99s Checking existence of `"Sat Aug 1 — 24500 steps (today)" StaticText`
    t =    88.01s Find the "Sat Aug 1 — 24500 steps (today)" StaticText
    t =    88.08s Checking existence of `"Sat Aug 1 — 24500 steps (today)" StaticText`
    t =    88.10s Find the "Sat Aug 1 — 24500 steps (today)" StaticText
    t =    88.17s Checking existence of `"Sat Aug 1 — 24500 steps (today)" StaticText`
    t =    88.18s Find the "Sat Aug 1 — 24500 steps (today)" StaticText
    t =    88.25s Checking existence of `"Sat Aug 1 — 24500 steps (today)" StaticText`
    t =    88.27s Find the "Sat Aug 1 — 24500 steps (today)" StaticText
    t =    88.35s Checking existence of `"Sat Aug 1 — 24500 steps (today)" StaticText`
    t =    88.36s Find the "Sat Aug 1 — 24500 steps (today)" StaticText
    t =    88.44s Checking existence of `"Sat Aug 1 — 24500 steps (today)" StaticText`
    t =    88.45s Find the "Sat Aug 1 — 24500 steps (today)" StaticText
    t =    88.53s Checking existence of `"Sat Aug 1 — 24500 steps (today)" StaticText`
    t =    88.54s Find the "Sat Aug 1 — 24500 steps (today)" StaticText
    t =    88.62s Checking existence of `"Sat Aug 1 — 24500 steps (today)" StaticText`
    t =    88.63s Find the "Sat Aug 1 — 24500 steps (today)" StaticText
    t =    88.71s Checking existence of `"Sat Aug 1 — 24500 steps (today)" StaticText`
    t =    88.72s Find the "Sat Aug 1 — 24500 steps (today)" StaticText
    t =    88.80s Checking existence of `"Sat Aug 1 — 24500 steps (today)" StaticText`
    t =    88.82s Find the "Sat Aug 1 — 24500 steps (today)" StaticText
    t =    88.89s Checking existence of `"Sat Aug 1 — 24500 steps (today)" StaticText`
    t =    88.91s Find the "Sat Aug 1 — 24500 steps (today)" StaticText
    t =    88.98s Checking existence of `"Sat Aug 1 — 24500 steps (today)" StaticText`
    t =    89.00s Find the "Sat Aug 1 — 24500 steps (today)" StaticText
    t =    89.08s Checking existence of `"Sat Aug 1 — 24500 steps (today)" StaticText`
    t =    89.09s Find the "Sat Aug 1 — 24500 steps (today)" StaticText
    t =    89.17s Checking existence of `"Sat Aug 1 — 24500 steps (today)" StaticText`
    t =    89.18s Find the "Sat Aug 1 — 24500 steps (today)" StaticText
    t =    89.26s Checking existence of `"Sat Aug 1 — 24500 steps (today)" StaticText`
    t =    89.28s Find the "Sat Aug 1 — 24500 steps (today)" StaticText
    t =    89.35s Checking existence of `"Sat Aug 1 — 24500 steps (today)" StaticText`
    t =    89.37s Find the "Sat Aug 1 — 24500 steps (today)" StaticText
    t =    89.44s Checking existence of `"Sat Aug 1 — 24500 steps (today)" StaticText`
    t =    89.46s Find the "Sat Aug 1 — 24500 steps (today)" StaticText
    t =    89.53s Checking existence of `"Sat Aug 1 — 24500 steps (today)" StaticText`
    t =    89.55s Find the "Sat Aug 1 — 24500 steps (today)" StaticText
    t =    89.63s Checking existence of `"Sat Aug 1 — 24500 steps (today)" StaticText`
    t =    89.64s Find the "Sat Aug 1 — 24500 steps (today)" StaticText
    t =    89.72s Checking existence of `"Sat Aug 1 — 24500 steps (today)" StaticText`
    t =    89.73s Find the "Sat Aug 1 — 24500 steps (today)" StaticText
    t =    89.81s Checking existence of `"Sat Aug 1 — 24500 steps (today)" StaticText`
    t =    89.82s Find the "Sat Aug 1 — 24500 steps (today)" StaticText
    t =    89.90s Checking existence of `"Sat Aug 1 — 24500 steps (today)" StaticText`
    t =    89.91s Find the "Sat Aug 1 — 24500 steps (today)" StaticText
    t =    89.99s Checking existence of `"Sat Aug 1 — 24500 steps (today)" StaticText`
    t =    90.00s Find the "Sat Aug 1 — 24500 steps (today)" StaticText
    t =    90.08s Checking existence of `"Sat Aug 1 — 24500 steps (today)" StaticText`
    t =    90.10s Find the "Sat Aug 1 — 24500 steps (today)" StaticText
    t =    90.17s Checking existence of `"Sat Aug 1 — 24500 steps (today)" StaticText`
    t =    90.19s Find the "Sat Aug 1 — 24500 steps (today)" StaticText
    t =    90.26s Checking existence of `"Sat Aug 1 — 24500 steps (today)" StaticText`
    t =    90.27s Find the "Sat Aug 1 — 24500 steps (today)" StaticText
    t =    90.35s Checking existence of `"Sat Aug 1 — 24500 steps (today)" StaticText`
    t =    90.37s Find the "Sat Aug 1 — 24500 steps (today)" StaticText
    t =    90.44s Checking existence of `"Sat Aug 1 — 24500 steps (today)" StaticText`
    t =    90.46s Find the "Sat Aug 1 — 24500 steps (today)" StaticText
    t =    90.53s Checking existence of `"Sat Aug 1 — 24500 steps (today)" StaticText`
    t =    90.54s Find the "Sat Aug 1 — 24500 steps (today)" StaticText
    t =    90.62s Checking existence of `"Sat Aug 1 — 24500 steps (today)" StaticText`
    t =    90.63s Find the "Sat Aug 1 — 24500 steps (today)" StaticText
    t =    90.71s Checking existence of `"Sat Aug 1 — 24500 steps (today)" StaticText`
    t =    90.72s Find the "Sat Aug 1 — 24500 steps (today)" StaticText
    t =    90.79s Checking existence of `"Sat Aug 1 — 24500 steps (today)" StaticText`
    t =    90.81s Find the "Sat Aug 1 — 24500 steps (today)" StaticText
    t =    90.88s Checking existence of `"Sat Aug 1 — 24500 steps (today)" StaticText`
    t =    90.90s Find the "Sat Aug 1 — 24500 steps (today)" StaticText
    t =    90.98s Checking existence of `"Sat Aug 1 — 24500 steps (today)" StaticText`
    t =    90.99s Find the "Sat Aug 1 — 24500 steps (today)" StaticText
    t =    91.07s Checking existence of `"Sat Aug 1 — 24500 steps (today)" StaticText`
    t =    91.08s Find the "Sat Aug 1 — 24500 steps (today)" StaticText
    t =    91.16s Checking existence of `"Sat Aug 1 — 24500 steps (today)" StaticText`
    t =    91.17s Find the "Sat Aug 1 — 24500 steps (today)" StaticText
    t =    91.25s Checking existence of `"Sat Aug 1 — 24500 steps (today)" StaticText`
    t =    91.26s Find the "Sat Aug 1 — 24500 steps (today)" StaticText
    t =    91.34s Checking existence of `"Sat Aug 1 — 24500 steps (today)" StaticText`
    t =    91.36s Find the "Sat Aug 1 — 24500 steps (today)" StaticText
    t =    91.43s Checking existence of `"Sat Aug 1 — 24500 steps (today)" StaticText`
    t =    91.44s Find the "Sat Aug 1 — 24500 steps (today)" StaticText
    t =    91.51s Checking existence of `"Sat Aug 1 — 24500 steps (today)" StaticText`
    t =    91.52s Find the "Sat Aug 1 — 24500 steps (today)" StaticText
    t =    91.60s Checking existence of `"Sat Aug 1 — 24500 steps (today)" StaticText`
    t =    91.61s Find the "Sat Aug 1 — 24500 steps (today)" StaticText
    t =    91.69s Checking existence of `"Sat Aug 1 — 24500 steps (today)" StaticText`
    t =    91.71s Find the "Sat Aug 1 — 24500 steps (today)" StaticText
    t =    91.78s Checking existence of `"Sat Aug 1 — 24500 steps (today)" StaticText`
    t =    91.79s Find the "Sat Aug 1 — 24500 steps (today)" StaticText
    t =    91.87s Checking existence of `"Sat Aug 1 — 24500 steps (today)" StaticText`
    t =    91.89s Find the "Sat Aug 1 — 24500 steps (today)" StaticText
    t =    91.96s Checking existence of `"Sat Aug 1 — 24500 steps (today)" StaticText`
    t =    91.97s Find the "Sat Aug 1 — 24500 steps (today)" StaticText
    t =    92.05s Checking existence of `"Sat Aug 1 — 24500 steps (today)" StaticText`
    t =    92.07s Find the "Sat Aug 1 — 24500 steps (today)" StaticText
    t =    92.14s Checking existence of `"Sat Aug 1 — 24500 steps (today)" StaticText`
    t =    92.16s Find the "Sat Aug 1 — 24500 steps (today)" StaticText
    t =    92.23s Checking existence of `"Sat Aug 1 — 24500 steps (today)" StaticText`
    t =    92.24s Find the "Sat Aug 1 — 24500 steps (today)" StaticText
    t =    92.32s Checking existence of `"Sat Aug 1 — 24500 steps (today)" StaticText`
    t =    92.34s Find the "Sat Aug 1 — 24500 steps (today)" StaticText
    t =    92.41s Checking existence of `"Sat Aug 1 — 24500 steps (today)" StaticText`
    t =    92.43s Find the "Sat Aug 1 — 24500 steps (today)" StaticText
    t =    92.50s Checking existence of `"Sat Aug 1 — 24500 steps (today)" StaticText`
    t =    92.51s Find the "Sat Aug 1 — 24500 steps (today)" StaticText
    t =    92.59s Checking existence of `"Sat Aug 1 — 24500 steps (today)" StaticText`
    t =    92.60s Find the "Sat Aug 1 — 24500 steps (today)" StaticText
    t =    92.68s Checking existence of `"Sat Aug 1 — 24500 steps (today)" StaticText`
    t =    92.70s Find the "Sat Aug 1 — 24500 steps (today)" StaticText
    t =    92.77s Checking existence of `"Sat Aug 1 — 24500 steps (today)" StaticText`
    t =    92.79s Find the "Sat Aug 1 — 24500 steps (today)" StaticText
    t =    92.87s Checking existence of `"Sat Aug 1 — 24500 steps (today)" StaticText`
    t =    92.88s Find the "Sat Aug 1 — 24500 steps (today)" StaticText
    t =    92.96s Checking existence of `"Sat Aug 1 — 24500 steps (today)" StaticText`
    t =    92.97s Find the "Sat Aug 1 — 24500 steps (today)" StaticText
    t =    93.05s Checking existence of `"Sat Aug 1 — 24500 steps (today)" StaticText`
    t =    93.06s Find the "Sat Aug 1 — 24500 steps (today)" StaticText
    t =    93.14s Checking existence of `"Sat Aug 1 — 24500 steps (today)" StaticText`
    t =    93.15s Find the "Sat Aug 1 — 24500 steps (today)" StaticText
    t =    93.23s Checking existence of `"Sat Aug 1 — 24500 steps (today)" StaticText`
    t =    93.24s Find the "Sat Aug 1 — 24500 steps (today)" StaticText
    t =    93.31s Checking existence of `"Sat Aug 1 — 24500 steps (today)" StaticText`
    t =    93.32s Find the "Sat Aug 1 — 24500 steps (today)" StaticText
    t =    93.40s Checking existence of `"Sat Aug 1 — 24500 steps (today)" StaticText`
    t =    93.41s Find the "Sat Aug 1 — 24500 steps (today)" StaticText
    t =    93.49s Checking existence of `"Sat Aug 1 — 24500 steps (today)" StaticText`
    t =    93.50s Find the "Sat Aug 1 — 24500 steps (today)" StaticText
    t =    93.58s Checking existence of `"Sat Aug 1 — 24500 steps (today)" StaticText`
    t =    93.59s Find the "Sat Aug 1 — 24500 steps (today)" StaticText
    t =    93.67s Checking existence of `"Sat Aug 1 — 24500 steps (today)" StaticText`
    t =    93.68s Find the "Sat Aug 1 — 24500 steps (today)" StaticText
    t =    93.76s Checking existence of `"Sat Aug 1 — 24500 steps (today)" StaticText`
    t =    93.77s Find the "Sat Aug 1 — 24500 steps (today)" StaticText
    t =    93.84s Checking existence of `"Sat Aug 1 — 24500 steps (today)" StaticText`
    t =    93.86s Find the "Sat Aug 1 — 24500 steps (today)" StaticText
    t =    93.93s Checking existence of `"Sat Aug 1 — 24500 steps (today)" StaticText`
    t =    93.95s Find the "Sat Aug 1 — 24500 steps (today)" StaticText
    t =    94.03s Checking existence of `"Sat Aug 1 — 24500 steps (today)" StaticText`
    t =    94.04s Find the "Sat Aug 1 — 24500 steps (today)" StaticText
    t =    94.12s Checking existence of `"Sat Aug 1 — 24500 steps (today)" StaticText`
    t =    94.13s Find the "Sat Aug 1 — 24500 steps (today)" StaticText
    t =    94.21s Checking existence of `"Sat Aug 1 — 24500 steps (today)" StaticText`
    t =    94.22s Find the "Sat Aug 1 — 24500 steps (today)" StaticText
    t =    94.30s Checking existence of `"Sat Aug 1 — 24500 steps (today)" StaticText`
    t =    94.32s Find the "Sat Aug 1 — 24500 steps (today)" StaticText
    t =    94.39s Checking existence of `"Sat Aug 1 — 24500 steps (today)" StaticText`
    t =    94.41s Find the "Sat Aug 1 — 24500 steps (today)" StaticText
    t =    94.48s Checking existence of `"Sat Aug 1 — 24500 steps (today)" StaticText`
    t =    94.50s Find the "Sat Aug 1 — 24500 steps (today)" StaticText
    t =    94.57s Checking existence of `"Sat Aug 1 — 24500 steps (today)" StaticText`
    t =    94.59s Find the "Sat Aug 1 — 24500 steps (today)" StaticText
    t =    94.67s Checking existence of `"Sat Aug 1 — 24500 steps (today)" StaticText`
    t =    94.68s Find the "Sat Aug 1 — 24500 steps (today)" StaticText
    t =    94.76s Checking existence of `"Sat Aug 1 — 24500 steps (today)" StaticText`
    t =    94.77s Find the "Sat Aug 1 — 24500 steps (today)" StaticText
    t =    94.85s Checking existence of `"Sat Aug 1 — 24500 steps (today)" StaticText`
    t =    94.87s Find the "Sat Aug 1 — 24500 steps (today)" StaticText
    t =    94.94s Checking existence of `"Sat Aug 1 — 24500 steps (today)" StaticText`
    t =    94.96s Find the "Sat Aug 1 — 24500 steps (today)" StaticText
    t =    95.03s Checking existence of `"Sat Aug 1 — 24500 steps (today)" StaticText`
    t =    95.04s Find the "Sat Aug 1 — 24500 steps (today)" StaticText
    t =    95.12s Checking existence of `"Sat Aug 1 — 24500 steps (today)" StaticText`
    t =    95.13s Find the "Sat Aug 1 — 24500 steps (today)" StaticText
    t =    95.21s Checking existence of `"Sat Aug 1 — 24500 steps (today)" StaticText`
    t =    95.22s Find the "Sat Aug 1 — 24500 steps (today)" StaticText
    t =    95.30s Checking existence of `"Sat Aug 1 — 24500 steps (today)" StaticText`
    t =    95.31s Find the "Sat Aug 1 — 24500 steps (today)" StaticText
    t =    95.38s Checking existence of `"Sat Aug 1 — 24500 steps (today)" StaticText`
    t =    95.40s Find the "Sat Aug 1 — 24500 steps (today)" StaticText
    t =    95.48s Checking existence of `"Sat Aug 1 — 24500 steps (today)" StaticText`
    t =    95.49s Find the "Sat Aug 1 — 24500 steps (today)" StaticText
    t =    95.57s Checking existence of `"Sat Aug 1 — 24500 steps (today)" StaticText`
    t =    95.58s Find the "Sat Aug 1 — 24500 steps (today)" StaticText
    t =    95.66s Checking existence of `"Sat Aug 1 — 24500 steps (today)" StaticText`
    t =    95.67s Find the "Sat Aug 1 — 24500 steps (today)" StaticText
    t =    95.75s Checking existence of `"Sat Aug 1 — 24500 steps (today)" StaticText`
    t =    95.77s Find the "Sat Aug 1 — 24500 steps (today)" StaticText
    t =    95.84s Checking existence of `"Sat Aug 1 — 24500 steps (today)" StaticText`
    t =    95.86s Find the "Sat Aug 1 — 24500 steps (today)" StaticText
    t =    95.93s Checking existence of `"Sat Aug 1 — 24500 steps (today)" StaticText`
    t =    95.95s Find the "Sat Aug 1 — 24500 steps (today)" StaticText
    t =    96.02s Checking existence of `"Sat Aug 1 — 24500 steps (today)" StaticText`
    t =    96.03s Find the "Sat Aug 1 — 24500 steps (today)" StaticText
    t =    96.11s Checking existence of `"Sat Aug 1 — 24500 steps (today)" StaticText`
    t =    96.12s Find the "Sat Aug 1 — 24500 steps (today)" StaticText
    t =    96.20s Checking existence of `"Sat Aug 1 — 24500 steps (today)" StaticText`
    t =    96.21s Find the "Sat Aug 1 — 24500 steps (today)" StaticText
    t =    96.29s Checking existence of `"Sat Aug 1 — 24500 steps (today)" StaticText`
    t =    96.31s Find the "Sat Aug 1 — 24500 steps (today)" StaticText
    t =    96.38s Checking existence of `"Sat Aug 1 — 24500 steps (today)" StaticText`
    t =    96.40s Find the "Sat Aug 1 — 24500 steps (today)" StaticText
    t =    96.47s Checking existence of `"Sat Aug 1 — 24500 steps (today)" StaticText`
    t =    96.49s Find the "Sat Aug 1 — 24500 steps (today)" StaticText
    t =    96.57s Checking existence of `"Sat Aug 1 — 24500 steps (today)" StaticText`
    t =    96.58s Find the "Sat Aug 1 — 24500 steps (today)" StaticText
    t =    96.66s Checking existence of `"Sat Aug 1 — 24500 steps (today)" StaticText`
    t =    96.67s Find the "Sat Aug 1 — 24500 steps (today)" StaticText
    t =    96.74s Checking existence of `"Sat Aug 1 — 24500 steps (today)" StaticText`
    t =    96.76s Find the "Sat Aug 1 — 24500 steps (today)" StaticText
    t =    96.83s Checking existence of `"Sat Aug 1 — 24500 steps (today)" StaticText`
    t =    96.85s Find the "Sat Aug 1 — 24500 steps (today)" StaticText
    t =    96.92s Checking existence of `"Sat Aug 1 — 24500 steps (today)" StaticText`
    t =    96.94s Find the "Sat Aug 1 — 24500 steps (today)" StaticText
    t =    97.01s Checking existence of `"Sat Aug 1 — 24500 steps (today)" StaticText`
    t =    97.03s Find the "Sat Aug 1 — 24500 steps (today)" StaticText
    t =    97.10s Checking existence of `"Sat Aug 1 — 24500 steps (today)" StaticText`
    t =    97.12s Find the "Sat Aug 1 — 24500 steps (today)" StaticText
    t =    97.20s Checking existence of `"Sat Aug 1 — 24500 steps (today)" StaticText`
    t =    97.21s Find the "Sat Aug 1 — 24500 steps (today)" StaticText
    t =    97.28s Checking existence of `"Sat Aug 1 — 24500 steps (today)" StaticText`
    t =    97.30s Find the "Sat Aug 1 — 24500 steps (today)" StaticText
    t =    97.38s Checking existence of `"Sat Aug 1 — 24500 steps (today)" StaticText`
    t =    97.39s Find the "Sat Aug 1 — 24500 steps (today)" StaticText
    t =    97.47s Checking existence of `"Sat Aug 1 — 24500 steps (today)" StaticText`
    t =    97.48s Find the "Sat Aug 1 — 24500 steps (today)" StaticText
    t =    97.55s Checking existence of `"Sat Aug 1 — 24500 steps (today)" StaticText`
    t =    97.57s Find the "Sat Aug 1 — 24500 steps (today)" StaticText
    t =    97.64s Checking existence of `"Sat Aug 1 — 24500 steps (today)" StaticText`
    t =    97.65s Find the "Sat Aug 1 — 24500 steps (today)" StaticText
    t =    97.73s Checking existence of `"Sat Aug 1 — 24500 steps (today)" StaticText`
    t =    97.74s Find the "Sat Aug 1 — 24500 steps (today)" StaticText
    t =    97.81s Checking existence of `"Sat Aug 1 — 24500 steps (today)" StaticText`
    t =    97.83s Find the "Sat Aug 1 — 24500 steps (today)" StaticText
    t =    97.90s Checking existence of `"Sat Aug 1 — 24500 steps (today)" StaticText`
    t =    97.92s Find the "Sat Aug 1 — 24500 steps (today)" StaticText
    t =    98.00s Checking existence of `"Sat Aug 1 — 24500 steps (today)" StaticText`
    t =    98.01s Find the "Sat Aug 1 — 24500 steps (today)" StaticText
    t =    98.09s Checking existence of `"Sat Aug 1 — 24500 steps (today)" StaticText`
    t =    98.10s Find the "Sat Aug 1 — 24500 steps (today)" StaticText
    t =    98.18s Checking existence of `"Sat Aug 1 — 24500 steps (today)" StaticText`
    t =    98.20s Find the "Sat Aug 1 — 24500 steps (today)" StaticText
    t =    98.27s Checking existence of `"Sat Aug 1 — 24500 steps (today)" StaticText`
    t =    98.29s Find the "Sat Aug 1 — 24500 steps (today)" StaticText
    t =    98.36s Checking existence of `"Sat Aug 1 — 24500 steps (today)" StaticText`
    t =    98.38s Find the "Sat Aug 1 — 24500 steps (today)" StaticText
    t =    98.45s Checking existence of `"Sat Aug 1 — 24500 steps (today)" StaticText`
    t =    98.47s Find the "Sat Aug 1 — 24500 steps (today)" StaticText
    t =    98.55s Checking existence of `"Sat Aug 1 — 24500 steps (today)" StaticText`
    t =    98.56s Find the "Sat Aug 1 — 24500 steps (today)" StaticText
    t =    98.64s Checking existence of `"Sat Aug 1 — 24500 steps (today)" StaticText`
    t =    98.65s Find the "Sat Aug 1 — 24500 steps (today)" StaticText
    t =    98.73s Checking existence of `"Sat Aug 1 — 24500 steps (today)" StaticText`
    t =    98.75s Find the "Sat Aug 1 — 24500 steps (today)" StaticText
    t =    98.82s Checking existence of `"Sat Aug 1 — 24500 steps (today)" StaticText`
    t =    98.84s Find the "Sat Aug 1 — 24500 steps (today)" StaticText
    t =    98.91s Checking existence of `"Sat Aug 1 — 24500 steps (today)" StaticText`
    t =    98.93s Find the "Sat Aug 1 — 24500 steps (today)" StaticText
    t =    99.00s Checking existence of `"Sat Aug 1 — 24500 steps (today)" StaticText`
    t =    99.02s Find the "Sat Aug 1 — 24500 steps (today)" StaticText
    t =    99.10s Checking existence of `"Sat Aug 1 — 24500 steps (today)" StaticText`
    t =    99.11s Find the "Sat Aug 1 — 24500 steps (today)" StaticText
    t =    99.19s Checking existence of `"Sat Aug 1 — 24500 steps (today)" StaticText`
    t =    99.20s Find the "Sat Aug 1 — 24500 steps (today)" StaticText
    t =    99.27s Checking existence of `"Sat Aug 1 — 24500 steps (today)" StaticText`
    t =    99.29s Find the "Sat Aug 1 — 24500 steps (today)" StaticText
    t =    99.36s Checking existence of `"Sat Aug 1 — 24500 steps (today)" StaticText`
    t =    99.37s Find the "Sat Aug 1 — 24500 steps (today)" StaticText
    t =    99.45s Checking existence of `"Sat Aug 1 — 24500 steps (today)" StaticText`
    t =    99.47s Find the "Sat Aug 1 — 24500 steps (today)" StaticText
    t =    99.54s Checking existence of `"Sat Aug 1 — 24500 steps (today)" StaticText`
    t =    99.56s Find the "Sat Aug 1 — 24500 steps (today)" StaticText
    t =    99.63s Checking existence of `"Sat Aug 1 — 24500 steps (today)" StaticText`
    t =    99.65s Find the "Sat Aug 1 — 24500 steps (today)" StaticText
    t =    99.73s Checking existence of `"Sat Aug 1 — 24500 steps (today)" StaticText`
    t =    99.74s Find the "Sat Aug 1 — 24500 steps (today)" StaticText
    t =    99.81s Checking existence of `"Sat Aug 1 — 24500 steps (today)" StaticText`
    t =    99.82s Find the "Sat Aug 1 — 24500 steps (today)" StaticText
    t =    99.89s Checking existence of `"Sat Aug 1 — 24500 steps (today)" StaticText`
    t =    99.91s Find the "Sat Aug 1 — 24500 steps (today)" StaticText
    t =    99.98s Checking existence of `"Sat Aug 1 — 24500 steps (today)" StaticText`
    t =   100.00s Find the "Sat Aug 1 — 24500 steps (today)" StaticText
    t =   100.08s Checking existence of `"Sat Aug 1 — 24500 steps (today)" StaticText`
    t =   100.09s Find the "Sat Aug 1 — 24500 steps (today)" StaticText
    t =   100.17s Checking existence of `"Sat Aug 1 — 24500 steps (today)" StaticText`
    t =   100.18s Find the "Sat Aug 1 — 24500 steps (today)" StaticText
    t =   100.26s Checking existence of `"Sat Aug 1 — 24500 steps (today)" StaticText`
    t =   100.27s Find the "Sat Aug 1 — 24500 steps (today)" StaticText
    t =   100.35s Checking existence of `"Sat Aug 1 — 24500 steps (today)" StaticText`
    t =   100.36s Find the "Sat Aug 1 — 24500 steps (today)" StaticText
    t =   100.44s Checking existence of `"Sat Aug 1 — 24500 steps (today)" StaticText`
    t =   100.45s Find the "Sat Aug 1 — 24500 steps (today)" StaticText
    t =   100.53s Checking existence of `"Sat Aug 1 — 24500 steps (today)" StaticText`
    t =   100.54s Find the "Sat Aug 1 — 24500 steps (today)" StaticText
    t =   100.61s Checking existence of `"Sat Aug 1 — 24500 steps (today)" StaticText`
    t =   100.62s Find the "Sat Aug 1 — 24500 steps (today)" StaticText
    t =   100.70s Checking existence of `"Sat Aug 1 — 24500 steps (today)" StaticText`
    t =   100.71s Find the "Sat Aug 1 — 24500 steps (today)" StaticText
    t =   100.79s Checking existence of `"Sat Aug 1 — 24500 steps (today)" StaticText`
    t =   100.80s Find the "Sat Aug 1 — 24500 steps (today)" StaticText
    t =   100.87s Checking existence of `"Sat Aug 1 — 24500 steps (today)" StaticText`
    t =   100.89s Find the "Sat Aug 1 — 24500 steps (today)" StaticText
    t =   100.96s Checking existence of `"Sat Aug 1 — 24500 steps (today)" StaticText`
    t =   100.98s Find the "Sat Aug 1 — 24500 steps (today)" StaticText
    t =   101.04s Checking existence of `"Sat Aug 1 — 24500 steps (today)" StaticText`
    t =   101.06s Find the "Sat Aug 1 — 24500 steps (today)" StaticText
    t =   101.13s Checking existence of `"Sat Aug 1 — 24500 steps (today)" StaticText`
    t =   101.15s Find the "Sat Aug 1 — 24500 steps (today)" StaticText
    t =   101.22s Checking existence of `"Sat Aug 1 — 24500 steps (today)" StaticText`
    t =   101.24s Find the "Sat Aug 1 — 24500 steps (today)" StaticText
STEP[101s]: iter 1: go home
    t =   101.31s Checking existence of `"Transcribe" Button`
    t =   101.32s Checking existence of `"Health" Button`
    t =   101.34s Checking existence of `Any (First Match)`
    t =   101.35s Checking existence of `Button (Element at index 0)`
    t =   101.36s Find the Button (Element at index 0)
STEP[101s]: goHome: tapping candidate 0
    t =   101.39s Tap "BackButton" Button
    t =   101.39s     Wait for org.nativescript.nsbenchmark to idle
    t =   101.39s     Find the "BackButton" Button
    t =   101.40s     Check for interrupting elements affecting "BackButton" Button
    t =   101.42s     Synthesize event
    t =   101.72s     Wait for org.nativescript.nsbenchmark to idle
    t =   102.54s Checking existence of `"Transcribe" Button`
    t =   102.56s Waiting 3.0s for "Transcribe" Button to exist
    t =   103.62s     Checking `Expect predicate `existsNoRetry == 1` for object "Transcribe" Button`
    t =   103.62s         Checking existence of `"Transcribe" Button`
STEP[103s]: iter 1: nav Transcribe
    t =   103.63s Checking existence of `"Transcribe" Button`
    t =   103.64s Tap "Transcribe" Button
    t =   103.64s     Wait for org.nativescript.nsbenchmark to idle
    t =   103.64s     Find the "Transcribe" Button
    t =   103.64s     Check for interrupting elements affecting "Transcribe" Button
    t =   103.65s     Synthesize event
    t =   103.95s     Wait for org.nativescript.nsbenchmark to idle
    t =   104.28s Waiting 10.0s for Any (First Match) to exist
    t =   105.34s     Checking `Expect predicate `existsNoRetry == 1` for object Any (First Match)`
    t =   105.35s         Checking existence of `Any (First Match)`
    t =   105.37s Checking existence of `Any (First Match)`
    t =   105.38s Find the Any (First Match)
    t =   105.40s Checking existence of `"Speech access: granted" StaticText`
    t =   105.41s Find the "Speech access: granted" StaticText
    t =   105.42s Checking existence of `"Transcribe Sample" Button`
    t =   105.43s Checking existence of `"Transcribe Sample" Button`
    t =   105.44s Find the "Transcribe Sample" Button
STEP[105s]: iter 1: transcribe
    t =   105.45s Tap "Transcribe Sample" Button
    t =   105.46s     Wait for org.nativescript.nsbenchmark to idle
    t =   105.46s     Find the "Transcribe Sample" Button
    t =   105.47s     Check for interrupting elements affecting "Transcribe Sample" Button
    t =   105.48s     Synthesize event
    t =   105.77s     Wait for org.nativescript.nsbenchmark to idle
    t =   105.77s Waiting 45.0s for Any (First Match) to exist
    t =   106.83s     Checking `Expect predicate `existsNoRetry == 1` for object Any (First Match)`
    t =   106.84s         Checking existence of `Any (First Match)`
    t =   106.87s         Capturing element debug description
    t =   107.83s     Checking `Expect predicate `existsNoRetry == 1` for object Any (First Match)`
    t =   107.83s         Checking existence of `Any (First Match)`
    t =   107.85s         Capturing element debug description
    t =   108.81s     Checking `Expect predicate `existsNoRetry == 1` for object Any (First Match)`
    t =   108.82s         Checking existence of `Any (First Match)`
    t =   108.84s         Capturing element debug description
    t =   109.79s     Checking `Expect predicate `existsNoRetry == 1` for object Any (First Match)`
    t =   109.79s         Checking existence of `Any (First Match)`
    t =   109.82s         Capturing element debug description
    t =   110.78s     Checking `Expect predicate `existsNoRetry == 1` for object Any (First Match)`
    t =   110.79s         Checking existence of `Any (First Match)`
    t =   110.81s         Capturing element debug description
    t =   111.78s     Checking `Expect predicate `existsNoRetry == 1` for object Any (First Match)`
    t =   111.79s         Checking existence of `Any (First Match)`
    t =   111.81s         Capturing element debug description
    t =   112.78s     Checking `Expect predicate `existsNoRetry == 1` for object Any (First Match)`
    t =   112.78s         Checking existence of `Any (First Match)`
    t =   112.80s         Capturing element debug description
    t =   113.86s     Checking `Expect predicate `existsNoRetry == 1` for object Any (First Match)`
    t =   113.86s         Checking existence of `Any (First Match)`
    t =   113.88s         Capturing element debug description
    t =   114.83s     Checking `Expect predicate `existsNoRetry == 1` for object Any (First Match)`
    t =   114.84s         Checking existence of `Any (First Match)`
    t =   114.86s         Capturing element debug description
    t =   115.82s     Checking `Expect predicate `existsNoRetry == 1` for object Any (First Match)`
    t =   115.82s         Checking existence of `Any (First Match)`
    t =   115.84s         Capturing element debug description
    t =   116.87s     Checking `Expect predicate `existsNoRetry == 1` for object Any (First Match)`
    t =   116.87s         Checking existence of `Any (First Match)`
    t =   116.90s         Capturing element debug description
    t =   117.80s     Checking `Expect predicate `existsNoRetry == 1` for object Any (First Match)`
    t =   117.80s         Checking existence of `Any (First Match)`
    t =   117.83s         Capturing element debug description
    t =   118.83s     Checking `Expect predicate `existsNoRetry == 1` for object Any (First Match)`
    t =   118.83s         Checking existence of `Any (First Match)`
    t =   118.86s         Capturing element debug description
    t =   119.86s     Checking `Expect predicate `existsNoRetry == 1` for object Any (First Match)`
    t =   119.86s         Checking existence of `Any (First Match)`
    t =   119.89s         Capturing element debug description
    t =   120.79s     Checking `Expect predicate `existsNoRetry == 1` for object Any (First Match)`
    t =   120.80s         Checking existence of `Any (First Match)`
    t =   120.82s         Capturing element debug description
    t =   121.73s     Checking `Expect predicate `existsNoRetry == 1` for object Any (First Match)`
    t =   121.74s         Checking existence of `Any (First Match)`
    t =   121.76s         Capturing element debug description
    t =   122.76s     Checking `Expect predicate `existsNoRetry == 1` for object Any (First Match)`
    t =   122.77s         Checking existence of `Any (First Match)`
    t =   122.79s         Capturing element debug description
    t =   123.70s     Checking `Expect predicate `existsNoRetry == 1` for object Any (First Match)`
    t =   123.70s         Checking existence of `Any (First Match)`
    t =   123.71s         Capturing element debug description
    t =   124.72s     Checking `Expect predicate `existsNoRetry == 1` for object Any (First Match)`
    t =   124.72s         Checking existence of `Any (First Match)`
    t =   124.75s         Capturing element debug description
    t =   125.75s     Checking `Expect predicate `existsNoRetry == 1` for object Any (First Match)`
    t =   125.75s         Checking existence of `Any (First Match)`
    t =   125.78s         Capturing element debug description
    t =   126.68s     Checking `Expect predicate `existsNoRetry == 1` for object Any (First Match)`
    t =   126.69s         Checking existence of `Any (First Match)`
    t =   126.71s         Capturing element debug description
    t =   127.72s     Checking `Expect predicate `existsNoRetry == 1` for object Any (First Match)`
    t =   127.72s         Checking existence of `Any (First Match)`
    t =   127.75s         Capturing element debug description
    t =   128.75s     Checking `Expect predicate `existsNoRetry == 1` for object Any (First Match)`
    t =   128.75s         Checking existence of `Any (First Match)`
    t =   128.78s         Capturing element debug description
    t =   129.68s     Checking `Expect predicate `existsNoRetry == 1` for object Any (First Match)`
    t =   129.69s         Checking existence of `Any (First Match)`
    t =   129.71s         Capturing element debug description
    t =   130.72s     Checking `Expect predicate `existsNoRetry == 1` for object Any (First Match)`
    t =   130.72s         Checking existence of `Any (First Match)`
    t =   130.75s         Capturing element debug description
    t =   131.75s     Checking `Expect predicate `existsNoRetry == 1` for object Any (First Match)`
    t =   131.75s         Checking existence of `Any (First Match)`
    t =   131.78s         Capturing element debug description
    t =   132.74s     Checking `Expect predicate `existsNoRetry == 1` for object Any (First Match)`
    t =   132.74s         Checking existence of `Any (First Match)`
    t =   132.76s         Capturing element debug description
    t =   133.73s     Checking `Expect predicate `existsNoRetry == 1` for object Any (First Match)`
    t =   133.73s         Checking existence of `Any (First Match)`
    t =   133.76s         Capturing element debug description
    t =   134.70s     Checking `Expect predicate `existsNoRetry == 1` for object Any (First Match)`
    t =   134.70s         Checking existence of `Any (First Match)`
    t =   134.73s         Capturing element debug description
    t =   135.69s     Checking `Expect predicate `existsNoRetry == 1` for object Any (First Match)`
    t =   135.69s         Checking existence of `Any (First Match)`
    t =   135.72s         Capturing element debug description
    t =   136.69s     Checking `Expect predicate `existsNoRetry == 1` for object Any (First Match)`
    t =   136.69s         Checking existence of `Any (First Match)`
    t =   136.72s         Capturing element debug description
    t =   137.69s     Checking `Expect predicate `existsNoRetry == 1` for object Any (First Match)`
    t =   137.69s         Checking existence of `Any (First Match)`
    t =   137.72s         Capturing element debug description
    t =   138.68s     Checking `Expect predicate `existsNoRetry == 1` for object Any (First Match)`
    t =   138.69s         Checking existence of `Any (First Match)`
    t =   138.71s         Capturing element debug description
    t =   139.68s     Checking `Expect predicate `existsNoRetry == 1` for object Any (First Match)`
    t =   139.69s         Checking existence of `Any (First Match)`
    t =   139.71s         Capturing element debug description
    t =   140.76s     Checking `Expect predicate `existsNoRetry == 1` for object Any (First Match)`
    t =   140.76s         Checking existence of `Any (First Match)`
    t =   140.79s         Capturing element debug description
    t =   141.74s     Checking `Expect predicate `existsNoRetry == 1` for object Any (First Match)`
    t =   141.74s         Checking existence of `Any (First Match)`
    t =   141.77s         Capturing element debug description
    t =   142.73s     Checking `Expect predicate `existsNoRetry == 1` for object Any (First Match)`
    t =   142.73s         Checking existence of `Any (First Match)`
    t =   142.76s         Capturing element debug description
    t =   143.70s     Checking `Expect predicate `existsNoRetry == 1` for object Any (First Match)`
    t =   143.70s         Checking existence of `Any (First Match)`
    t =   143.73s         Capturing element debug description
    t =   144.69s     Checking `Expect predicate `existsNoRetry == 1` for object Any (First Match)`
    t =   144.69s         Checking existence of `Any (First Match)`
    t =   144.72s         Capturing element debug description
    t =   145.68s     Checking `Expect predicate `existsNoRetry == 1` for object Any (First Match)`
    t =   145.68s         Checking existence of `Any (First Match)`
    t =   145.71s         Capturing element debug description
    t =   146.71s     Checking `Expect predicate `existsNoRetry == 1` for object Any (First Match)`
    t =   146.71s         Checking existence of `Any (First Match)`
    t =   146.73s         Capturing element debug description
    t =   147.69s     Checking `Expect predicate `existsNoRetry == 1` for object Any (First Match)`
    t =   147.69s         Checking existence of `Any (First Match)`
    t =   147.72s         Capturing element debug description
    t =   148.68s     Checking `Expect predicate `existsNoRetry == 1` for object Any (First Match)`
    t =   148.69s         Checking existence of `Any (First Match)`
    t =   148.71s         Capturing element debug description
    t =   149.68s     Checking `Expect predicate `existsNoRetry == 1` for object Any (First Match)`
    t =   149.69s         Checking existence of `Any (First Match)`
    t =   149.71s         Capturing element debug description
    t =   150.68s     Checking `Expect predicate `existsNoRetry == 1` for object Any (First Match)`
    t =   150.69s         Checking existence of `Any (First Match)`
    t =   150.71s         Capturing element debug description
    t =   150.71s     Checking existence of `Any (First Match)`
    t =   150.73s Collecting debug information to assist test failure triage
    t =   150.73s     Requesting snapshot of accessibility hierarchy for app with pid 43131
    t =   150.76s Checking existence of `Any (First Match)`
    t =   150.77s Checking existence of `Any (First Match)`
    t =   150.78s Checking existence of `Any (First Match)`
    t =   150.79s Find the Any (First Match)
STEP[150s]: iter 1: done
    t =   150.80s Terminate org.nativescript.nsbenchmark:43131
STEP[151s]: iter 2: launch org.nativescript.nsbenchmark
    t =   151.89s Open org.nativescript.nsbenchmark
    t =   151.89s     Launch org.nativescript.nsbenchmark
    t =   152.00s         Setting up automation session
    t =   152.62s         Wait for org.nativescript.nsbenchmark to idle
    t =   153.79s Checking existence of `"Health" Button`
    t =   153.82s Waiting 20.0s for "Health" Button to exist
    t =   154.88s     Checking `Expect predicate `existsNoRetry == 1` for object "Health" Button`
    t =   154.88s         Checking existence of `"Health" Button`
STEP[154s]: iter 2: nav Health
    t =   154.90s Checking existence of `"Health" Button`
    t =   154.91s Tap "Health" Button
    t =   154.91s     Wait for org.nativescript.nsbenchmark to idle
    t =   154.91s     Find the "Health" Button
    t =   154.91s     Check for interrupting elements affecting "Health" Button
    t =   154.93s     Synthesize event
    t =   155.22s     Wait for org.nativescript.nsbenchmark to idle
    t =   155.61s Waiting 10.0s for Any (First Match) to exist
    t =   156.67s     Checking `Expect predicate `existsNoRetry == 1` for object Any (First Match)`
    t =   156.68s         Checking existence of `Any (First Match)`
    t =   156.71s Checking existence of `Any (First Match)`
    t =   156.72s Find the Any (First Match)
    t =   156.73s Checking existence of `"Health access: granted" StaticText`
    t =   156.74s Find the "Health access: granted" StaticText
    t =   156.75s Waiting 15.0s for Any (First Match) to exist
    t =   157.82s     Checking `Expect predicate `existsNoRetry == 1` for object Any (First Match)`
    t =   157.82s         Checking existence of `Any (First Match)`
    t =   157.85s Checking existence of `Any (First Match)`
    t =   157.87s Find the Any (First Match)
    t =   157.88s Checking existence of `"Log 500 Steps" Button`
    t =   157.89s Checking existence of `"Log 500 Steps" Button`
    t =   157.90s Find the "Log 500 Steps" Button
STEP[157s]: iter 2: log 500
    t =   157.92s Tap "Log 500 Steps" Button
    t =   157.92s     Wait for org.nativescript.nsbenchmark to idle
    t =   157.92s     Find the "Log 500 Steps" Button
    t =   157.93s     Check for interrupting elements affecting "Log 500 Steps" Button
    t =   157.95s     Synthesize event
    t =   158.25s     Wait for org.nativescript.nsbenchmark to idle
    t =   158.26s Checking existence of `"Sat Aug 1 — 24500 steps (today)" StaticText`
    t =   158.28s Find the "Sat Aug 1 — 24500 steps (today)" StaticText
    t =   158.29s Checking existence of `"Sat Aug 1 — 25000 steps (today)" StaticText`
STEP[158s]: iter 2: go home
    t =   158.31s Checking existence of `"Transcribe" Button`
    t =   158.32s Checking existence of `"Health" Button`
    t =   158.34s Checking existence of `Any (First Match)`
    t =   158.35s Checking existence of `Button (Element at index 0)`
    t =   158.36s Find the Button (Element at index 0)
STEP[158s]: goHome: tapping candidate 0
    t =   158.39s Tap "BackButton" Button
    t =   158.39s     Wait for org.nativescript.nsbenchmark to idle
    t =   158.39s     Find the "BackButton" Button
    t =   158.40s     Check for interrupting elements affecting "BackButton" Button
    t =   158.42s     Synthesize event
    t =   158.71s     Wait for org.nativescript.nsbenchmark to idle
    t =   159.53s Checking existence of `"Transcribe" Button`
    t =   159.55s Waiting 3.0s for "Transcribe" Button to exist
    t =   160.62s     Checking `Expect predicate `existsNoRetry == 1` for object "Transcribe" Button`
    t =   160.62s         Checking existence of `"Transcribe" Button`
STEP[160s]: iter 2: nav Transcribe
    t =   160.63s Checking existence of `"Transcribe" Button`
    t =   160.64s Tap "Transcribe" Button
    t =   160.64s     Wait for org.nativescript.nsbenchmark to idle
    t =   160.64s     Find the "Transcribe" Button
    t =   160.65s     Check for interrupting elements affecting "Transcribe" Button
    t =   160.66s     Synthesize event
    t =   160.95s     Wait for org.nativescript.nsbenchmark to idle
    t =   161.28s Waiting 10.0s for Any (First Match) to exist
    t =   162.33s     Checking `Expect predicate `existsNoRetry == 1` for object Any (First Match)`
    t =   162.33s         Checking existence of `Any (First Match)`
    t =   162.36s Checking existence of `Any (First Match)`
    t =   162.37s Find the Any (First Match)
    t =   162.39s Checking existence of `"Speech access: granted" StaticText`
    t =   162.40s Find the "Speech access: granted" StaticText
    t =   162.41s Checking existence of `"Transcribe Sample" Button`
    t =   162.42s Checking existence of `"Transcribe Sample" Button`
    t =   162.43s Find the "Transcribe Sample" Button
STEP[162s]: iter 2: transcribe
    t =   162.44s Tap "Transcribe Sample" Button
    t =   162.44s     Wait for org.nativescript.nsbenchmark to idle
    t =   162.45s     Find the "Transcribe Sample" Button
    t =   162.46s     Check for interrupting elements affecting "Transcribe Sample" Button
    t =   162.47s     Synthesize event
    t =   162.76s     Wait for org.nativescript.nsbenchmark to idle
    t =   162.77s Waiting 45.0s for Any (First Match) to exist
    t =   163.82s     Checking `Expect predicate `existsNoRetry == 1` for object Any (First Match)`
    t =   163.83s         Checking existence of `Any (First Match)`
    t =   163.85s         Capturing element debug description
    t =   164.80s     Checking `Expect predicate `existsNoRetry == 1` for object Any (First Match)`
    t =   164.80s         Checking existence of `Any (First Match)`
    t =   164.83s         Capturing element debug description
    t =   165.78s     Checking `Expect predicate `existsNoRetry == 1` for object Any (First Match)`
    t =   165.79s         Checking existence of `Any (First Match)`
    t =   165.81s         Capturing element debug description
    t =   166.86s     Checking `Expect predicate `existsNoRetry == 1` for object Any (First Match)`
    t =   166.86s         Checking existence of `Any (First Match)`
    t =   166.88s         Capturing element debug description
    t =   167.84s     Checking `Expect predicate `existsNoRetry == 1` for object Any (First Match)`
    t =   167.84s         Checking existence of `Any (First Match)`
    t =   167.87s         Capturing element debug description
    t =   168.83s     Checking `Expect predicate `existsNoRetry == 1` for object Any (First Match)`
    t =   168.83s         Checking existence of `Any (First Match)`
    t =   168.85s         Capturing element debug description
    t =   169.81s     Checking `Expect predicate `existsNoRetry == 1` for object Any (First Match)`
    t =   169.81s         Checking existence of `Any (First Match)`
    t =   169.84s         Capturing element debug description
    t =   170.80s     Checking `Expect predicate `existsNoRetry == 1` for object Any (First Match)`
    t =   170.80s         Checking existence of `Any (First Match)`
    t =   170.82s         Capturing element debug description
    t =   171.77s     Checking `Expect predicate `existsNoRetry == 1` for object Any (First Match)`
    t =   171.78s         Checking existence of `Any (First Match)`
    t =   171.80s         Capturing element debug description
    t =   172.77s     Checking `Expect predicate `existsNoRetry == 1` for object Any (First Match)`
    t =   172.77s         Checking existence of `Any (First Match)`
    t =   172.80s         Capturing element debug description
    t =   173.77s     Checking `Expect predicate `existsNoRetry == 1` for object Any (First Match)`
    t =   173.77s         Checking existence of `Any (First Match)`
    t =   173.79s         Capturing element debug description
    t =   174.85s     Checking `Expect predicate `existsNoRetry == 1` for object Any (First Match)`
    t =   174.85s         Checking existence of `Any (First Match)`
    t =   174.87s         Capturing element debug description
    t =   175.83s     Checking `Expect predicate `existsNoRetry == 1` for object Any (First Match)`
    t =   175.83s         Checking existence of `Any (First Match)`
    t =   175.86s         Capturing element debug description
    t =   176.82s     Checking `Expect predicate `existsNoRetry == 1` for object Any (First Match)`
    t =   176.82s         Checking existence of `Any (First Match)`
    t =   176.84s         Capturing element debug description
    t =   177.81s     Checking `Expect predicate `existsNoRetry == 1` for object Any (First Match)`
    t =   177.81s         Checking existence of `Any (First Match)`
    t =   177.84s         Capturing element debug description
    t =   178.80s     Checking `Expect predicate `existsNoRetry == 1` for object Any (First Match)`
    t =   178.80s         Checking existence of `Any (First Match)`
    t =   178.82s         Capturing element debug description
    t =   179.78s     Checking `Expect predicate `existsNoRetry == 1` for object Any (First Match)`
    t =   179.78s         Checking existence of `Any (First Match)`
    t =   179.81s         Capturing element debug description
    t =   180.77s     Checking `Expect predicate `existsNoRetry == 1` for object Any (First Match)`
    t =   180.78s         Checking existence of `Any (First Match)`
    t =   180.80s         Capturing element debug description
    t =   181.86s     Checking `Expect predicate `existsNoRetry == 1` for object Any (First Match)`
    t =   181.86s         Checking existence of `Any (First Match)`
    t =   181.89s         Capturing element debug description
    t =   182.84s     Checking `Expect predicate `existsNoRetry == 1` for object Any (First Match)`
    t =   182.85s         Checking existence of `Any (First Match)`
    t =   182.87s         Capturing element debug description
    t =   183.84s     Checking `Expect predicate `existsNoRetry == 1` for object Any (First Match)`
    t =   183.84s         Checking existence of `Any (First Match)`
    t =   183.87s         Capturing element debug description
    t =   184.83s     Checking `Expect predicate `existsNoRetry == 1` for object Any (First Match)`
    t =   184.83s         Checking existence of `Any (First Match)`
    t =   184.84s         Capturing element debug description
    t =   185.79s     Checking `Expect predicate `existsNoRetry == 1` for object Any (First Match)`
    t =   185.79s         Checking existence of `Any (First Match)`
    t =   185.82s         Capturing element debug description
    t =   186.79s     Checking `Expect predicate `existsNoRetry == 1` for object Any (First Match)`
    t =   186.79s         Checking existence of `Any (First Match)`
    t =   186.81s         Capturing element debug description
    t =   187.77s     Checking `Expect predicate `existsNoRetry == 1` for object Any (First Match)`
    t =   187.78s         Checking existence of `Any (First Match)`
    t =   187.80s         Capturing element debug description
    t =   188.83s     Checking `Expect predicate `existsNoRetry == 1` for object Any (First Match)`
    t =   188.83s         Checking existence of `Any (First Match)`
    t =   188.85s         Capturing element debug description
    t =   189.81s     Checking `Expect predicate `existsNoRetry == 1` for object Any (First Match)`
    t =   189.81s         Checking existence of `Any (First Match)`
    t =   189.84s         Capturing element debug description
    t =   190.81s     Checking `Expect predicate `existsNoRetry == 1` for object Any (First Match)`
    t =   190.81s         Checking existence of `Any (First Match)`
    t =   190.84s         Capturing element debug description
    t =   191.78s     Checking `Expect predicate `existsNoRetry == 1` for object Any (First Match)`
    t =   191.78s         Checking existence of `Any (First Match)`
    t =   191.81s         Capturing element debug description
    t =   192.77s     Checking `Expect predicate `existsNoRetry == 1` for object Any (First Match)`
    t =   192.77s         Checking existence of `Any (First Match)`
    t =   192.79s         Capturing element debug description
    t =   193.86s     Checking `Expect predicate `existsNoRetry == 1` for object Any (First Match)`
    t =   193.86s         Checking existence of `Any (First Match)`
    t =   193.88s         Capturing element debug description
    t =   194.84s     Checking `Expect predicate `existsNoRetry == 1` for object Any (First Match)`
    t =   194.84s         Checking existence of `Any (First Match)`
    t =   194.87s         Capturing element debug description
    t =   195.83s     Checking `Expect predicate `existsNoRetry == 1` for object Any (First Match)`
    t =   195.83s         Checking existence of `Any (First Match)`
    t =   195.85s         Capturing element debug description
    t =   196.82s     Checking `Expect predicate `existsNoRetry == 1` for object Any (First Match)`
    t =   196.82s         Checking existence of `Any (First Match)`
    t =   196.85s         Capturing element debug description
    t =   197.81s     Checking `Expect predicate `existsNoRetry == 1` for object Any (First Match)`
    t =   197.81s         Checking existence of `Any (First Match)`
    t =   197.83s         Capturing element debug description
    t =   198.79s     Checking `Expect predicate `existsNoRetry == 1` for object Any (First Match)`
    t =   198.80s         Checking existence of `Any (First Match)`
    t =   198.82s         Capturing element debug description
    t =   199.78s     Checking `Expect predicate `existsNoRetry == 1` for object Any (First Match)`
    t =   199.78s         Checking existence of `Any (First Match)`
    t =   199.81s         Capturing element debug description
    t =   200.77s     Checking `Expect predicate `existsNoRetry == 1` for object Any (First Match)`
    t =   200.77s         Checking existence of `Any (First Match)`
    t =   200.80s         Capturing element debug description
    t =   201.77s     Checking `Expect predicate `existsNoRetry == 1` for object Any (First Match)`
    t =   201.77s         Checking existence of `Any (First Match)`
    t =   201.80s         Capturing element debug description
    t =   202.77s     Checking `Expect predicate `existsNoRetry == 1` for object Any (First Match)`
    t =   202.77s         Checking existence of `Any (First Match)`
    t =   202.79s         Capturing element debug description
    t =   203.86s     Checking `Expect predicate `existsNoRetry == 1` for object Any (First Match)`
    t =   203.86s         Checking existence of `Any (First Match)`
    t =   203.89s         Capturing element debug description
    t =   204.85s     Checking `Expect predicate `existsNoRetry == 1` for object Any (First Match)`
    t =   204.85s         Checking existence of `Any (First Match)`
    t =   204.88s         Capturing element debug description
    t =   205.84s     Checking `Expect predicate `existsNoRetry == 1` for object Any (First Match)`
    t =   205.84s         Checking existence of `Any (First Match)`
    t =   205.86s         Capturing element debug description
    t =   206.82s     Checking `Expect predicate `existsNoRetry == 1` for object Any (First Match)`
    t =   206.82s         Checking existence of `Any (First Match)`
    t =   206.85s         Capturing element debug description
    t =   207.78s     Checking `Expect predicate `existsNoRetry == 1` for object Any (First Match)`
    t =   207.78s         Checking existence of `Any (First Match)`
    t =   207.81s         Capturing element debug description
    t =   207.81s     Checking existence of `Any (First Match)`
    t =   207.83s Collecting debug information to assist test failure triage
    t =   207.83s     Requesting snapshot of accessibility hierarchy for app with pid 43175
    t =   207.85s Checking existence of `Any (First Match)`
    t =   207.87s Checking existence of `Any (First Match)`
    t =   207.88s Checking existence of `Any (First Match)`
    t =   207.89s Find the Any (First Match)
STEP[207s]: iter 2: done
    t =   207.90s Terminate org.nativescript.nsbenchmark:43175
PERFJSON:{"bundle_id":"org.nativescript.nsbenchmark","runs":[{"iter":0,"nav_health_ms":1782,"hk_rows_ms":1106,"nav_transcribe_ms":1736,"speech_granted":true,"speech_state":"init_or_task_failed: Transcription failed: Failed to initialize recognizer","error_hk_log":true,"health_granted":true},{"nav_health_ms":1799,"hk_rows_ms":1097,"iter":1,"health_granted":true,"error_hk_log":true,"speech_state":"init_or_task_failed: Transcription failed: Failed to initialize recognizer","nav_transcribe_ms":1738,"speech_granted":true},{"speech_state":"init_or_task_failed: Transcription failed: Failed to initialize recognizer","nav_health_ms":1808,"iter":2,"hk_rows_ms":1097,"health_granted":true,"nav_transcribe_ms":1725,"hk_log_roundtrip_ms":387,"speech_granted":true}]}
    t =   209.00s Tear Down
Test Case '-[UIDriverUITests.FeatureLatencyTests testFeatureLatencies]' passed (209.083 seconds).
Test Suite 'FeatureLatencyTests' passed at 2026-08-01 19:32:00.076.
	 Executed 1 test, with 0 failures (0 unexpected) in 209.083 (209.085) seconds
Test Suite 'InteropCaptureTests' started at 2026-08-01 19:32:00.077.
Test Case '-[UIDriverUITests.InteropCaptureTests testCaptureInteropResults]' started.
    t =     0.00s Start Test at 2026-08-01 19:32:00.078
    t =     0.01s Set Up
    t =     0.02s Open org.nativescript.nsbenchmark
    t =     0.02s     Launch org.nativescript.nsbenchmark
    t =     0.11s         Setting up automation session
    t =     0.73s         Wait for org.nativescript.nsbenchmark to idle
    t =     1.90s Waiting 240.0s for Any (First Match) to exist
    t =     2.97s     Checking `Expect predicate `existsNoRetry == 1` for object Any (First Match)`
    t =     2.97s         Checking existence of `Any (First Match)`
    t =     2.99s         Capturing element debug description
    t =     3.93s     Checking `Expect predicate `existsNoRetry == 1` for object Any (First Match)`
    t =     3.93s         Checking existence of `Any (First Match)`
    t =     3.95s         Capturing element debug description
    t =     4.91s     Checking `Expect predicate `existsNoRetry == 1` for object Any (First Match)`
    t =     4.91s         Checking existence of `Any (First Match)`
    t =     4.92s         Capturing element debug description
    t =     6.00s     Checking `Expect predicate `existsNoRetry == 1` for object Any (First Match)`
    t =     6.00s         Checking existence of `Any (First Match)`
    t =     6.01s         Capturing element debug description
    t =     6.96s     Checking `Expect predicate `existsNoRetry == 1` for object Any (First Match)`
    t =     6.96s         Checking existence of `Any (First Match)`
    t =     6.98s         Capturing element debug description
    t =     7.95s     Checking `Expect predicate `existsNoRetry == 1` for object Any (First Match)`
    t =     7.95s         Checking existence of `Any (First Match)`
    t =     7.96s         Capturing element debug description
    t =     8.93s     Checking `Expect predicate `existsNoRetry == 1` for object Any (First Match)`
    t =     8.93s         Checking existence of `Any (First Match)`
    t =     8.94s         Capturing element debug description
    t =     9.99s     Checking `Expect predicate `existsNoRetry == 1` for object Any (First Match)`
    t =     9.99s         Checking existence of `Any (First Match)`
    t =    10.00s         Capturing element debug description
    t =    10.97s     Checking `Expect predicate `existsNoRetry == 1` for object Any (First Match)`
    t =    10.97s         Checking existence of `Any (First Match)`
    t =    10.98s         Capturing element debug description
    t =    11.93s     Checking `Expect predicate `existsNoRetry == 1` for object Any (First Match)`
    t =    11.93s         Checking existence of `Any (First Match)`
    t =    11.94s         Capturing element debug description
    t =    12.90s     Checking `Expect predicate `existsNoRetry == 1` for object Any (First Match)`
    t =    12.91s         Checking existence of `Any (First Match)`
    t =    12.92s         Capturing element debug description
    t =    13.98s     Checking `Expect predicate `existsNoRetry == 1` for object Any (First Match)`
    t =    13.98s         Checking existence of `Any (First Match)`
    t =    13.99s         Capturing element debug description
    t =    14.93s     Checking `Expect predicate `existsNoRetry == 1` for object Any (First Match)`
    t =    14.94s         Checking existence of `Any (First Match)`
    t =    14.95s         Capturing element debug description
    t =    15.91s     Checking `Expect predicate `existsNoRetry == 1` for object Any (First Match)`
    t =    15.91s         Checking existence of `Any (First Match)`
    t =    15.92s         Capturing element debug description
    t =    16.98s     Checking `Expect predicate `existsNoRetry == 1` for object Any (First Match)`
    t =    16.98s         Checking existence of `Any (First Match)`
    t =    17.00s         Capturing element debug description
    t =    17.97s     Checking `Expect predicate `existsNoRetry == 1` for object Any (First Match)`
    t =    17.97s         Checking existence of `Any (First Match)`
    t =    17.98s         Capturing element debug description
    t =    18.93s     Checking `Expect predicate `existsNoRetry == 1` for object Any (First Match)`
    t =    18.93s         Checking existence of `Any (First Match)`
    t =    18.94s         Capturing element debug description
    t =    19.90s     Checking `Expect predicate `existsNoRetry == 1` for object Any (First Match)`
    t =    19.91s         Checking existence of `Any (First Match)`
    t =    19.92s         Capturing element debug description
    t =    20.99s     Checking `Expect predicate `existsNoRetry == 1` for object Any (First Match)`
    t =    20.99s         Checking existence of `Any (First Match)`
    t =    21.00s         Capturing element debug description
    t =    21.97s     Checking `Expect predicate `existsNoRetry == 1` for object Any (First Match)`
    t =    21.97s         Checking existence of `Any (First Match)`
    t =    21.98s         Capturing element debug description
    t =    22.95s     Checking `Expect predicate `existsNoRetry == 1` for object Any (First Match)`
    t =    22.95s         Checking existence of `Any (First Match)`
    t =    22.96s         Capturing element debug description
    t =    23.93s     Checking `Expect predicate `existsNoRetry == 1` for object Any (First Match)`
    t =    23.93s         Checking existence of `Any (First Match)`
    t =    23.94s         Capturing element debug description
    t =    24.91s     Checking `Expect predicate `existsNoRetry == 1` for object Any (First Match)`
    t =    24.91s         Checking existence of `Any (First Match)`
    t =    24.93s         Capturing element debug description
    t =    25.90s     Checking `Expect predicate `existsNoRetry == 1` for object Any (First Match)`
    t =    25.91s         Checking existence of `Any (First Match)`
    t =    25.92s         Capturing element debug description
    t =    26.99s     Checking `Expect predicate `existsNoRetry == 1` for object Any (First Match)`
    t =    26.99s         Checking existence of `Any (First Match)`
    t =    27.00s         Capturing element debug description
    t =    27.96s     Checking `Expect predicate `existsNoRetry == 1` for object Any (First Match)`
    t =    27.96s         Checking existence of `Any (First Match)`
    t =    27.97s         Capturing element debug description
    t =    28.93s     Checking `Expect predicate `existsNoRetry == 1` for object Any (First Match)`
    t =    28.93s         Checking existence of `Any (First Match)`
    t =    28.95s         Capturing element debug description
    t =    29.91s     Checking `Expect predicate `existsNoRetry == 1` for object Any (First Match)`
    t =    29.91s         Checking existence of `Any (First Match)`
    t =    29.92s         Capturing element debug description
    t =    30.98s     Checking `Expect predicate `existsNoRetry == 1` for object Any (First Match)`
    t =    30.98s         Checking existence of `Any (First Match)`
    t =    31.00s         Capturing element debug description
    t =    31.97s     Checking `Expect predicate `existsNoRetry == 1` for object Any (First Match)`
    t =    31.97s         Checking existence of `Any (First Match)`
    t =    31.98s         Capturing element debug description
    t =    32.95s     Checking `Expect predicate `existsNoRetry == 1` for object Any (First Match)`
    t =    32.95s         Checking existence of `Any (First Match)`
    t =    32.96s         Capturing element debug description
    t =    33.92s     Checking `Expect predicate `existsNoRetry == 1` for object Any (First Match)`
    t =    33.92s         Checking existence of `Any (First Match)`
    t =    33.93s         Capturing element debug description
    t =    34.90s     Checking `Expect predicate `existsNoRetry == 1` for object Any (First Match)`
    t =    34.90s         Checking existence of `Any (First Match)`
    t =    34.92s         Capturing element debug description
    t =    35.99s     Checking `Expect predicate `existsNoRetry == 1` for object Any (First Match)`
    t =    35.99s         Checking existence of `Any (First Match)`
    t =    36.00s         Capturing element debug description
    t =    36.96s     Checking `Expect predicate `existsNoRetry == 1` for object Any (First Match)`
    t =    36.96s         Checking existence of `Any (First Match)`
    t =    36.96s         Capturing element debug description
    t =    37.92s     Checking `Expect predicate `existsNoRetry == 1` for object Any (First Match)`
    t =    37.92s         Checking existence of `Any (First Match)`
    t =    37.93s         Capturing element debug description
    t =    38.90s     Checking `Expect predicate `existsNoRetry == 1` for object Any (First Match)`
    t =    38.90s         Checking existence of `Any (First Match)`
    t =    38.92s         Capturing element debug description
    t =    39.99s     Checking `Expect predicate `existsNoRetry == 1` for object Any (First Match)`
    t =    39.99s         Checking existence of `Any (First Match)`
    t =    40.00s         Capturing element debug description
    t =    40.96s     Checking `Expect predicate `existsNoRetry == 1` for object Any (First Match)`
    t =    40.96s         Checking existence of `Any (First Match)`
    t =    40.98s         Capturing element debug description
    t =    41.94s     Checking `Expect predicate `existsNoRetry == 1` for object Any (First Match)`
    t =    41.94s         Checking existence of `Any (First Match)`
    t =    41.95s         Capturing element debug description
    t =    42.91s     Checking `Expect predicate `existsNoRetry == 1` for object Any (First Match)`
    t =    42.91s         Checking existence of `Any (First Match)`
    t =    42.93s         Capturing element debug description
    t =    44.00s     Checking `Expect predicate `existsNoRetry == 1` for object Any (First Match)`
    t =    44.00s         Checking existence of `Any (First Match)`
    t =    44.01s         Capturing element debug description
    t =    44.98s     Checking `Expect predicate `existsNoRetry == 1` for object Any (First Match)`
    t =    44.98s         Checking existence of `Any (First Match)`
    t =    44.99s         Capturing element debug description
    t =    45.95s     Checking `Expect predicate `existsNoRetry == 1` for object Any (First Match)`
    t =    45.95s         Checking existence of `Any (First Match)`
    t =    45.97s         Capturing element debug description
    t =    46.92s     Checking `Expect predicate `existsNoRetry == 1` for object Any (First Match)`
    t =    46.93s         Checking existence of `Any (First Match)`
    t =    46.94s         Capturing element debug description
    t =    47.91s     Checking `Expect predicate `existsNoRetry == 1` for object Any (First Match)`
    t =    47.91s         Checking existence of `Any (First Match)`
    t =    47.92s         Capturing element debug description
    t =    48.99s     Checking `Expect predicate `existsNoRetry == 1` for object Any (First Match)`
    t =    48.99s         Checking existence of `Any (First Match)`
    t =    49.01s         Capturing element debug description
    t =    49.97s     Checking `Expect predicate `existsNoRetry == 1` for object Any (First Match)`
    t =    49.97s         Checking existence of `Any (First Match)`
    t =    49.98s         Capturing element debug description
    t =    50.94s     Checking `Expect predicate `existsNoRetry == 1` for object Any (First Match)`
    t =    50.94s         Checking existence of `Any (First Match)`
    t =    50.95s         Capturing element debug description
    t =    51.92s     Checking `Expect predicate `existsNoRetry == 1` for object Any (First Match)`
    t =    51.92s         Checking existence of `Any (First Match)`
    t =    51.93s         Capturing element debug description
    t =    52.90s     Checking `Expect predicate `existsNoRetry == 1` for object Any (First Match)`
    t =    52.90s         Checking existence of `Any (First Match)`
    t =    52.91s         Capturing element debug description
    t =    53.98s     Checking `Expect predicate `existsNoRetry == 1` for object Any (First Match)`
    t =    53.98s         Checking existence of `Any (First Match)`
    t =    54.00s         Capturing element debug description
    t =    54.96s     Checking `Expect predicate `existsNoRetry == 1` for object Any (First Match)`
    t =    54.96s         Checking existence of `Any (First Match)`
    t =    54.97s         Capturing element debug description
    t =    55.93s     Checking `Expect predicate `existsNoRetry == 1` for object Any (First Match)`
    t =    55.93s         Checking existence of `Any (First Match)`
    t =    55.95s         Capturing element debug description
    t =    56.92s     Checking `Expect predicate `existsNoRetry == 1` for object Any (First Match)`
    t =    56.92s         Checking existence of `Any (First Match)`
    t =    56.93s         Capturing element debug description
    t =    57.90s     Checking `Expect predicate `existsNoRetry == 1` for object Any (First Match)`
    t =    57.90s         Checking existence of `Any (First Match)`
    t =    57.92s         Capturing element debug description
    t =    58.99s     Checking `Expect predicate `existsNoRetry == 1` for object Any (First Match)`
    t =    58.99s         Checking existence of `Any (First Match)`
    t =    59.00s         Capturing element debug description
    t =    59.93s     Checking `Expect predicate `existsNoRetry == 1` for object Any (First Match)`
    t =    59.93s         Checking existence of `Any (First Match)`
    t =    59.94s         Capturing element debug description
    t =    60.97s     Checking `Expect predicate `existsNoRetry == 1` for object Any (First Match)`
    t =    60.97s         Checking existence of `Any (First Match)`
    t =    60.98s         Capturing element debug description
    t =    61.92s     Checking `Expect predicate `existsNoRetry == 1` for object Any (First Match)`
    t =    61.92s         Checking existence of `Any (First Match)`
    t =    61.93s         Capturing element debug description
    t =    62.96s     Checking `Expect predicate `existsNoRetry == 1` for object Any (First Match)`
    t =    62.97s         Checking existence of `Any (First Match)`
    t =    62.98s         Capturing element debug description
    t =    63.90s     Checking `Expect predicate `existsNoRetry == 1` for object Any (First Match)`
    t =    63.90s         Checking existence of `Any (First Match)`
    t =    63.92s         Capturing element debug description
    t =    64.95s     Checking `Expect predicate `existsNoRetry == 1` for object Any (First Match)`
    t =    64.95s         Checking existence of `Any (First Match)`
    t =    64.96s         Capturing element debug description
    t =    65.99s     Checking `Expect predicate `existsNoRetry == 1` for object Any (First Match)`
    t =    65.99s         Checking existence of `Any (First Match)`
    t =    66.00s         Capturing element debug description
    t =    66.93s     Checking `Expect predicate `existsNoRetry == 1` for object Any (First Match)`
    t =    66.93s         Checking existence of `Any (First Match)`
    t =    66.95s         Capturing element debug description
    t =    67.98s     Checking `Expect predicate `existsNoRetry == 1` for object Any (First Match)`
    t =    67.98s         Checking existence of `Any (First Match)`
    t =    68.00s         Capturing element debug description
    t =    68.92s     Checking `Expect predicate `existsNoRetry == 1` for object Any (First Match)`
    t =    68.92s         Checking existence of `Any (First Match)`
    t =    68.94s         Capturing element debug description
    t =    69.97s     Checking `Expect predicate `existsNoRetry == 1` for object Any (First Match)`
    t =    69.97s         Checking existence of `Any (First Match)`
    t =    69.98s         Capturing element debug description
    t =    70.91s     Checking `Expect predicate `existsNoRetry == 1` for object Any (First Match)`
    t =    70.92s         Checking existence of `Any (First Match)`
    t =    70.93s         Capturing element debug description
    t =    71.96s     Checking `Expect predicate `existsNoRetry == 1` for object Any (First Match)`
    t =    71.96s         Checking existence of `Any (First Match)`
    t =    71.98s         Capturing element debug description
    t =    72.91s     Checking `Expect predicate `existsNoRetry == 1` for object Any (First Match)`
    t =    72.91s         Checking existence of `Any (First Match)`
    t =    72.92s         Capturing element debug description
    t =    73.95s     Checking `Expect predicate `existsNoRetry == 1` for object Any (First Match)`
    t =    73.95s         Checking existence of `Any (First Match)`
    t =    73.96s         Capturing element debug description
    t =    74.98s     Checking `Expect predicate `existsNoRetry == 1` for object Any (First Match)`
    t =    74.98s         Checking existence of `Any (First Match)`
    t =    74.99s         Capturing element debug description
    t =    75.92s     Checking `Expect predicate `existsNoRetry == 1` for object Any (First Match)`
    t =    75.92s         Checking existence of `Any (First Match)`
    t =    75.94s         Capturing element debug description
    t =    76.97s     Checking `Expect predicate `existsNoRetry == 1` for object Any (First Match)`
    t =    76.97s         Checking existence of `Any (First Match)`
    t =    76.98s         Capturing element debug description
    t =    77.92s     Checking `Expect predicate `existsNoRetry == 1` for object Any (First Match)`
    t =    77.92s         Checking existence of `Any (First Match)`
    t =    77.92s         Capturing element debug description
    t =    78.95s     Checking `Expect predicate `existsNoRetry == 1` for object Any (First Match)`
    t =    78.95s         Checking existence of `Any (First Match)`
    t =    78.96s         Capturing element debug description
    t =    79.99s     Checking `Expect predicate `existsNoRetry == 1` for object Any (First Match)`
    t =    80.00s         Checking existence of `Any (First Match)`
    t =    80.01s         Capturing element debug description
    t =    80.94s     Checking `Expect predicate `existsNoRetry == 1` for object Any (First Match)`
    t =    80.94s         Checking existence of `Any (First Match)`
    t =    80.95s         Capturing element debug description
    t =    81.98s     Checking `Expect predicate `existsNoRetry == 1` for object Any (First Match)`
    t =    81.98s         Checking existence of `Any (First Match)`
    t =    82.00s         Capturing element debug description
    t =    82.91s     Checking `Expect predicate `existsNoRetry == 1` for object Any (First Match)`
    t =    82.92s         Checking existence of `Any (First Match)`
    t =    82.93s         Capturing element debug description
    t =    83.92s     Checking `Expect predicate `existsNoRetry == 1` for object Any (First Match)`
    t =    83.93s         Checking existence of `Any (First Match)`
    t =    83.94s         Capturing element debug description
    t =    84.95s     Checking `Expect predicate `existsNoRetry == 1` for object Any (First Match)`
    t =    84.95s         Checking existence of `Any (First Match)`
    t =    84.96s         Capturing element debug description
    t =    85.99s     Checking `Expect predicate `existsNoRetry == 1` for object Any (First Match)`
    t =    85.99s         Checking existence of `Any (First Match)`
    t =    86.00s         Capturing element debug description
    t =    86.92s     Checking `Expect predicate `existsNoRetry == 1` for object Any (First Match)`
    t =    86.92s         Checking existence of `Any (First Match)`
    t =    86.94s         Capturing element debug description
    t =    87.96s     Checking `Expect predicate `existsNoRetry == 1` for object Any (First Match)`
    t =    87.96s         Checking existence of `Any (First Match)`
    t =    87.97s         Capturing element debug description
    t =    88.99s     Checking `Expect predicate `existsNoRetry == 1` for object Any (First Match)`
    t =    88.99s         Checking existence of `Any (First Match)`
    t =    89.00s         Capturing element debug description
    t =    89.92s     Checking `Expect predicate `existsNoRetry == 1` for object Any (First Match)`
    t =    89.93s         Checking existence of `Any (First Match)`
    t =    89.94s         Capturing element debug description
    t =    90.96s     Checking `Expect predicate `existsNoRetry == 1` for object Any (First Match)`
    t =    90.96s         Checking existence of `Any (First Match)`
    t =    90.97s         Capturing element debug description
    t =    91.99s     Checking `Expect predicate `existsNoRetry == 1` for object Any (First Match)`
    t =    91.99s         Checking existence of `Any (First Match)`
    t =    92.00s         Capturing element debug description
    t =    92.92s     Checking `Expect predicate `existsNoRetry == 1` for object Any (First Match)`
    t =    92.93s         Checking existence of `Any (First Match)`
    t =    92.94s         Capturing element debug description
    t =    93.97s     Checking `Expect predicate `existsNoRetry == 1` for object Any (First Match)`
    t =    93.97s         Checking existence of `Any (First Match)`
    t =    93.99s         Capturing element debug description
    t =    94.91s     Checking `Expect predicate `existsNoRetry == 1` for object Any (First Match)`
    t =    94.91s         Checking existence of `Any (First Match)`
    t =    94.92s         Capturing element debug description
    t =    95.94s     Checking `Expect predicate `existsNoRetry == 1` for object Any (First Match)`
    t =    95.94s         Checking existence of `Any (First Match)`
    t =    95.95s         Capturing element debug description
    t =    96.97s     Checking `Expect predicate `existsNoRetry == 1` for object Any (First Match)`
    t =    96.97s         Checking existence of `Any (First Match)`
    t =    96.99s         Capturing element debug description
    t =    97.90s     Checking `Expect predicate `existsNoRetry == 1` for object Any (First Match)`
    t =    97.90s         Checking existence of `Any (First Match)`
    t =    97.92s         Capturing element debug description
    t =    98.92s     Checking `Expect predicate `existsNoRetry == 1` for object Any (First Match)`
    t =    98.93s         Checking existence of `Any (First Match)`
    t =    98.94s         Capturing element debug description
    t =    99.97s     Checking `Expect predicate `existsNoRetry == 1` for object Any (First Match)`
    t =    99.97s         Checking existence of `Any (First Match)`
    t =    99.98s         Capturing element debug description
    t =   100.90s     Checking `Expect predicate `existsNoRetry == 1` for object Any (First Match)`
    t =   100.91s         Checking existence of `Any (First Match)`
    t =   100.92s         Capturing element debug description
    t =   101.92s     Checking `Expect predicate `existsNoRetry == 1` for object Any (First Match)`
    t =   101.92s         Checking existence of `Any (First Match)`
    t =   101.94s         Capturing element debug description
    t =   102.93s     Checking `Expect predicate `existsNoRetry == 1` for object Any (First Match)`
    t =   102.94s         Checking existence of `Any (First Match)`
    t =   102.95s         Capturing element debug description
    t =   103.97s     Checking `Expect predicate `existsNoRetry == 1` for object Any (First Match)`
    t =   103.97s         Checking existence of `Any (First Match)`
    t =   103.98s         Capturing element debug description
    t =   104.91s     Checking `Expect predicate `existsNoRetry == 1` for object Any (First Match)`
    t =   104.91s         Checking existence of `Any (First Match)`
    t =   104.93s         Capturing element debug description
    t =   105.94s     Checking `Expect predicate `existsNoRetry == 1` for object Any (First Match)`
    t =   105.94s         Checking existence of `Any (First Match)`
    t =   105.95s         Capturing element debug description
    t =   106.97s     Checking `Expect predicate `existsNoRetry == 1` for object Any (First Match)`
    t =   106.97s         Checking existence of `Any (First Match)`
    t =   106.99s         Capturing element debug description
    t =   107.91s     Checking `Expect predicate `existsNoRetry == 1` for object Any (First Match)`
    t =   107.91s         Checking existence of `Any (First Match)`
    t =   107.92s         Capturing element debug description
    t =   108.95s     Checking `Expect predicate `existsNoRetry == 1` for object Any (First Match)`
    t =   108.95s         Checking existence of `Any (First Match)`
    t =   108.96s         Capturing element debug description
    t =   109.90s     Checking `Expect predicate `existsNoRetry == 1` for object Any (First Match)`
    t =   109.90s         Checking existence of `Any (First Match)`
    t =   109.91s         Capturing element debug description
    t =   110.92s     Checking `Expect predicate `existsNoRetry == 1` for object Any (First Match)`
    t =   110.92s         Checking existence of `Any (First Match)`
    t =   110.94s         Capturing element debug description
    t =   111.94s     Checking `Expect predicate `existsNoRetry == 1` for object Any (First Match)`
    t =   111.94s         Checking existence of `Any (First Match)`
    t =   111.96s         Capturing element debug description
    t =   112.98s     Checking `Expect predicate `existsNoRetry == 1` for object Any (First Match)`
    t =   112.99s         Checking existence of `Any (First Match)`
    t =   113.00s         Capturing element debug description
    t =   113.92s     Checking `Expect predicate `existsNoRetry == 1` for object Any (First Match)`
    t =   113.92s         Checking existence of `Any (First Match)`
    t =   113.94s         Capturing element debug description
    t =   114.96s     Checking `Expect predicate `existsNoRetry == 1` for object Any (First Match)`
    t =   114.96s         Checking existence of `Any (First Match)`
    t =   114.97s         Capturing element debug description
    t =   115.98s     Checking `Expect predicate `existsNoRetry == 1` for object Any (First Match)`
    t =   115.99s         Checking existence of `Any (First Match)`
    t =   116.00s         Capturing element debug description
    t =   116.92s     Checking `Expect predicate `existsNoRetry == 1` for object Any (First Match)`
    t =   116.92s         Checking existence of `Any (First Match)`
    t =   116.93s         Capturing element debug description
    t =   117.95s     Checking `Expect predicate `existsNoRetry == 1` for object Any (First Match)`
    t =   117.95s         Checking existence of `Any (First Match)`
    t =   117.97s         Capturing element debug description
    t =   118.98s     Checking `Expect predicate `existsNoRetry == 1` for object Any (First Match)`
    t =   118.99s         Checking existence of `Any (First Match)`
    t =   119.01s         Capturing element debug description
    t =   119.93s     Checking `Expect predicate `existsNoRetry == 1` for object Any (First Match)`
    t =   119.93s         Checking existence of `Any (First Match)`
    t =   119.94s         Capturing element debug description
    t =   120.96s     Checking `Expect predicate `existsNoRetry == 1` for object Any (First Match)`
    t =   120.96s         Checking existence of `Any (First Match)`
    t =   120.97s         Capturing element debug description
    t =   121.90s     Checking `Expect predicate `existsNoRetry == 1` for object Any (First Match)`
    t =   121.90s         Checking existence of `Any (First Match)`
    t =   121.92s         Capturing element debug description
    t =   122.93s     Checking `Expect predicate `existsNoRetry == 1` for object Any (First Match)`
    t =   122.93s         Checking existence of `Any (First Match)`
    t =   122.95s         Capturing element debug description
    t =   123.97s     Checking `Expect predicate `existsNoRetry == 1` for object Any (First Match)`
    t =   123.97s         Checking existence of `Any (First Match)`
    t =   123.98s         Capturing element debug description
    t =   124.90s     Checking `Expect predicate `existsNoRetry == 1` for object Any (First Match)`
    t =   124.90s         Checking existence of `Any (First Match)`
    t =   124.92s         Capturing element debug description
    t =   125.94s     Checking `Expect predicate `existsNoRetry == 1` for object Any (First Match)`
    t =   125.94s         Checking existence of `Any (First Match)`
    t =   125.95s         Capturing element debug description
    t =   126.97s     Checking `Expect predicate `existsNoRetry == 1` for object Any (First Match)`
    t =   126.97s         Checking existence of `Any (First Match)`
    t =   126.98s         Capturing element debug description
    t =   127.90s     Checking `Expect predicate `existsNoRetry == 1` for object Any (First Match)`
    t =   127.90s         Checking existence of `Any (First Match)`
    t =   127.92s         Capturing element debug description
    t =   128.92s     Checking `Expect predicate `existsNoRetry == 1` for object Any (First Match)`
    t =   128.92s         Checking existence of `Any (First Match)`
    t =   128.93s         Capturing element debug description
    t =   129.94s     Checking `Expect predicate `existsNoRetry == 1` for object Any (First Match)`
    t =   129.94s         Checking existence of `Any (First Match)`
    t =   129.96s         Capturing element debug description
    t =   130.98s     Checking `Expect predicate `existsNoRetry == 1` for object Any (First Match)`
    t =   130.99s         Checking existence of `Any (First Match)`
    t =   131.00s         Capturing element debug description
    t =   131.92s     Checking `Expect predicate `existsNoRetry == 1` for object Any (First Match)`
    t =   131.92s         Checking existence of `Any (First Match)`
    t =   131.93s         Capturing element debug description
    t =   132.95s     Checking `Expect predicate `existsNoRetry == 1` for object Any (First Match)`
    t =   132.96s         Checking existence of `Any (First Match)`
    t =   132.97s         Capturing element debug description
    t =   133.97s     Checking `Expect predicate `existsNoRetry == 1` for object Any (First Match)`
    t =   133.97s         Checking existence of `Any (First Match)`
    t =   133.98s         Capturing element debug description
    t =   134.90s     Checking `Expect predicate `existsNoRetry == 1` for object Any (First Match)`
    t =   134.90s         Checking existence of `Any (First Match)`
    t =   134.92s         Capturing element debug description
    t =   135.94s     Checking `Expect predicate `existsNoRetry == 1` for object Any (First Match)`
    t =   135.94s         Checking existence of `Any (First Match)`
    t =   135.96s         Capturing element debug description
    t =   136.98s     Checking `Expect predicate `existsNoRetry == 1` for object Any (First Match)`
    t =   136.99s         Checking existence of `Any (First Match)`
    t =   137.00s         Capturing element debug description
    t =   137.92s     Checking `Expect predicate `existsNoRetry == 1` for object Any (First Match)`
    t =   137.92s         Checking existence of `Any (First Match)`
    t =   137.94s         Capturing element debug description
    t =   138.94s     Checking `Expect predicate `existsNoRetry == 1` for object Any (First Match)`
    t =   138.94s         Checking existence of `Any (First Match)`
    t =   138.94s         Capturing element debug description
    t =   139.97s     Checking `Expect predicate `existsNoRetry == 1` for object Any (First Match)`
    t =   139.97s         Checking existence of `Any (First Match)`
    t =   139.99s         Capturing element debug description
    t =   140.90s     Checking `Expect predicate `existsNoRetry == 1` for object Any (First Match)`
    t =   140.90s         Checking existence of `Any (First Match)`
    t =   140.92s         Capturing element debug description
    t =   141.93s     Checking `Expect predicate `existsNoRetry == 1` for object Any (First Match)`
    t =   141.93s         Checking existence of `Any (First Match)`
    t =   141.94s         Capturing element debug description
    t =   142.96s     Checking `Expect predicate `existsNoRetry == 1` for object Any (First Match)`
    t =   142.96s         Checking existence of `Any (First Match)`
    t =   142.97s         Capturing element debug description
    t =   143.90s     Checking `Expect predicate `existsNoRetry == 1` for object Any (First Match)`
    t =   143.90s         Checking existence of `Any (First Match)`
    t =   143.92s         Capturing element debug description
    t =   144.92s     Checking `Expect predicate `existsNoRetry == 1` for object Any (First Match)`
    t =   144.92s         Checking existence of `Any (First Match)`
    t =   144.94s         Capturing element debug description
    t =   145.97s     Checking `Expect predicate `existsNoRetry == 1` for object Any (First Match)`
    t =   145.97s         Checking existence of `Any (First Match)`
    t =   145.98s         Capturing element debug description
    t =   146.90s     Checking `Expect predicate `existsNoRetry == 1` for object Any (First Match)`
    t =   146.90s         Checking existence of `Any (First Match)`
    t =   146.92s         Capturing element debug description
    t =   147.94s     Checking `Expect predicate `existsNoRetry == 1` for object Any (First Match)`
    t =   147.95s         Checking existence of `Any (First Match)`
    t =   147.96s         Capturing element debug description
    t =   148.97s     Checking `Expect predicate `existsNoRetry == 1` for object Any (First Match)`
    t =   148.97s         Checking existence of `Any (First Match)`
    t =   148.97s         Capturing element debug description
    t =   149.90s     Checking `Expect predicate `existsNoRetry == 1` for object Any (First Match)`
    t =   149.90s         Checking existence of `Any (First Match)`
    t =   149.92s         Capturing element debug description
    t =   150.94s     Checking `Expect predicate `existsNoRetry == 1` for object Any (First Match)`
    t =   150.94s         Checking existence of `Any (First Match)`
    t =   150.95s         Capturing element debug description
    t =   151.97s     Checking `Expect predicate `existsNoRetry == 1` for object Any (First Match)`
    t =   151.97s         Checking existence of `Any (First Match)`
    t =   151.98s         Capturing element debug description
    t =   152.90s     Checking `Expect predicate `existsNoRetry == 1` for object Any (First Match)`
    t =   152.91s         Checking existence of `Any (First Match)`
    t =   152.92s         Capturing element debug description
    t =   153.93s     Checking `Expect predicate `existsNoRetry == 1` for object Any (First Match)`
    t =   153.94s         Checking existence of `Any (First Match)`
    t =   153.95s         Capturing element debug description
    t =   154.97s     Checking `Expect predicate `existsNoRetry == 1` for object Any (First Match)`
    t =   154.97s         Checking existence of `Any (First Match)`
    t =   154.98s         Capturing element debug description
    t =   155.91s     Checking `Expect predicate `existsNoRetry == 1` for object Any (First Match)`
    t =   155.91s         Checking existence of `Any (First Match)`
    t =   155.93s         Capturing element debug description
    t =   156.94s     Checking `Expect predicate `existsNoRetry == 1` for object Any (First Match)`
    t =   156.94s         Checking existence of `Any (First Match)`
    t =   156.96s         Capturing element debug description
    t =   157.98s     Checking `Expect predicate `existsNoRetry == 1` for object Any (First Match)`
    t =   157.99s         Checking existence of `Any (First Match)`
    t =   158.00s         Capturing element debug description
    t =   158.92s     Checking `Expect predicate `existsNoRetry == 1` for object Any (First Match)`
    t =   158.92s         Checking existence of `Any (First Match)`
    t =   158.94s         Capturing element debug description
    t =   159.95s     Checking `Expect predicate `existsNoRetry == 1` for object Any (First Match)`
    t =   159.96s         Checking existence of `Any (First Match)`
    t =   159.97s         Capturing element debug description
    t =   160.98s     Checking `Expect predicate `existsNoRetry == 1` for object Any (First Match)`
    t =   160.99s         Checking existence of `Any (First Match)`
    t =   161.00s         Capturing element debug description
    t =   161.92s     Checking `Expect predicate `existsNoRetry == 1` for object Any (First Match)`
    t =   161.92s         Checking existence of `Any (First Match)`
    t =   161.93s         Capturing element debug description
    t =   162.97s     Checking `Expect predicate `existsNoRetry == 1` for object Any (First Match)`
    t =   162.97s         Checking existence of `Any (First Match)`
    t =   162.98s         Capturing element debug description
    t =   163.90s     Checking `Expect predicate `existsNoRetry == 1` for object Any (First Match)`
    t =   163.90s         Checking existence of `Any (First Match)`
    t =   163.92s         Capturing element debug description
    t =   164.93s     Checking `Expect predicate `existsNoRetry == 1` for object Any (First Match)`
    t =   164.93s         Checking existence of `Any (First Match)`
    t =   164.94s         Capturing element debug description
    t =   165.97s     Checking `Expect predicate `existsNoRetry == 1` for object Any (First Match)`
    t =   165.97s         Checking existence of `Any (First Match)`
    t =   165.98s         Capturing element debug description
    t =   166.90s     Checking `Expect predicate `existsNoRetry == 1` for object Any (First Match)`
    t =   166.90s         Checking existence of `Any (First Match)`
    t =   166.92s         Capturing element debug description
    t =   167.92s     Checking `Expect predicate `existsNoRetry == 1` for object Any (First Match)`
    t =   167.93s         Checking existence of `Any (First Match)`
    t =   167.94s         Capturing element debug description
    t =   168.94s     Checking `Expect predicate `existsNoRetry == 1` for object Any (First Match)`
    t =   168.95s         Checking existence of `Any (First Match)`
    t =   168.96s         Capturing element debug description
    t =   169.98s     Checking `Expect predicate `existsNoRetry == 1` for object Any (First Match)`
    t =   169.99s         Checking existence of `Any (First Match)`
    t =   170.00s         Capturing element debug description
    t =   170.92s     Checking `Expect predicate `existsNoRetry == 1` for object Any (First Match)`
    t =   170.92s         Checking existence of `Any (First Match)`
    t =   170.94s         Capturing element debug description
    t =   171.95s     Checking `Expect predicate `existsNoRetry == 1` for object Any (First Match)`
    t =   171.95s         Checking existence of `Any (First Match)`
    t =   171.97s         Capturing element debug description
    t =   172.90s     Checking `Expect predicate `existsNoRetry == 1` for object Any (First Match)`
    t =   172.90s         Checking existence of `Any (First Match)`
    t =   172.92s         Capturing element debug description
    t =   173.93s     Checking `Expect predicate `existsNoRetry == 1` for object Any (First Match)`
    t =   173.93s         Checking existence of `Any (First Match)`
    t =   173.94s         Capturing element debug description
    t =   174.97s     Checking `Expect predicate `existsNoRetry == 1` for object Any (First Match)`
    t =   174.97s         Checking existence of `Any (First Match)`
    t =   174.99s         Capturing element debug description
    t =   175.91s     Checking `Expect predicate `existsNoRetry == 1` for object Any (First Match)`
    t =   175.91s         Checking existence of `Any (First Match)`
    t =   175.92s         Capturing element debug description
    t =   176.93s     Checking `Expect predicate `existsNoRetry == 1` for object Any (First Match)`
    t =   176.93s         Checking existence of `Any (First Match)`
    t =   176.94s         Capturing element debug description
    t =   177.97s     Checking `Expect predicate `existsNoRetry == 1` for object Any (First Match)`
    t =   177.97s         Checking existence of `Any (First Match)`
    t =   177.98s         Capturing element debug description
    t =   178.92s     Checking `Expect predicate `existsNoRetry == 1` for object Any (First Match)`
    t =   178.92s         Checking existence of `Any (First Match)`
    t =   178.93s         Capturing element debug description
    t =   179.94s     Checking `Expect predicate `existsNoRetry == 1` for object Any (First Match)`
    t =   179.94s         Checking existence of `Any (First Match)`
    t =   179.96s         Capturing element debug description
    t =   180.98s     Checking `Expect predicate `existsNoRetry == 1` for object Any (First Match)`
    t =   180.98s         Checking existence of `Any (First Match)`
    t =   181.00s         Capturing element debug description
    t =   181.90s     Checking `Expect predicate `existsNoRetry == 1` for object Any (First Match)`
    t =   181.90s         Checking existence of `Any (First Match)`
    t =   181.92s         Capturing element debug description
    t =   182.93s     Checking `Expect predicate `existsNoRetry == 1` for object Any (First Match)`
    t =   182.94s         Checking existence of `Any (First Match)`
    t =   182.95s         Capturing element debug description
    t =   183.97s     Checking `Expect predicate `existsNoRetry == 1` for object Any (First Match)`
    t =   183.97s         Checking existence of `Any (First Match)`
    t =   183.98s         Capturing element debug description
    t =   184.90s     Checking `Expect predicate `existsNoRetry == 1` for object Any (First Match)`
    t =   184.90s         Checking existence of `Any (First Match)`
    t =   184.92s         Capturing element debug description
    t =   185.93s     Checking `Expect predicate `existsNoRetry == 1` for object Any (First Match)`
    t =   185.93s         Checking existence of `Any (First Match)`
    t =   185.94s         Capturing element debug description
    t =   186.95s     Checking `Expect predicate `existsNoRetry == 1` for object Any (First Match)`
    t =   186.95s         Checking existence of `Any (First Match)`
    t =   186.97s         Capturing element debug description
    t =   187.97s     Checking `Expect predicate `existsNoRetry == 1` for object Any (First Match)`
    t =   187.97s         Checking existence of `Any (First Match)`
    t =   187.98s         Capturing element debug description
    t =   188.90s     Checking `Expect predicate `existsNoRetry == 1` for object Any (First Match)`
    t =   188.90s         Checking existence of `Any (First Match)`
    t =   188.91s         Capturing element debug description
    t =   189.94s     Checking `Expect predicate `existsNoRetry == 1` for object Any (First Match)`
    t =   189.94s         Checking existence of `Any (First Match)`
    t =   189.94s         Capturing element debug description
    t =   190.97s     Checking `Expect predicate `existsNoRetry == 1` for object Any (First Match)`
    t =   190.97s         Checking existence of `Any (First Match)`
    t =   190.98s         Capturing element debug description
    t =   191.90s     Checking `Expect predicate `existsNoRetry == 1` for object Any (First Match)`
    t =   191.90s         Checking existence of `Any (First Match)`
    t =   191.92s         Capturing element debug description
    t =   192.94s     Checking `Expect predicate `existsNoRetry == 1` for object Any (First Match)`
    t =   192.94s         Checking existence of `Any (First Match)`
    t =   192.95s         Capturing element debug description
    t =   193.96s     Checking `Expect predicate `existsNoRetry == 1` for object Any (First Match)`
    t =   193.97s         Checking existence of `Any (First Match)`
    t =   193.98s         Capturing element debug description
    t =   194.90s     Checking `Expect predicate `existsNoRetry == 1` for object Any (First Match)`
    t =   194.90s         Checking existence of `Any (First Match)`
    t =   194.92s         Capturing element debug description
    t =   195.93s     Checking `Expect predicate `existsNoRetry == 1` for object Any (First Match)`
    t =   195.93s         Checking existence of `Any (First Match)`
    t =   195.95s         Capturing element debug description
    t =   196.97s     Checking `Expect predicate `existsNoRetry == 1` for object Any (First Match)`
    t =   196.97s         Checking existence of `Any (First Match)`
    t =   196.98s         Capturing element debug description
    t =   197.90s     Checking `Expect predicate `existsNoRetry == 1` for object Any (First Match)`
    t =   197.90s         Checking existence of `Any (First Match)`
    t =   197.92s         Capturing element debug description
    t =   198.92s     Checking `Expect predicate `existsNoRetry == 1` for object Any (First Match)`
    t =   198.92s         Checking existence of `Any (First Match)`
    t =   198.94s         Capturing element debug description
    t =   199.96s     Checking `Expect predicate `existsNoRetry == 1` for object Any (First Match)`
    t =   199.97s         Checking existence of `Any (First Match)`
    t =   199.97s         Capturing element debug description
    t =   200.98s     Checking `Expect predicate `existsNoRetry == 1` for object Any (First Match)`
    t =   200.98s         Checking existence of `Any (First Match)`
    t =   201.00s         Capturing element debug description
    t =   201.92s     Checking `Expect predicate `existsNoRetry == 1` for object Any (First Match)`
    t =   201.92s         Checking existence of `Any (First Match)`
    t =   201.94s         Capturing element debug description
    t =   202.96s     Checking `Expect predicate `existsNoRetry == 1` for object Any (First Match)`
    t =   202.97s         Checking existence of `Any (First Match)`
    t =   202.98s         Capturing element debug description
    t =   203.90s     Checking `Expect predicate `existsNoRetry == 1` for object Any (First Match)`
    t =   203.90s         Checking existence of `Any (First Match)`
    t =   203.91s         Capturing element debug description
    t =   204.92s     Checking `Expect predicate `existsNoRetry == 1` for object Any (First Match)`
    t =   204.92s         Checking existence of `Any (First Match)`
    t =   204.94s         Capturing element debug description
    t =   205.96s     Checking `Expect predicate `existsNoRetry == 1` for object Any (First Match)`
    t =   205.96s         Checking existence of `Any (First Match)`
    t =   205.98s         Capturing element debug description
    t =   206.90s     Checking `Expect predicate `existsNoRetry == 1` for object Any (First Match)`
    t =   206.90s         Checking existence of `Any (First Match)`
    t =   206.92s         Capturing element debug description
    t =   207.93s     Checking `Expect predicate `existsNoRetry == 1` for object Any (First Match)`
    t =   207.93s         Checking existence of `Any (First Match)`
    t =   207.94s         Capturing element debug description
    t =   208.96s     Checking `Expect predicate `existsNoRetry == 1` for object Any (First Match)`
    t =   208.97s         Checking existence of `Any (First Match)`
    t =   208.98s         Capturing element debug description
    t =   209.90s     Checking `Expect predicate `existsNoRetry == 1` for object Any (First Match)`
    t =   209.90s         Checking existence of `Any (First Match)`
    t =   209.92s         Capturing element debug description
    t =   210.92s     Checking `Expect predicate `existsNoRetry == 1` for object Any (First Match)`
    t =   210.93s         Checking existence of `Any (First Match)`
    t =   210.94s         Capturing element debug description
    t =   211.96s     Checking `Expect predicate `existsNoRetry == 1` for object Any (First Match)`
    t =   211.97s         Checking existence of `Any (First Match)`
    t =   211.98s         Capturing element debug description
    t =   212.90s     Checking `Expect predicate `existsNoRetry == 1` for object Any (First Match)`
    t =   212.90s         Checking existence of `Any (First Match)`
    t =   212.92s         Capturing element debug description
    t =   213.92s     Checking `Expect predicate `existsNoRetry == 1` for object Any (First Match)`
    t =   213.92s         Checking existence of `Any (First Match)`
    t =   213.94s         Capturing element debug description
    t =   214.96s     Checking `Expect predicate `existsNoRetry == 1` for object Any (First Match)`
    t =   214.96s         Checking existence of `Any (First Match)`
    t =   214.97s         Capturing element debug description
    t =   215.90s     Checking `Expect predicate `existsNoRetry == 1` for object Any (First Match)`
    t =   215.90s         Checking existence of `Any (First Match)`
    t =   215.92s         Capturing element debug description
    t =   216.93s     Checking `Expect predicate `existsNoRetry == 1` for object Any (First Match)`
    t =   216.93s         Checking existence of `Any (First Match)`
    t =   216.95s         Capturing element debug description
    t =   217.96s     Checking `Expect predicate `existsNoRetry == 1` for object Any (First Match)`
    t =   217.97s         Checking existence of `Any (First Match)`
    t =   217.98s         Capturing element debug description
    t =   218.90s     Checking `Expect predicate `existsNoRetry == 1` for object Any (First Match)`
    t =   218.90s         Checking existence of `Any (First Match)`
    t =   218.92s         Capturing element debug description
    t =   219.92s     Checking `Expect predicate `existsNoRetry == 1` for object Any (First Match)`
    t =   219.93s         Checking existence of `Any (First Match)`
    t =   219.94s         Capturing element debug description
    t =   220.96s     Checking `Expect predicate `existsNoRetry == 1` for object Any (First Match)`
    t =   220.97s         Checking existence of `Any (First Match)`
    t =   220.98s         Capturing element debug description
    t =   221.90s     Checking `Expect predicate `existsNoRetry == 1` for object Any (First Match)`
    t =   221.90s         Checking existence of `Any (First Match)`
    t =   221.92s         Capturing element debug description
    t =   222.92s     Checking `Expect predicate `existsNoRetry == 1` for object Any (First Match)`
    t =   222.92s         Checking existence of `Any (First Match)`
    t =   222.94s         Capturing element debug description
    t =   223.95s     Checking `Expect predicate `existsNoRetry == 1` for object Any (First Match)`
    t =   223.96s         Checking existence of `Any (First Match)`
    t =   223.97s         Capturing element debug description
    t =   224.90s     Checking `Expect predicate `existsNoRetry == 1` for object Any (First Match)`
    t =   224.90s         Checking existence of `Any (First Match)`
    t =   224.91s         Capturing element debug description
    t =   225.92s     Checking `Expect predicate `existsNoRetry == 1` for object Any (First Match)`
    t =   225.93s         Checking existence of `Any (First Match)`
    t =   225.94s         Capturing element debug description
    t =   226.93s     Checking `Expect predicate `existsNoRetry == 1` for object Any (First Match)`
    t =   226.93s         Checking existence of `Any (First Match)`
    t =   226.95s         Capturing element debug description
    t =   227.97s     Checking `Expect predicate `existsNoRetry == 1` for object Any (First Match)`
    t =   227.97s         Checking existence of `Any (First Match)`
    t =   227.99s         Capturing element debug description
    t =   228.90s     Checking `Expect predicate `existsNoRetry == 1` for object Any (First Match)`
    t =   228.90s         Checking existence of `Any (First Match)`
    t =   228.91s         Capturing element debug description
    t =   229.93s     Checking `Expect predicate `existsNoRetry == 1` for object Any (First Match)`
    t =   229.93s         Checking existence of `Any (First Match)`
    t =   229.94s         Capturing element debug description
    t =   230.97s     Checking `Expect predicate `existsNoRetry == 1` for object Any (First Match)`
    t =   230.97s         Checking existence of `Any (First Match)`
    t =   230.99s         Capturing element debug description
    t =   231.92s     Checking `Expect predicate `existsNoRetry == 1` for object Any (First Match)`
    t =   231.92s         Checking existence of `Any (First Match)`
    t =   231.93s         Capturing element debug description
    t =   232.93s     Checking `Expect predicate `existsNoRetry == 1` for object Any (First Match)`
    t =   232.93s         Checking existence of `Any (First Match)`
    t =   232.95s         Capturing element debug description
    t =   233.96s     Checking `Expect predicate `existsNoRetry == 1` for object Any (First Match)`
    t =   233.97s         Checking existence of `Any (First Match)`
    t =   233.98s         Capturing element debug description
    t =   234.90s     Checking `Expect predicate `existsNoRetry == 1` for object Any (First Match)`
    t =   234.90s         Checking existence of `Any (First Match)`
    t =   234.91s         Capturing element debug description
    t =   235.93s     Checking `Expect predicate `existsNoRetry == 1` for object Any (First Match)`
    t =   235.93s         Checking existence of `Any (First Match)`
    t =   235.94s         Capturing element debug description
    t =   236.96s     Checking `Expect predicate `existsNoRetry == 1` for object Any (First Match)`
    t =   236.97s         Checking existence of `Any (First Match)`
    t =   236.98s         Capturing element debug description
    t =   237.90s     Checking `Expect predicate `existsNoRetry == 1` for object Any (First Match)`
    t =   237.90s         Checking existence of `Any (First Match)`
    t =   237.92s         Capturing element debug description
    t =   238.93s     Checking `Expect predicate `existsNoRetry == 1` for object Any (First Match)`
    t =   238.93s         Checking existence of `Any (First Match)`
    t =   238.95s         Capturing element debug description
    t =   239.97s     Checking `Expect predicate `existsNoRetry == 1` for object Any (First Match)`
    t =   239.97s         Checking existence of `Any (First Match)`
    t =   239.98s         Capturing element debug description
    t =   240.90s     Checking `Expect predicate `existsNoRetry == 1` for object Any (First Match)`
    t =   240.90s         Checking existence of `Any (First Match)`
    t =   240.90s         Capturing element debug description
    t =   241.93s     Checking `Expect predicate `existsNoRetry == 1` for object Any (First Match)`
    t =   241.94s         Checking existence of `Any (First Match)`
    t =   241.95s         Capturing element debug description
    t =   241.99s     Checking existence of `Any (First Match)`
    t =   242.00s Collecting debug information to assist test failure triage
    t =   242.00s     Requesting snapshot of accessibility hierarchy for app with pid 43212
    t =   242.03s Checking existence of `Any (First Match)`
/Users/nstudio/Documents/github/NathanWalker/token-economics/harness/perf/uidriver/InteropCaptureTests.swift:24: error: -[UIDriverUITests.InteropCaptureTests testCaptureInteropResults] : failed - no INTEROPJSON element within 240s; last status: unknown
    t =   242.07s Tear Down
Test Case '-[UIDriverUITests.InteropCaptureTests testCaptureInteropResults]' failed (242.290 seconds).
Test Suite 'InteropCaptureTests' failed at 2026-08-01 19:36:02.369.
	 Executed 1 test, with 1 failure (0 unexpected) in 242.290 (242.292) seconds
Test Suite 'UIDriverUITests.xctest' failed at 2026-08-01 19:36:02.370.
	 Executed 2 tests, with 1 failure (0 unexpected) in 451.373 (451.378) seconds
Test Suite 'All tests' failed at 2026-08-01 19:36:02.371.
	 Executed 2 tests, with 1 failure (0 unexpected) in 451.373 (451.380) seconds
2026-08-01 19:36:11.411 xcodebuild[43065:30562627] [MT] IDETestOperationsObserverDebug: 461.999 elapsed -- Testing started completed.
2026-08-01 19:36:11.411 xcodebuild[43065:30562627] [MT] IDETestOperationsObserverDebug: 0.000 sec, +0.000 sec -- start
2026-08-01 19:36:11.411 xcodebuild[43065:30562627] [MT] IDETestOperationsObserverDebug: 461.999 sec, +461.999 sec -- end

Test session results, code coverage, and logs:
	/Users/nstudio/Library/Developer/Xcode/DerivedData/UIDriver-ekqcqbpucoqmcgbikewqdmafsmmj/Logs/Test/Test-UIDriver-2026.08.01_19-28-28--0700.xcresult

Failing tests:
	InteropCaptureTests.testCaptureInteropResults()

** TEST FAILED **

Testing started
