Command line invocation:
    /Applications/Xcode.app/Contents/Developer/usr/bin/xcodebuild test -project UIDriver.xcodeproj -scheme UIDriver -destination id=7DFF2660-A10C-449E-867A-92863D91663B

--- xcodebuild: WARNING: Using the first of multiple matching destinations:
{ platform:iOS Simulator, arch:arm64, id:7DFF2660-A10C-449E-867A-92863D91663B, OS:26.5, name:iPhone 17 Pro }
{ platform:iOS Simulator, arch:x86_64, id:7DFF2660-A10C-449E-867A-92863D91663B, OS:26.5, name:iPhone 17 Pro }
ComputePackagePrebuildTargetDependencyGraph

Prepare packages

CreateBuildRequest

SendProjectDescription

CreateBuildOperation

ComputeTargetDependencyGraph
note: Building targets in dependency order
note: Target dependency graph (1 target)
    Target 'UIDriverUITests' in project 'UIDriver' (no dependencies)

GatherProvisioningInputs

CreateBuildDescription

ClangStatCache /Applications/Xcode.app/Contents/Developer/Toolchains/XcodeDefault.xctoolchain/usr/bin/clang-stat-cache /Applications/Xcode.app/Contents/Developer/Platforms/iPhoneSimulator.platform/Developer/SDKs/iPhoneSimulator26.5.sdk /Users/nstudio/Library/Developer/Xcode/DerivedData/SDKStatCaches.noindex/iphonesimulator26.5-23F73-688ef53f1462e2c8f657fdc38a81448f6cfe768891a92b912361537c460fe42b.sdkstatcache
    cd /Users/nstudio/Documents/github/NathanWalker/token-economics/harness/perf/uidriver/UIDriver.xcodeproj
    /Applications/Xcode.app/Contents/Developer/Toolchains/XcodeDefault.xctoolchain/usr/bin/clang-stat-cache /Applications/Xcode.app/Contents/Developer/Platforms/iPhoneSimulator.platform/Developer/SDKs/iPhoneSimulator26.5.sdk -o /Users/nstudio/Library/Developer/Xcode/DerivedData/SDKStatCaches.noindex/iphonesimulator26.5-23F73-688ef53f1462e2c8f657fdc38a81448f6cfe768891a92b912361537c460fe42b.sdkstatcache

ProcessInfoPlistFile /Users/nstudio/Library/Developer/Xcode/DerivedData/UIDriver-ekqcqbpucoqmcgbikewqdmafsmmj/Build/Products/Debug-iphonesimulator/UIDriverUITests-Runner.app/PlugIns/UIDriverUITests.xctest/Info.plist /Users/nstudio/Library/Developer/Xcode/DerivedData/UIDriver-ekqcqbpucoqmcgbikewqdmafsmmj/Build/Intermediates.noindex/UIDriver.build/Debug-iphonesimulator/UIDriverUITests.build/empty-UIDriverUITests.plist (in target 'UIDriverUITests' from project 'UIDriver')
    cd /Users/nstudio/Documents/github/NathanWalker/token-economics/harness/perf/uidriver
    builtin-infoPlistUtility /Users/nstudio/Library/Developer/Xcode/DerivedData/UIDriver-ekqcqbpucoqmcgbikewqdmafsmmj/Build/Intermediates.noindex/UIDriver.build/Debug-iphonesimulator/UIDriverUITests.build/empty-UIDriverUITests.plist -producttype com.apple.product-type.bundle.ui-testing -expandbuildsettings -format binary -platform iphonesimulator -additionalcontentfile /Users/nstudio/Library/Developer/Xcode/DerivedData/UIDriver-ekqcqbpucoqmcgbikewqdmafsmmj/Build/Intermediates.noindex/UIDriver.build/Debug-iphonesimulator/UIDriverUITests.build/ProductTypeInfoPlistAdditions.plist -o /Users/nstudio/Library/Developer/Xcode/DerivedData/UIDriver-ekqcqbpucoqmcgbikewqdmafsmmj/Build/Products/Debug-iphonesimulator/UIDriverUITests-Runner.app/PlugIns/UIDriverUITests.xctest/Info.plist

CopySwiftLibs /Users/nstudio/Library/Developer/Xcode/DerivedData/UIDriver-ekqcqbpucoqmcgbikewqdmafsmmj/Build/Products/Debug-iphonesimulator/UIDriverUITests-Runner.app/PlugIns/UIDriverUITests.xctest (in target 'UIDriverUITests' from project 'UIDriver')
    cd /Users/nstudio/Documents/github/NathanWalker/token-economics/harness/perf/uidriver
    builtin-swiftStdLibTool --copy --verbose --scan-executable /Users/nstudio/Library/Developer/Xcode/DerivedData/UIDriver-ekqcqbpucoqmcgbikewqdmafsmmj/Build/Products/Debug-iphonesimulator/UIDriverUITests-Runner.app/PlugIns/UIDriverUITests.xctest/UIDriverUITests --scan-folder /Users/nstudio/Library/Developer/Xcode/DerivedData/UIDriver-ekqcqbpucoqmcgbikewqdmafsmmj/Build/Products/Debug-iphonesimulator/UIDriverUITests-Runner.app/PlugIns/UIDriverUITests.xctest/Frameworks --scan-folder /Users/nstudio/Library/Developer/Xcode/DerivedData/UIDriver-ekqcqbpucoqmcgbikewqdmafsmmj/Build/Products/Debug-iphonesimulator/UIDriverUITests-Runner.app/PlugIns/UIDriverUITests.xctest/PlugIns --scan-folder /Users/nstudio/Library/Developer/Xcode/DerivedData/UIDriver-ekqcqbpucoqmcgbikewqdmafsmmj/Build/Products/Debug-iphonesimulator/UIDriverUITests-Runner.app/PlugIns/UIDriverUITests.xctest/SystemExtensions --scan-folder /Users/nstudio/Library/Developer/Xcode/DerivedData/UIDriver-ekqcqbpucoqmcgbikewqdmafsmmj/Build/Products/Debug-iphonesimulator/UIDriverUITests-Runner.app/PlugIns/UIDriverUITests.xctest/Extensions --platform iphonesimulator --toolchain /var/run/com.apple.security.cryptexd/mnt/com.apple.MobileAsset.MetalToolchain-v17.6.42.0.xRBJyY/Metal.xctoolchain --toolchain /Applications/Xcode.app/Contents/Developer/Toolchains/XcodeDefault.xctoolchain --destination /Users/nstudio/Library/Developer/Xcode/DerivedData/UIDriver-ekqcqbpucoqmcgbikewqdmafsmmj/Build/Products/Debug-iphonesimulator/UIDriverUITests-Runner.app/PlugIns/UIDriverUITests.xctest/Frameworks --strip-bitcode --scan-executable /Applications/Xcode.app/Contents/Developer/Platforms/iPhoneSimulator.platform/Developer/usr/lib/libXCTestSwiftSupport.dylib --strip-bitcode-tool /Applications/Xcode.app/Contents/Developer/Toolchains/XcodeDefault.xctoolchain/usr/bin/bitcode_strip --emit-dependency-info /Users/nstudio/Library/Developer/Xcode/DerivedData/UIDriver-ekqcqbpucoqmcgbikewqdmafsmmj/Build/Intermediates.noindex/UIDriver.build/Debug-iphonesimulator/UIDriverUITests.build/SwiftStdLibToolInputDependencies.dep --filter-for-swift-os
Ignoring --strip-bitcode because --sign was not passed

2026-08-01 18:51:10.837829-0700 UIDriverUITests-Runner[41301:30482082] [Default] Running tests...
    t =      nans Interface orientation changed to Portrait
Test Suite 'All tests' started at 2026-08-01 18:51:11.426.
Test Suite 'UIDriverUITests.xctest' started at 2026-08-01 18:51:11.427.
Test Suite 'FeatureLatencyTests' started at 2026-08-01 18:51:11.427.
Test Case '-[UIDriverUITests.FeatureLatencyTests testFeatureLatencies]' started.
    t =     0.00s Start Test at 2026-08-01 18:51:11.428
    t =     0.02s Set Up
STEP[0s]: iter 0: launch com.nstudio.expobenchmark
    t =     0.02s Open com.nstudio.expobenchmark
    t =     0.02s     Launch com.nstudio.expobenchmark
    t =     0.12s         Setting up automation session
objc[41301]: Class UIAccessibilityLoaderWebShared is implemented in both /Library/Developer/CoreSimulator/Volumes/iOS_23F77/Library/Developer/CoreSimulator/Profiles/Runtimes/iOS 26.5.simruntime/Contents/Resources/RuntimeRoot/System/Library/AccessibilityBundles/WebCore.axbundle/WebCore (0x109e28310) and /Library/Developer/CoreSimulator/Volumes/iOS_23F77/Library/Developer/CoreSimulator/Profiles/Runtimes/iOS 26.5.simruntime/Contents/Resources/RuntimeRoot/System/Library/AccessibilityBundles/WebKit.axbundle/WebKit (0x109ed0398). This may cause spurious casting failures and mysterious crashes. One of the duplicates must be removed or renamed.
    t =     0.68s         Wait for com.nstudio.expobenchmark to idle
    t =     1.82s Checking existence of `"Health" Button`
    t =     1.86s Waiting 20.0s for Any (First Match) to exist
    t =     2.92s     Checking `Expect predicate `existsNoRetry == 1` for object Any (First Match)`
    t =     2.92s         Checking existence of `Any (First Match)`
STEP[2s]: iter 0: nav Health
    t =     2.94s Checking existence of `"Health" Button`
    t =     2.95s Tap Any (First Match)
    t =     2.95s     Wait for com.nstudio.expobenchmark to idle
    t =     2.95s     Find the Any (First Match)
    t =     2.96s     Check for interrupting elements affecting "Health" Other
    t =     2.98s     Synthesize event
    t =     3.28s     Wait for com.nstudio.expobenchmark to idle
    t =     3.63s Waiting 10.0s for Any (First Match) to exist
    t =     4.70s     Checking `Expect predicate `existsNoRetry == 1` for object Any (First Match)`
    t =     4.70s         Checking existence of `Any (First Match)`
    t =     4.72s Checking existence of `Any (First Match)`
    t =     4.73s Find the Any (First Match)
STEP[4s]: iter 0: HK authorize
    t =     4.75s Checking existence of `"Request Access" Button`
    t =     4.76s Checking existence of `Any (First Match)`
    t =     4.77s Find the Any (First Match)
    t =     4.79s Tap "Request Access" Other
    t =     4.79s     Wait for com.nstudio.expobenchmark to idle
    t =     4.79s     Find the "Request Access" Other
    t =     4.80s     Check for interrupting elements affecting "Request Access" Other
    t =     4.82s     Synthesize event
    t =     5.11s     Wait for com.nstudio.expobenchmark to idle
    t =     5.12s Waiting 3.0s for Any (First Match) to exist
    t =     6.19s     Checking `Expect predicate `existsNoRetry == 1` for object Any (First Match)`
    t =     6.20s         Checking existence of `Any (First Match)`
    t =     6.25s Find the Any (First Match)
STEP[6s]: health sheet(app): tap 'Turn On All'
    t =     6.28s Tap "Turn On All" StaticText
    t =     6.28s     Wait for com.nstudio.expobenchmark to idle
    t =     6.29s     Find the "Turn On All" StaticText
    t =     6.32s     Check for interrupting elements affecting "Turn On All" StaticText
    t =     6.35s     Synthesize event
    t =     6.65s     Wait for com.nstudio.expobenchmark to idle
    t =     6.65s Waiting 2.0s for "Allow" Button to exist
    t =     7.73s     Checking `Expect predicate `existsNoRetry == 1` for object "Allow" Button`
    t =     7.74s         Checking existence of `"Allow" Button`
    t =     7.79s Find the "Allow" Button
STEP[7s]: health sheet(app): confirm 'Allow'
    t =     7.82s Tap "UIA.Health.Allow.Button" Button
    t =     7.82s     Wait for com.nstudio.expobenchmark to idle
    t =     7.82s     Find the "UIA.Health.Allow.Button" Button
    t =     7.85s     Check for interrupting elements affecting "UIA.Health.Allow.Button" Button
    t =     7.87s     Synthesize event
    t =     8.17s     Wait for com.nstudio.expobenchmark to idle
    t =     8.18s Waiting 15.0s for Any (First Match) to exist
    t =     9.24s     Checking `Expect predicate `existsNoRetry == 1` for object Any (First Match)`
    t =     9.24s         Checking existence of `Any (First Match)`
    t =     9.27s Checking existence of `"Health access: not requested" StaticText`
    t =     9.28s Find the "Health access: not requested" StaticText
    t =     9.30s Waiting 15.0s for Any (First Match) to exist
    t =    10.37s     Checking `Expect predicate `existsNoRetry == 1` for object Any (First Match)`
    t =    10.37s         Checking existence of `Any (First Match)`
    t =    10.40s Checking existence of `Any (First Match)`
    t =    10.41s Find the Any (First Match)
    t =    10.42s Checking existence of `"Log 500 Steps" Button`
    t =    10.44s Checking existence of `Any (First Match)`
    t =    10.45s Find the Any (First Match)
STEP[10s]: iter 0: log 500
    t =    10.47s Tap "Log 500 Steps" Other
    t =    10.47s     Wait for com.nstudio.expobenchmark to idle
    t =    10.47s     Find the "Log 500 Steps" Other
    t =    10.48s     Check for interrupting elements affecting "Log 500 Steps" Other
    t =    10.51s     Synthesize event
    t =    10.80s     Wait for com.nstudio.expobenchmark to idle
    t =    10.82s Checking existence of `"Sat Aug 1 — 21,000 steps (today)" StaticText`
    t =    10.83s Find the "Sat Aug 1 — 21,000 steps (today)" StaticText
    t =    10.85s Checking existence of `"Sat Aug 1 — 20,500 steps (today)" StaticText`
STEP[10s]: iter 0: go home
    t =    10.86s Checking existence of `"Transcribe" Button`
    t =    10.87s Checking existence of `"Health" Button`
    t =    10.89s Checking existence of `Any (First Match)`
    t =    10.90s Checking existence of `Button (Element at index 0)`
    t =    10.91s Find the Button (Element at index 0)
STEP[10s]: goHome: tapping candidate 0
    t =    10.93s Tap "BackButton" Button
    t =    10.93s     Wait for com.nstudio.expobenchmark to idle
    t =    10.93s     Find the "BackButton" Button
    t =    10.95s     Check for interrupting elements affecting "BackButton" Button
    t =    10.96s     Synthesize event
    t =    11.26s     Wait for com.nstudio.expobenchmark to idle
    t =    11.92s Checking existence of `"Transcribe" Button`
    t =    11.93s Waiting 3.0s for Any (First Match) to exist
    t =    13.01s     Checking `Expect predicate `existsNoRetry == 1` for object Any (First Match)`
    t =    13.01s         Checking existence of `Any (First Match)`
STEP[13s]: iter 0: nav Transcribe
    t =    13.03s Checking existence of `"Transcribe" Button`
    t =    13.04s Tap Any (First Match)
    t =    13.04s     Wait for com.nstudio.expobenchmark to idle
    t =    13.04s     Find the Any (First Match)
    t =    13.05s     Check for interrupting elements affecting "Transcribe" Other
    t =    13.07s     Synthesize event
    t =    13.36s     Wait for com.nstudio.expobenchmark to idle
    t =    13.68s Waiting 10.0s for Any (First Match) to exist
    t =    14.75s     Checking `Expect predicate `existsNoRetry == 1` for object Any (First Match)`
    t =    14.75s         Checking existence of `Any (First Match)`
    t =    14.78s Checking existence of `Any (First Match)`
    t =    14.79s Find the Any (First Match)
STEP[14s]: iter 0: speech authorize
    t =    14.80s Checking existence of `"Request Access" Button`
    t =    14.81s Checking existence of `Any (First Match)`
    t =    14.82s Find the Any (First Match)
    t =    14.84s Tap "Request Access" Other
    t =    14.84s     Wait for com.nstudio.expobenchmark to idle
    t =    14.84s     Find the "Request Access" Other
    t =    14.85s     Check for interrupting elements affecting "Request Access" Other
    t =    14.87s     Synthesize event
    t =    15.17s     Wait for com.nstudio.expobenchmark to idle
    t =    15.17s Waiting 3.0s for "Allow" Button to exist
    t =    16.24s     Checking `Expect predicate `existsNoRetry == 1` for object "Allow" Button`
    t =    16.25s         Checking existence of `"Allow" Button`
STEP[16s]: system alert: 'Allow'
    t =    16.28s Tap "Allow" Button
    t =    16.28s     Wait for com.apple.springboard to idle
    t =    16.28s     Find the "Allow" Button
    t =    16.30s     Check for interrupting elements affecting "Allow" Button
    t =    16.33s     Synthesize event
    t =    16.63s     Wait for com.apple.springboard to idle
    t =    16.85s Waiting 15.0s for Any (First Match) to exist
    t =    17.93s     Checking `Expect predicate `existsNoRetry == 1` for object Any (First Match)`
    t =    17.93s         Checking existence of `Any (First Match)`
    t =    17.95s Checking existence of `"Speech access: not requested" StaticText`
    t =    17.97s Find the "Speech access: not requested" StaticText
    t =    17.98s Checking existence of `"Transcribe Sample" Button`
    t =    17.99s Checking existence of `Any (First Match)`
    t =    18.00s Find the Any (First Match)
STEP[17s]: iter 0: transcribe
    t =    18.02s Tap "Transcribe Sample" Other
    t =    18.02s     Wait for com.nstudio.expobenchmark to idle
    t =    18.02s     Find the "Transcribe Sample" Other
    t =    18.03s     Check for interrupting elements affecting "Transcribe Sample" Other
    t =    18.05s     Synthesize event
    t =    18.34s     Wait for com.nstudio.expobenchmark to idle
    t =    18.34s Waiting 45.0s for Any (First Match) to exist
    t =    19.41s     Checking `Expect predicate `existsNoRetry == 1` for object Any (First Match)`
    t =    19.41s         Checking existence of `Any (First Match)`
    t =    19.43s         Capturing element debug description
    t =    20.39s     Checking `Expect predicate `existsNoRetry == 1` for object Any (First Match)`
    t =    20.40s         Checking existence of `Any (First Match)`
    t =    20.41s         Capturing element debug description
    t =    21.39s     Checking `Expect predicate `existsNoRetry == 1` for object Any (First Match)`
    t =    21.39s         Checking existence of `Any (First Match)`
    t =    21.41s         Capturing element debug description
    t =    22.37s     Checking `Expect predicate `existsNoRetry == 1` for object Any (First Match)`
    t =    22.37s         Checking existence of `Any (First Match)`
    t =    22.39s         Capturing element debug description
    t =    23.36s     Checking `Expect predicate `existsNoRetry == 1` for object Any (First Match)`
    t =    23.36s         Checking existence of `Any (First Match)`
    t =    23.38s         Capturing element debug description
    t =    24.44s     Checking `Expect predicate `existsNoRetry == 1` for object Any (First Match)`
    t =    24.44s         Checking existence of `Any (First Match)`
    t =    24.47s         Capturing element debug description
    t =    25.43s     Checking `Expect predicate `existsNoRetry == 1` for object Any (First Match)`
    t =    25.43s         Checking existence of `Any (First Match)`
    t =    25.45s         Capturing element debug description
    t =    26.43s     Checking `Expect predicate `existsNoRetry == 1` for object Any (First Match)`
    t =    26.43s         Checking existence of `Any (First Match)`
    t =    26.45s         Capturing element debug description
    t =    27.42s     Checking `Expect predicate `existsNoRetry == 1` for object Any (First Match)`
    t =    27.42s         Checking existence of `Any (First Match)`
    t =    27.44s         Capturing element debug description
    t =    28.41s     Checking `Expect predicate `existsNoRetry == 1` for object Any (First Match)`
    t =    28.41s         Checking existence of `Any (First Match)`
    t =    28.44s         Capturing element debug description
    t =    29.40s     Checking `Expect predicate `existsNoRetry == 1` for object Any (First Match)`
    t =    29.40s         Checking existence of `Any (First Match)`
    t =    29.42s         Capturing element debug description
    t =    30.39s     Checking `Expect predicate `existsNoRetry == 1` for object Any (First Match)`
    t =    30.39s         Checking existence of `Any (First Match)`
    t =    30.41s         Capturing element debug description
    t =    31.37s     Checking `Expect predicate `existsNoRetry == 1` for object Any (First Match)`
    t =    31.37s         Checking existence of `Any (First Match)`
    t =    31.39s         Capturing element debug description
    t =    32.35s     Checking `Expect predicate `existsNoRetry == 1` for object Any (First Match)`
    t =    32.35s         Checking existence of `Any (First Match)`
    t =    32.38s         Capturing element debug description
    t =    33.44s     Checking `Expect predicate `existsNoRetry == 1` for object Any (First Match)`
    t =    33.44s         Checking existence of `Any (First Match)`
    t =    33.46s         Capturing element debug description
    t =    34.42s     Checking `Expect predicate `existsNoRetry == 1` for object Any (First Match)`
    t =    34.42s         Checking existence of `Any (First Match)`
    t =    34.45s         Capturing element debug description
    t =    35.39s     Checking `Expect predicate `existsNoRetry == 1` for object Any (First Match)`
    t =    35.39s         Checking existence of `Any (First Match)`
    t =    35.41s         Capturing element debug description
    t =    36.38s     Checking `Expect predicate `existsNoRetry == 1` for object Any (First Match)`
    t =    36.38s         Checking existence of `Any (First Match)`
    t =    36.41s         Capturing element debug description
    t =    37.35s     Checking `Expect predicate `existsNoRetry == 1` for object Any (First Match)`
    t =    37.35s         Checking existence of `Any (First Match)`
    t =    37.38s         Capturing element debug description
    t =    38.43s     Checking `Expect predicate `existsNoRetry == 1` for object Any (First Match)`
    t =    38.43s         Checking existence of `Any (First Match)`
    t =    38.45s         Capturing element debug description
    t =    39.42s     Checking `Expect predicate `existsNoRetry == 1` for object Any (First Match)`
    t =    39.42s         Checking existence of `Any (First Match)`
    t =    39.43s         Capturing element debug description
    t =    40.38s     Checking `Expect predicate `existsNoRetry == 1` for object Any (First Match)`
    t =    40.39s         Checking existence of `Any (First Match)`
    t =    40.41s         Capturing element debug description
    t =    41.34s     Checking `Expect predicate `existsNoRetry == 1` for object Any (First Match)`
    t =    41.35s         Checking existence of `Any (First Match)`
    t =    41.37s         Capturing element debug description
    t =    42.43s     Checking `Expect predicate `existsNoRetry == 1` for object Any (First Match)`
    t =    42.43s         Checking existence of `Any (First Match)`
    t =    42.45s         Capturing element debug description
    t =    43.42s     Checking `Expect predicate `existsNoRetry == 1` for object Any (First Match)`
    t =    43.42s         Checking existence of `Any (First Match)`
    t =    43.44s         Capturing element debug description
    t =    44.40s     Checking `Expect predicate `existsNoRetry == 1` for object Any (First Match)`
    t =    44.40s         Checking existence of `Any (First Match)`
    t =    44.42s         Capturing element debug description
    t =    45.37s     Checking `Expect predicate `existsNoRetry == 1` for object Any (First Match)`
    t =    45.37s         Checking existence of `Any (First Match)`
    t =    45.39s         Capturing element debug description
    t =    46.35s     Checking `Expect predicate `existsNoRetry == 1` for object Any (First Match)`
    t =    46.35s         Checking existence of `Any (First Match)`
    t =    46.38s         Capturing element debug description
    t =    47.44s     Checking `Expect predicate `existsNoRetry == 1` for object Any (First Match)`
    t =    47.44s         Checking existence of `Any (First Match)`
    t =    47.46s         Capturing element debug description
    t =    48.41s     Checking `Expect predicate `existsNoRetry == 1` for object Any (First Match)`
    t =    48.41s         Checking existence of `Any (First Match)`
    t =    48.43s         Capturing element debug description
    t =    49.40s     Checking `Expect predicate `existsNoRetry == 1` for object Any (First Match)`
    t =    49.40s         Checking existence of `Any (First Match)`
    t =    49.41s         Capturing element debug description
    t =    50.37s     Checking `Expect predicate `existsNoRetry == 1` for object Any (First Match)`
    t =    50.37s         Checking existence of `Any (First Match)`
    t =    50.40s         Capturing element debug description
    t =    51.36s     Checking `Expect predicate `existsNoRetry == 1` for object Any (First Match)`
    t =    51.36s         Checking existence of `Any (First Match)`
    t =    51.38s         Capturing element debug description
    t =    52.35s     Checking `Expect predicate `existsNoRetry == 1` for object Any (First Match)`
    t =    52.35s         Checking existence of `Any (First Match)`
    t =    52.38s         Capturing element debug description
    t =    53.44s     Checking `Expect predicate `existsNoRetry == 1` for object Any (First Match)`
    t =    53.45s         Checking existence of `Any (First Match)`
    t =    53.47s         Capturing element debug description
    t =    54.44s     Checking `Expect predicate `existsNoRetry == 1` for object Any (First Match)`
    t =    54.44s         Checking existence of `Any (First Match)`
    t =    54.46s         Capturing element debug description
    t =    55.42s     Checking `Expect predicate `existsNoRetry == 1` for object Any (First Match)`
    t =    55.42s         Checking existence of `Any (First Match)`
    t =    55.44s         Capturing element debug description
    t =    56.40s     Checking `Expect predicate `existsNoRetry == 1` for object Any (First Match)`
    t =    56.40s         Checking existence of `Any (First Match)`
    t =    56.43s         Capturing element debug description
    t =    57.39s     Checking `Expect predicate `existsNoRetry == 1` for object Any (First Match)`
    t =    57.39s         Checking existence of `Any (First Match)`
    t =    57.42s         Capturing element debug description
    t =    58.37s     Checking `Expect predicate `existsNoRetry == 1` for object Any (First Match)`
    t =    58.37s         Checking existence of `Any (First Match)`
    t =    58.40s         Capturing element debug description
    t =    59.36s     Checking `Expect predicate `existsNoRetry == 1` for object Any (First Match)`
    t =    59.36s         Checking existence of `Any (First Match)`
    t =    59.38s         Capturing element debug description
    t =    60.43s     Checking `Expect predicate `existsNoRetry == 1` for object Any (First Match)`
    t =    60.43s         Checking existence of `Any (First Match)`
    t =    60.46s         Capturing element debug description
    t =    61.41s     Checking `Expect predicate `existsNoRetry == 1` for object Any (First Match)`
    t =    61.41s         Checking existence of `Any (First Match)`
    t =    61.43s         Capturing element debug description
    t =    62.39s     Checking `Expect predicate `existsNoRetry == 1` for object Any (First Match)`
    t =    62.40s         Checking existence of `Any (First Match)`
    t =    62.42s         Capturing element debug description
    t =    63.36s     Checking `Expect predicate `existsNoRetry == 1` for object Any (First Match)`
    t =    63.37s         Checking existence of `Any (First Match)`
    t =    63.39s         Capturing element debug description
    t =    63.39s     Checking existence of `Any (First Match)`
    t =    63.40s Collecting debug information to assist test failure triage
    t =    63.40s     Requesting snapshot of accessibility hierarchy for app with pid 41305
    t =    63.43s Checking existence of `Any (First Match)`
    t =    63.44s Checking existence of `Any (First Match)`
    t =    63.45s Checking existence of `Any (First Match)`
    t =    63.45s Find the Any (First Match)
STEP[63s]: iter 0: done
    t =    63.46s Terminate com.nstudio.expobenchmark:41305
STEP[64s]: iter 1: launch com.nstudio.expobenchmark
    t =    64.54s Open com.nstudio.expobenchmark
    t =    64.54s     Launch com.nstudio.expobenchmark
    t =    64.65s         Setting up automation session
    t =    65.18s         Wait for com.nstudio.expobenchmark to idle
    t =    66.30s Checking existence of `"Health" Button`
    t =    66.34s Waiting 20.0s for Any (First Match) to exist
    t =    67.39s     Checking `Expect predicate `existsNoRetry == 1` for object Any (First Match)`
    t =    67.40s         Checking existence of `Any (First Match)`
STEP[67s]: iter 1: nav Health
    t =    67.41s Checking existence of `"Health" Button`
    t =    67.42s Tap Any (First Match)
    t =    67.42s     Wait for com.nstudio.expobenchmark to idle
    t =    67.42s     Find the Any (First Match)
    t =    67.43s     Check for interrupting elements affecting "Health" Other
    t =    67.46s     Synthesize event
    t =    67.74s     Wait for com.nstudio.expobenchmark to idle
    t =    68.09s Waiting 10.0s for Any (First Match) to exist
    t =    69.14s     Checking `Expect predicate `existsNoRetry == 1` for object Any (First Match)`
    t =    69.14s         Checking existence of `Any (First Match)`
    t =    69.17s Checking existence of `Any (First Match)`
    t =    69.19s Find the Any (First Match)
    t =    69.20s Checking existence of `"Health access: granted" StaticText`
    t =    69.21s Find the "Health access: granted" StaticText
    t =    69.22s Waiting 15.0s for Any (First Match) to exist
    t =    70.27s     Checking `Expect predicate `existsNoRetry == 1` for object Any (First Match)`
    t =    70.27s         Checking existence of `Any (First Match)`
    t =    70.30s Checking existence of `Any (First Match)`
    t =    70.31s Find the Any (First Match)
    t =    70.33s Checking existence of `"Log 500 Steps" Button`
    t =    70.34s Checking existence of `Any (First Match)`
    t =    70.35s Find the Any (First Match)
STEP[70s]: iter 1: log 500
    t =    70.37s Tap "Log 500 Steps" Other
    t =    70.37s     Wait for com.nstudio.expobenchmark to idle
    t =    70.37s     Find the "Log 500 Steps" Other
    t =    70.39s     Check for interrupting elements affecting "Log 500 Steps" Other
    t =    70.41s     Synthesize event
    t =    70.71s     Wait for com.nstudio.expobenchmark to idle
    t =    70.72s Checking existence of `"Sat Aug 1 — 20,500 steps (today)" StaticText`
    t =    70.74s Find the "Sat Aug 1 — 20,500 steps (today)" StaticText
    t =    70.76s Checking existence of `"Sat Aug 1 — 21,000 steps (today)" StaticText`
STEP[70s]: iter 1: go home
    t =    70.77s Checking existence of `"Transcribe" Button`
    t =    70.78s Checking existence of `"Health" Button`
    t =    70.79s Checking existence of `Any (First Match)`
    t =    70.81s Checking existence of `Button (Element at index 0)`
    t =    70.82s Find the Button (Element at index 0)
STEP[70s]: goHome: tapping candidate 0
    t =    70.84s Tap "BackButton" Button
    t =    70.84s     Wait for com.nstudio.expobenchmark to idle
    t =    70.84s     Find the "BackButton" Button
    t =    70.86s     Check for interrupting elements affecting "BackButton" Button
    t =    70.87s     Synthesize event
    t =    71.17s     Wait for com.nstudio.expobenchmark to idle
    t =    71.82s Checking existence of `"Transcribe" Button`
    t =    71.83s Waiting 3.0s for Any (First Match) to exist
    t =    72.90s     Checking `Expect predicate `existsNoRetry == 1` for object Any (First Match)`
    t =    72.90s         Checking existence of `Any (First Match)`
STEP[72s]: iter 1: nav Transcribe
    t =    72.92s Checking existence of `"Transcribe" Button`
    t =    72.93s Tap Any (First Match)
    t =    72.93s     Wait for com.nstudio.expobenchmark to idle
    t =    72.93s     Find the Any (First Match)
    t =    72.94s     Check for interrupting elements affecting "Transcribe" Other
    t =    72.96s     Synthesize event
    t =    73.25s     Wait for com.nstudio.expobenchmark to idle
    t =    73.58s Waiting 10.0s for Any (First Match) to exist
    t =    74.64s     Checking `Expect predicate `existsNoRetry == 1` for object Any (First Match)`
    t =    74.64s         Checking existence of `Any (First Match)`
    t =    74.67s Checking existence of `Any (First Match)`
    t =    74.68s Find the Any (First Match)
    t =    74.70s Checking existence of `"Speech access: granted" StaticText`
    t =    74.71s Find the "Speech access: granted" StaticText
    t =    74.72s Checking existence of `"Transcribe Sample" Button`
    t =    74.73s Checking existence of `Any (First Match)`
    t =    74.74s Find the Any (First Match)
STEP[74s]: iter 1: transcribe
    t =    74.75s Tap "Transcribe Sample" Other
    t =    74.75s     Wait for com.nstudio.expobenchmark to idle
    t =    74.75s     Find the "Transcribe Sample" Other
    t =    74.77s     Check for interrupting elements affecting "Transcribe Sample" Other
    t =    74.79s     Synthesize event
    t =    75.08s     Wait for com.nstudio.expobenchmark to idle
    t =    75.08s Waiting 45.0s for Any (First Match) to exist
    t =    76.13s     Checking `Expect predicate `existsNoRetry == 1` for object Any (First Match)`
    t =    76.13s         Checking existence of `Any (First Match)`
    t =    76.15s         Capturing element debug description
    t =    77.09s     Checking `Expect predicate `existsNoRetry == 1` for object Any (First Match)`
    t =    77.10s         Checking existence of `Any (First Match)`
    t =    77.12s         Capturing element debug description
    t =    78.09s     Checking `Expect predicate `existsNoRetry == 1` for object Any (First Match)`
    t =    78.09s         Checking existence of `Any (First Match)`
    t =    78.11s         Capturing element debug description
    t =    79.16s     Checking `Expect predicate `existsNoRetry == 1` for object Any (First Match)`
    t =    79.16s         Checking existence of `Any (First Match)`
    t =    79.18s         Capturing element debug description
    t =    80.14s     Checking `Expect predicate `existsNoRetry == 1` for object Any (First Match)`
    t =    80.14s         Checking existence of `Any (First Match)`
    t =    80.15s         Capturing element debug description
    t =    81.11s     Checking `Expect predicate `existsNoRetry == 1` for object Any (First Match)`
    t =    81.11s         Checking existence of `Any (First Match)`
    t =    81.14s         Capturing element debug description
    t =    82.09s     Checking `Expect predicate `existsNoRetry == 1` for object Any (First Match)`
    t =    82.10s         Checking existence of `Any (First Match)`
    t =    82.12s         Capturing element debug description
    t =    83.18s     Checking `Expect predicate `existsNoRetry == 1` for object Any (First Match)`
    t =    83.18s         Checking existence of `Any (First Match)`
    t =    83.21s         Capturing element debug description
    t =    84.16s     Checking `Expect predicate `existsNoRetry == 1` for object Any (First Match)`
    t =    84.16s         Checking existence of `Any (First Match)`
    t =    84.18s         Capturing element debug description
    t =    85.14s     Checking `Expect predicate `existsNoRetry == 1` for object Any (First Match)`
    t =    85.14s         Checking existence of `Any (First Match)`
    t =    85.16s         Capturing element debug description
    t =    86.12s     Checking `Expect predicate `existsNoRetry == 1` for object Any (First Match)`
    t =    86.12s         Checking existence of `Any (First Match)`
    t =    86.14s         Capturing element debug description
    t =    87.11s     Checking `Expect predicate `existsNoRetry == 1` for object Any (First Match)`
    t =    87.11s         Checking existence of `Any (First Match)`
    t =    87.13s         Capturing element debug description
    t =    88.09s     Checking `Expect predicate `existsNoRetry == 1` for object Any (First Match)`
    t =    88.10s         Checking existence of `Any (First Match)`
    t =    88.12s         Capturing element debug description
    t =    89.09s     Checking `Expect predicate `existsNoRetry == 1` for object Any (First Match)`
    t =    89.09s         Checking existence of `Any (First Match)`
    t =    89.11s         Capturing element debug description
    t =    90.18s     Checking `Expect predicate `existsNoRetry == 1` for object Any (First Match)`
    t =    90.18s         Checking existence of `Any (First Match)`
    t =    90.20s         Capturing element debug description
    t =    91.16s     Checking `Expect predicate `existsNoRetry == 1` for object Any (First Match)`
    t =    91.17s         Checking existence of `Any (First Match)`
    t =    91.19s         Capturing element debug description
    t =    92.16s     Checking `Expect predicate `existsNoRetry == 1` for object Any (First Match)`
    t =    92.16s         Checking existence of `Any (First Match)`
    t =    92.18s         Capturing element debug description
    t =    93.14s     Checking `Expect predicate `existsNoRetry == 1` for object Any (First Match)`
    t =    93.14s         Checking existence of `Any (First Match)`
    t =    93.16s         Capturing element debug description
    t =    94.12s     Checking `Expect predicate `existsNoRetry == 1` for object Any (First Match)`
    t =    94.12s         Checking existence of `Any (First Match)`
    t =    94.14s         Capturing element debug description
    t =    95.11s     Checking `Expect predicate `existsNoRetry == 1` for object Any (First Match)`
    t =    95.11s         Checking existence of `Any (First Match)`
    t =    95.14s         Capturing element debug description
    t =    96.09s     Checking `Expect predicate `existsNoRetry == 1` for object Any (First Match)`
    t =    96.09s         Checking existence of `Any (First Match)`
    t =    96.12s         Capturing element debug description
    t =    97.09s     Checking `Expect predicate `existsNoRetry == 1` for object Any (First Match)`
    t =    97.09s         Checking existence of `Any (First Match)`
    t =    97.11s         Capturing element debug description
    t =    98.16s     Checking `Expect predicate `existsNoRetry == 1` for object Any (First Match)`
    t =    98.16s         Checking existence of `Any (First Match)`
    t =    98.18s         Capturing element debug description
    t =    99.15s     Checking `Expect predicate `existsNoRetry == 1` for object Any (First Match)`
    t =    99.15s         Checking existence of `Any (First Match)`
    t =    99.18s         Capturing element debug description
    t =   100.14s     Checking `Expect predicate `existsNoRetry == 1` for object Any (First Match)`
    t =   100.14s         Checking existence of `Any (First Match)`
    t =   100.16s         Capturing element debug description
    t =   101.10s     Checking `Expect predicate `existsNoRetry == 1` for object Any (First Match)`
    t =   101.10s         Checking existence of `Any (First Match)`
    t =   101.12s         Capturing element debug description
    t =   102.18s     Checking `Expect predicate `existsNoRetry == 1` for object Any (First Match)`
    t =   102.18s         Checking existence of `Any (First Match)`
    t =   102.20s         Capturing element debug description
    t =   103.17s     Checking `Expect predicate `existsNoRetry == 1` for object Any (First Match)`
    t =   103.17s         Checking existence of `Any (First Match)`
    t =   103.20s         Capturing element debug description
    t =   104.15s     Checking `Expect predicate `existsNoRetry == 1` for object Any (First Match)`
    t =   104.15s         Checking existence of `Any (First Match)`
    t =   104.18s         Capturing element debug description
    t =   105.13s     Checking `Expect predicate `existsNoRetry == 1` for object Any (First Match)`
    t =   105.13s         Checking existence of `Any (First Match)`
    t =   105.15s         Capturing element debug description
    t =   106.11s     Checking `Expect predicate `existsNoRetry == 1` for object Any (First Match)`
    t =   106.11s         Checking existence of `Any (First Match)`
    t =   106.13s         Capturing element debug description
    t =   107.09s     Checking `Expect predicate `existsNoRetry == 1` for object Any (First Match)`
    t =   107.10s         Checking existence of `Any (First Match)`
    t =   107.12s         Capturing element debug description
    t =   108.09s     Checking `Expect predicate `existsNoRetry == 1` for object Any (First Match)`
    t =   108.09s         Checking existence of `Any (First Match)`
    t =   108.11s         Capturing element debug description
    t =   109.18s     Checking `Expect predicate `existsNoRetry == 1` for object Any (First Match)`
    t =   109.18s         Checking existence of `Any (First Match)`
    t =   109.20s         Capturing element debug description
    t =   110.17s     Checking `Expect predicate `existsNoRetry == 1` for object Any (First Match)`
    t =   110.17s         Checking existence of `Any (First Match)`
    t =   110.19s         Capturing element debug description
    t =   111.16s     Checking `Expect predicate `existsNoRetry == 1` for object Any (First Match)`
    t =   111.16s         Checking existence of `Any (First Match)`
    t =   111.18s         Capturing element debug description
    t =   112.14s     Checking `Expect predicate `existsNoRetry == 1` for object Any (First Match)`
    t =   112.14s         Checking existence of `Any (First Match)`
    t =   112.17s         Capturing element debug description
    t =   113.13s     Checking `Expect predicate `existsNoRetry == 1` for object Any (First Match)`
    t =   113.13s         Checking existence of `Any (First Match)`
    t =   113.15s         Capturing element debug description
    t =   114.11s     Checking `Expect predicate `existsNoRetry == 1` for object Any (First Match)`
    t =   114.12s         Checking existence of `Any (First Match)`
    t =   114.14s         Capturing element debug description
    t =   115.11s     Checking `Expect predicate `existsNoRetry == 1` for object Any (First Match)`
    t =   115.11s         Checking existence of `Any (First Match)`
    t =   115.13s         Capturing element debug description
    t =   116.09s     Checking `Expect predicate `existsNoRetry == 1` for object Any (First Match)`
    t =   116.10s         Checking existence of `Any (First Match)`
    t =   116.12s         Capturing element debug description
    t =   117.09s     Checking `Expect predicate `existsNoRetry == 1` for object Any (First Match)`
    t =   117.09s         Checking existence of `Any (First Match)`
    t =   117.11s         Capturing element debug description
    t =   118.18s     Checking `Expect predicate `existsNoRetry == 1` for object Any (First Match)`
    t =   118.18s         Checking existence of `Any (First Match)`
    t =   118.20s         Capturing element debug description
    t =   119.16s     Checking `Expect predicate `existsNoRetry == 1` for object Any (First Match)`
    t =   119.16s         Checking existence of `Any (First Match)`
    t =   119.18s         Capturing element debug description
    t =   120.10s     Checking `Expect predicate `existsNoRetry == 1` for object Any (First Match)`
    t =   120.10s         Checking existence of `Any (First Match)`
    t =   120.13s         Capturing element debug description
    t =   120.13s     Checking existence of `Any (First Match)`
    t =   120.14s Collecting debug information to assist test failure triage
    t =   120.14s     Requesting snapshot of accessibility hierarchy for app with pid 41349
    t =   120.16s Checking existence of `Any (First Match)`
    t =   120.17s Checking existence of `Any (First Match)`
    t =   120.18s Checking existence of `Any (First Match)`
    t =   120.19s Find the Any (First Match)
STEP[120s]: iter 1: done
    t =   120.20s Terminate com.nstudio.expobenchmark:41349
STEP[121s]: iter 2: launch com.nstudio.expobenchmark
    t =   121.29s Open com.nstudio.expobenchmark
    t =   121.29s     Launch com.nstudio.expobenchmark
    t =   121.39s         Setting up automation session
    t =   121.92s         Wait for com.nstudio.expobenchmark to idle
    t =   123.05s Checking existence of `"Health" Button`
    t =   123.08s Waiting 20.0s for Any (First Match) to exist
    t =   124.15s     Checking `Expect predicate `existsNoRetry == 1` for object Any (First Match)`
    t =   124.15s         Checking existence of `Any (First Match)`
STEP[124s]: iter 2: nav Health
    t =   124.17s Checking existence of `"Health" Button`
    t =   124.18s Tap Any (First Match)
    t =   124.18s     Wait for com.nstudio.expobenchmark to idle
    t =   124.18s     Find the Any (First Match)
    t =   124.19s     Check for interrupting elements affecting "Health" Other
    t =   124.22s     Synthesize event
    t =   124.51s     Wait for com.nstudio.expobenchmark to idle
    t =   124.86s Waiting 10.0s for Any (First Match) to exist
    t =   125.91s     Checking `Expect predicate `existsNoRetry == 1` for object Any (First Match)`
    t =   125.91s         Checking existence of `Any (First Match)`
    t =   125.94s Checking existence of `Any (First Match)`
    t =   125.95s Find the Any (First Match)
    t =   125.97s Checking existence of `"Health access: granted" StaticText`
    t =   125.98s Find the "Health access: granted" StaticText
    t =   125.99s Waiting 15.0s for Any (First Match) to exist
    t =   127.06s     Checking `Expect predicate `existsNoRetry == 1` for object Any (First Match)`
    t =   127.06s         Checking existence of `Any (First Match)`
    t =   127.08s Checking existence of `Any (First Match)`
    t =   127.10s Find the Any (First Match)
    t =   127.11s Checking existence of `"Log 500 Steps" Button`
    t =   127.13s Checking existence of `Any (First Match)`
    t =   127.14s Find the Any (First Match)
STEP[127s]: iter 2: log 500
    t =   127.16s Tap "Log 500 Steps" Other
    t =   127.16s     Wait for com.nstudio.expobenchmark to idle
    t =   127.16s     Find the "Log 500 Steps" Other
    t =   127.17s     Check for interrupting elements affecting "Log 500 Steps" Other
    t =   127.20s     Synthesize event
    t =   127.49s     Wait for com.nstudio.expobenchmark to idle
    t =   127.51s Checking existence of `"Sat Aug 1 — 21,000 steps (today)" StaticText`
    t =   127.52s Find the "Sat Aug 1 — 21,000 steps (today)" StaticText
    t =   127.54s Checking existence of `"Sat Aug 1 — 21,500 steps (today)" StaticText`
STEP[127s]: iter 2: go home
    t =   127.55s Checking existence of `"Transcribe" Button`
    t =   127.57s Checking existence of `"Health" Button`
    t =   127.58s Checking existence of `Any (First Match)`
    t =   127.59s Checking existence of `Button (Element at index 0)`
    t =   127.60s Find the Button (Element at index 0)
STEP[127s]: goHome: tapping candidate 0
    t =   127.62s Tap "BackButton" Button
    t =   127.62s     Wait for com.nstudio.expobenchmark to idle
    t =   127.63s     Find the "BackButton" Button
    t =   127.64s     Check for interrupting elements affecting "BackButton" Button
    t =   127.65s     Synthesize event
    t =   127.95s     Wait for com.nstudio.expobenchmark to idle
    t =   128.58s Checking existence of `"Transcribe" Button`
    t =   128.60s Waiting 3.0s for Any (First Match) to exist
    t =   129.66s     Checking `Expect predicate `existsNoRetry == 1` for object Any (First Match)`
    t =   129.67s         Checking existence of `Any (First Match)`
STEP[129s]: iter 2: nav Transcribe
    t =   129.68s Checking existence of `"Transcribe" Button`
    t =   129.69s Tap Any (First Match)
    t =   129.69s     Wait for com.nstudio.expobenchmark to idle
    t =   129.69s     Find the Any (First Match)
    t =   129.70s     Check for interrupting elements affecting "Transcribe" Other
    t =   129.72s     Synthesize event
    t =   130.02s     Wait for com.nstudio.expobenchmark to idle
    t =   130.34s Waiting 10.0s for Any (First Match) to exist
    t =   131.39s     Checking `Expect predicate `existsNoRetry == 1` for object Any (First Match)`
    t =   131.39s         Checking existence of `Any (First Match)`
    t =   131.41s Checking existence of `Any (First Match)`
    t =   131.43s Find the Any (First Match)
    t =   131.44s Checking existence of `"Speech access: granted" StaticText`
    t =   131.45s Find the "Speech access: granted" StaticText
    t =   131.46s Checking existence of `"Transcribe Sample" Button`
    t =   131.47s Checking existence of `Any (First Match)`
    t =   131.48s Find the Any (First Match)
STEP[131s]: iter 2: transcribe
    t =   131.50s Tap "Transcribe Sample" Other
    t =   131.50s     Wait for com.nstudio.expobenchmark to idle
    t =   131.50s     Find the "Transcribe Sample" Other
    t =   131.51s     Check for interrupting elements affecting "Transcribe Sample" Other
    t =   131.54s     Synthesize event
    t =   131.83s     Wait for com.nstudio.expobenchmark to idle
    t =   131.83s Waiting 45.0s for Any (First Match) to exist
    t =   132.88s     Checking `Expect predicate `existsNoRetry == 1` for object Any (First Match)`
    t =   132.88s         Checking existence of `Any (First Match)`
    t =   132.91s         Capturing element debug description
    t =   133.85s     Checking `Expect predicate `existsNoRetry == 1` for object Any (First Match)`
    t =   133.85s         Checking existence of `Any (First Match)`
    t =   133.88s         Capturing element debug description
    t =   134.84s     Checking `Expect predicate `existsNoRetry == 1` for object Any (First Match)`
    t =   134.84s         Checking existence of `Any (First Match)`
    t =   134.87s         Capturing element debug description
    t =   135.91s     Checking `Expect predicate `existsNoRetry == 1` for object Any (First Match)`
    t =   135.91s         Checking existence of `Any (First Match)`
    t =   135.93s         Capturing element debug description
    t =   136.89s     Checking `Expect predicate `existsNoRetry == 1` for object Any (First Match)`
    t =   136.89s         Checking existence of `Any (First Match)`
    t =   136.91s         Capturing element debug description
    t =   137.88s     Checking `Expect predicate `existsNoRetry == 1` for object Any (First Match)`
    t =   137.89s         Checking existence of `Any (First Match)`
    t =   137.91s         Capturing element debug description
    t =   138.86s     Checking `Expect predicate `existsNoRetry == 1` for object Any (First Match)`
    t =   138.86s         Checking existence of `Any (First Match)`
    t =   138.88s         Capturing element debug description
    t =   139.84s     Checking `Expect predicate `existsNoRetry == 1` for object Any (First Match)`
    t =   139.84s         Checking existence of `Any (First Match)`
    t =   139.86s         Capturing element debug description
    t =   140.92s     Checking `Expect predicate `existsNoRetry == 1` for object Any (First Match)`
    t =   140.92s         Checking existence of `Any (First Match)`
    t =   140.95s         Capturing element debug description
    t =   141.90s     Checking `Expect predicate `existsNoRetry == 1` for object Any (First Match)`
    t =   141.90s         Checking existence of `Any (First Match)`
    t =   141.92s         Capturing element debug description
    t =   142.88s     Checking `Expect predicate `existsNoRetry == 1` for object Any (First Match)`
    t =   142.89s         Checking existence of `Any (First Match)`
    t =   142.91s         Capturing element debug description
    t =   143.86s     Checking `Expect predicate `existsNoRetry == 1` for object Any (First Match)`
    t =   143.86s         Checking existence of `Any (First Match)`
    t =   143.87s         Capturing element debug description
    t =   144.84s     Checking `Expect predicate `existsNoRetry == 1` for object Any (First Match)`
    t =   144.84s         Checking existence of `Any (First Match)`
    t =   144.86s         Capturing element debug description
    t =   145.83s     Checking `Expect predicate `existsNoRetry == 1` for object Any (First Match)`
    t =   145.83s         Checking existence of `Any (First Match)`
    t =   145.86s         Capturing element debug description
    t =   146.93s     Checking `Expect predicate `existsNoRetry == 1` for object Any (First Match)`
    t =   146.93s         Checking existence of `Any (First Match)`
    t =   146.95s         Capturing element debug description
    t =   147.91s     Checking `Expect predicate `existsNoRetry == 1` for object Any (First Match)`
    t =   147.91s         Checking existence of `Any (First Match)`
    t =   147.94s         Capturing element debug description
    t =   148.89s     Checking `Expect predicate `existsNoRetry == 1` for object Any (First Match)`
    t =   148.90s         Checking existence of `Any (First Match)`
    t =   148.92s         Capturing element debug description
    t =   149.87s     Checking `Expect predicate `existsNoRetry == 1` for object Any (First Match)`
    t =   149.87s         Checking existence of `Any (First Match)`
    t =   149.90s         Capturing element debug description
    t =   150.85s     Checking `Expect predicate `existsNoRetry == 1` for object Any (First Match)`
    t =   150.85s         Checking existence of `Any (First Match)`
    t =   150.87s         Capturing element debug description
    t =   151.84s     Checking `Expect predicate `existsNoRetry == 1` for object Any (First Match)`
    t =   151.84s         Checking existence of `Any (First Match)`
    t =   151.87s         Capturing element debug description
    t =   152.83s     Checking `Expect predicate `existsNoRetry == 1` for object Any (First Match)`
    t =   152.83s         Checking existence of `Any (First Match)`
    t =   152.85s         Capturing element debug description
    t =   153.93s     Checking `Expect predicate `existsNoRetry == 1` for object Any (First Match)`
    t =   153.93s         Checking existence of `Any (First Match)`
    t =   153.95s         Capturing element debug description
    t =   154.90s     Checking `Expect predicate `existsNoRetry == 1` for object Any (First Match)`
    t =   154.90s         Checking existence of `Any (First Match)`
    t =   154.92s         Capturing element debug description
    t =   155.89s     Checking `Expect predicate `existsNoRetry == 1` for object Any (First Match)`
    t =   155.89s         Checking existence of `Any (First Match)`
    t =   155.91s         Capturing element debug description
    t =   156.86s     Checking `Expect predicate `existsNoRetry == 1` for object Any (First Match)`
    t =   156.86s         Checking existence of `Any (First Match)`
    t =   156.89s         Capturing element debug description
    t =   157.84s     Checking `Expect predicate `existsNoRetry == 1` for object Any (First Match)`
    t =   157.84s         Checking existence of `Any (First Match)`
    t =   157.86s         Capturing element debug description
    t =   158.91s     Checking `Expect predicate `existsNoRetry == 1` for object Any (First Match)`
    t =   158.91s         Checking existence of `Any (First Match)`
    t =   158.94s         Capturing element debug description
    t =   159.90s     Checking `Expect predicate `existsNoRetry == 1` for object Any (First Match)`
    t =   159.90s         Checking existence of `Any (First Match)`
    t =   159.93s         Capturing element debug description
    t =   160.88s     Checking `Expect predicate `existsNoRetry == 1` for object Any (First Match)`
    t =   160.89s         Checking existence of `Any (First Match)`
    t =   160.91s         Capturing element debug description
    t =   161.86s     Checking `Expect predicate `existsNoRetry == 1` for object Any (First Match)`
    t =   161.86s         Checking existence of `Any (First Match)`
    t =   161.88s         Capturing element debug description
    t =   162.84s     Checking `Expect predicate `existsNoRetry == 1` for object Any (First Match)`
    t =   162.84s         Checking existence of `Any (First Match)`
    t =   162.87s         Capturing element debug description
    t =   163.84s     Checking `Expect predicate `existsNoRetry == 1` for object Any (First Match)`
    t =   163.84s         Checking existence of `Any (First Match)`
    t =   163.86s         Capturing element debug description
    t =   164.83s     Checking `Expect predicate `existsNoRetry == 1` for object Any (First Match)`
    t =   164.83s         Checking existence of `Any (First Match)`
    t =   164.85s         Capturing element debug description
    t =   165.92s     Checking `Expect predicate `existsNoRetry == 1` for object Any (First Match)`
    t =   165.92s         Checking existence of `Any (First Match)`
    t =   165.94s         Capturing element debug description
    t =   166.90s     Checking `Expect predicate `existsNoRetry == 1` for object Any (First Match)`
    t =   166.90s         Checking existence of `Any (First Match)`
    t =   166.93s         Capturing element debug description
    t =   167.89s     Checking `Expect predicate `existsNoRetry == 1` for object Any (First Match)`
    t =   167.89s         Checking existence of `Any (First Match)`
    t =   167.92s         Capturing element debug description
    t =   168.88s     Checking `Expect predicate `existsNoRetry == 1` for object Any (First Match)`
    t =   168.88s         Checking existence of `Any (First Match)`
    t =   168.91s         Capturing element debug description
    t =   169.87s     Checking `Expect predicate `existsNoRetry == 1` for object Any (First Match)`
    t =   169.87s         Checking existence of `Any (First Match)`
    t =   169.90s         Capturing element debug description
    t =   170.86s     Checking `Expect predicate `existsNoRetry == 1` for object Any (First Match)`
    t =   170.86s         Checking existence of `Any (First Match)`
    t =   170.88s         Capturing element debug description
    t =   171.84s     Checking `Expect predicate `existsNoRetry == 1` for object Any (First Match)`
    t =   171.84s         Checking existence of `Any (First Match)`
    t =   171.85s         Capturing element debug description
    t =   172.92s     Checking `Expect predicate `existsNoRetry == 1` for object Any (First Match)`
    t =   172.92s         Checking existence of `Any (First Match)`
    t =   172.94s         Capturing element debug description
    t =   173.91s     Checking `Expect predicate `existsNoRetry == 1` for object Any (First Match)`
    t =   173.91s         Checking existence of `Any (First Match)`
    t =   173.93s         Capturing element debug description
    t =   174.89s     Checking `Expect predicate `existsNoRetry == 1` for object Any (First Match)`
    t =   174.89s         Checking existence of `Any (First Match)`
    t =   174.91s         Capturing element debug description
    t =   175.88s     Checking `Expect predicate `existsNoRetry == 1` for object Any (First Match)`
    t =   175.88s         Checking existence of `Any (First Match)`
    t =   175.90s         Capturing element debug description
    t =   176.85s     Checking `Expect predicate `existsNoRetry == 1` for object Any (First Match)`
    t =   176.85s         Checking existence of `Any (First Match)`
    t =   176.87s         Capturing element debug description
    t =   176.87s     Checking existence of `Any (First Match)`
    t =   176.89s Collecting debug information to assist test failure triage
    t =   176.89s     Requesting snapshot of accessibility hierarchy for app with pid 41382
    t =   176.91s Checking existence of `Any (First Match)`
    t =   176.92s Checking existence of `Any (First Match)`
    t =   176.93s Checking existence of `Any (First Match)`
    t =   176.94s Find the Any (First Match)
STEP[176s]: iter 2: done
    t =   176.95s Terminate com.nstudio.expobenchmark:41382
PERFJSON:{"runs":[{"iter":0,"hk_log_roundtrip_ms":394,"speech_state":"init_or_task_failed: UnexpectedException: Failed to initialize recognizer (at ExpoModulesCore\/ConcurrentFunctionDefinition.swift:90)","nav_transcribe_ms":1747,"speech_granted":true,"hk_rows_ms":1101,"nav_health_ms":1779,"health_granted":true},{"hk_log_roundtrip_ms":396,"health_granted":true,"hk_rows_ms":1077,"speech_state":"init_or_task_failed: UnexpectedException: Failed to initialize recognizer (at ExpoModulesCore\/ConcurrentFunctionDefinition.swift:90)","iter":1,"speech_granted":true,"nav_health_ms":1760,"nav_transcribe_ms":1752},{"hk_log_roundtrip_ms":395,"health_granted":true,"nav_health_ms":1766,"speech_granted":true,"iter":2,"speech_state":"init_or_task_failed: UnexpectedException: Failed to initialize recognizer (at ExpoModulesCore\/ConcurrentFunctionDefinition.swift:90)","nav_transcribe_ms":1733,"hk_rows_ms":1096}],"bundle_id":"com.nstudio.expobenchmark"}
    t =   177.96s Tear Down
Test Case '-[UIDriverUITests.FeatureLatencyTests testFeatureLatencies]' passed (178.033 seconds).
Test Suite 'FeatureLatencyTests' passed at 2026-08-01 18:54:09.464.
	 Executed 1 test, with 0 failures (0 unexpected) in 178.033 (178.037) seconds
Test Suite 'InteropCaptureTests' started at 2026-08-01 18:54:09.464.
Test Case '-[UIDriverUITests.InteropCaptureTests testCaptureInteropResults]' started.
    t =     0.00s Start Test at 2026-08-01 18:54:09.466
    t =     0.01s Set Up
    t =     0.01s Open com.nstudio.expobenchmark
    t =     0.02s     Launch com.nstudio.expobenchmark
    t =     0.11s         Setting up automation session
    t =     0.65s         Wait for com.nstudio.expobenchmark to idle
    t =     1.77s Waiting 240.0s for Any (First Match) to exist
    t =     2.85s     Checking `Expect predicate `existsNoRetry == 1` for object Any (First Match)`
    t =     2.85s         Checking existence of `Any (First Match)`
    t =     2.87s         Capturing element debug description
    t =     3.82s     Checking `Expect predicate `existsNoRetry == 1` for object Any (First Match)`
    t =     3.82s         Checking existence of `Any (First Match)`
    t =     3.84s         Capturing element debug description
    t =     4.80s     Checking `Expect predicate `existsNoRetry == 1` for object Any (First Match)`
    t =     4.80s         Checking existence of `Any (First Match)`
    t =     4.82s         Capturing element debug description
    t =     5.78s     Checking `Expect predicate `existsNoRetry == 1` for object Any (First Match)`
    t =     5.78s         Checking existence of `Any (First Match)`
    t =     5.80s         Capturing element debug description
    t =     6.85s     Checking `Expect predicate `existsNoRetry == 1` for object Any (First Match)`
    t =     6.85s         Checking existence of `Any (First Match)`
    t =     6.87s         Capturing element debug description
    t =     7.82s     Checking `Expect predicate `existsNoRetry == 1` for object Any (First Match)`
    t =     7.82s         Checking existence of `Any (First Match)`
    t =     7.84s         Capturing element debug description
    t =     8.80s     Checking `Expect predicate `existsNoRetry == 1` for object Any (First Match)`
    t =     8.80s         Checking existence of `Any (First Match)`
    t =     8.81s         Capturing element debug description
    t =     9.86s     Checking `Expect predicate `existsNoRetry == 1` for object Any (First Match)`
    t =     9.87s         Checking existence of `Any (First Match)`
    t =     9.88s         Capturing element debug description
    t =    10.83s     Checking `Expect predicate `existsNoRetry == 1` for object Any (First Match)`
    t =    10.83s         Checking existence of `Any (First Match)`
    t =    10.85s         Capturing element debug description
    t =    11.80s     Checking `Expect predicate `existsNoRetry == 1` for object Any (First Match)`
    t =    11.80s         Checking existence of `Any (First Match)`
    t =    11.82s         Capturing element debug description
    t =    12.78s     Checking `Expect predicate `existsNoRetry == 1` for object Any (First Match)`
    t =    12.78s         Checking existence of `Any (First Match)`
    t =    12.79s         Capturing element debug description
    t =    13.86s     Checking `Expect predicate `existsNoRetry == 1` for object Any (First Match)`
    t =    13.86s         Checking existence of `Any (First Match)`
    t =    13.87s         Capturing element debug description
    t =    14.82s     Checking `Expect predicate `existsNoRetry == 1` for object Any (First Match)`
    t =    14.82s         Checking existence of `Any (First Match)`
    t =    14.84s         Capturing element debug description
    t =    15.79s     Checking `Expect predicate `existsNoRetry == 1` for object Any (First Match)`
    t =    15.79s         Checking existence of `Any (First Match)`
    t =    15.80s         Capturing element debug description
    t =    16.78s     Checking `Expect predicate `existsNoRetry == 1` for object Any (First Match)`
    t =    16.78s         Checking existence of `Any (First Match)`
    t =    16.80s         Capturing element debug description
    t =    17.86s     Checking `Expect predicate `existsNoRetry == 1` for object Any (First Match)`
    t =    17.87s         Checking existence of `Any (First Match)`
    t =    17.88s         Capturing element debug description
    t =    18.83s     Checking `Expect predicate `existsNoRetry == 1` for object Any (First Match)`
    t =    18.83s         Checking existence of `Any (First Match)`
    t =    18.85s         Capturing element debug description
    t =    19.81s     Checking `Expect predicate `existsNoRetry == 1` for object Any (First Match)`
    t =    19.81s         Checking existence of `Any (First Match)`
    t =    19.83s         Capturing element debug description
    t =    20.79s     Checking `Expect predicate `existsNoRetry == 1` for object Any (First Match)`
    t =    20.79s         Checking existence of `Any (First Match)`
    t =    20.80s         Capturing element debug description
    t =    21.87s     Checking `Expect predicate `existsNoRetry == 1` for object Any (First Match)`
    t =    21.87s         Checking existence of `Any (First Match)`
    t =    21.89s         Capturing element debug description
    t =    22.85s     Checking `Expect predicate `existsNoRetry == 1` for object Any (First Match)`
    t =    22.85s         Checking existence of `Any (First Match)`
    t =    22.87s         Capturing element debug description
    t =    23.84s     Checking `Expect predicate `existsNoRetry == 1` for object Any (First Match)`
    t =    23.84s         Checking existence of `Any (First Match)`
    t =    23.85s         Capturing element debug description
    t =    24.81s     Checking `Expect predicate `existsNoRetry == 1` for object Any (First Match)`
    t =    24.82s         Checking existence of `Any (First Match)`
    t =    24.83s         Capturing element debug description
    t =    25.79s     Checking `Expect predicate `existsNoRetry == 1` for object Any (First Match)`
    t =    25.79s         Checking existence of `Any (First Match)`
    t =    25.81s         Capturing element debug description
    t =    26.78s     Checking `Expect predicate `existsNoRetry == 1` for object Any (First Match)`
    t =    26.78s         Checking existence of `Any (First Match)`
    t =    26.80s         Capturing element debug description
    t =    27.87s     Checking `Expect predicate `existsNoRetry == 1` for object Any (First Match)`
    t =    27.87s         Checking existence of `Any (First Match)`
    t =    27.88s         Capturing element debug description
    t =    28.85s     Checking `Expect predicate `existsNoRetry == 1` for object Any (First Match)`
    t =    28.85s         Checking existence of `Any (First Match)`
    t =    28.87s         Capturing element debug description
    t =    29.82s     Checking `Expect predicate `existsNoRetry == 1` for object Any (First Match)`
    t =    29.82s         Checking existence of `Any (First Match)`
    t =    29.84s         Capturing element debug description
    t =    30.80s     Checking `Expect predicate `existsNoRetry == 1` for object Any (First Match)`
    t =    30.80s         Checking existence of `Any (First Match)`
    t =    30.82s         Capturing element debug description
    t =    31.78s     Checking `Expect predicate `existsNoRetry == 1` for object Any (First Match)`
    t =    31.78s         Checking existence of `Any (First Match)`
    t =    31.80s         Capturing element debug description
    t =    32.78s     Checking `Expect predicate `existsNoRetry == 1` for object Any (First Match)`
    t =    32.78s         Checking existence of `Any (First Match)`
    t =    32.80s         Capturing element debug description
    t =    33.87s     Checking `Expect predicate `existsNoRetry == 1` for object Any (First Match)`
    t =    33.87s         Checking existence of `Any (First Match)`
    t =    33.88s         Capturing element debug description
    t =    34.84s     Checking `Expect predicate `existsNoRetry == 1` for object Any (First Match)`
    t =    34.84s         Checking existence of `Any (First Match)`
    t =    34.85s         Capturing element debug description
    t =    35.81s     Checking `Expect predicate `existsNoRetry == 1` for object Any (First Match)`
    t =    35.81s         Checking existence of `Any (First Match)`
    t =    35.83s         Capturing element debug description
    t =    36.80s     Checking `Expect predicate `existsNoRetry == 1` for object Any (First Match)`
    t =    36.80s         Checking existence of `Any (First Match)`
    t =    36.81s         Capturing element debug description
    t =    37.78s     Checking `Expect predicate `existsNoRetry == 1` for object Any (First Match)`
    t =    37.78s         Checking existence of `Any (First Match)`
    t =    37.80s         Capturing element debug description
    t =    38.87s     Checking `Expect predicate `existsNoRetry == 1` for object Any (First Match)`
    t =    38.87s         Checking existence of `Any (First Match)`
    t =    38.88s         Capturing element debug description
    t =    39.84s     Checking `Expect predicate `existsNoRetry == 1` for object Any (First Match)`
    t =    39.84s         Checking existence of `Any (First Match)`
    t =    39.86s         Capturing element debug description
    t =    40.82s     Checking `Expect predicate `existsNoRetry == 1` for object Any (First Match)`
    t =    40.82s         Checking existence of `Any (First Match)`
    t =    40.84s         Capturing element debug description
    t =    41.80s     Checking `Expect predicate `existsNoRetry == 1` for object Any (First Match)`
    t =    41.80s         Checking existence of `Any (First Match)`
    t =    41.81s         Capturing element debug description
    t =    42.78s     Checking `Expect predicate `existsNoRetry == 1` for object Any (First Match)`
    t =    42.78s         Checking existence of `Any (First Match)`
    t =    42.80s         Capturing element debug description
    t =    43.86s     Checking `Expect predicate `existsNoRetry == 1` for object Any (First Match)`
    t =    43.87s         Checking existence of `Any (First Match)`
    t =    43.88s         Capturing element debug description
    t =    44.84s     Checking `Expect predicate `existsNoRetry == 1` for object Any (First Match)`
    t =    44.84s         Checking existence of `Any (First Match)`
    t =    44.85s         Capturing element debug description
    t =    45.81s     Checking `Expect predicate `existsNoRetry == 1` for object Any (First Match)`
    t =    45.81s         Checking existence of `Any (First Match)`
    t =    45.83s         Capturing element debug description
    t =    46.80s     Checking `Expect predicate `existsNoRetry == 1` for object Any (First Match)`
    t =    46.80s         Checking existence of `Any (First Match)`
    t =    46.81s         Capturing element debug description
    t =    47.78s     Checking `Expect predicate `existsNoRetry == 1` for object Any (First Match)`
    t =    47.78s         Checking existence of `Any (First Match)`
    t =    47.80s         Capturing element debug description
    t =    48.78s     Checking `Expect predicate `existsNoRetry == 1` for object Any (First Match)`
    t =    48.78s         Checking existence of `Any (First Match)`
    t =    48.80s         Capturing element debug description
    t =    49.87s     Checking `Expect predicate `existsNoRetry == 1` for object Any (First Match)`
    t =    49.87s         Checking existence of `Any (First Match)`
    t =    49.89s         Capturing element debug description
    t =    50.87s     Checking `Expect predicate `existsNoRetry == 1` for object Any (First Match)`
    t =    50.87s         Checking existence of `Any (First Match)`
    t =    50.89s         Capturing element debug description
    t =    51.86s     Checking `Expect predicate `existsNoRetry == 1` for object Any (First Match)`
    t =    51.86s         Checking existence of `Any (First Match)`
    t =    51.87s         Capturing element debug description
    t =    52.84s     Checking `Expect predicate `existsNoRetry == 1` for object Any (First Match)`
    t =    52.84s         Checking existence of `Any (First Match)`
    t =    52.85s         Capturing element debug description
    t =    53.81s     Checking `Expect predicate `existsNoRetry == 1` for object Any (First Match)`
    t =    53.81s         Checking existence of `Any (First Match)`
    t =    53.83s         Capturing element debug description
    t =    54.79s     Checking `Expect predicate `existsNoRetry == 1` for object Any (First Match)`
    t =    54.79s         Checking existence of `Any (First Match)`
    t =    54.81s         Capturing element debug description
    t =    55.87s     Checking `Expect predicate `existsNoRetry == 1` for object Any (First Match)`
    t =    55.87s         Checking existence of `Any (First Match)`
    t =    55.89s         Capturing element debug description
    t =    56.85s     Checking `Expect predicate `existsNoRetry == 1` for object Any (First Match)`
    t =    56.85s         Checking existence of `Any (First Match)`
    t =    56.87s         Capturing element debug description
    t =    57.83s     Checking `Expect predicate `existsNoRetry == 1` for object Any (First Match)`
    t =    57.83s         Checking existence of `Any (First Match)`
    t =    57.84s         Capturing element debug description
    t =    58.80s     Checking `Expect predicate `existsNoRetry == 1` for object Any (First Match)`
    t =    58.80s         Checking existence of `Any (First Match)`
    t =    58.82s         Capturing element debug description
    t =    59.78s     Checking `Expect predicate `existsNoRetry == 1` for object Any (First Match)`
    t =    59.78s         Checking existence of `Any (First Match)`
    t =    59.80s         Capturing element debug description
    t =    60.85s     Checking `Expect predicate `existsNoRetry == 1` for object Any (First Match)`
    t =    60.85s         Checking existence of `Any (First Match)`
    t =    60.87s         Capturing element debug description
    t =    61.82s     Checking `Expect predicate `existsNoRetry == 1` for object Any (First Match)`
    t =    61.82s         Checking existence of `Any (First Match)`
    t =    61.84s         Capturing element debug description
    t =    62.80s     Checking `Expect predicate `existsNoRetry == 1` for object Any (First Match)`
    t =    62.80s         Checking existence of `Any (First Match)`
    t =    62.82s         Capturing element debug description
    t =    63.78s     Checking `Expect predicate `existsNoRetry == 1` for object Any (First Match)`
    t =    63.78s         Checking existence of `Any (First Match)`
    t =    63.80s         Capturing element debug description
    t =    64.86s     Checking `Expect predicate `existsNoRetry == 1` for object Any (First Match)`
    t =    64.86s         Checking existence of `Any (First Match)`
    t =    64.88s         Capturing element debug description
    t =    65.84s     Checking `Expect predicate `existsNoRetry == 1` for object Any (First Match)`
    t =    65.84s         Checking existence of `Any (First Match)`
    t =    65.86s         Capturing element debug description
    t =    66.82s     Checking `Expect predicate `existsNoRetry == 1` for object Any (First Match)`
    t =    66.83s         Checking existence of `Any (First Match)`
    t =    66.84s         Capturing element debug description
    t =    67.81s     Checking `Expect predicate `existsNoRetry == 1` for object Any (First Match)`
    t =    67.81s         Checking existence of `Any (First Match)`
    t =    67.83s         Capturing element debug description
    t =    68.79s     Checking `Expect predicate `existsNoRetry == 1` for object Any (First Match)`
    t =    68.79s         Checking existence of `Any (First Match)`
    t =    68.81s         Capturing element debug description
    t =    69.78s     Checking `Expect predicate `existsNoRetry == 1` for object Any (First Match)`
    t =    69.78s         Checking existence of `Any (First Match)`
    t =    69.80s         Capturing element debug description
    t =    70.87s     Checking `Expect predicate `existsNoRetry == 1` for object Any (First Match)`
    t =    70.87s         Checking existence of `Any (First Match)`
    t =    70.88s         Capturing element debug description
    t =    71.84s     Checking `Expect predicate `existsNoRetry == 1` for object Any (First Match)`
    t =    71.84s         Checking existence of `Any (First Match)`
    t =    71.86s         Capturing element debug description
    t =    72.82s     Checking `Expect predicate `existsNoRetry == 1` for object Any (First Match)`
    t =    72.82s         Checking existence of `Any (First Match)`
    t =    72.84s         Capturing element debug description
    t =    73.80s     Checking `Expect predicate `existsNoRetry == 1` for object Any (First Match)`
    t =    73.80s         Checking existence of `Any (First Match)`
    t =    73.81s         Capturing element debug description
    t =    74.78s     Checking `Expect predicate `existsNoRetry == 1` for object Any (First Match)`
    t =    74.78s         Checking existence of `Any (First Match)`
    t =    74.80s         Capturing element debug description
    t =    75.87s     Checking `Expect predicate `existsNoRetry == 1` for object Any (First Match)`
    t =    75.87s         Checking existence of `Any (First Match)`
    t =    75.88s         Capturing element debug description
    t =    76.84s     Checking `Expect predicate `existsNoRetry == 1` for object Any (First Match)`
    t =    76.85s         Checking existence of `Any (First Match)`
    t =    76.86s         Capturing element debug description
    t =    77.82s     Checking `Expect predicate `existsNoRetry == 1` for object Any (First Match)`
    t =    77.83s         Checking existence of `Any (First Match)`
    t =    77.84s         Capturing element debug description
    t =    78.80s     Checking `Expect predicate `existsNoRetry == 1` for object Any (First Match)`
    t =    78.80s         Checking existence of `Any (First Match)`
    t =    78.82s         Capturing element debug description
    t =    79.79s     Checking `Expect predicate `existsNoRetry == 1` for object Any (First Match)`
    t =    79.79s         Checking existence of `Any (First Match)`
    t =    79.80s         Capturing element debug description
    t =    80.78s     Checking `Expect predicate `existsNoRetry == 1` for object Any (First Match)`
    t =    80.78s         Checking existence of `Any (First Match)`
    t =    80.80s         Capturing element debug description
    t =    81.86s     Checking `Expect predicate `existsNoRetry == 1` for object Any (First Match)`
    t =    81.87s         Checking existence of `Any (First Match)`
    t =    81.88s         Capturing element debug description
    t =    82.84s     Checking `Expect predicate `existsNoRetry == 1` for object Any (First Match)`
    t =    82.84s         Checking existence of `Any (First Match)`
    t =    82.86s         Capturing element debug description
    t =    83.81s     Checking `Expect predicate `existsNoRetry == 1` for object Any (First Match)`
    t =    83.82s         Checking existence of `Any (First Match)`
    t =    83.83s         Capturing element debug description
    t =    84.79s     Checking `Expect predicate `existsNoRetry == 1` for object Any (First Match)`
    t =    84.79s         Checking existence of `Any (First Match)`
    t =    84.81s         Capturing element debug description
    t =    85.78s     Checking `Expect predicate `existsNoRetry == 1` for object Any (First Match)`
    t =    85.78s         Checking existence of `Any (First Match)`
    t =    85.78s         Capturing element debug description
    t =    86.85s     Checking `Expect predicate `existsNoRetry == 1` for object Any (First Match)`
    t =    86.85s         Checking existence of `Any (First Match)`
    t =    86.87s         Capturing element debug description
    t =    87.83s     Checking `Expect predicate `existsNoRetry == 1` for object Any (First Match)`
    t =    87.83s         Checking existence of `Any (First Match)`
    t =    87.85s         Capturing element debug description
    t =    88.81s     Checking `Expect predicate `existsNoRetry == 1` for object Any (First Match)`
    t =    88.81s         Checking existence of `Any (First Match)`
    t =    88.82s         Capturing element debug description
    t =    89.78s     Checking `Expect predicate `existsNoRetry == 1` for object Any (First Match)`
    t =    89.78s         Checking existence of `Any (First Match)`
    t =    89.80s         Capturing element debug description
    t =    90.86s     Checking `Expect predicate `existsNoRetry == 1` for object Any (First Match)`
    t =    90.87s         Checking existence of `Any (First Match)`
    t =    90.88s         Capturing element debug description
    t =    91.84s     Checking `Expect predicate `existsNoRetry == 1` for object Any (First Match)`
    t =    91.84s         Checking existence of `Any (First Match)`
    t =    91.86s         Capturing element debug description
    t =    92.81s     Checking `Expect predicate `existsNoRetry == 1` for object Any (First Match)`
    t =    92.82s         Checking existence of `Any (First Match)`
    t =    92.83s         Capturing element debug description
    t =    93.79s     Checking `Expect predicate `existsNoRetry == 1` for object Any (First Match)`
    t =    93.79s         Checking existence of `Any (First Match)`
    t =    93.81s         Capturing element debug description
    t =    94.87s     Checking `Expect predicate `existsNoRetry == 1` for object Any (First Match)`
    t =    94.87s         Checking existence of `Any (First Match)`
    t =    94.89s         Capturing element debug description
    t =    95.85s     Checking `Expect predicate `existsNoRetry == 1` for object Any (First Match)`
    t =    95.85s         Checking existence of `Any (First Match)`
    t =    95.85s         Capturing element debug description
    t =    96.81s     Checking `Expect predicate `existsNoRetry == 1` for object Any (First Match)`
    t =    96.82s         Checking existence of `Any (First Match)`
    t =    96.83s         Capturing element debug description
    t =    97.79s     Checking `Expect predicate `existsNoRetry == 1` for object Any (First Match)`
    t =    97.79s         Checking existence of `Any (First Match)`
    t =    97.81s         Capturing element debug description
    t =    98.87s     Checking `Expect predicate `existsNoRetry == 1` for object Any (First Match)`
    t =    98.87s         Checking existence of `Any (First Match)`
    t =    98.89s         Capturing element debug description
    t =    99.85s     Checking `Expect predicate `existsNoRetry == 1` for object Any (First Match)`
    t =    99.85s         Checking existence of `Any (First Match)`
    t =    99.87s         Capturing element debug description
    t =   100.83s     Checking `Expect predicate `existsNoRetry == 1` for object Any (First Match)`
    t =   100.83s         Checking existence of `Any (First Match)`
    t =   100.85s         Capturing element debug description
    t =   101.81s     Checking `Expect predicate `existsNoRetry == 1` for object Any (First Match)`
    t =   101.81s         Checking existence of `Any (First Match)`
    t =   101.82s         Capturing element debug description
    t =   102.78s     Checking `Expect predicate `existsNoRetry == 1` for object Any (First Match)`
    t =   102.78s         Checking existence of `Any (First Match)`
    t =   102.80s         Capturing element debug description
    t =   103.87s     Checking `Expect predicate `existsNoRetry == 1` for object Any (First Match)`
    t =   103.87s         Checking existence of `Any (First Match)`
    t =   103.89s         Capturing element debug description
    t =   104.85s     Checking `Expect predicate `existsNoRetry == 1` for object Any (First Match)`
    t =   104.85s         Checking existence of `Any (First Match)`
    t =   104.86s         Capturing element debug description
    t =   105.82s     Checking `Expect predicate `existsNoRetry == 1` for object Any (First Match)`
    t =   105.83s         Checking existence of `Any (First Match)`
    t =   105.84s         Capturing element debug description
    t =   106.80s     Checking `Expect predicate `existsNoRetry == 1` for object Any (First Match)`
    t =   106.80s         Checking existence of `Any (First Match)`
    t =   106.82s         Capturing element debug description
    t =   107.78s     Checking `Expect predicate `existsNoRetry == 1` for object Any (First Match)`
    t =   107.78s         Checking existence of `Any (First Match)`
    t =   107.80s         Capturing element debug description
    t =   108.86s     Checking `Expect predicate `existsNoRetry == 1` for object Any (First Match)`
    t =   108.87s         Checking existence of `Any (First Match)`
    t =   108.88s         Capturing element debug description
    t =   109.84s     Checking `Expect predicate `existsNoRetry == 1` for object Any (First Match)`
    t =   109.84s         Checking existence of `Any (First Match)`
    t =   109.85s         Capturing element debug description
    t =   110.81s     Checking `Expect predicate `existsNoRetry == 1` for object Any (First Match)`
    t =   110.81s         Checking existence of `Any (First Match)`
    t =   110.83s         Capturing element debug description
    t =   111.80s     Checking `Expect predicate `existsNoRetry == 1` for object Any (First Match)`
    t =   111.80s         Checking existence of `Any (First Match)`
    t =   111.82s         Capturing element debug description
    t =   112.78s     Checking `Expect predicate `existsNoRetry == 1` for object Any (First Match)`
    t =   112.78s         Checking existence of `Any (First Match)`
    t =   112.80s         Capturing element debug description
    t =   113.86s     Checking `Expect predicate `existsNoRetry == 1` for object Any (First Match)`
    t =   113.87s         Checking existence of `Any (First Match)`
    t =   113.88s         Capturing element debug description
    t =   114.84s     Checking `Expect predicate `existsNoRetry == 1` for object Any (First Match)`
    t =   114.84s         Checking existence of `Any (First Match)`
    t =   114.86s         Capturing element debug description
    t =   115.81s     Checking `Expect predicate `existsNoRetry == 1` for object Any (First Match)`
    t =   115.82s         Checking existence of `Any (First Match)`
    t =   115.83s         Capturing element debug description
    t =   116.79s     Checking `Expect predicate `existsNoRetry == 1` for object Any (First Match)`
    t =   116.80s         Checking existence of `Any (First Match)`
    t =   116.81s         Capturing element debug description
    t =   117.78s     Checking `Expect predicate `existsNoRetry == 1` for object Any (First Match)`
    t =   117.78s         Checking existence of `Any (First Match)`
    t =   117.80s         Capturing element debug description
    t =   118.86s     Checking `Expect predicate `existsNoRetry == 1` for object Any (First Match)`
    t =   118.87s         Checking existence of `Any (First Match)`
    t =   118.88s         Capturing element debug description
    t =   119.84s     Checking `Expect predicate `existsNoRetry == 1` for object Any (First Match)`
    t =   119.84s         Checking existence of `Any (First Match)`
    t =   119.86s         Capturing element debug description
    t =   120.81s     Checking `Expect predicate `existsNoRetry == 1` for object Any (First Match)`
    t =   120.82s         Checking existence of `Any (First Match)`
    t =   120.83s         Capturing element debug description
    t =   121.79s     Checking `Expect predicate `existsNoRetry == 1` for object Any (First Match)`
    t =   121.79s         Checking existence of `Any (First Match)`
    t =   121.81s         Capturing element debug description
    t =   122.87s     Checking `Expect predicate `existsNoRetry == 1` for object Any (First Match)`
    t =   122.87s         Checking existence of `Any (First Match)`
    t =   122.89s         Capturing element debug description
    t =   123.85s     Checking `Expect predicate `existsNoRetry == 1` for object Any (First Match)`
    t =   123.85s         Checking existence of `Any (First Match)`
    t =   123.87s         Capturing element debug description
    t =   124.83s     Checking `Expect predicate `existsNoRetry == 1` for object Any (First Match)`
    t =   124.83s         Checking existence of `Any (First Match)`
    t =   124.84s         Capturing element debug description
    t =   125.81s     Checking `Expect predicate `existsNoRetry == 1` for object Any (First Match)`
    t =   125.81s         Checking existence of `Any (First Match)`
    t =   125.82s         Capturing element debug description
    t =   126.79s     Checking `Expect predicate `existsNoRetry == 1` for object Any (First Match)`
    t =   126.79s         Checking existence of `Any (First Match)`
    t =   126.80s         Capturing element debug description
    t =   127.87s     Checking `Expect predicate `existsNoRetry == 1` for object Any (First Match)`
    t =   127.87s         Checking existence of `Any (First Match)`
    t =   127.89s         Capturing element debug description
    t =   128.84s     Checking `Expect predicate `existsNoRetry == 1` for object Any (First Match)`
    t =   128.85s         Checking existence of `Any (First Match)`
    t =   128.86s         Capturing element debug description
    t =   129.82s     Checking `Expect predicate `existsNoRetry == 1` for object Any (First Match)`
    t =   129.82s         Checking existence of `Any (First Match)`
    t =   129.84s         Capturing element debug description
    t =   130.80s     Checking `Expect predicate `existsNoRetry == 1` for object Any (First Match)`
    t =   130.80s         Checking existence of `Any (First Match)`
    t =   130.81s         Capturing element debug description
    t =   131.78s     Checking `Expect predicate `existsNoRetry == 1` for object Any (First Match)`
    t =   131.78s         Checking existence of `Any (First Match)`
    t =   131.80s         Capturing element debug description
    t =   132.87s     Checking `Expect predicate `existsNoRetry == 1` for object Any (First Match)`
    t =   132.87s         Checking existence of `Any (First Match)`
    t =   132.89s         Capturing element debug description
    t =   133.85s     Checking `Expect predicate `existsNoRetry == 1` for object Any (First Match)`
    t =   133.85s         Checking existence of `Any (First Match)`
    t =   133.87s         Capturing element debug description
    t =   134.83s     Checking `Expect predicate `existsNoRetry == 1` for object Any (First Match)`
    t =   134.83s         Checking existence of `Any (First Match)`
    t =   134.85s         Capturing element debug description
    t =   135.81s     Checking `Expect predicate `existsNoRetry == 1` for object Any (First Match)`
    t =   135.81s         Checking existence of `Any (First Match)`
    t =   135.82s         Capturing element debug description
    t =   136.79s     Checking `Expect predicate `existsNoRetry == 1` for object Any (First Match)`
    t =   136.79s         Checking existence of `Any (First Match)`
    t =   136.79s         Capturing element debug description
    t =   137.87s     Checking `Expect predicate `existsNoRetry == 1` for object Any (First Match)`
    t =   137.87s         Checking existence of `Any (First Match)`
    t =   137.88s         Capturing element debug description
    t =   138.84s     Checking `Expect predicate `existsNoRetry == 1` for object Any (First Match)`
    t =   138.84s         Checking existence of `Any (First Match)`
    t =   138.86s         Capturing element debug description
    t =   139.82s     Checking `Expect predicate `existsNoRetry == 1` for object Any (First Match)`
    t =   139.82s         Checking existence of `Any (First Match)`
    t =   139.83s         Capturing element debug description
    t =   140.79s     Checking `Expect predicate `existsNoRetry == 1` for object Any (First Match)`
    t =   140.79s         Checking existence of `Any (First Match)`
    t =   140.81s         Capturing element debug description
    t =   141.87s     Checking `Expect predicate `existsNoRetry == 1` for object Any (First Match)`
    t =   141.87s         Checking existence of `Any (First Match)`
    t =   141.89s         Capturing element debug description
    t =   142.85s     Checking `Expect predicate `existsNoRetry == 1` for object Any (First Match)`
    t =   142.85s         Checking existence of `Any (First Match)`
    t =   142.86s         Capturing element debug description
    t =   143.82s     Checking `Expect predicate `existsNoRetry == 1` for object Any (First Match)`
    t =   143.83s         Checking existence of `Any (First Match)`
    t =   143.84s         Capturing element debug description
    t =   144.80s     Checking `Expect predicate `existsNoRetry == 1` for object Any (First Match)`
    t =   144.80s         Checking existence of `Any (First Match)`
    t =   144.81s         Capturing element debug description
    t =   145.78s     Checking `Expect predicate `existsNoRetry == 1` for object Any (First Match)`
    t =   145.78s         Checking existence of `Any (First Match)`
    t =   145.80s         Capturing element debug description
    t =   146.87s     Checking `Expect predicate `existsNoRetry == 1` for object Any (First Match)`
    t =   146.87s         Checking existence of `Any (First Match)`
    t =   146.88s         Capturing element debug description
    t =   147.84s     Checking `Expect predicate `existsNoRetry == 1` for object Any (First Match)`
    t =   147.84s         Checking existence of `Any (First Match)`
    t =   147.86s         Capturing element debug description
    t =   148.82s     Checking `Expect predicate `existsNoRetry == 1` for object Any (First Match)`
    t =   148.82s         Checking existence of `Any (First Match)`
    t =   148.83s         Capturing element debug description
    t =   149.79s     Checking `Expect predicate `existsNoRetry == 1` for object Any (First Match)`
    t =   149.79s         Checking existence of `Any (First Match)`
    t =   149.81s         Capturing element debug description
    t =   150.87s     Checking `Expect predicate `existsNoRetry == 1` for object Any (First Match)`
    t =   150.87s         Checking existence of `Any (First Match)`
    t =   150.89s         Capturing element debug description
    t =   151.85s     Checking `Expect predicate `existsNoRetry == 1` for object Any (First Match)`
    t =   151.85s         Checking existence of `Any (First Match)`
    t =   151.87s         Capturing element debug description
    t =   152.82s     Checking `Expect predicate `existsNoRetry == 1` for object Any (First Match)`
    t =   152.83s         Checking existence of `Any (First Match)`
    t =   152.84s         Capturing element debug description
    t =   153.80s     Checking `Expect predicate `existsNoRetry == 1` for object Any (First Match)`
    t =   153.80s         Checking existence of `Any (First Match)`
    t =   153.82s         Capturing element debug description
    t =   154.79s     Checking `Expect predicate `existsNoRetry == 1` for object Any (First Match)`
    t =   154.79s         Checking existence of `Any (First Match)`
    t =   154.80s         Capturing element debug description
    t =   155.87s     Checking `Expect predicate `existsNoRetry == 1` for object Any (First Match)`
    t =   155.87s         Checking existence of `Any (First Match)`
    t =   155.89s         Capturing element debug description
    t =   156.85s     Checking `Expect predicate `existsNoRetry == 1` for object Any (First Match)`
    t =   156.85s         Checking existence of `Any (First Match)`
    t =   156.87s         Capturing element debug description
    t =   157.82s     Checking `Expect predicate `existsNoRetry == 1` for object Any (First Match)`
    t =   157.83s         Checking existence of `Any (First Match)`
    t =   157.84s         Capturing element debug description
    t =   158.80s     Checking `Expect predicate `existsNoRetry == 1` for object Any (First Match)`
    t =   158.80s         Checking existence of `Any (First Match)`
    t =   158.82s         Capturing element debug description
    t =   159.79s     Checking `Expect predicate `existsNoRetry == 1` for object Any (First Match)`
    t =   159.79s         Checking existence of `Any (First Match)`
    t =   159.80s         Capturing element debug description
    t =   160.87s     Checking `Expect predicate `existsNoRetry == 1` for object Any (First Match)`
    t =   160.87s         Checking existence of `Any (First Match)`
    t =   160.89s         Capturing element debug description
    t =   161.85s     Checking `Expect predicate `existsNoRetry == 1` for object Any (First Match)`
    t =   161.85s         Checking existence of `Any (First Match)`
    t =   161.87s         Capturing element debug description
    t =   162.83s     Checking `Expect predicate `existsNoRetry == 1` for object Any (First Match)`
    t =   162.83s         Checking existence of `Any (First Match)`
    t =   162.84s         Capturing element debug description
    t =   163.80s     Checking `Expect predicate `existsNoRetry == 1` for object Any (First Match)`
    t =   163.80s         Checking existence of `Any (First Match)`
    t =   163.82s         Capturing element debug description
    t =   164.79s     Checking `Expect predicate `existsNoRetry == 1` for object Any (First Match)`
    t =   164.79s         Checking existence of `Any (First Match)`
    t =   164.80s         Capturing element debug description
    t =   165.87s     Checking `Expect predicate `existsNoRetry == 1` for object Any (First Match)`
    t =   165.87s         Checking existence of `Any (First Match)`
    t =   165.89s         Capturing element debug description
    t =   166.85s     Checking `Expect predicate `existsNoRetry == 1` for object Any (First Match)`
    t =   166.85s         Checking existence of `Any (First Match)`
    t =   166.87s         Capturing element debug description
    t =   167.83s     Checking `Expect predicate `existsNoRetry == 1` for object Any (First Match)`
    t =   167.83s         Checking existence of `Any (First Match)`
    t =   167.84s         Capturing element debug description
    t =   168.80s     Checking `Expect predicate `existsNoRetry == 1` for object Any (First Match)`
    t =   168.80s         Checking existence of `Any (First Match)`
    t =   168.82s         Capturing element debug description
    t =   169.79s     Checking `Expect predicate `existsNoRetry == 1` for object Any (First Match)`
    t =   169.79s         Checking existence of `Any (First Match)`
    t =   169.80s         Capturing element debug description
    t =   170.87s     Checking `Expect predicate `existsNoRetry == 1` for object Any (First Match)`
    t =   170.87s         Checking existence of `Any (First Match)`
    t =   170.89s         Capturing element debug description
    t =   171.85s     Checking `Expect predicate `existsNoRetry == 1` for object Any (First Match)`
    t =   171.85s         Checking existence of `Any (First Match)`
    t =   171.87s         Capturing element debug description
    t =   172.82s     Checking `Expect predicate `existsNoRetry == 1` for object Any (First Match)`
    t =   172.82s         Checking existence of `Any (First Match)`
    t =   172.84s         Capturing element debug description
    t =   173.80s     Checking `Expect predicate `existsNoRetry == 1` for object Any (First Match)`
    t =   173.80s         Checking existence of `Any (First Match)`
    t =   173.82s         Capturing element debug description
    t =   174.78s     Checking `Expect predicate `existsNoRetry == 1` for object Any (First Match)`
    t =   174.78s         Checking existence of `Any (First Match)`
    t =   174.80s         Capturing element debug description
    t =   175.87s     Checking `Expect predicate `existsNoRetry == 1` for object Any (First Match)`
    t =   175.87s         Checking existence of `Any (First Match)`
    t =   175.88s         Capturing element debug description
    t =   176.84s     Checking `Expect predicate `existsNoRetry == 1` for object Any (First Match)`
    t =   176.84s         Checking existence of `Any (First Match)`
    t =   176.86s         Capturing element debug description
    t =   177.82s     Checking `Expect predicate `existsNoRetry == 1` for object Any (First Match)`
    t =   177.82s         Checking existence of `Any (First Match)`
    t =   177.84s         Capturing element debug description
    t =   178.79s     Checking `Expect predicate `existsNoRetry == 1` for object Any (First Match)`
    t =   178.80s         Checking existence of `Any (First Match)`
    t =   178.81s         Capturing element debug description
    t =   179.78s     Checking `Expect predicate `existsNoRetry == 1` for object Any (First Match)`
    t =   179.78s         Checking existence of `Any (First Match)`
    t =   179.79s         Capturing element debug description
    t =   180.87s     Checking `Expect predicate `existsNoRetry == 1` for object Any (First Match)`
    t =   180.87s         Checking existence of `Any (First Match)`
    t =   180.88s         Capturing element debug description
    t =   181.84s     Checking `Expect predicate `existsNoRetry == 1` for object Any (First Match)`
    t =   181.84s         Checking existence of `Any (First Match)`
    t =   181.86s         Capturing element debug description
    t =   182.82s     Checking `Expect predicate `existsNoRetry == 1` for object Any (First Match)`
    t =   182.82s         Checking existence of `Any (First Match)`
    t =   182.84s         Capturing element debug description
    t =   183.79s     Checking `Expect predicate `existsNoRetry == 1` for object Any (First Match)`
    t =   183.79s         Checking existence of `Any (First Match)`
    t =   183.81s         Capturing element debug description
    t =   184.78s     Checking `Expect predicate `existsNoRetry == 1` for object Any (First Match)`
    t =   184.78s         Checking existence of `Any (First Match)`
    t =   184.79s         Capturing element debug description
    t =   185.87s     Checking `Expect predicate `existsNoRetry == 1` for object Any (First Match)`
    t =   185.87s         Checking existence of `Any (First Match)`
    t =   185.89s         Capturing element debug description
    t =   186.85s     Checking `Expect predicate `existsNoRetry == 1` for object Any (First Match)`
    t =   186.85s         Checking existence of `Any (First Match)`
    t =   186.87s         Capturing element debug description
    t =   187.82s     Checking `Expect predicate `existsNoRetry == 1` for object Any (First Match)`
    t =   187.82s         Checking existence of `Any (First Match)`
    t =   187.83s         Capturing element debug description
    t =   188.79s     Checking `Expect predicate `existsNoRetry == 1` for object Any (First Match)`
    t =   188.80s         Checking existence of `Any (First Match)`
    t =   188.81s         Capturing element debug description
    t =   189.78s     Checking `Expect predicate `existsNoRetry == 1` for object Any (First Match)`
    t =   189.78s         Checking existence of `Any (First Match)`
    t =   189.79s         Capturing element debug description
    t =   190.87s     Checking `Expect predicate `existsNoRetry == 1` for object Any (First Match)`
    t =   190.87s         Checking existence of `Any (First Match)`
    t =   190.88s         Capturing element debug description
    t =   191.84s     Checking `Expect predicate `existsNoRetry == 1` for object Any (First Match)`
    t =   191.84s         Checking existence of `Any (First Match)`
    t =   191.86s         Capturing element debug description
    t =   192.82s     Checking `Expect predicate `existsNoRetry == 1` for object Any (First Match)`
    t =   192.82s         Checking existence of `Any (First Match)`
    t =   192.84s         Capturing element debug description
    t =   193.79s     Checking `Expect predicate `existsNoRetry == 1` for object Any (First Match)`
    t =   193.80s         Checking existence of `Any (First Match)`
    t =   193.81s         Capturing element debug description
    t =   194.78s     Checking `Expect predicate `existsNoRetry == 1` for object Any (First Match)`
    t =   194.78s         Checking existence of `Any (First Match)`
    t =   194.79s         Capturing element debug description
    t =   195.87s     Checking `Expect predicate `existsNoRetry == 1` for object Any (First Match)`
    t =   195.87s         Checking existence of `Any (First Match)`
    t =   195.88s         Capturing element debug description
    t =   196.84s     Checking `Expect predicate `existsNoRetry == 1` for object Any (First Match)`
    t =   196.84s         Checking existence of `Any (First Match)`
    t =   196.86s         Capturing element debug description
    t =   197.82s     Checking `Expect predicate `existsNoRetry == 1` for object Any (First Match)`
    t =   197.82s         Checking existence of `Any (First Match)`
    t =   197.83s         Capturing element debug description
    t =   198.79s     Checking `Expect predicate `existsNoRetry == 1` for object Any (First Match)`
    t =   198.79s         Checking existence of `Any (First Match)`
    t =   198.80s         Capturing element debug description
    t =   199.87s     Checking `Expect predicate `existsNoRetry == 1` for object Any (First Match)`
    t =   199.87s         Checking existence of `Any (First Match)`
    t =   199.89s         Capturing element debug description
    t =   200.85s     Checking `Expect predicate `existsNoRetry == 1` for object Any (First Match)`
    t =   200.85s         Checking existence of `Any (First Match)`
    t =   200.87s         Capturing element debug description
    t =   201.83s     Checking `Expect predicate `existsNoRetry == 1` for object Any (First Match)`
    t =   201.83s         Checking existence of `Any (First Match)`
    t =   201.84s         Capturing element debug description
    t =   202.80s     Checking `Expect predicate `existsNoRetry == 1` for object Any (First Match)`
    t =   202.80s         Checking existence of `Any (First Match)`
    t =   202.82s         Capturing element debug description
    t =   203.79s     Checking `Expect predicate `existsNoRetry == 1` for object Any (First Match)`
    t =   203.79s         Checking existence of `Any (First Match)`
    t =   203.80s         Capturing element debug description
    t =   204.87s     Checking `Expect predicate `existsNoRetry == 1` for object Any (First Match)`
    t =   204.87s         Checking existence of `Any (First Match)`
    t =   204.89s         Capturing element debug description
    t =   205.85s     Checking `Expect predicate `existsNoRetry == 1` for object Any (First Match)`
    t =   205.85s         Checking existence of `Any (First Match)`
    t =   205.87s         Capturing element debug description
    t =   206.83s     Checking `Expect predicate `existsNoRetry == 1` for object Any (First Match)`
    t =   206.83s         Checking existence of `Any (First Match)`
    t =   206.85s         Capturing element debug description
    t =   207.81s     Checking `Expect predicate `existsNoRetry == 1` for object Any (First Match)`
    t =   207.81s         Checking existence of `Any (First Match)`
    t =   207.83s         Capturing element debug description
    t =   208.79s     Checking `Expect predicate `existsNoRetry == 1` for object Any (First Match)`
    t =   208.79s         Checking existence of `Any (First Match)`
    t =   208.80s         Capturing element debug description
    t =   209.87s     Checking `Expect predicate `existsNoRetry == 1` for object Any (First Match)`
    t =   209.87s         Checking existence of `Any (First Match)`
    t =   209.89s         Capturing element debug description
    t =   210.85s     Checking `Expect predicate `existsNoRetry == 1` for object Any (First Match)`
    t =   210.85s         Checking existence of `Any (First Match)`
    t =   210.87s         Capturing element debug description
    t =   211.82s     Checking `Expect predicate `existsNoRetry == 1` for object Any (First Match)`
    t =   211.82s         Checking existence of `Any (First Match)`
    t =   211.84s         Capturing element debug description
    t =   212.80s     Checking `Expect predicate `existsNoRetry == 1` for object Any (First Match)`
    t =   212.80s         Checking existence of `Any (First Match)`
    t =   212.82s         Capturing element debug description
    t =   213.79s     Checking `Expect predicate `existsNoRetry == 1` for object Any (First Match)`
    t =   213.79s         Checking existence of `Any (First Match)`
    t =   213.80s         Capturing element debug description
    t =   214.87s     Checking `Expect predicate `existsNoRetry == 1` for object Any (First Match)`
    t =   214.87s         Checking existence of `Any (First Match)`
    t =   214.89s         Capturing element debug description
    t =   215.85s     Checking `Expect predicate `existsNoRetry == 1` for object Any (First Match)`
    t =   215.85s         Checking existence of `Any (First Match)`
    t =   215.87s         Capturing element debug description
    t =   216.83s     Checking `Expect predicate `existsNoRetry == 1` for object Any (First Match)`
    t =   216.83s         Checking existence of `Any (First Match)`
    t =   216.84s         Capturing element debug description
    t =   217.80s     Checking `Expect predicate `existsNoRetry == 1` for object Any (First Match)`
    t =   217.80s         Checking existence of `Any (First Match)`
    t =   217.82s         Capturing element debug description
    t =   218.79s     Checking `Expect predicate `existsNoRetry == 1` for object Any (First Match)`
    t =   218.79s         Checking existence of `Any (First Match)`
    t =   218.80s         Capturing element debug description
    t =   219.87s     Checking `Expect predicate `existsNoRetry == 1` for object Any (First Match)`
    t =   219.87s         Checking existence of `Any (First Match)`
    t =   219.89s         Capturing element debug description
    t =   220.85s     Checking `Expect predicate `existsNoRetry == 1` for object Any (First Match)`
    t =   220.85s         Checking existence of `Any (First Match)`
    t =   220.87s         Capturing element debug description
    t =   221.83s     Checking `Expect predicate `existsNoRetry == 1` for object Any (First Match)`
    t =   221.83s         Checking existence of `Any (First Match)`
    t =   221.84s         Capturing element debug description
    t =   222.80s     Checking `Expect predicate `existsNoRetry == 1` for object Any (First Match)`
    t =   222.80s         Checking existence of `Any (First Match)`
    t =   222.82s         Capturing element debug description
    t =   223.79s     Checking `Expect predicate `existsNoRetry == 1` for object Any (First Match)`
    t =   223.79s         Checking existence of `Any (First Match)`
    t =   223.80s         Capturing element debug description
    t =   224.87s     Checking `Expect predicate `existsNoRetry == 1` for object Any (First Match)`
    t =   224.87s         Checking existence of `Any (First Match)`
    t =   224.89s         Capturing element debug description
    t =   225.85s     Checking `Expect predicate `existsNoRetry == 1` for object Any (First Match)`
    t =   225.85s         Checking existence of `Any (First Match)`
    t =   225.87s         Capturing element debug description
    t =   226.82s     Checking `Expect predicate `existsNoRetry == 1` for object Any (First Match)`
    t =   226.82s         Checking existence of `Any (First Match)`
    t =   226.84s         Capturing element debug description
    t =   227.80s     Checking `Expect predicate `existsNoRetry == 1` for object Any (First Match)`
    t =   227.80s         Checking existence of `Any (First Match)`
    t =   227.81s         Capturing element debug description
    t =   228.79s     Checking `Expect predicate `existsNoRetry == 1` for object Any (First Match)`
    t =   228.79s         Checking existence of `Any (First Match)`
    t =   228.80s         Capturing element debug description
    t =   229.87s     Checking `Expect predicate `existsNoRetry == 1` for object Any (First Match)`
    t =   229.87s         Checking existence of `Any (First Match)`
    t =   229.89s         Capturing element debug description
    t =   230.85s     Checking `Expect predicate `existsNoRetry == 1` for object Any (First Match)`
    t =   230.85s         Checking existence of `Any (First Match)`
    t =   230.87s         Capturing element debug description
    t =   231.82s     Checking `Expect predicate `existsNoRetry == 1` for object Any (First Match)`
    t =   231.83s         Checking existence of `Any (First Match)`
    t =   231.84s         Capturing element debug description
    t =   232.80s     Checking `Expect predicate `existsNoRetry == 1` for object Any (First Match)`
    t =   232.80s         Checking existence of `Any (First Match)`
    t =   232.81s         Capturing element debug description
    t =   233.78s     Checking `Expect predicate `existsNoRetry == 1` for object Any (First Match)`
    t =   233.78s         Checking existence of `Any (First Match)`
    t =   233.80s         Capturing element debug description
    t =   234.87s     Checking `Expect predicate `existsNoRetry == 1` for object Any (First Match)`
    t =   234.87s         Checking existence of `Any (First Match)`
    t =   234.89s         Capturing element debug description
    t =   235.85s     Checking `Expect predicate `existsNoRetry == 1` for object Any (First Match)`
    t =   235.85s         Checking existence of `Any (First Match)`
    t =   235.87s         Capturing element debug description
    t =   236.82s     Checking `Expect predicate `existsNoRetry == 1` for object Any (First Match)`
    t =   236.82s         Checking existence of `Any (First Match)`
    t =   236.84s         Capturing element debug description
    t =   237.80s     Checking `Expect predicate `existsNoRetry == 1` for object Any (First Match)`
    t =   237.80s         Checking existence of `Any (First Match)`
    t =   237.82s         Capturing element debug description
    t =   238.78s     Checking `Expect predicate `existsNoRetry == 1` for object Any (First Match)`
    t =   238.78s         Checking existence of `Any (First Match)`
    t =   238.79s         Capturing element debug description
    t =   239.86s     Checking `Expect predicate `existsNoRetry == 1` for object Any (First Match)`
    t =   239.86s         Checking existence of `Any (First Match)`
    t =   239.87s         Capturing element debug description
    t =   240.83s     Checking `Expect predicate `existsNoRetry == 1` for object Any (First Match)`
    t =   240.83s         Checking existence of `Any (First Match)`
    t =   240.85s         Capturing element debug description
    t =   241.81s     Checking `Expect predicate `existsNoRetry == 1` for object Any (First Match)`
    t =   241.81s         Checking existence of `Any (First Match)`
    t =   241.82s         Capturing element debug description
    t =   241.88s     Checking existence of `Any (First Match)`
    t =   241.90s Collecting debug information to assist test failure triage
    t =   241.90s     Requesting snapshot of accessibility hierarchy for app with pid 41416
    t =   241.93s Checking existence of `Any (First Match)`
/Users/nstudio/Documents/github/NathanWalker/token-economics/harness/perf/uidriver/InteropCaptureTests.swift:24: error: -[UIDriverUITests.InteropCaptureTests testCaptureInteropResults] : failed - no INTEROPJSON element within 240s; last status: unknown
    t =   241.98s Tear Down
Test Case '-[UIDriverUITests.InteropCaptureTests testCaptureInteropResults]' failed (242.242 seconds).
Test Suite 'InteropCaptureTests' failed at 2026-08-01 18:58:11.707.
	 Executed 1 test, with 1 failure (0 unexpected) in 242.242 (242.243) seconds
Test Suite 'UIDriverUITests.xctest' failed at 2026-08-01 18:58:11.708.
	 Executed 2 tests, with 1 failure (0 unexpected) in 420.275 (420.281) seconds
Test Suite 'All tests' failed at 2026-08-01 18:58:11.709.
	 Executed 2 tests, with 1 failure (0 unexpected) in 420.275 (420.282) seconds
2026-08-01 18:58:21.179 xcodebuild[41293:30481871] [MT] IDETestOperationsObserverDebug: 431.321 elapsed -- Testing started completed.
2026-08-01 18:58:21.179 xcodebuild[41293:30481871] [MT] IDETestOperationsObserverDebug: 0.000 sec, +0.000 sec -- start
2026-08-01 18:58:21.179 xcodebuild[41293:30481871] [MT] IDETestOperationsObserverDebug: 431.321 sec, +431.321 sec -- end

Test session results, code coverage, and logs:
	/Users/nstudio/Library/Developer/Xcode/DerivedData/UIDriver-ekqcqbpucoqmcgbikewqdmafsmmj/Logs/Test/Test-UIDriver-2026.08.01_18-51-09--0700.xcresult

Failing tests:
	InteropCaptureTests.testCaptureInteropResults()

** TEST FAILED **

Testing started
