Command line invocation:
    /Applications/Xcode.app/Contents/Developer/usr/bin/xcodebuild test -project UIDriver.xcodeproj -scheme UIDriver -destination id=7DFF2660-A10C-449E-867A-92863D91663B

--- xcodebuild: WARNING: Using the first of multiple matching destinations:
{ platform:iOS Simulator, arch:arm64, id:7DFF2660-A10C-449E-867A-92863D91663B, OS:26.5, name:iPhone 17 Pro }
{ platform:iOS Simulator, arch:x86_64, id:7DFF2660-A10C-449E-867A-92863D91663B, OS:26.5, name:iPhone 17 Pro }
ComputePackagePrebuildTargetDependencyGraph

Prepare packages

CreateBuildRequest

SendProjectDescription

CreateBuildOperation

ComputeTargetDependencyGraph
note: Building targets in dependency order
note: Target dependency graph (1 target)
    Target 'UIDriverUITests' in project 'UIDriver' (no dependencies)

GatherProvisioningInputs

CreateBuildDescription

ClangStatCache /Applications/Xcode.app/Contents/Developer/Toolchains/XcodeDefault.xctoolchain/usr/bin/clang-stat-cache /Applications/Xcode.app/Contents/Developer/Platforms/iPhoneSimulator.platform/Developer/SDKs/iPhoneSimulator26.5.sdk /Users/nstudio/Library/Developer/Xcode/DerivedData/SDKStatCaches.noindex/iphonesimulator26.5-23F73-688ef53f1462e2c8f657fdc38a81448f6cfe768891a92b912361537c460fe42b.sdkstatcache
    cd /Users/nstudio/Documents/github/NathanWalker/token-economics/harness/perf/uidriver/UIDriver.xcodeproj
    /Applications/Xcode.app/Contents/Developer/Toolchains/XcodeDefault.xctoolchain/usr/bin/clang-stat-cache /Applications/Xcode.app/Contents/Developer/Platforms/iPhoneSimulator.platform/Developer/SDKs/iPhoneSimulator26.5.sdk -o /Users/nstudio/Library/Developer/Xcode/DerivedData/SDKStatCaches.noindex/iphonesimulator26.5-23F73-688ef53f1462e2c8f657fdc38a81448f6cfe768891a92b912361537c460fe42b.sdkstatcache

ProcessInfoPlistFile /Users/nstudio/Library/Developer/Xcode/DerivedData/UIDriver-ekqcqbpucoqmcgbikewqdmafsmmj/Build/Products/Debug-iphonesimulator/UIDriverUITests-Runner.app/PlugIns/UIDriverUITests.xctest/Info.plist /Users/nstudio/Library/Developer/Xcode/DerivedData/UIDriver-ekqcqbpucoqmcgbikewqdmafsmmj/Build/Intermediates.noindex/UIDriver.build/Debug-iphonesimulator/UIDriverUITests.build/empty-UIDriverUITests.plist (in target 'UIDriverUITests' from project 'UIDriver')
    cd /Users/nstudio/Documents/github/NathanWalker/token-economics/harness/perf/uidriver
    builtin-infoPlistUtility /Users/nstudio/Library/Developer/Xcode/DerivedData/UIDriver-ekqcqbpucoqmcgbikewqdmafsmmj/Build/Intermediates.noindex/UIDriver.build/Debug-iphonesimulator/UIDriverUITests.build/empty-UIDriverUITests.plist -producttype com.apple.product-type.bundle.ui-testing -expandbuildsettings -format binary -platform iphonesimulator -additionalcontentfile /Users/nstudio/Library/Developer/Xcode/DerivedData/UIDriver-ekqcqbpucoqmcgbikewqdmafsmmj/Build/Intermediates.noindex/UIDriver.build/Debug-iphonesimulator/UIDriverUITests.build/ProductTypeInfoPlistAdditions.plist -o /Users/nstudio/Library/Developer/Xcode/DerivedData/UIDriver-ekqcqbpucoqmcgbikewqdmafsmmj/Build/Products/Debug-iphonesimulator/UIDriverUITests-Runner.app/PlugIns/UIDriverUITests.xctest/Info.plist

CopySwiftLibs /Users/nstudio/Library/Developer/Xcode/DerivedData/UIDriver-ekqcqbpucoqmcgbikewqdmafsmmj/Build/Products/Debug-iphonesimulator/UIDriverUITests-Runner.app/PlugIns/UIDriverUITests.xctest (in target 'UIDriverUITests' from project 'UIDriver')
    cd /Users/nstudio/Documents/github/NathanWalker/token-economics/harness/perf/uidriver
    builtin-swiftStdLibTool --copy --verbose --scan-executable /Users/nstudio/Library/Developer/Xcode/DerivedData/UIDriver-ekqcqbpucoqmcgbikewqdmafsmmj/Build/Products/Debug-iphonesimulator/UIDriverUITests-Runner.app/PlugIns/UIDriverUITests.xctest/UIDriverUITests --scan-folder /Users/nstudio/Library/Developer/Xcode/DerivedData/UIDriver-ekqcqbpucoqmcgbikewqdmafsmmj/Build/Products/Debug-iphonesimulator/UIDriverUITests-Runner.app/PlugIns/UIDriverUITests.xctest/Frameworks --scan-folder /Users/nstudio/Library/Developer/Xcode/DerivedData/UIDriver-ekqcqbpucoqmcgbikewqdmafsmmj/Build/Products/Debug-iphonesimulator/UIDriverUITests-Runner.app/PlugIns/UIDriverUITests.xctest/PlugIns --scan-folder /Users/nstudio/Library/Developer/Xcode/DerivedData/UIDriver-ekqcqbpucoqmcgbikewqdmafsmmj/Build/Products/Debug-iphonesimulator/UIDriverUITests-Runner.app/PlugIns/UIDriverUITests.xctest/SystemExtensions --scan-folder /Users/nstudio/Library/Developer/Xcode/DerivedData/UIDriver-ekqcqbpucoqmcgbikewqdmafsmmj/Build/Products/Debug-iphonesimulator/UIDriverUITests-Runner.app/PlugIns/UIDriverUITests.xctest/Extensions --platform iphonesimulator --toolchain /var/run/com.apple.security.cryptexd/mnt/com.apple.MobileAsset.MetalToolchain-v17.6.42.0.xRBJyY/Metal.xctoolchain --toolchain /Applications/Xcode.app/Contents/Developer/Toolchains/XcodeDefault.xctoolchain --destination /Users/nstudio/Library/Developer/Xcode/DerivedData/UIDriver-ekqcqbpucoqmcgbikewqdmafsmmj/Build/Products/Debug-iphonesimulator/UIDriverUITests-Runner.app/PlugIns/UIDriverUITests.xctest/Frameworks --strip-bitcode --scan-executable /Applications/Xcode.app/Contents/Developer/Platforms/iPhoneSimulator.platform/Developer/usr/lib/libXCTestSwiftSupport.dylib --strip-bitcode-tool /Applications/Xcode.app/Contents/Developer/Toolchains/XcodeDefault.xctoolchain/usr/bin/bitcode_strip --emit-dependency-info /Users/nstudio/Library/Developer/Xcode/DerivedData/UIDriver-ekqcqbpucoqmcgbikewqdmafsmmj/Build/Intermediates.noindex/UIDriver.build/Debug-iphonesimulator/UIDriverUITests.build/SwiftStdLibToolInputDependencies.dep --filter-for-swift-os
Ignoring --strip-bitcode because --sign was not passed

2026-08-01 18:43:52.322242-0700 UIDriverUITests-Runner[40945:30465629] [Default] Running tests...
    t =      nans Interface orientation changed to Portrait
Test Suite 'All tests' started at 2026-08-01 18:43:52.887.
Test Suite 'UIDriverUITests.xctest' started at 2026-08-01 18:43:52.887.
Test Suite 'FeatureLatencyTests' started at 2026-08-01 18:43:52.887.
Test Case '-[UIDriverUITests.FeatureLatencyTests testFeatureLatencies]' started.
    t =     0.00s Start Test at 2026-08-01 18:43:52.888
    t =     0.02s Set Up
STEP[0s]: iter 0: launch org.nativescript.nsbenchmark
    t =     0.02s Open org.nativescript.nsbenchmark
    t =     0.02s     Launch org.nativescript.nsbenchmark
    t =     0.11s         Setting up automation session
objc[40945]: Class UIAccessibilityLoaderWebShared is implemented in both /Library/Developer/CoreSimulator/Volumes/iOS_23F77/Library/Developer/CoreSimulator/Profiles/Runtimes/iOS 26.5.simruntime/Contents/Resources/RuntimeRoot/System/Library/AccessibilityBundles/WebCore.axbundle/WebCore (0x106694310) and /Library/Developer/CoreSimulator/Volumes/iOS_23F77/Library/Developer/CoreSimulator/Profiles/Runtimes/iOS 26.5.simruntime/Contents/Resources/RuntimeRoot/System/Library/AccessibilityBundles/WebKit.axbundle/WebKit (0x10673c398). This may cause spurious casting failures and mysterious crashes. One of the duplicates must be removed or renamed.
    t =     0.84s         Wait for org.nativescript.nsbenchmark to idle
    t =     1.99s Checking existence of `"Health" Button`
    t =     2.02s Waiting 20.0s for "Health" Button to exist
    t =     3.03s     Checking `Expect predicate `existsNoRetry == 1` for object "Health" Button`
    t =     3.04s         Checking existence of `"Health" Button`
STEP[3s]: iter 0: nav Health
    t =     3.05s Checking existence of `"Health" Button`
    t =     3.06s Tap "Health" Button
    t =     3.06s     Wait for org.nativescript.nsbenchmark to idle
    t =     3.06s     Find the "Health" Button
    t =     3.07s     Check for interrupting elements affecting "Health" Button
    t =     3.08s     Synthesize event
    t =     3.37s     Wait for org.nativescript.nsbenchmark to idle
    t =     3.84s Waiting 10.0s for Any (First Match) to exist
    t =     4.88s     Checking `Expect predicate `existsNoRetry == 1` for object Any (First Match)`
    t =     4.88s         Checking existence of `Any (First Match)`
    t =     4.91s Checking existence of `Any (First Match)`
    t =     4.93s Find the Any (First Match)
STEP[4s]: iter 0: HK authorize
    t =     4.94s Checking existence of `"Request Access" Button`
    t =     4.95s Checking existence of `"Request Access" Button`
    t =     4.96s Find the "Request Access" Button
    t =     4.97s Tap "Request Access" Button
    t =     4.97s     Wait for org.nativescript.nsbenchmark to idle
    t =     4.97s     Find the "Request Access" Button
    t =     4.98s     Check for interrupting elements affecting "Request Access" Button
    t =     4.99s     Synthesize event
    t =     5.28s     Wait for org.nativescript.nsbenchmark to idle
    t =     6.14s Waiting 3.0s for Any (First Match) to exist
    t =     7.19s     Checking `Expect predicate `existsNoRetry == 1` for object Any (First Match)`
    t =     7.19s         Checking existence of `Any (First Match)`
    t =     7.24s Find the Any (First Match)
STEP[7s]: health sheet(app): tap 'Turn On All'
    t =     7.28s Tap "Turn On All" StaticText
    t =     7.28s     Wait for org.nativescript.nsbenchmark to idle
    t =     7.28s     Find the "Turn On All" StaticText
    t =     7.31s     Check for interrupting elements affecting "Turn On All" StaticText
    t =     7.34s     Synthesize event
    t =     7.63s     Wait for org.nativescript.nsbenchmark to idle
    t =     7.64s Waiting 2.0s for "Allow" Button to exist
    t =     8.68s     Checking `Expect predicate `existsNoRetry == 1` for object "Allow" Button`
    t =     8.68s         Checking existence of `"Allow" Button`
    t =     8.73s Find the "Allow" Button
STEP[8s]: health sheet(app): confirm 'Allow'
    t =     8.76s Tap "UIA.Health.Allow.Button" Button
    t =     8.76s     Wait for org.nativescript.nsbenchmark to idle
    t =     8.76s     Find the "UIA.Health.Allow.Button" Button
    t =     8.79s     Check for interrupting elements affecting "UIA.Health.Allow.Button" Button
    t =     8.81s     Synthesize event
    t =     9.10s     Wait for org.nativescript.nsbenchmark to idle
    t =     9.10s Waiting 15.0s for Any (First Match) to exist
    t =    10.15s     Checking `Expect predicate `existsNoRetry == 1` for object Any (First Match)`
    t =    10.16s         Checking existence of `Any (First Match)`
    t =    10.18s Checking existence of `"Health access: not requested" StaticText`
    t =    10.20s Find the "Health access: not requested" StaticText
    t =    10.21s Waiting 15.0s for Any (First Match) to exist
    t =    11.23s     Checking `Expect predicate `existsNoRetry == 1` for object Any (First Match)`
    t =    11.23s         Checking existence of `Any (First Match)`
    t =    11.26s Checking existence of `Any (First Match)`
    t =    11.27s Find the Any (First Match)
    t =    11.28s Checking existence of `"Log 500 Steps" Button`
    t =    11.29s Checking existence of `"Log 500 Steps" Button`
    t =    11.30s Find the "Log 500 Steps" Button
STEP[11s]: iter 0: log 500
    t =    11.32s Tap "Log 500 Steps" Button
    t =    11.32s     Wait for org.nativescript.nsbenchmark to idle
    t =    11.32s     Find the "Log 500 Steps" Button
    t =    11.33s     Check for interrupting elements affecting "Log 500 Steps" Button
    t =    11.34s     Synthesize event
    t =    11.64s     Wait for org.nativescript.nsbenchmark to idle
    t =    11.91s Checking existence of `"Sat Aug 1 — 31,000 steps (today)" StaticText`
    t =    11.93s Find the "Sat Aug 1 — 31,000 steps (today)" StaticText
    t =    11.95s Checking existence of `"Sat Aug 1 — 31,500 steps (today)" StaticText`
STEP[11s]: iter 0: go home
    t =    11.96s Checking existence of `"Transcribe" Button`
    t =    11.97s Checking existence of `"Health" Button`
    t =    11.98s Checking existence of `Any (First Match)`
    t =    11.99s Checking existence of `Button (Element at index 0)`
    t =    12.00s Find the Button (Element at index 0)
STEP[11s]: goHome: tapping candidate 0
    t =    12.02s Tap "BackButton" Button
    t =    12.02s     Wait for org.nativescript.nsbenchmark to idle
    t =    12.02s     Find the "BackButton" Button
    t =    12.03s     Check for interrupting elements affecting "BackButton" Button
    t =    12.04s     Synthesize event
    t =    12.33s     Wait for org.nativescript.nsbenchmark to idle
    t =    13.17s Checking existence of `"Transcribe" Button`
    t =    13.19s Waiting 3.0s for "Transcribe" Button to exist
    t =    14.22s     Checking `Expect predicate `existsNoRetry == 1` for object "Transcribe" Button`
    t =    14.22s         Checking existence of `"Transcribe" Button`
STEP[14s]: iter 0: nav Transcribe
    t =    14.23s Checking existence of `"Transcribe" Button`
    t =    14.24s Tap "Transcribe" Button
    t =    14.24s     Wait for org.nativescript.nsbenchmark to idle
    t =    14.24s     Find the "Transcribe" Button
    t =    14.25s     Check for interrupting elements affecting "Transcribe" Button
    t =    14.26s     Synthesize event
    t =    14.55s     Wait for org.nativescript.nsbenchmark to idle
    t =    15.07s Waiting 10.0s for Any (First Match) to exist
    t =    16.13s     Checking `Expect predicate `existsNoRetry == 1` for object Any (First Match)`
    t =    16.13s         Checking existence of `Any (First Match)`
    t =    16.16s Checking existence of `Any (First Match)`
    t =    16.17s Find the Any (First Match)
STEP[16s]: iter 0: speech authorize
    t =    16.18s Checking existence of `"Request Access" Button`
    t =    16.19s Checking existence of `"Request Access" Button`
    t =    16.20s Find the "Request Access" Button
    t =    16.22s Tap "Request Access" Button
    t =    16.22s     Wait for org.nativescript.nsbenchmark to idle
    t =    16.22s     Find the "Request Access" Button
    t =    16.23s     Check for interrupting elements affecting "Request Access" Button
    t =    16.24s     Synthesize event
    t =    16.53s     Wait for org.nativescript.nsbenchmark to idle
    t =    16.80s Waiting 3.0s for "Allow" Button to exist
    t =    17.83s     Checking `Expect predicate `existsNoRetry == 1` for object "Allow" Button`
    t =    17.83s         Checking existence of `"Allow" Button`
STEP[17s]: system alert: 'Allow'
    t =    17.87s Tap "Allow" Button
    t =    17.87s     Wait for com.apple.springboard to idle
    t =    17.87s     Find the "Allow" Button
    t =    17.89s     Check for interrupting elements affecting "Allow" Button
    t =    17.92s     Synthesize event
    t =    18.21s     Wait for com.apple.springboard to idle
    t =    18.44s Waiting 15.0s for Any (First Match) to exist
    t =    19.46s     Checking `Expect predicate `existsNoRetry == 1` for object Any (First Match)`
    t =    19.46s         Checking existence of `Any (First Match)`
    t =    19.49s Checking existence of `"Speech access: not requested" StaticText`
    t =    19.50s Find the "Speech access: not requested" StaticText
    t =    19.51s Checking existence of `"Transcribe Sample" Button`
    t =    19.52s Checking existence of `"Transcribe Sample" Button`
    t =    19.53s Find the "Transcribe Sample" Button
STEP[19s]: iter 0: transcribe
    t =    19.55s Tap "Transcribe Sample" Button
    t =    19.55s     Wait for org.nativescript.nsbenchmark to idle
    t =    19.55s     Find the "Transcribe Sample" Button
    t =    19.56s     Check for interrupting elements affecting "Transcribe Sample" Button
    t =    19.57s     Synthesize event
    t =    19.86s     Wait for org.nativescript.nsbenchmark to idle
    t =    20.14s Waiting 45.0s for Any (First Match) to exist
    t =    21.18s     Checking `Expect predicate `existsNoRetry == 1` for object Any (First Match)`
    t =    21.19s         Checking existence of `Any (First Match)`
    t =    21.21s         Capturing element debug description
    t =    22.15s     Checking `Expect predicate `existsNoRetry == 1` for object Any (First Match)`
    t =    22.15s         Checking existence of `Any (First Match)`
    t =    22.17s         Capturing element debug description
    t =    23.22s     Checking `Expect predicate `existsNoRetry == 1` for object Any (First Match)`
    t =    23.22s         Checking existence of `Any (First Match)`
    t =    23.24s         Capturing element debug description
    t =    24.17s     Checking `Expect predicate `existsNoRetry == 1` for object Any (First Match)`
    t =    24.17s         Checking existence of `Any (First Match)`
    t =    24.19s         Capturing element debug description
    t =    25.23s     Checking `Expect predicate `existsNoRetry == 1` for object Any (First Match)`
    t =    25.24s         Checking existence of `Any (First Match)`
    t =    25.26s         Capturing element debug description
    t =    26.19s     Checking `Expect predicate `existsNoRetry == 1` for object Any (First Match)`
    t =    26.20s         Checking existence of `Any (First Match)`
    t =    26.22s         Capturing element debug description
    t =    27.16s     Checking `Expect predicate `existsNoRetry == 1` for object Any (First Match)`
    t =    27.17s         Checking existence of `Any (First Match)`
    t =    27.19s         Capturing element debug description
    t =    28.19s     Checking `Expect predicate `existsNoRetry == 1` for object Any (First Match)`
    t =    28.19s         Checking existence of `Any (First Match)`
    t =    28.22s         Capturing element debug description
    t =    29.15s     Checking `Expect predicate `existsNoRetry == 1` for object Any (First Match)`
    t =    29.15s         Checking existence of `Any (First Match)`
    t =    29.17s         Capturing element debug description
    t =    30.22s     Checking `Expect predicate `existsNoRetry == 1` for object Any (First Match)`
    t =    30.22s         Checking existence of `Any (First Match)`
    t =    30.24s         Capturing element debug description
    t =    31.18s     Checking `Expect predicate `existsNoRetry == 1` for object Any (First Match)`
    t =    31.18s         Checking existence of `Any (First Match)`
    t =    31.20s         Capturing element debug description
    t =    32.15s     Checking `Expect predicate `existsNoRetry == 1` for object Any (First Match)`
    t =    32.15s         Checking existence of `Any (First Match)`
    t =    32.18s         Capturing element debug description
    t =    33.22s     Checking `Expect predicate `existsNoRetry == 1` for object Any (First Match)`
    t =    33.22s         Checking existence of `Any (First Match)`
    t =    33.24s         Capturing element debug description
    t =    34.15s     Checking `Expect predicate `existsNoRetry == 1` for object Any (First Match)`
    t =    34.16s         Checking existence of `Any (First Match)`
    t =    34.18s         Capturing element debug description
    t =    35.15s     Checking `Expect predicate `existsNoRetry == 1` for object Any (First Match)`
    t =    35.15s         Checking existence of `Any (First Match)`
    t =    35.17s         Capturing element debug description
    t =    36.19s     Checking `Expect predicate `existsNoRetry == 1` for object Any (First Match)`
    t =    36.19s         Checking existence of `Any (First Match)`
    t =    36.22s         Capturing element debug description
    t =    37.15s     Checking `Expect predicate `existsNoRetry == 1` for object Any (First Match)`
    t =    37.15s         Checking existence of `Any (First Match)`
    t =    37.17s         Capturing element debug description
    t =    38.19s     Checking `Expect predicate `existsNoRetry == 1` for object Any (First Match)`
    t =    38.19s         Checking existence of `Any (First Match)`
    t =    38.22s         Capturing element debug description
    t =    39.15s     Checking `Expect predicate `existsNoRetry == 1` for object Any (First Match)`
    t =    39.16s         Checking existence of `Any (First Match)`
    t =    39.18s         Capturing element debug description
    t =    40.22s     Checking `Expect predicate `existsNoRetry == 1` for object Any (First Match)`
    t =    40.22s         Checking existence of `Any (First Match)`
    t =    40.24s         Capturing element debug description
    t =    41.17s     Checking `Expect predicate `existsNoRetry == 1` for object Any (First Match)`
    t =    41.17s         Checking existence of `Any (First Match)`
    t =    41.19s         Capturing element debug description
    t =    42.22s     Checking `Expect predicate `existsNoRetry == 1` for object Any (First Match)`
    t =    42.22s         Checking existence of `Any (First Match)`
    t =    42.24s         Capturing element debug description
    t =    43.16s     Checking `Expect predicate `existsNoRetry == 1` for object Any (First Match)`
    t =    43.17s         Checking existence of `Any (First Match)`
    t =    43.19s         Capturing element debug description
    t =    44.22s     Checking `Expect predicate `existsNoRetry == 1` for object Any (First Match)`
    t =    44.22s         Checking existence of `Any (First Match)`
    t =    44.24s         Capturing element debug description
    t =    45.17s     Checking `Expect predicate `existsNoRetry == 1` for object Any (First Match)`
    t =    45.17s         Checking existence of `Any (First Match)`
    t =    45.19s         Capturing element debug description
    t =    46.23s     Checking `Expect predicate `existsNoRetry == 1` for object Any (First Match)`
    t =    46.24s         Checking existence of `Any (First Match)`
    t =    46.26s         Capturing element debug description
    t =    47.18s     Checking `Expect predicate `existsNoRetry == 1` for object Any (First Match)`
    t =    47.18s         Checking existence of `Any (First Match)`
    t =    47.20s         Capturing element debug description
    t =    48.15s     Checking `Expect predicate `existsNoRetry == 1` for object Any (First Match)`
    t =    48.15s         Checking existence of `Any (First Match)`
    t =    48.17s         Capturing element debug description
    t =    49.21s     Checking `Expect predicate `existsNoRetry == 1` for object Any (First Match)`
    t =    49.21s         Checking existence of `Any (First Match)`
    t =    49.24s         Capturing element debug description
    t =    50.16s     Checking `Expect predicate `existsNoRetry == 1` for object Any (First Match)`
    t =    50.16s         Checking existence of `Any (First Match)`
    t =    50.19s         Capturing element debug description
    t =    51.22s     Checking `Expect predicate `existsNoRetry == 1` for object Any (First Match)`
    t =    51.22s         Checking existence of `Any (First Match)`
    t =    51.24s         Capturing element debug description
    t =    52.16s     Checking `Expect predicate `existsNoRetry == 1` for object Any (First Match)`
    t =    52.16s         Checking existence of `Any (First Match)`
    t =    52.18s         Capturing element debug description
    t =    53.22s     Checking `Expect predicate `existsNoRetry == 1` for object Any (First Match)`
    t =    53.22s         Checking existence of `Any (First Match)`
    t =    53.24s         Capturing element debug description
    t =    54.16s     Checking `Expect predicate `existsNoRetry == 1` for object Any (First Match)`
    t =    54.16s         Checking existence of `Any (First Match)`
    t =    54.18s         Capturing element debug description
    t =    55.21s     Checking `Expect predicate `existsNoRetry == 1` for object Any (First Match)`
    t =    55.21s         Checking existence of `Any (First Match)`
    t =    55.24s         Capturing element debug description
    t =    56.17s     Checking `Expect predicate `existsNoRetry == 1` for object Any (First Match)`
    t =    56.17s         Checking existence of `Any (First Match)`
    t =    56.19s         Capturing element debug description
    t =    57.15s     Checking `Expect predicate `existsNoRetry == 1` for object Any (First Match)`
    t =    57.15s         Checking existence of `Any (First Match)`
    t =    57.18s         Capturing element debug description
    t =    58.22s     Checking `Expect predicate `existsNoRetry == 1` for object Any (First Match)`
    t =    58.22s         Checking existence of `Any (First Match)`
    t =    58.24s         Capturing element debug description
    t =    59.15s     Checking `Expect predicate `existsNoRetry == 1` for object Any (First Match)`
    t =    59.15s         Checking existence of `Any (First Match)`
    t =    59.18s         Capturing element debug description
    t =    60.19s     Checking `Expect predicate `existsNoRetry == 1` for object Any (First Match)`
    t =    60.20s         Checking existence of `Any (First Match)`
    t =    60.22s         Capturing element debug description
    t =    61.16s     Checking `Expect predicate `existsNoRetry == 1` for object Any (First Match)`
    t =    61.16s         Checking existence of `Any (First Match)`
    t =    61.19s         Capturing element debug description
    t =    62.22s     Checking `Expect predicate `existsNoRetry == 1` for object Any (First Match)`
    t =    62.22s         Checking existence of `Any (First Match)`
    t =    62.24s         Capturing element debug description
    t =    63.16s     Checking `Expect predicate `existsNoRetry == 1` for object Any (First Match)`
    t =    63.16s         Checking existence of `Any (First Match)`
    t =    63.18s         Capturing element debug description
    t =    64.22s     Checking `Expect predicate `existsNoRetry == 1` for object Any (First Match)`
    t =    64.22s         Checking existence of `Any (First Match)`
    t =    64.24s         Capturing element debug description
    t =    65.15s     Checking `Expect predicate `existsNoRetry == 1` for object Any (First Match)`
    t =    65.16s         Checking existence of `Any (First Match)`
    t =    65.18s         Capturing element debug description
    t =    65.18s     Checking existence of `Any (First Match)`
    t =    65.19s Collecting debug information to assist test failure triage
    t =    65.19s     Requesting snapshot of accessibility hierarchy for app with pid 40950
    t =    65.21s Checking existence of `Any (First Match)`
    t =    65.22s Checking existence of `Any (First Match)`
    t =    65.23s Checking existence of `Any (First Match)`
    t =    65.24s Find the Any (First Match)
STEP[65s]: iter 0: done
    t =    65.25s Terminate org.nativescript.nsbenchmark:40950
STEP[66s]: iter 1: launch org.nativescript.nsbenchmark
    t =    66.34s Open org.nativescript.nsbenchmark
    t =    66.34s     Launch org.nativescript.nsbenchmark
    t =    66.45s         Setting up automation session
    t =    67.03s         Wait for org.nativescript.nsbenchmark to idle
    t =    68.17s Checking existence of `"Health" Button`
    t =    68.20s Waiting 20.0s for "Health" Button to exist
    t =    69.22s     Checking `Expect predicate `existsNoRetry == 1` for object "Health" Button`
    t =    69.22s         Checking existence of `"Health" Button`
STEP[69s]: iter 1: nav Health
    t =    69.23s Checking existence of `"Health" Button`
    t =    69.24s Tap "Health" Button
    t =    69.24s     Wait for org.nativescript.nsbenchmark to idle
    t =    69.24s     Find the "Health" Button
    t =    69.25s     Check for interrupting elements affecting "Health" Button
    t =    69.26s     Synthesize event
    t =    69.55s     Wait for org.nativescript.nsbenchmark to idle
    t =    70.08s Waiting 10.0s for Any (First Match) to exist
    t =    71.11s     Checking `Expect predicate `existsNoRetry == 1` for object Any (First Match)`
    t =    71.12s         Checking existence of `Any (First Match)`
    t =    71.14s Checking existence of `Any (First Match)`
    t =    71.16s Find the Any (First Match)
    t =    71.17s Checking existence of `"Health access: granted" StaticText`
    t =    71.18s Find the "Health access: granted" StaticText
    t =    71.19s Waiting 15.0s for Any (First Match) to exist
    t =    72.23s     Checking `Expect predicate `existsNoRetry == 1` for object Any (First Match)`
    t =    72.23s         Checking existence of `Any (First Match)`
    t =    72.26s Checking existence of `Any (First Match)`
    t =    72.27s Find the Any (First Match)
    t =    72.28s Checking existence of `"Log 500 Steps" Button`
    t =    72.29s Checking existence of `"Log 500 Steps" Button`
    t =    72.30s Find the "Log 500 Steps" Button
STEP[72s]: iter 1: log 500
    t =    72.32s Tap "Log 500 Steps" Button
    t =    72.32s     Wait for org.nativescript.nsbenchmark to idle
    t =    72.32s     Find the "Log 500 Steps" Button
    t =    72.33s     Check for interrupting elements affecting "Log 500 Steps" Button
    t =    72.34s     Synthesize event
    t =    72.63s     Wait for org.nativescript.nsbenchmark to idle
    t =    72.91s Checking existence of `"Sat Aug 1 — 31,500 steps (today)" StaticText`
    t =    72.93s Find the "Sat Aug 1 — 31,500 steps (today)" StaticText
    t =    72.95s Checking existence of `"Sat Aug 1 — 32,000 steps (today)" StaticText`
STEP[72s]: iter 1: go home
    t =    72.96s Checking existence of `"Transcribe" Button`
    t =    72.97s Checking existence of `"Health" Button`
    t =    72.98s Checking existence of `Any (First Match)`
    t =    72.99s Checking existence of `Button (Element at index 0)`
    t =    73.00s Find the Button (Element at index 0)
STEP[72s]: goHome: tapping candidate 0
    t =    73.02s Tap "BackButton" Button
    t =    73.02s     Wait for org.nativescript.nsbenchmark to idle
    t =    73.02s     Find the "BackButton" Button
    t =    73.03s     Check for interrupting elements affecting "BackButton" Button
    t =    73.04s     Synthesize event
    t =    73.33s     Wait for org.nativescript.nsbenchmark to idle
    t =    74.17s Checking existence of `"Transcribe" Button`
    t =    74.19s Waiting 3.0s for "Transcribe" Button to exist
    t =    75.22s     Checking `Expect predicate `existsNoRetry == 1` for object "Transcribe" Button`
    t =    75.22s         Checking existence of `"Transcribe" Button`
STEP[75s]: iter 1: nav Transcribe
    t =    75.23s Checking existence of `"Transcribe" Button`
    t =    75.24s Tap "Transcribe" Button
    t =    75.24s     Wait for org.nativescript.nsbenchmark to idle
    t =    75.24s     Find the "Transcribe" Button
    t =    75.25s     Check for interrupting elements affecting "Transcribe" Button
    t =    75.26s     Synthesize event
    t =    75.55s     Wait for org.nativescript.nsbenchmark to idle
    t =    76.07s Waiting 10.0s for Any (First Match) to exist
    t =    77.10s     Checking `Expect predicate `existsNoRetry == 1` for object Any (First Match)`
    t =    77.10s         Checking existence of `Any (First Match)`
    t =    77.13s Checking existence of `Any (First Match)`
    t =    77.14s Find the Any (First Match)
    t =    77.15s Checking existence of `"Speech access: granted" StaticText`
    t =    77.16s Find the "Speech access: granted" StaticText
    t =    77.17s Checking existence of `"Transcribe Sample" Button`
    t =    77.18s Checking existence of `"Transcribe Sample" Button`
    t =    77.19s Find the "Transcribe Sample" Button
STEP[77s]: iter 1: transcribe
    t =    77.20s Tap "Transcribe Sample" Button
    t =    77.20s     Wait for org.nativescript.nsbenchmark to idle
    t =    77.20s     Find the "Transcribe Sample" Button
    t =    77.21s     Check for interrupting elements affecting "Transcribe Sample" Button
    t =    77.22s     Synthesize event
    t =    77.51s     Wait for org.nativescript.nsbenchmark to idle
    t =    77.80s Waiting 45.0s for Any (First Match) to exist
    t =    78.84s     Checking `Expect predicate `existsNoRetry == 1` for object Any (First Match)`
    t =    78.84s         Checking existence of `Any (First Match)`
    t =    78.86s         Capturing element debug description
    t =    79.80s     Checking `Expect predicate `existsNoRetry == 1` for object Any (First Match)`
    t =    79.80s         Checking existence of `Any (First Match)`
    t =    79.83s         Capturing element debug description
    t =    80.87s     Checking `Expect predicate `existsNoRetry == 1` for object Any (First Match)`
    t =    80.88s         Checking existence of `Any (First Match)`
    t =    80.90s         Capturing element debug description
    t =    81.83s     Checking `Expect predicate `existsNoRetry == 1` for object Any (First Match)`
    t =    81.84s         Checking existence of `Any (First Match)`
    t =    81.86s         Capturing element debug description
    t =    82.81s     Checking `Expect predicate `existsNoRetry == 1` for object Any (First Match)`
    t =    82.81s         Checking existence of `Any (First Match)`
    t =    82.84s         Capturing element debug description
    t =    83.88s     Checking `Expect predicate `existsNoRetry == 1` for object Any (First Match)`
    t =    83.88s         Checking existence of `Any (First Match)`
    t =    83.91s         Capturing element debug description
    t =    84.83s     Checking `Expect predicate `existsNoRetry == 1` for object Any (First Match)`
    t =    84.83s         Checking existence of `Any (First Match)`
    t =    84.86s         Capturing element debug description
    t =    85.80s     Checking `Expect predicate `existsNoRetry == 1` for object Any (First Match)`
    t =    85.81s         Checking existence of `Any (First Match)`
    t =    85.83s         Capturing element debug description
    t =    86.86s     Checking `Expect predicate `existsNoRetry == 1` for object Any (First Match)`
    t =    86.86s         Checking existence of `Any (First Match)`
    t =    86.88s         Capturing element debug description
    t =    87.82s     Checking `Expect predicate `existsNoRetry == 1` for object Any (First Match)`
    t =    87.82s         Checking existence of `Any (First Match)`
    t =    87.84s         Capturing element debug description
    t =    88.88s     Checking `Expect predicate `existsNoRetry == 1` for object Any (First Match)`
    t =    88.88s         Checking existence of `Any (First Match)`
    t =    88.91s         Capturing element debug description
    t =    89.84s     Checking `Expect predicate `existsNoRetry == 1` for object Any (First Match)`
    t =    89.84s         Checking existence of `Any (First Match)`
    t =    89.86s         Capturing element debug description
    t =    90.81s     Checking `Expect predicate `existsNoRetry == 1` for object Any (First Match)`
    t =    90.82s         Checking existence of `Any (First Match)`
    t =    90.84s         Capturing element debug description
    t =    91.86s     Checking `Expect predicate `existsNoRetry == 1` for object Any (First Match)`
    t =    91.86s         Checking existence of `Any (First Match)`
    t =    91.89s         Capturing element debug description
    t =    92.81s     Checking `Expect predicate `existsNoRetry == 1` for object Any (First Match)`
    t =    92.82s         Checking existence of `Any (First Match)`
    t =    92.84s         Capturing element debug description
    t =    93.86s     Checking `Expect predicate `existsNoRetry == 1` for object Any (First Match)`
    t =    93.86s         Checking existence of `Any (First Match)`
    t =    93.89s         Capturing element debug description
    t =    94.81s     Checking `Expect predicate `existsNoRetry == 1` for object Any (First Match)`
    t =    94.82s         Checking existence of `Any (First Match)`
    t =    94.84s         Capturing element debug description
    t =    95.86s     Checking `Expect predicate `existsNoRetry == 1` for object Any (First Match)`
    t =    95.86s         Checking existence of `Any (First Match)`
    t =    95.89s         Capturing element debug description
    t =    96.81s     Checking `Expect predicate `existsNoRetry == 1` for object Any (First Match)`
    t =    96.81s         Checking existence of `Any (First Match)`
    t =    96.84s         Capturing element debug description
    t =    97.89s     Checking `Expect predicate `existsNoRetry == 1` for object Any (First Match)`
    t =    97.89s         Checking existence of `Any (First Match)`
    t =    97.91s         Capturing element debug description
    t =    98.84s     Checking `Expect predicate `existsNoRetry == 1` for object Any (First Match)`
    t =    98.84s         Checking existence of `Any (First Match)`
    t =    98.87s         Capturing element debug description
    t =    99.81s     Checking `Expect predicate `existsNoRetry == 1` for object Any (First Match)`
    t =    99.81s         Checking existence of `Any (First Match)`
    t =    99.84s         Capturing element debug description
    t =   100.88s     Checking `Expect predicate `existsNoRetry == 1` for object Any (First Match)`
    t =   100.88s         Checking existence of `Any (First Match)`
    t =   100.89s         Capturing element debug description
    t =   101.84s     Checking `Expect predicate `existsNoRetry == 1` for object Any (First Match)`
    t =   101.84s         Checking existence of `Any (First Match)`
    t =   101.86s         Capturing element debug description
    t =   102.89s     Checking `Expect predicate `existsNoRetry == 1` for object Any (First Match)`
    t =   102.89s         Checking existence of `Any (First Match)`
    t =   102.92s         Capturing element debug description
    t =   103.85s     Checking `Expect predicate `existsNoRetry == 1` for object Any (First Match)`
    t =   103.85s         Checking existence of `Any (First Match)`
    t =   103.87s         Capturing element debug description
    t =   104.81s     Checking `Expect predicate `existsNoRetry == 1` for object Any (First Match)`
    t =   104.82s         Checking existence of `Any (First Match)`
    t =   104.84s         Capturing element debug description
    t =   105.88s     Checking `Expect predicate `existsNoRetry == 1` for object Any (First Match)`
    t =   105.88s         Checking existence of `Any (First Match)`
    t =   105.90s         Capturing element debug description
    t =   106.83s     Checking `Expect predicate `existsNoRetry == 1` for object Any (First Match)`
    t =   106.83s         Checking existence of `Any (First Match)`
    t =   106.86s         Capturing element debug description
    t =   107.89s     Checking `Expect predicate `existsNoRetry == 1` for object Any (First Match)`
    t =   107.89s         Checking existence of `Any (First Match)`
    t =   107.91s         Capturing element debug description
    t =   108.86s     Checking `Expect predicate `existsNoRetry == 1` for object Any (First Match)`
    t =   108.86s         Checking existence of `Any (First Match)`
    t =   108.89s         Capturing element debug description
    t =   109.81s     Checking `Expect predicate `existsNoRetry == 1` for object Any (First Match)`
    t =   109.82s         Checking existence of `Any (First Match)`
    t =   109.84s         Capturing element debug description
    t =   110.88s     Checking `Expect predicate `existsNoRetry == 1` for object Any (First Match)`
    t =   110.88s         Checking existence of `Any (First Match)`
    t =   110.89s         Capturing element debug description
    t =   111.81s     Checking `Expect predicate `existsNoRetry == 1` for object Any (First Match)`
    t =   111.81s         Checking existence of `Any (First Match)`
    t =   111.84s         Capturing element debug description
    t =   112.88s     Checking `Expect predicate `existsNoRetry == 1` for object Any (First Match)`
    t =   112.88s         Checking existence of `Any (First Match)`
    t =   112.91s         Capturing element debug description
    t =   113.84s     Checking `Expect predicate `existsNoRetry == 1` for object Any (First Match)`
    t =   113.84s         Checking existence of `Any (First Match)`
    t =   113.86s         Capturing element debug description
    t =   114.80s     Checking `Expect predicate `existsNoRetry == 1` for object Any (First Match)`
    t =   114.81s         Checking existence of `Any (First Match)`
    t =   114.83s         Capturing element debug description
    t =   115.86s     Checking `Expect predicate `existsNoRetry == 1` for object Any (First Match)`
    t =   115.86s         Checking existence of `Any (First Match)`
    t =   115.89s         Capturing element debug description
    t =   116.81s     Checking `Expect predicate `existsNoRetry == 1` for object Any (First Match)`
    t =   116.82s         Checking existence of `Any (First Match)`
    t =   116.84s         Capturing element debug description
    t =   117.86s     Checking `Expect predicate `existsNoRetry == 1` for object Any (First Match)`
    t =   117.86s         Checking existence of `Any (First Match)`
    t =   117.89s         Capturing element debug description
    t =   118.81s     Checking `Expect predicate `existsNoRetry == 1` for object Any (First Match)`
    t =   118.82s         Checking existence of `Any (First Match)`
    t =   118.84s         Capturing element debug description
    t =   119.86s     Checking `Expect predicate `existsNoRetry == 1` for object Any (First Match)`
    t =   119.86s         Checking existence of `Any (First Match)`
    t =   119.89s         Capturing element debug description
    t =   120.82s     Checking `Expect predicate `existsNoRetry == 1` for object Any (First Match)`
    t =   120.83s         Checking existence of `Any (First Match)`
    t =   120.85s         Capturing element debug description
    t =   121.86s     Checking `Expect predicate `existsNoRetry == 1` for object Any (First Match)`
    t =   121.86s         Checking existence of `Any (First Match)`
    t =   121.89s         Capturing element debug description
    t =   122.81s     Checking `Expect predicate `existsNoRetry == 1` for object Any (First Match)`
    t =   122.82s         Checking existence of `Any (First Match)`
    t =   122.84s         Capturing element debug description
    t =   122.84s     Checking existence of `Any (First Match)`
    t =   122.85s Collecting debug information to assist test failure triage
    t =   122.86s     Requesting snapshot of accessibility hierarchy for app with pid 40994
    t =   122.88s Checking existence of `Any (First Match)`
    t =   122.89s Checking existence of `Any (First Match)`
    t =   122.89s Checking existence of `Any (First Match)`
    t =   122.90s Find the Any (First Match)
STEP[122s]: iter 1: done
    t =   122.91s Terminate org.nativescript.nsbenchmark:40994
STEP[123s]: iter 2: launch org.nativescript.nsbenchmark
    t =   123.99s Open org.nativescript.nsbenchmark
    t =   123.99s     Launch org.nativescript.nsbenchmark
    t =   124.10s         Setting up automation session
    t =   124.67s         Wait for org.nativescript.nsbenchmark to idle
    t =   125.83s Checking existence of `"Health" Button`
    t =   125.86s Waiting 20.0s for "Health" Button to exist
    t =   126.91s     Checking `Expect predicate `existsNoRetry == 1` for object "Health" Button`
    t =   126.91s         Checking existence of `"Health" Button`
STEP[126s]: iter 2: nav Health
    t =   126.93s Checking existence of `"Health" Button`
    t =   126.94s Tap "Health" Button
    t =   126.94s     Wait for org.nativescript.nsbenchmark to idle
    t =   126.94s     Find the "Health" Button
    t =   126.94s     Check for interrupting elements affecting "Health" Button
    t =   126.96s     Synthesize event
    t =   127.25s     Wait for org.nativescript.nsbenchmark to idle
    t =   127.63s Waiting 10.0s for Any (First Match) to exist
    t =   128.66s     Checking `Expect predicate `existsNoRetry == 1` for object Any (First Match)`
    t =   128.66s         Checking existence of `Any (First Match)`
    t =   128.69s Checking existence of `Any (First Match)`
    t =   128.70s Find the Any (First Match)
    t =   128.72s Checking existence of `"Health access: granted" StaticText`
    t =   128.72s Find the "Health access: granted" StaticText
    t =   128.73s Waiting 15.0s for Any (First Match) to exist
    t =   129.76s     Checking `Expect predicate `existsNoRetry == 1` for object Any (First Match)`
    t =   129.76s         Checking existence of `Any (First Match)`
    t =   129.79s Checking existence of `Any (First Match)`
    t =   129.80s Find the Any (First Match)
    t =   129.82s Checking existence of `"Log 500 Steps" Button`
    t =   129.83s Checking existence of `"Log 500 Steps" Button`
    t =   129.84s Find the "Log 500 Steps" Button
STEP[129s]: iter 2: log 500
    t =   129.85s Tap "Log 500 Steps" Button
    t =   129.85s     Wait for org.nativescript.nsbenchmark to idle
    t =   129.85s     Find the "Log 500 Steps" Button
    t =   129.86s     Check for interrupting elements affecting "Log 500 Steps" Button
    t =   129.88s     Synthesize event
    t =   130.17s     Wait for org.nativescript.nsbenchmark to idle
    t =   130.45s Checking existence of `"Sat Aug 1 — 32,000 steps (today)" StaticText`
    t =   130.46s Find the "Sat Aug 1 — 32,000 steps (today)" StaticText
    t =   130.48s Checking existence of `"Sat Aug 1 — 32,500 steps (today)" StaticText`
STEP[130s]: iter 2: go home
    t =   130.49s Checking existence of `"Transcribe" Button`
    t =   130.50s Checking existence of `"Health" Button`
    t =   130.51s Checking existence of `Any (First Match)`
    t =   130.52s Checking existence of `Button (Element at index 0)`
    t =   130.53s Find the Button (Element at index 0)
STEP[130s]: goHome: tapping candidate 0
    t =   130.55s Tap "BackButton" Button
    t =   130.55s     Wait for org.nativescript.nsbenchmark to idle
    t =   130.55s     Find the "BackButton" Button
    t =   130.56s     Check for interrupting elements affecting "BackButton" Button
    t =   130.58s     Synthesize event
    t =   130.87s     Wait for org.nativescript.nsbenchmark to idle
    t =   131.71s Checking existence of `"Transcribe" Button`
    t =   131.72s Waiting 3.0s for "Transcribe" Button to exist
    t =   132.76s     Checking `Expect predicate `existsNoRetry == 1` for object "Transcribe" Button`
    t =   132.76s         Checking existence of `"Transcribe" Button`
STEP[132s]: iter 2: nav Transcribe
    t =   132.78s Checking existence of `"Transcribe" Button`
    t =   132.79s Tap "Transcribe" Button
    t =   132.79s     Wait for org.nativescript.nsbenchmark to idle
    t =   132.79s     Find the "Transcribe" Button
    t =   132.79s     Check for interrupting elements affecting "Transcribe" Button
    t =   132.80s     Synthesize event
    t =   133.09s     Wait for org.nativescript.nsbenchmark to idle
    t =   133.59s Waiting 10.0s for Any (First Match) to exist
    t =   134.63s     Checking `Expect predicate `existsNoRetry == 1` for object Any (First Match)`
    t =   134.63s         Checking existence of `Any (First Match)`
    t =   134.66s Checking existence of `Any (First Match)`
    t =   134.67s Find the Any (First Match)
    t =   134.68s Checking existence of `"Speech access: granted" StaticText`
    t =   134.69s Find the "Speech access: granted" StaticText
    t =   134.70s Checking existence of `"Transcribe Sample" Button`
    t =   134.71s Checking existence of `"Transcribe Sample" Button`
    t =   134.72s Find the "Transcribe Sample" Button
STEP[134s]: iter 2: transcribe
    t =   134.73s Tap "Transcribe Sample" Button
    t =   134.73s     Wait for org.nativescript.nsbenchmark to idle
    t =   134.73s     Find the "Transcribe Sample" Button
    t =   134.74s     Check for interrupting elements affecting "Transcribe Sample" Button
    t =   134.76s     Synthesize event
    t =   135.04s     Wait for org.nativescript.nsbenchmark to idle
    t =   135.34s Waiting 45.0s for Any (First Match) to exist
    t =   136.39s     Checking `Expect predicate `existsNoRetry == 1` for object Any (First Match)`
    t =   136.39s         Checking existence of `Any (First Match)`
    t =   136.42s         Capturing element debug description
    t =   137.34s     Checking `Expect predicate `existsNoRetry == 1` for object Any (First Match)`
    t =   137.35s         Checking existence of `Any (First Match)`
    t =   137.37s         Capturing element debug description
    t =   138.39s     Checking `Expect predicate `existsNoRetry == 1` for object Any (First Match)`
    t =   138.40s         Checking existence of `Any (First Match)`
    t =   138.42s         Capturing element debug description
    t =   139.36s     Checking `Expect predicate `existsNoRetry == 1` for object Any (First Match)`
    t =   139.36s         Checking existence of `Any (First Match)`
    t =   139.38s         Capturing element debug description
    t =   140.41s     Checking `Expect predicate `existsNoRetry == 1` for object Any (First Match)`
    t =   140.41s         Checking existence of `Any (First Match)`
    t =   140.44s         Capturing element debug description
    t =   141.38s     Checking `Expect predicate `existsNoRetry == 1` for object Any (First Match)`
    t =   141.38s         Checking existence of `Any (First Match)`
    t =   141.39s         Capturing element debug description
    t =   142.41s     Checking `Expect predicate `existsNoRetry == 1` for object Any (First Match)`
    t =   142.41s         Checking existence of `Any (First Match)`
    t =   142.44s         Capturing element debug description
    t =   143.34s     Checking `Expect predicate `existsNoRetry == 1` for object Any (First Match)`
    t =   143.35s         Checking existence of `Any (First Match)`
    t =   143.37s         Capturing element debug description
    t =   144.39s     Checking `Expect predicate `existsNoRetry == 1` for object Any (First Match)`
    t =   144.40s         Checking existence of `Any (First Match)`
    t =   144.42s         Capturing element debug description
2026-08-01 18:46:17.653 xcodebuild[40937:30465451]  DTDKRemoteDeviceConnection: Failed to start remote service "com.apple.mobile.notification_proxy" on device. Error: Error Domain=com.apple.dtdevicekit Code=811 "Failed to start remote service "com.apple.mobile.notification_proxy" on device." UserInfo={NSUnderlyingError=0xae922e550 {Error Domain=com.apple.dt.MobileDeviceErrorDomain Code=-402653166 "Could not establish a secure connection to the device." UserInfo={MobileDeviceErrorCode=(0xE8000012), com.apple.dtdevicekit.stacktrace=(
	0   DTDeviceKitBase                     0x0000000115eea65c DTDKCreateNSErrorFromAMDErrorCode + 312
	1   DTDeviceKitBase                     0x0000000115ef6598 __63-[DTDKRemoteDeviceConnection startFirstServiceOf:unlockKeybag:]_block_invoke + 376
	2   DTDeviceKitBase                     0x0000000115ef5da0 __48-[DTDKRemoteDeviceConnection futureWithSession:]_block_invoke_4 + 28
	3   DTDeviceKitBase                     0x0000000115eec6d8 __DTDKExecuteInSession_block_invoke_2 + 68
	4   DTDeviceKitBase                     0x0000000115eebe24 __DTDKExecuteWithConnection_block_invoke_2 + 216
	5   DTDeviceKitBase                     0x0000000115eebd1c __DTDKExecuteWithConnection_block_invoke + 116
	6   libdispatch.dylib                   0x00000001810884b0 _dispatch_client_callout + 16
	7   libdispatch.dylib                   0x000000018107e828 _dispatch_sync_invoke_and_complete_recurse + 64
	8   libdispatch.dylib                   0x000000018107e214 _dispatch_sync_f_slow + 168
	9   DVTFoundation                       0x000000010c723808 DVTDispatchBarrierSync + 148
	10  DVTFoundation                       0x000000010c72497c -[DVTDispatchLock performLockedBlock:] + 60
	11  DTDeviceKitBase                     0x0000000115eebc14 DTDKExecuteWithConnection + 192
	12  DTDeviceKitBase                     0x0000000115eec56c DTDKExecuteInSession + 248
	13  DTDeviceKitBase                     0x0000000115ef5b74 __48-[DTDKRemoteDeviceConnection futureWithSession:]_block_invoke_2 + 212
	14  DVTFoundation                       0x000000010c722bd0 __DVT_CALLING_CLIENT_BLOCK__ + 16
	15  DVTFoundation                       0x000000010c723548 __DVTDispatchAsync_block_invoke + 152
	16  libdispatch.dylib                   0x000000018106ea28 _dispatch_call_block_and_release + 32
	17  libdispatch.dylib                   0x00000001810884b0 _dispatch_client_callout + 16
	18  libdispatch.dylib                   0x0000000181077030 _dispatch_lane_serial_drain + 740
	19  libdispatch.dylib                   0x0000000181077b64 _dispatch_lane_invoke + 448
	20  libdispatch.dylib                   0x0000000181081e34 _dispatch_root_queue_drain_deferred_wlh + 284
	21  libdispatch.dylib                   0x0000000181081734 _dispatch_workloop_worker_thread + 720
	22  libsystem_pthread.dylib             0x0000000181225ec0 _pthread_wqthread + 292
	23  libsystem_pthread.dylib             0x0000000181224c10 start_wqthread + 8
), DVTRadarComponentKey=261622, NSLocalizedDescription=Could not establish a secure connection to the device.}}, NSLocalizedRecoverySuggestion=Please check your connection to your device., DVTRadarComponentKey=261622, NSLocalizedDescription=Failed to start remote service "com.apple.mobile.notification_proxy" on device.}
    t =   145.34s     Checking `Expect predicate `existsNoRetry == 1` for object Any (First Match)`
    t =   145.35s         Checking existence of `Any (First Match)`
    t =   145.37s         Capturing element debug description
    t =   146.41s     Checking `Expect predicate `existsNoRetry == 1` for object Any (First Match)`
    t =   146.41s         Checking existence of `Any (First Match)`
    t =   146.44s         Capturing element debug description
    t =   147.37s     Checking `Expect predicate `existsNoRetry == 1` for object Any (First Match)`
    t =   147.37s         Checking existence of `Any (First Match)`
    t =   147.39s         Capturing element debug description
    t =   148.35s     Checking `Expect predicate `existsNoRetry == 1` for object Any (First Match)`
    t =   148.35s         Checking existence of `Any (First Match)`
    t =   148.37s         Capturing element debug description
    t =   149.39s     Checking `Expect predicate `existsNoRetry == 1` for object Any (First Match)`
    t =   149.40s         Checking existence of `Any (First Match)`
    t =   149.42s         Capturing element debug description
    t =   150.34s     Checking `Expect predicate `existsNoRetry == 1` for object Any (First Match)`
    t =   150.35s         Checking existence of `Any (First Match)`
    t =   150.37s         Capturing element debug description
    t =   151.42s     Checking `Expect predicate `existsNoRetry == 1` for object Any (First Match)`
    t =   151.42s         Checking existence of `Any (First Match)`
    t =   151.44s         Capturing element debug description
    t =   152.35s     Checking `Expect predicate `existsNoRetry == 1` for object Any (First Match)`
    t =   152.36s         Checking existence of `Any (First Match)`
    t =   152.38s         Capturing element debug description
    t =   153.41s     Checking `Expect predicate `existsNoRetry == 1` for object Any (First Match)`
    t =   153.41s         Checking existence of `Any (First Match)`
    t =   153.44s         Capturing element debug description
    t =   154.36s     Checking `Expect predicate `existsNoRetry == 1` for object Any (First Match)`
    t =   154.37s         Checking existence of `Any (First Match)`
    t =   154.39s         Capturing element debug description
    t =   155.34s     Checking `Expect predicate `existsNoRetry == 1` for object Any (First Match)`
    t =   155.35s         Checking existence of `Any (First Match)`
    t =   155.37s         Capturing element debug description
    t =   156.41s     Checking `Expect predicate `existsNoRetry == 1` for object Any (First Match)`
    t =   156.41s         Checking existence of `Any (First Match)`
    t =   156.44s         Capturing element debug description
    t =   157.35s     Checking `Expect predicate `existsNoRetry == 1` for object Any (First Match)`
    t =   157.35s         Checking existence of `Any (First Match)`
    t =   157.37s         Capturing element debug description
    t =   158.41s     Checking `Expect predicate `existsNoRetry == 1` for object Any (First Match)`
    t =   158.41s         Checking existence of `Any (First Match)`
    t =   158.44s         Capturing element debug description
    t =   159.37s     Checking `Expect predicate `existsNoRetry == 1` for object Any (First Match)`
    t =   159.37s         Checking existence of `Any (First Match)`
    t =   159.39s         Capturing element debug description
    t =   160.42s     Checking `Expect predicate `existsNoRetry == 1` for object Any (First Match)`
    t =   160.42s         Checking existence of `Any (First Match)`
    t =   160.44s         Capturing element debug description
    t =   161.37s     Checking `Expect predicate `existsNoRetry == 1` for object Any (First Match)`
    t =   161.37s         Checking existence of `Any (First Match)`
    t =   161.39s         Capturing element debug description
    t =   162.34s     Checking `Expect predicate `existsNoRetry == 1` for object Any (First Match)`
    t =   162.35s         Checking existence of `Any (First Match)`
    t =   162.37s         Capturing element debug description
    t =   163.41s     Checking `Expect predicate `existsNoRetry == 1` for object Any (First Match)`
    t =   163.41s         Checking existence of `Any (First Match)`
    t =   163.44s         Capturing element debug description
    t =   164.35s     Checking `Expect predicate `existsNoRetry == 1` for object Any (First Match)`
    t =   164.35s         Checking existence of `Any (First Match)`
    t =   164.37s         Capturing element debug description
    t =   165.40s     Checking `Expect predicate `existsNoRetry == 1` for object Any (First Match)`
    t =   165.40s         Checking existence of `Any (First Match)`
    t =   165.42s         Capturing element debug description
    t =   166.34s     Checking `Expect predicate `existsNoRetry == 1` for object Any (First Match)`
    t =   166.35s         Checking existence of `Any (First Match)`
    t =   166.37s         Capturing element debug description
    t =   167.39s     Checking `Expect predicate `existsNoRetry == 1` for object Any (First Match)`
    t =   167.40s         Checking existence of `Any (First Match)`
    t =   167.42s         Capturing element debug description
    t =   168.35s     Checking `Expect predicate `existsNoRetry == 1` for object Any (First Match)`
    t =   168.35s         Checking existence of `Any (First Match)`
    t =   168.37s         Capturing element debug description
    t =   169.40s     Checking `Expect predicate `existsNoRetry == 1` for object Any (First Match)`
    t =   169.40s         Checking existence of `Any (First Match)`
    t =   169.42s         Capturing element debug description
    t =   170.34s     Checking `Expect predicate `existsNoRetry == 1` for object Any (First Match)`
    t =   170.35s         Checking existence of `Any (First Match)`
    t =   170.37s         Capturing element debug description
    t =   171.41s     Checking `Expect predicate `existsNoRetry == 1` for object Any (First Match)`
    t =   171.41s         Checking existence of `Any (First Match)`
    t =   171.44s         Capturing element debug description
    t =   172.35s     Checking `Expect predicate `existsNoRetry == 1` for object Any (First Match)`
    t =   172.36s         Checking existence of `Any (First Match)`
    t =   172.38s         Capturing element debug description
    t =   173.34s     Checking `Expect predicate `existsNoRetry == 1` for object Any (First Match)`
    t =   173.35s         Checking existence of `Any (First Match)`
    t =   173.37s         Capturing element debug description
    t =   174.39s     Checking `Expect predicate `existsNoRetry == 1` for object Any (First Match)`
    t =   174.40s         Checking existence of `Any (First Match)`
    t =   174.42s         Capturing element debug description
    t =   175.34s     Checking `Expect predicate `existsNoRetry == 1` for object Any (First Match)`
    t =   175.35s         Checking existence of `Any (First Match)`
    t =   175.37s         Capturing element debug description
    t =   176.39s     Checking `Expect predicate `existsNoRetry == 1` for object Any (First Match)`
    t =   176.40s         Checking existence of `Any (First Match)`
    t =   176.42s         Capturing element debug description
    t =   177.36s     Checking `Expect predicate `existsNoRetry == 1` for object Any (First Match)`
    t =   177.36s         Checking existence of `Any (First Match)`
    t =   177.38s         Capturing element debug description
    t =   178.34s     Checking `Expect predicate `existsNoRetry == 1` for object Any (First Match)`
    t =   178.35s         Checking existence of `Any (First Match)`
    t =   178.37s         Capturing element debug description
    t =   179.41s     Checking `Expect predicate `existsNoRetry == 1` for object Any (First Match)`
    t =   179.41s         Checking existence of `Any (First Match)`
    t =   179.44s         Capturing element debug description
    t =   180.35s     Checking `Expect predicate `existsNoRetry == 1` for object Any (First Match)`
    t =   180.35s         Checking existence of `Any (First Match)`
    t =   180.37s         Capturing element debug description
    t =   180.37s     Checking existence of `Any (First Match)`
    t =   180.38s Collecting debug information to assist test failure triage
    t =   180.38s     Requesting snapshot of accessibility hierarchy for app with pid 41030
    t =   180.41s Checking existence of `Any (First Match)`
    t =   180.41s Checking existence of `Any (First Match)`
    t =   180.42s Checking existence of `Any (First Match)`
    t =   180.43s Find the Any (First Match)
STEP[180s]: iter 2: done
    t =   180.44s Terminate org.nativescript.nsbenchmark:41030
PERFJSON:{"bundle_id":"org.nativescript.nsbenchmark","runs":[{"nav_transcribe_ms":1925,"speech_state":"init_or_task_failed: Failed to initialize recognizer","iter":0,"nav_health_ms":1859,"hk_rows_ms":1052,"health_granted":true,"hk_log_roundtrip_ms":638,"speech_granted":true},{"health_granted":true,"hk_log_roundtrip_ms":637,"speech_state":"init_or_task_failed: Failed to initialize recognizer","hk_rows_ms":1072,"speech_granted":true,"nav_health_ms":1911,"iter":1,"nav_transcribe_ms":1893},{"speech_granted":true,"nav_transcribe_ms":1880,"iter":2,"speech_state":"init_or_task_failed: Failed to initialize recognizer","hk_rows_ms":1059,"hk_log_roundtrip_ms":638,"health_granted":true,"nav_health_ms":1762}]}
    t =   181.52s Tear Down
Test Case '-[UIDriverUITests.FeatureLatencyTests testFeatureLatencies]' passed (181.609 seconds).
Test Suite 'FeatureLatencyTests' passed at 2026-08-01 18:46:54.500.
	 Executed 1 test, with 0 failures (0 unexpected) in 181.609 (181.612) seconds
Test Suite 'InteropCaptureTests' started at 2026-08-01 18:46:54.501.
Test Case '-[UIDriverUITests.InteropCaptureTests testCaptureInteropResults]' started.
    t =     0.00s Start Test at 2026-08-01 18:46:54.502
    t =     0.01s Set Up
    t =     0.01s Open org.nativescript.nsbenchmark
    t =     0.01s     Launch org.nativescript.nsbenchmark
    t =     0.11s         Setting up automation session
    t =     0.70s         Wait for org.nativescript.nsbenchmark to idle
    t =     1.85s Waiting 240.0s for Any (First Match) to exist
    t =     2.89s     Checking `Expect predicate `existsNoRetry == 1` for object Any (First Match)`
    t =     2.89s         Checking existence of `Any (First Match)`
    t =     2.92s         Capturing element debug description
    t =     3.94s     Checking `Expect predicate `existsNoRetry == 1` for object Any (First Match)`
    t =     3.94s         Checking existence of `Any (First Match)`
    t =     3.96s         Capturing element debug description
    t =     4.90s     Checking `Expect predicate `existsNoRetry == 1` for object Any (First Match)`
    t =     4.90s         Checking existence of `Any (First Match)`
    t =     4.91s         Capturing element debug description
    t =     5.93s     Checking `Expect predicate `existsNoRetry == 1` for object Any (First Match)`
    t =     5.94s         Checking existence of `Any (First Match)`
    t =     5.95s         Capturing element debug description
    t =     6.86s     Checking `Expect predicate `existsNoRetry == 1` for object Any (First Match)`
    t =     6.87s         Checking existence of `Any (First Match)`
    t =     6.88s         Capturing element debug description
    t =     7.91s     Checking `Expect predicate `existsNoRetry == 1` for object Any (First Match)`
    t =     7.92s         Checking existence of `Any (First Match)`
    t =     7.93s         Capturing element debug description
    t =     8.86s     Checking `Expect predicate `existsNoRetry == 1` for object Any (First Match)`
    t =     8.87s         Checking existence of `Any (First Match)`
    t =     8.88s         Capturing element debug description
    t =     9.91s     Checking `Expect predicate `existsNoRetry == 1` for object Any (First Match)`
    t =     9.92s         Checking existence of `Any (First Match)`
    t =     9.93s         Capturing element debug description
    t =    10.86s     Checking `Expect predicate `existsNoRetry == 1` for object Any (First Match)`
    t =    10.87s         Checking existence of `Any (First Match)`
    t =    10.87s         Capturing element debug description
    t =    11.89s     Checking `Expect predicate `existsNoRetry == 1` for object Any (First Match)`
    t =    11.89s         Checking existence of `Any (First Match)`
    t =    11.90s         Capturing element debug description
    t =    12.86s     Checking `Expect predicate `existsNoRetry == 1` for object Any (First Match)`
    t =    12.86s         Checking existence of `Any (First Match)`
    t =    12.88s         Capturing element debug description
    t =    13.90s     Checking `Expect predicate `existsNoRetry == 1` for object Any (First Match)`
    t =    13.90s         Checking existence of `Any (First Match)`
    t =    13.92s         Capturing element debug description
    t =    14.94s     Checking `Expect predicate `existsNoRetry == 1` for object Any (First Match)`
    t =    14.94s         Checking existence of `Any (First Match)`
    t =    14.96s         Capturing element debug description
    t =    15.87s     Checking `Expect predicate `existsNoRetry == 1` for object Any (First Match)`
    t =    15.87s         Checking existence of `Any (First Match)`
    t =    15.88s         Capturing element debug description
    t =    16.90s     Checking `Expect predicate `existsNoRetry == 1` for object Any (First Match)`
    t =    16.90s         Checking existence of `Any (First Match)`
    t =    16.92s         Capturing element debug description
    t =    17.86s     Checking `Expect predicate `existsNoRetry == 1` for object Any (First Match)`
    t =    17.86s         Checking existence of `Any (First Match)`
    t =    17.87s         Capturing element debug description
    t =    18.87s     Checking `Expect predicate `existsNoRetry == 1` for object Any (First Match)`
    t =    18.87s         Checking existence of `Any (First Match)`
    t =    18.88s         Capturing element debug description
    t =    19.91s     Checking `Expect predicate `existsNoRetry == 1` for object Any (First Match)`
    t =    19.92s         Checking existence of `Any (First Match)`
    t =    19.93s         Capturing element debug description
    t =    20.87s     Checking `Expect predicate `existsNoRetry == 1` for object Any (First Match)`
    t =    20.87s         Checking existence of `Any (First Match)`
    t =    20.88s         Capturing element debug description
    t =    21.92s     Checking `Expect predicate `existsNoRetry == 1` for object Any (First Match)`
    t =    21.92s         Checking existence of `Any (First Match)`
    t =    21.93s         Capturing element debug description
    t =    22.87s     Checking `Expect predicate `existsNoRetry == 1` for object Any (First Match)`
    t =    22.87s         Checking existence of `Any (First Match)`
    t =    22.88s         Capturing element debug description
    t =    23.91s     Checking `Expect predicate `existsNoRetry == 1` for object Any (First Match)`
    t =    23.92s         Checking existence of `Any (First Match)`
    t =    23.93s         Capturing element debug description
    t =    24.87s     Checking `Expect predicate `existsNoRetry == 1` for object Any (First Match)`
    t =    24.87s         Checking existence of `Any (First Match)`
    t =    24.88s         Capturing element debug description
    t =    25.92s     Checking `Expect predicate `existsNoRetry == 1` for object Any (First Match)`
    t =    25.92s         Checking existence of `Any (First Match)`
    t =    25.93s         Capturing element debug description
    t =    26.86s     Checking `Expect predicate `existsNoRetry == 1` for object Any (First Match)`
    t =    26.86s         Checking existence of `Any (First Match)`
    t =    26.87s         Capturing element debug description
    t =    27.89s     Checking `Expect predicate `existsNoRetry == 1` for object Any (First Match)`
    t =    27.89s         Checking existence of `Any (First Match)`
    t =    27.90s         Capturing element debug description
    t =    28.86s     Checking `Expect predicate `existsNoRetry == 1` for object Any (First Match)`
    t =    28.86s         Checking existence of `Any (First Match)`
    t =    28.88s         Capturing element debug description
    t =    29.92s     Checking `Expect predicate `existsNoRetry == 1` for object Any (First Match)`
    t =    29.92s         Checking existence of `Any (First Match)`
    t =    29.93s         Capturing element debug description
    t =    30.87s     Checking `Expect predicate `existsNoRetry == 1` for object Any (First Match)`
    t =    30.87s         Checking existence of `Any (First Match)`
    t =    30.88s         Capturing element debug description
    t =    31.92s     Checking `Expect predicate `existsNoRetry == 1` for object Any (First Match)`
    t =    31.92s         Checking existence of `Any (First Match)`
    t =    31.93s         Capturing element debug description
    t =    32.87s     Checking `Expect predicate `existsNoRetry == 1` for object Any (First Match)`
    t =    32.87s         Checking existence of `Any (First Match)`
    t =    32.88s         Capturing element debug description
    t =    33.91s     Checking `Expect predicate `existsNoRetry == 1` for object Any (First Match)`
    t =    33.92s         Checking existence of `Any (First Match)`
    t =    33.93s         Capturing element debug description
    t =    34.87s     Checking `Expect predicate `existsNoRetry == 1` for object Any (First Match)`
    t =    34.87s         Checking existence of `Any (First Match)`
    t =    34.88s         Capturing element debug description
    t =    35.92s     Checking `Expect predicate `existsNoRetry == 1` for object Any (First Match)`
    t =    35.92s         Checking existence of `Any (First Match)`
    t =    35.93s         Capturing element debug description
    t =    36.94s     Checking `Expect predicate `existsNoRetry == 1` for object Any (First Match)`
    t =    36.94s         Checking existence of `Any (First Match)`
    t =    36.96s         Capturing element debug description
    t =    37.88s     Checking `Expect predicate `existsNoRetry == 1` for object Any (First Match)`
    t =    37.88s         Checking existence of `Any (First Match)`
    t =    37.90s         Capturing element debug description
    t =    38.94s     Checking `Expect predicate `existsNoRetry == 1` for object Any (First Match)`
    t =    38.94s         Checking existence of `Any (First Match)`
    t =    38.96s         Capturing element debug description
    t =    39.87s     Checking `Expect predicate `existsNoRetry == 1` for object Any (First Match)`
    t =    39.87s         Checking existence of `Any (First Match)`
    t =    39.88s         Capturing element debug description
    t =    40.87s     Checking `Expect predicate `existsNoRetry == 1` for object Any (First Match)`
    t =    40.87s         Checking existence of `Any (First Match)`
    t =    40.88s         Capturing element debug description
    t =    41.93s     Checking `Expect predicate `existsNoRetry == 1` for object Any (First Match)`
    t =    41.93s         Checking existence of `Any (First Match)`
    t =    41.95s         Capturing element debug description
    t =    42.87s     Checking `Expect predicate `existsNoRetry == 1` for object Any (First Match)`
    t =    42.87s         Checking existence of `Any (First Match)`
    t =    42.88s         Capturing element debug description
    t =    43.94s     Checking `Expect predicate `existsNoRetry == 1` for object Any (First Match)`
    t =    43.94s         Checking existence of `Any (First Match)`
    t =    43.96s         Capturing element debug description
    t =    44.89s     Checking `Expect predicate `existsNoRetry == 1` for object Any (First Match)`
    t =    44.89s         Checking existence of `Any (First Match)`
    t =    44.91s         Capturing element debug description
    t =    45.94s     Checking `Expect predicate `existsNoRetry == 1` for object Any (First Match)`
    t =    45.94s         Checking existence of `Any (First Match)`
    t =    45.96s         Capturing element debug description
    t =    46.89s     Checking `Expect predicate `existsNoRetry == 1` for object Any (First Match)`
    t =    46.89s         Checking existence of `Any (First Match)`
    t =    46.91s         Capturing element debug description
    t =    47.86s     Checking `Expect predicate `existsNoRetry == 1` for object Any (First Match)`
    t =    47.86s         Checking existence of `Any (First Match)`
    t =    47.87s         Capturing element debug description
    t =    48.91s     Checking `Expect predicate `existsNoRetry == 1` for object Any (First Match)`
    t =    48.92s         Checking existence of `Any (First Match)`
    t =    48.93s         Capturing element debug description
    t =    49.87s     Checking `Expect predicate `existsNoRetry == 1` for object Any (First Match)`
    t =    49.87s         Checking existence of `Any (First Match)`
    t =    49.89s         Capturing element debug description
    t =    50.93s     Checking `Expect predicate `existsNoRetry == 1` for object Any (First Match)`
    t =    50.93s         Checking existence of `Any (First Match)`
    t =    50.95s         Capturing element debug description
    t =    51.88s     Checking `Expect predicate `existsNoRetry == 1` for object Any (First Match)`
    t =    51.88s         Checking existence of `Any (First Match)`
    t =    51.89s         Capturing element debug description
    t =    52.95s     Checking `Expect predicate `existsNoRetry == 1` for object Any (First Match)`
    t =    52.95s         Checking existence of `Any (First Match)`
    t =    52.96s         Capturing element debug description
    t =    53.88s     Checking `Expect predicate `existsNoRetry == 1` for object Any (First Match)`
    t =    53.89s         Checking existence of `Any (First Match)`
    t =    53.90s         Capturing element debug description
    t =    54.94s     Checking `Expect predicate `existsNoRetry == 1` for object Any (First Match)`
    t =    54.94s         Checking existence of `Any (First Match)`
    t =    54.96s         Capturing element debug description
    t =    55.89s     Checking `Expect predicate `existsNoRetry == 1` for object Any (First Match)`
    t =    55.89s         Checking existence of `Any (First Match)`
    t =    55.90s         Capturing element debug description
    t =    56.94s     Checking `Expect predicate `existsNoRetry == 1` for object Any (First Match)`
    t =    56.94s         Checking existence of `Any (First Match)`
    t =    56.95s         Capturing element debug description
    t =    57.89s     Checking `Expect predicate `existsNoRetry == 1` for object Any (First Match)`
    t =    57.90s         Checking existence of `Any (First Match)`
    t =    57.91s         Capturing element debug description
    t =    58.86s     Checking `Expect predicate `existsNoRetry == 1` for object Any (First Match)`
    t =    58.86s         Checking existence of `Any (First Match)`
    t =    58.87s         Capturing element debug description
    t =    59.91s     Checking `Expect predicate `existsNoRetry == 1` for object Any (First Match)`
    t =    59.91s         Checking existence of `Any (First Match)`
    t =    59.92s         Capturing element debug description
    t =    60.86s     Checking `Expect predicate `existsNoRetry == 1` for object Any (First Match)`
    t =    60.86s         Checking existence of `Any (First Match)`
    t =    60.87s         Capturing element debug description
    t =    61.91s     Checking `Expect predicate `existsNoRetry == 1` for object Any (First Match)`
    t =    61.91s         Checking existence of `Any (First Match)`
    t =    61.92s         Capturing element debug description
    t =    62.86s     Checking `Expect predicate `existsNoRetry == 1` for object Any (First Match)`
    t =    62.86s         Checking existence of `Any (First Match)`
    t =    62.88s         Capturing element debug description
    t =    63.92s     Checking `Expect predicate `existsNoRetry == 1` for object Any (First Match)`
    t =    63.92s         Checking existence of `Any (First Match)`
    t =    63.93s         Capturing element debug description
    t =    64.87s     Checking `Expect predicate `existsNoRetry == 1` for object Any (First Match)`
    t =    64.87s         Checking existence of `Any (First Match)`
    t =    64.88s         Capturing element debug description
    t =    65.93s     Checking `Expect predicate `existsNoRetry == 1` for object Any (First Match)`
    t =    65.94s         Checking existence of `Any (First Match)`
    t =    65.95s         Capturing element debug description
    t =    66.89s     Checking `Expect predicate `existsNoRetry == 1` for object Any (First Match)`
    t =    66.89s         Checking existence of `Any (First Match)`
    t =    66.91s         Capturing element debug description
    t =    67.86s     Checking `Expect predicate `existsNoRetry == 1` for object Any (First Match)`
    t =    67.86s         Checking existence of `Any (First Match)`
    t =    67.88s         Capturing element debug description
    t =    68.91s     Checking `Expect predicate `existsNoRetry == 1` for object Any (First Match)`
    t =    68.92s         Checking existence of `Any (First Match)`
    t =    68.93s         Capturing element debug description
    t =    69.87s     Checking `Expect predicate `existsNoRetry == 1` for object Any (First Match)`
    t =    69.87s         Checking existence of `Any (First Match)`
    t =    69.88s         Capturing element debug description
    t =    70.92s     Checking `Expect predicate `existsNoRetry == 1` for object Any (First Match)`
    t =    70.92s         Checking existence of `Any (First Match)`
    t =    70.93s         Capturing element debug description
    t =    71.87s     Checking `Expect predicate `existsNoRetry == 1` for object Any (First Match)`
    t =    71.87s         Checking existence of `Any (First Match)`
    t =    71.88s         Capturing element debug description
    t =    72.88s     Checking `Expect predicate `existsNoRetry == 1` for object Any (First Match)`
    t =    72.88s         Checking existence of `Any (First Match)`
    t =    72.90s         Capturing element debug description
    t =    73.94s     Checking `Expect predicate `existsNoRetry == 1` for object Any (First Match)`
    t =    73.94s         Checking existence of `Any (First Match)`
    t =    73.96s         Capturing element debug description
    t =    74.92s     Checking `Expect predicate `existsNoRetry == 1` for object Any (First Match)`
    t =    74.92s         Checking existence of `Any (First Match)`
    t =    74.93s         Capturing element debug description
    t =    75.87s     Checking `Expect predicate `existsNoRetry == 1` for object Any (First Match)`
    t =    75.87s         Checking existence of `Any (First Match)`
    t =    75.88s         Capturing element debug description
    t =    76.91s     Checking `Expect predicate `existsNoRetry == 1` for object Any (First Match)`
    t =    76.92s         Checking existence of `Any (First Match)`
    t =    76.93s         Capturing element debug description
    t =    77.87s     Checking `Expect predicate `existsNoRetry == 1` for object Any (First Match)`
    t =    77.87s         Checking existence of `Any (First Match)`
    t =    77.88s         Capturing element debug description
    t =    78.92s     Checking `Expect predicate `existsNoRetry == 1` for object Any (First Match)`
    t =    78.92s         Checking existence of `Any (First Match)`
    t =    78.93s         Capturing element debug description
    t =    79.87s     Checking `Expect predicate `existsNoRetry == 1` for object Any (First Match)`
    t =    79.87s         Checking existence of `Any (First Match)`
    t =    79.88s         Capturing element debug description
    t =    80.93s     Checking `Expect predicate `existsNoRetry == 1` for object Any (First Match)`
    t =    80.93s         Checking existence of `Any (First Match)`
    t =    80.93s         Capturing element debug description
    t =    81.87s     Checking `Expect predicate `existsNoRetry == 1` for object Any (First Match)`
    t =    81.87s         Checking existence of `Any (First Match)`
    t =    81.88s         Capturing element debug description
    t =    82.93s     Checking `Expect predicate `existsNoRetry == 1` for object Any (First Match)`
    t =    82.93s         Checking existence of `Any (First Match)`
    t =    82.95s         Capturing element debug description
    t =    83.87s     Checking `Expect predicate `existsNoRetry == 1` for object Any (First Match)`
    t =    83.87s         Checking existence of `Any (First Match)`
    t =    83.88s         Capturing element debug description
    t =    84.92s     Checking `Expect predicate `existsNoRetry == 1` for object Any (First Match)`
    t =    84.92s         Checking existence of `Any (First Match)`
    t =    84.93s         Capturing element debug description
    t =    85.93s     Checking `Expect predicate `existsNoRetry == 1` for object Any (First Match)`
    t =    85.93s         Checking existence of `Any (First Match)`
    t =    85.95s         Capturing element debug description
    t =    86.89s     Checking `Expect predicate `existsNoRetry == 1` for object Any (First Match)`
    t =    86.89s         Checking existence of `Any (First Match)`
    t =    86.90s         Capturing element debug description
    t =    87.93s     Checking `Expect predicate `existsNoRetry == 1` for object Any (First Match)`
    t =    87.93s         Checking existence of `Any (First Match)`
    t =    87.95s         Capturing element debug description
    t =    88.87s     Checking `Expect predicate `existsNoRetry == 1` for object Any (First Match)`
    t =    88.87s         Checking existence of `Any (First Match)`
    t =    88.88s         Capturing element debug description
    t =    89.93s     Checking `Expect predicate `existsNoRetry == 1` for object Any (First Match)`
    t =    89.93s         Checking existence of `Any (First Match)`
    t =    89.95s         Capturing element debug description
    t =    90.89s     Checking `Expect predicate `existsNoRetry == 1` for object Any (First Match)`
    t =    90.89s         Checking existence of `Any (First Match)`
    t =    90.91s         Capturing element debug description
    t =    91.94s     Checking `Expect predicate `existsNoRetry == 1` for object Any (First Match)`
    t =    91.95s         Checking existence of `Any (First Match)`
    t =    91.96s         Capturing element debug description
    t =    92.87s     Checking `Expect predicate `existsNoRetry == 1` for object Any (First Match)`
    t =    92.87s         Checking existence of `Any (First Match)`
    t =    92.88s         Capturing element debug description
    t =    93.93s     Checking `Expect predicate `existsNoRetry == 1` for object Any (First Match)`
    t =    93.93s         Checking existence of `Any (First Match)`
    t =    93.95s         Capturing element debug description
    t =    94.87s     Checking `Expect predicate `existsNoRetry == 1` for object Any (First Match)`
    t =    94.88s         Checking existence of `Any (First Match)`
    t =    94.89s         Capturing element debug description
    t =    95.93s     Checking `Expect predicate `existsNoRetry == 1` for object Any (First Match)`
    t =    95.94s         Checking existence of `Any (First Match)`
    t =    95.95s         Capturing element debug description
    t =    96.89s     Checking `Expect predicate `existsNoRetry == 1` for object Any (First Match)`
    t =    96.89s         Checking existence of `Any (First Match)`
    t =    96.90s         Capturing element debug description
    t =    97.93s     Checking `Expect predicate `existsNoRetry == 1` for object Any (First Match)`
    t =    97.94s         Checking existence of `Any (First Match)`
    t =    97.95s         Capturing element debug description
    t =    98.87s     Checking `Expect predicate `existsNoRetry == 1` for object Any (First Match)`
    t =    98.87s         Checking existence of `Any (First Match)`
    t =    98.88s         Capturing element debug description
    t =    99.91s     Checking `Expect predicate `existsNoRetry == 1` for object Any (First Match)`
    t =    99.92s         Checking existence of `Any (First Match)`
    t =    99.93s         Capturing element debug description
    t =   100.87s     Checking `Expect predicate `existsNoRetry == 1` for object Any (First Match)`
    t =   100.87s         Checking existence of `Any (First Match)`
    t =   100.88s         Capturing element debug description
    t =   101.90s     Checking `Expect predicate `existsNoRetry == 1` for object Any (First Match)`
    t =   101.90s         Checking existence of `Any (First Match)`
    t =   101.92s         Capturing element debug description
    t =   102.86s     Checking `Expect predicate `existsNoRetry == 1` for object Any (First Match)`
    t =   102.86s         Checking existence of `Any (First Match)`
    t =   102.88s         Capturing element debug description
    t =   103.93s     Checking `Expect predicate `existsNoRetry == 1` for object Any (First Match)`
    t =   103.93s         Checking existence of `Any (First Match)`
    t =   103.95s         Capturing element debug description
    t =   104.89s     Checking `Expect predicate `existsNoRetry == 1` for object Any (First Match)`
    t =   104.89s         Checking existence of `Any (First Match)`
    t =   104.91s         Capturing element debug description
    t =   105.91s     Checking `Expect predicate `existsNoRetry == 1` for object Any (First Match)`
    t =   105.92s         Checking existence of `Any (First Match)`
    t =   105.93s         Capturing element debug description
    t =   106.87s     Checking `Expect predicate `existsNoRetry == 1` for object Any (First Match)`
    t =   106.87s         Checking existence of `Any (First Match)`
    t =   106.88s         Capturing element debug description
    t =   107.90s     Checking `Expect predicate `existsNoRetry == 1` for object Any (First Match)`
    t =   107.90s         Checking existence of `Any (First Match)`
    t =   107.92s         Capturing element debug description
    t =   108.87s     Checking `Expect predicate `existsNoRetry == 1` for object Any (First Match)`
    t =   108.87s         Checking existence of `Any (First Match)`
    t =   108.88s         Capturing element debug description
    t =   109.92s     Checking `Expect predicate `existsNoRetry == 1` for object Any (First Match)`
    t =   109.92s         Checking existence of `Any (First Match)`
    t =   109.93s         Capturing element debug description
    t =   110.87s     Checking `Expect predicate `existsNoRetry == 1` for object Any (First Match)`
    t =   110.87s         Checking existence of `Any (First Match)`
    t =   110.88s         Capturing element debug description
    t =   111.92s     Checking `Expect predicate `existsNoRetry == 1` for object Any (First Match)`
    t =   111.92s         Checking existence of `Any (First Match)`
    t =   111.93s         Capturing element debug description
    t =   112.87s     Checking `Expect predicate `existsNoRetry == 1` for object Any (First Match)`
    t =   112.87s         Checking existence of `Any (First Match)`
    t =   112.87s         Capturing element debug description
    t =   113.91s     Checking `Expect predicate `existsNoRetry == 1` for object Any (First Match)`
    t =   113.92s         Checking existence of `Any (First Match)`
    t =   113.93s         Capturing element debug description
    t =   114.87s     Checking `Expect predicate `existsNoRetry == 1` for object Any (First Match)`
    t =   114.87s         Checking existence of `Any (First Match)`
    t =   114.88s         Capturing element debug description
    t =   115.91s     Checking `Expect predicate `existsNoRetry == 1` for object Any (First Match)`
    t =   115.92s         Checking existence of `Any (First Match)`
    t =   115.93s         Capturing element debug description
    t =   116.87s     Checking `Expect predicate `existsNoRetry == 1` for object Any (First Match)`
    t =   116.87s         Checking existence of `Any (First Match)`
    t =   116.88s         Capturing element debug description
    t =   117.93s     Checking `Expect predicate `existsNoRetry == 1` for object Any (First Match)`
    t =   117.93s         Checking existence of `Any (First Match)`
    t =   117.95s         Capturing element debug description
    t =   118.89s     Checking `Expect predicate `existsNoRetry == 1` for object Any (First Match)`
    t =   118.89s         Checking existence of `Any (First Match)`
    t =   118.90s         Capturing element debug description
    t =   119.94s     Checking `Expect predicate `existsNoRetry == 1` for object Any (First Match)`
    t =   119.94s         Checking existence of `Any (First Match)`
    t =   119.96s         Capturing element debug description
    t =   120.90s     Checking `Expect predicate `existsNoRetry == 1` for object Any (First Match)`
    t =   120.90s         Checking existence of `Any (First Match)`
    t =   120.91s         Capturing element debug description
    t =   121.87s     Checking `Expect predicate `existsNoRetry == 1` for object Any (First Match)`
    t =   121.87s         Checking existence of `Any (First Match)`
    t =   121.88s         Capturing element debug description
    t =   122.93s     Checking `Expect predicate `existsNoRetry == 1` for object Any (First Match)`
    t =   122.93s         Checking existence of `Any (First Match)`
    t =   122.94s         Capturing element debug description
    t =   123.87s     Checking `Expect predicate `existsNoRetry == 1` for object Any (First Match)`
    t =   123.87s         Checking existence of `Any (First Match)`
    t =   123.88s         Capturing element debug description
    t =   124.91s     Checking `Expect predicate `existsNoRetry == 1` for object Any (First Match)`
    t =   124.92s         Checking existence of `Any (First Match)`
    t =   124.93s         Capturing element debug description
    t =   125.87s     Checking `Expect predicate `existsNoRetry == 1` for object Any (First Match)`
    t =   125.87s         Checking existence of `Any (First Match)`
    t =   125.88s         Capturing element debug description
    t =   126.91s     Checking `Expect predicate `existsNoRetry == 1` for object Any (First Match)`
    t =   126.92s         Checking existence of `Any (First Match)`
    t =   126.93s         Capturing element debug description
    t =   127.87s     Checking `Expect predicate `existsNoRetry == 1` for object Any (First Match)`
    t =   127.87s         Checking existence of `Any (First Match)`
    t =   127.88s         Capturing element debug description
    t =   128.95s     Checking `Expect predicate `existsNoRetry == 1` for object Any (First Match)`
    t =   128.96s         Checking existence of `Any (First Match)`
    t =   128.97s         Capturing element debug description
    t =   129.92s     Checking `Expect predicate `existsNoRetry == 1` for object Any (First Match)`
    t =   129.92s         Checking existence of `Any (First Match)`
    t =   129.94s         Capturing element debug description
    t =   130.90s     Checking `Expect predicate `existsNoRetry == 1` for object Any (First Match)`
    t =   130.90s         Checking existence of `Any (First Match)`
    t =   130.91s         Capturing element debug description
    t =   131.88s     Checking `Expect predicate `existsNoRetry == 1` for object Any (First Match)`
    t =   131.88s         Checking existence of `Any (First Match)`
    t =   131.89s         Capturing element debug description
    t =   132.86s     Checking `Expect predicate `existsNoRetry == 1` for object Any (First Match)`
    t =   132.86s         Checking existence of `Any (First Match)`
    t =   132.88s         Capturing element debug description
    t =   133.95s     Checking `Expect predicate `existsNoRetry == 1` for object Any (First Match)`
    t =   133.95s         Checking existence of `Any (First Match)`
    t =   133.96s         Capturing element debug description
    t =   134.92s     Checking `Expect predicate `existsNoRetry == 1` for object Any (First Match)`
    t =   134.92s         Checking existence of `Any (First Match)`
    t =   134.93s         Capturing element debug description
    t =   135.90s     Checking `Expect predicate `existsNoRetry == 1` for object Any (First Match)`
    t =   135.90s         Checking existence of `Any (First Match)`
    t =   135.92s         Capturing element debug description
    t =   136.88s     Checking `Expect predicate `existsNoRetry == 1` for object Any (First Match)`
    t =   136.88s         Checking existence of `Any (First Match)`
    t =   136.89s         Capturing element debug description
    t =   137.86s     Checking `Expect predicate `existsNoRetry == 1` for object Any (First Match)`
    t =   137.86s         Checking existence of `Any (First Match)`
    t =   137.87s         Capturing element debug description
    t =   138.94s     Checking `Expect predicate `existsNoRetry == 1` for object Any (First Match)`
    t =   138.94s         Checking existence of `Any (First Match)`
    t =   138.95s         Capturing element debug description
    t =   139.92s     Checking `Expect predicate `existsNoRetry == 1` for object Any (First Match)`
    t =   139.92s         Checking existence of `Any (First Match)`
    t =   139.93s         Capturing element debug description
    t =   140.89s     Checking `Expect predicate `existsNoRetry == 1` for object Any (First Match)`
    t =   140.90s         Checking existence of `Any (First Match)`
    t =   140.91s         Capturing element debug description
    t =   141.88s     Checking `Expect predicate `existsNoRetry == 1` for object Any (First Match)`
    t =   141.88s         Checking existence of `Any (First Match)`
    t =   141.89s         Capturing element debug description
    t =   142.86s     Checking `Expect predicate `existsNoRetry == 1` for object Any (First Match)`
    t =   142.86s         Checking existence of `Any (First Match)`
    t =   142.88s         Capturing element debug description
    t =   143.95s     Checking `Expect predicate `existsNoRetry == 1` for object Any (First Match)`
    t =   143.95s         Checking existence of `Any (First Match)`
    t =   143.96s         Capturing element debug description
    t =   144.93s     Checking `Expect predicate `existsNoRetry == 1` for object Any (First Match)`
    t =   144.93s         Checking existence of `Any (First Match)`
    t =   144.94s         Capturing element debug description
    t =   145.91s     Checking `Expect predicate `existsNoRetry == 1` for object Any (First Match)`
    t =   145.91s         Checking existence of `Any (First Match)`
    t =   145.92s         Capturing element debug description
    t =   146.88s     Checking `Expect predicate `existsNoRetry == 1` for object Any (First Match)`
    t =   146.88s         Checking existence of `Any (First Match)`
    t =   146.90s         Capturing element debug description
    t =   147.86s     Checking `Expect predicate `existsNoRetry == 1` for object Any (First Match)`
    t =   147.87s         Checking existence of `Any (First Match)`
    t =   147.88s         Capturing element debug description
    t =   148.95s     Checking `Expect predicate `existsNoRetry == 1` for object Any (First Match)`
    t =   148.95s         Checking existence of `Any (First Match)`
    t =   148.96s         Capturing element debug description
    t =   149.92s     Checking `Expect predicate `existsNoRetry == 1` for object Any (First Match)`
    t =   149.92s         Checking existence of `Any (First Match)`
    t =   149.94s         Capturing element debug description
    t =   150.90s     Checking `Expect predicate `existsNoRetry == 1` for object Any (First Match)`
    t =   150.90s         Checking existence of `Any (First Match)`
    t =   150.91s         Capturing element debug description
    t =   151.88s     Checking `Expect predicate `existsNoRetry == 1` for object Any (First Match)`
    t =   151.88s         Checking existence of `Any (First Match)`
    t =   151.89s         Capturing element debug description
    t =   152.87s     Checking `Expect predicate `existsNoRetry == 1` for object Any (First Match)`
    t =   152.87s         Checking existence of `Any (First Match)`
    t =   152.88s         Capturing element debug description
    t =   153.95s     Checking `Expect predicate `existsNoRetry == 1` for object Any (First Match)`
    t =   153.95s         Checking existence of `Any (First Match)`
    t =   153.96s         Capturing element debug description
    t =   154.92s     Checking `Expect predicate `existsNoRetry == 1` for object Any (First Match)`
    t =   154.92s         Checking existence of `Any (First Match)`
    t =   154.94s         Capturing element debug description
    t =   155.90s     Checking `Expect predicate `existsNoRetry == 1` for object Any (First Match)`
    t =   155.90s         Checking existence of `Any (First Match)`
    t =   155.91s         Capturing element debug description
    t =   156.88s     Checking `Expect predicate `existsNoRetry == 1` for object Any (First Match)`
    t =   156.88s         Checking existence of `Any (First Match)`
    t =   156.89s         Capturing element debug description
    t =   157.86s     Checking `Expect predicate `existsNoRetry == 1` for object Any (First Match)`
    t =   157.86s         Checking existence of `Any (First Match)`
    t =   157.88s         Capturing element debug description
    t =   158.95s     Checking `Expect predicate `existsNoRetry == 1` for object Any (First Match)`
    t =   158.95s         Checking existence of `Any (First Match)`
    t =   158.96s         Capturing element debug description
    t =   159.92s     Checking `Expect predicate `existsNoRetry == 1` for object Any (First Match)`
    t =   159.92s         Checking existence of `Any (First Match)`
    t =   159.94s         Capturing element debug description
    t =   160.89s     Checking `Expect predicate `existsNoRetry == 1` for object Any (First Match)`
    t =   160.90s         Checking existence of `Any (First Match)`
    t =   160.91s         Capturing element debug description
    t =   161.87s     Checking `Expect predicate `existsNoRetry == 1` for object Any (First Match)`
    t =   161.87s         Checking existence of `Any (First Match)`
    t =   161.88s         Capturing element debug description
    t =   162.95s     Checking `Expect predicate `existsNoRetry == 1` for object Any (First Match)`
    t =   162.95s         Checking existence of `Any (First Match)`
    t =   162.96s         Capturing element debug description
    t =   163.92s     Checking `Expect predicate `existsNoRetry == 1` for object Any (First Match)`
    t =   163.92s         Checking existence of `Any (First Match)`
    t =   163.93s         Capturing element debug description
    t =   164.89s     Checking `Expect predicate `existsNoRetry == 1` for object Any (First Match)`
    t =   164.89s         Checking existence of `Any (First Match)`
    t =   164.90s         Capturing element debug description
    t =   165.86s     Checking `Expect predicate `existsNoRetry == 1` for object Any (First Match)`
    t =   165.87s         Checking existence of `Any (First Match)`
    t =   165.88s         Capturing element debug description
    t =   166.95s     Checking `Expect predicate `existsNoRetry == 1` for object Any (First Match)`
    t =   166.95s         Checking existence of `Any (First Match)`
    t =   166.96s         Capturing element debug description
    t =   167.92s     Checking `Expect predicate `existsNoRetry == 1` for object Any (First Match)`
    t =   167.92s         Checking existence of `Any (First Match)`
    t =   167.93s         Capturing element debug description
    t =   168.89s     Checking `Expect predicate `existsNoRetry == 1` for object Any (First Match)`
    t =   168.90s         Checking existence of `Any (First Match)`
    t =   168.91s         Capturing element debug description
    t =   169.87s     Checking `Expect predicate `existsNoRetry == 1` for object Any (First Match)`
    t =   169.87s         Checking existence of `Any (First Match)`
    t =   169.88s         Capturing element debug description
    t =   170.95s     Checking `Expect predicate `existsNoRetry == 1` for object Any (First Match)`
    t =   170.95s         Checking existence of `Any (First Match)`
    t =   170.97s         Capturing element debug description
    t =   171.93s     Checking `Expect predicate `existsNoRetry == 1` for object Any (First Match)`
    t =   171.93s         Checking existence of `Any (First Match)`
    t =   171.94s         Capturing element debug description
    t =   172.90s     Checking `Expect predicate `existsNoRetry == 1` for object Any (First Match)`
    t =   172.90s         Checking existence of `Any (First Match)`
    t =   172.92s         Capturing element debug description
    t =   173.88s     Checking `Expect predicate `existsNoRetry == 1` for object Any (First Match)`
    t =   173.88s         Checking existence of `Any (First Match)`
    t =   173.88s         Capturing element debug description
    t =   174.86s     Checking `Expect predicate `existsNoRetry == 1` for object Any (First Match)`
    t =   174.86s         Checking existence of `Any (First Match)`
    t =   174.87s         Capturing element debug description
    t =   175.94s     Checking `Expect predicate `existsNoRetry == 1` for object Any (First Match)`
    t =   175.94s         Checking existence of `Any (First Match)`
    t =   175.95s         Capturing element debug description
    t =   176.92s     Checking `Expect predicate `existsNoRetry == 1` for object Any (First Match)`
    t =   176.92s         Checking existence of `Any (First Match)`
    t =   176.93s         Capturing element debug description
    t =   177.89s     Checking `Expect predicate `existsNoRetry == 1` for object Any (First Match)`
    t =   177.90s         Checking existence of `Any (First Match)`
    t =   177.91s         Capturing element debug description
    t =   178.88s     Checking `Expect predicate `existsNoRetry == 1` for object Any (First Match)`
    t =   178.88s         Checking existence of `Any (First Match)`
    t =   178.89s         Capturing element debug description
    t =   179.86s     Checking `Expect predicate `existsNoRetry == 1` for object Any (First Match)`
    t =   179.86s         Checking existence of `Any (First Match)`
    t =   179.87s         Capturing element debug description
    t =   180.95s     Checking `Expect predicate `existsNoRetry == 1` for object Any (First Match)`
    t =   180.95s         Checking existence of `Any (First Match)`
    t =   180.96s         Capturing element debug description
    t =   181.86s     Checking `Expect predicate `existsNoRetry == 1` for object Any (First Match)`
    t =   181.87s         Checking existence of `Any (First Match)`
    t =   181.88s         Capturing element debug description
    t =   182.94s     Checking `Expect predicate `existsNoRetry == 1` for object Any (First Match)`
    t =   182.95s         Checking existence of `Any (First Match)`
    t =   182.96s         Capturing element debug description
    t =   183.92s     Checking `Expect predicate `existsNoRetry == 1` for object Any (First Match)`
    t =   183.92s         Checking existence of `Any (First Match)`
    t =   183.93s         Capturing element debug description
    t =   184.89s     Checking `Expect predicate `existsNoRetry == 1` for object Any (First Match)`
    t =   184.90s         Checking existence of `Any (First Match)`
    t =   184.91s         Capturing element debug description
    t =   185.87s     Checking `Expect predicate `existsNoRetry == 1` for object Any (First Match)`
    t =   185.87s         Checking existence of `Any (First Match)`
    t =   185.89s         Capturing element debug description
    t =   186.86s     Checking `Expect predicate `existsNoRetry == 1` for object Any (First Match)`
    t =   186.86s         Checking existence of `Any (First Match)`
    t =   186.87s         Capturing element debug description
    t =   187.94s     Checking `Expect predicate `existsNoRetry == 1` for object Any (First Match)`
    t =   187.94s         Checking existence of `Any (First Match)`
    t =   187.95s         Capturing element debug description
    t =   188.91s     Checking `Expect predicate `existsNoRetry == 1` for object Any (First Match)`
    t =   188.91s         Checking existence of `Any (First Match)`
    t =   188.92s         Capturing element debug description
    t =   189.89s     Checking `Expect predicate `existsNoRetry == 1` for object Any (First Match)`
    t =   189.89s         Checking existence of `Any (First Match)`
    t =   189.90s         Capturing element debug description
    t =   190.86s     Checking `Expect predicate `existsNoRetry == 1` for object Any (First Match)`
    t =   190.87s         Checking existence of `Any (First Match)`
    t =   190.88s         Capturing element debug description
    t =   191.94s     Checking `Expect predicate `existsNoRetry == 1` for object Any (First Match)`
    t =   191.95s         Checking existence of `Any (First Match)`
    t =   191.96s         Capturing element debug description
    t =   192.92s     Checking `Expect predicate `existsNoRetry == 1` for object Any (First Match)`
    t =   192.92s         Checking existence of `Any (First Match)`
    t =   192.93s         Capturing element debug description
    t =   193.90s     Checking `Expect predicate `existsNoRetry == 1` for object Any (First Match)`
    t =   193.90s         Checking existence of `Any (First Match)`
    t =   193.91s         Capturing element debug description
    t =   194.87s     Checking `Expect predicate `existsNoRetry == 1` for object Any (First Match)`
    t =   194.87s         Checking existence of `Any (First Match)`
    t =   194.88s         Capturing element debug description
    t =   195.95s     Checking `Expect predicate `existsNoRetry == 1` for object Any (First Match)`
    t =   195.95s         Checking existence of `Any (First Match)`
    t =   195.96s         Capturing element debug description
    t =   196.92s     Checking `Expect predicate `existsNoRetry == 1` for object Any (First Match)`
    t =   196.93s         Checking existence of `Any (First Match)`
    t =   196.94s         Capturing element debug description
    t =   197.90s     Checking `Expect predicate `existsNoRetry == 1` for object Any (First Match)`
    t =   197.90s         Checking existence of `Any (First Match)`
    t =   197.91s         Capturing element debug description
    t =   198.88s     Checking `Expect predicate `existsNoRetry == 1` for object Any (First Match)`
    t =   198.88s         Checking existence of `Any (First Match)`
    t =   198.89s         Capturing element debug description
    t =   199.86s     Checking `Expect predicate `existsNoRetry == 1` for object Any (First Match)`
    t =   199.86s         Checking existence of `Any (First Match)`
    t =   199.87s         Capturing element debug description
    t =   200.95s     Checking `Expect predicate `existsNoRetry == 1` for object Any (First Match)`
    t =   200.95s         Checking existence of `Any (First Match)`
    t =   200.96s         Capturing element debug description
    t =   201.92s     Checking `Expect predicate `existsNoRetry == 1` for object Any (First Match)`
    t =   201.92s         Checking existence of `Any (First Match)`
    t =   201.94s         Capturing element debug description
    t =   202.89s     Checking `Expect predicate `existsNoRetry == 1` for object Any (First Match)`
    t =   202.90s         Checking existence of `Any (First Match)`
    t =   202.91s         Capturing element debug description
    t =   203.87s     Checking `Expect predicate `existsNoRetry == 1` for object Any (First Match)`
    t =   203.87s         Checking existence of `Any (First Match)`
    t =   203.88s         Capturing element debug description
    t =   204.95s     Checking `Expect predicate `existsNoRetry == 1` for object Any (First Match)`
    t =   204.95s         Checking existence of `Any (First Match)`
    t =   204.97s         Capturing element debug description
    t =   205.93s     Checking `Expect predicate `existsNoRetry == 1` for object Any (First Match)`
    t =   205.93s         Checking existence of `Any (First Match)`
    t =   205.94s         Capturing element debug description
    t =   206.90s     Checking `Expect predicate `existsNoRetry == 1` for object Any (First Match)`
    t =   206.90s         Checking existence of `Any (First Match)`
    t =   206.91s         Capturing element debug description
    t =   207.87s     Checking `Expect predicate `existsNoRetry == 1` for object Any (First Match)`
    t =   207.87s         Checking existence of `Any (First Match)`
    t =   207.89s         Capturing element debug description
    t =   208.95s     Checking `Expect predicate `existsNoRetry == 1` for object Any (First Match)`
    t =   208.95s         Checking existence of `Any (First Match)`
    t =   208.97s         Capturing element debug description
    t =   209.93s     Checking `Expect predicate `existsNoRetry == 1` for object Any (First Match)`
    t =   209.93s         Checking existence of `Any (First Match)`
    t =   209.94s         Capturing element debug description
    t =   210.90s     Checking `Expect predicate `existsNoRetry == 1` for object Any (First Match)`
    t =   210.90s         Checking existence of `Any (First Match)`
    t =   210.92s         Capturing element debug description
    t =   211.88s     Checking `Expect predicate `existsNoRetry == 1` for object Any (First Match)`
    t =   211.88s         Checking existence of `Any (First Match)`
    t =   211.89s         Capturing element debug description
    t =   212.87s     Checking `Expect predicate `existsNoRetry == 1` for object Any (First Match)`
    t =   212.87s         Checking existence of `Any (First Match)`
    t =   212.88s         Capturing element debug description
    t =   213.95s     Checking `Expect predicate `existsNoRetry == 1` for object Any (First Match)`
    t =   213.95s         Checking existence of `Any (First Match)`
    t =   213.97s         Capturing element debug description
    t =   214.93s     Checking `Expect predicate `existsNoRetry == 1` for object Any (First Match)`
    t =   214.93s         Checking existence of `Any (First Match)`
    t =   214.94s         Capturing element debug description
    t =   215.91s     Checking `Expect predicate `existsNoRetry == 1` for object Any (First Match)`
    t =   215.91s         Checking existence of `Any (First Match)`
    t =   215.92s         Capturing element debug description
    t =   216.88s     Checking `Expect predicate `existsNoRetry == 1` for object Any (First Match)`
    t =   216.88s         Checking existence of `Any (First Match)`
    t =   216.90s         Capturing element debug description
    t =   217.87s     Checking `Expect predicate `existsNoRetry == 1` for object Any (First Match)`
    t =   217.87s         Checking existence of `Any (First Match)`
    t =   217.88s         Capturing element debug description
    t =   218.95s     Checking `Expect predicate `existsNoRetry == 1` for object Any (First Match)`
    t =   218.95s         Checking existence of `Any (First Match)`
    t =   218.97s         Capturing element debug description
    t =   219.93s     Checking `Expect predicate `existsNoRetry == 1` for object Any (First Match)`
    t =   219.93s         Checking existence of `Any (First Match)`
    t =   219.94s         Capturing element debug description
    t =   220.90s     Checking `Expect predicate `existsNoRetry == 1` for object Any (First Match)`
    t =   220.90s         Checking existence of `Any (First Match)`
    t =   220.92s         Capturing element debug description
    t =   221.88s     Checking `Expect predicate `existsNoRetry == 1` for object Any (First Match)`
    t =   221.88s         Checking existence of `Any (First Match)`
    t =   221.89s         Capturing element debug description
    t =   222.86s     Checking `Expect predicate `existsNoRetry == 1` for object Any (First Match)`
    t =   222.86s         Checking existence of `Any (First Match)`
    t =   222.87s         Capturing element debug description
    t =   223.95s     Checking `Expect predicate `existsNoRetry == 1` for object Any (First Match)`
    t =   223.95s         Checking existence of `Any (First Match)`
    t =   223.96s         Capturing element debug description
    t =   224.92s     Checking `Expect predicate `existsNoRetry == 1` for object Any (First Match)`
    t =   224.92s         Checking existence of `Any (First Match)`
    t =   224.93s         Capturing element debug description
    t =   225.88s     Checking `Expect predicate `existsNoRetry == 1` for object Any (First Match)`
    t =   225.88s         Checking existence of `Any (First Match)`
    t =   225.90s         Capturing element debug description
    t =   226.87s     Checking `Expect predicate `existsNoRetry == 1` for object Any (First Match)`
    t =   226.87s         Checking existence of `Any (First Match)`
    t =   226.88s         Capturing element debug description
    t =   227.95s     Checking `Expect predicate `existsNoRetry == 1` for object Any (First Match)`
    t =   227.95s         Checking existence of `Any (First Match)`
    t =   227.96s         Capturing element debug description
    t =   228.92s     Checking `Expect predicate `existsNoRetry == 1` for object Any (First Match)`
    t =   228.92s         Checking existence of `Any (First Match)`
    t =   228.93s         Capturing element debug description
    t =   229.89s     Checking `Expect predicate `existsNoRetry == 1` for object Any (First Match)`
    t =   229.90s         Checking existence of `Any (First Match)`
    t =   229.91s         Capturing element debug description
    t =   230.87s     Checking `Expect predicate `existsNoRetry == 1` for object Any (First Match)`
    t =   230.87s         Checking existence of `Any (First Match)`
    t =   230.89s         Capturing element debug description
    t =   231.86s     Checking `Expect predicate `existsNoRetry == 1` for object Any (First Match)`
    t =   231.86s         Checking existence of `Any (First Match)`
    t =   231.87s         Capturing element debug description
    t =   232.94s     Checking `Expect predicate `existsNoRetry == 1` for object Any (First Match)`
    t =   232.94s         Checking existence of `Any (First Match)`
    t =   232.95s         Capturing element debug description
    t =   233.91s     Checking `Expect predicate `existsNoRetry == 1` for object Any (First Match)`
    t =   233.91s         Checking existence of `Any (First Match)`
    t =   233.93s         Capturing element debug description
    t =   234.89s     Checking `Expect predicate `existsNoRetry == 1` for object Any (First Match)`
    t =   234.89s         Checking existence of `Any (First Match)`
    t =   234.90s         Capturing element debug description
    t =   235.87s     Checking `Expect predicate `existsNoRetry == 1` for object Any (First Match)`
    t =   235.87s         Checking existence of `Any (First Match)`
    t =   235.88s         Capturing element debug description
    t =   236.95s     Checking `Expect predicate `existsNoRetry == 1` for object Any (First Match)`
    t =   236.95s         Checking existence of `Any (First Match)`
    t =   236.96s         Capturing element debug description
    t =   237.92s     Checking `Expect predicate `existsNoRetry == 1` for object Any (First Match)`
    t =   237.92s         Checking existence of `Any (First Match)`
    t =   237.94s         Capturing element debug description
    t =   238.90s     Checking `Expect predicate `existsNoRetry == 1` for object Any (First Match)`
    t =   238.90s         Checking existence of `Any (First Match)`
    t =   238.91s         Capturing element debug description
    t =   239.88s     Checking `Expect predicate `existsNoRetry == 1` for object Any (First Match)`
    t =   239.88s         Checking existence of `Any (First Match)`
    t =   239.89s         Capturing element debug description
    t =   240.86s     Checking `Expect predicate `existsNoRetry == 1` for object Any (First Match)`
    t =   240.86s         Checking existence of `Any (First Match)`
    t =   240.88s         Capturing element debug description
    t =   241.94s     Checking `Expect predicate `existsNoRetry == 1` for object Any (First Match)`
    t =   241.94s         Checking existence of `Any (First Match)`
    t =   241.95s         Capturing element debug description
    t =   241.95s     Checking existence of `Any (First Match)`
    t =   241.96s Collecting debug information to assist test failure triage
    t =   241.96s     Requesting snapshot of accessibility hierarchy for app with pid 41063
    t =   241.99s Checking existence of `Any (First Match)`
/Users/nstudio/Documents/github/NathanWalker/token-economics/harness/perf/uidriver/InteropCaptureTests.swift:24: error: -[UIDriverUITests.InteropCaptureTests testCaptureInteropResults] : failed - no INTEROPJSON element within 240s; last status: unknown
    t =   242.03s Tear Down
Test Case '-[UIDriverUITests.InteropCaptureTests testCaptureInteropResults]' failed (242.250 seconds).
Test Suite 'InteropCaptureTests' failed at 2026-08-01 18:50:56.752.
	 Executed 1 test, with 1 failure (0 unexpected) in 242.250 (242.251) seconds
Test Suite 'UIDriverUITests.xctest' failed at 2026-08-01 18:50:56.753.
	 Executed 2 tests, with 1 failure (0 unexpected) in 423.859 (423.866) seconds
Test Suite 'All tests' failed at 2026-08-01 18:50:56.754.
	 Executed 2 tests, with 1 failure (0 unexpected) in 423.859 (423.867) seconds
2026-08-01 18:51:06.174 xcodebuild[40937:30465444] [MT] IDETestOperationsObserverDebug: 434.799 elapsed -- Testing started completed.
2026-08-01 18:51:06.174 xcodebuild[40937:30465444] [MT] IDETestOperationsObserverDebug: 0.000 sec, +0.000 sec -- start
2026-08-01 18:51:06.174 xcodebuild[40937:30465444] [MT] IDETestOperationsObserverDebug: 434.799 sec, +434.799 sec -- end

Test session results, code coverage, and logs:
	/Users/nstudio/Library/Developer/Xcode/DerivedData/UIDriver-ekqcqbpucoqmcgbikewqdmafsmmj/Logs/Test/Test-UIDriver-2026.08.01_18-43-50--0700.xcresult

Failing tests:
	InteropCaptureTests.testCaptureInteropResults()

** TEST FAILED **

Testing started
