Command line invocation:
    /Applications/Xcode.app/Contents/Developer/usr/bin/xcodebuild test -project UIDriver.xcodeproj -scheme UIDriver -destination id=7DFF2660-A10C-449E-867A-92863D91663B

--- xcodebuild: WARNING: Using the first of multiple matching destinations:
{ platform:iOS Simulator, arch:arm64, id:7DFF2660-A10C-449E-867A-92863D91663B, OS:26.5, name:iPhone 17 Pro }
{ platform:iOS Simulator, arch:x86_64, id:7DFF2660-A10C-449E-867A-92863D91663B, OS:26.5, name:iPhone 17 Pro }
ComputePackagePrebuildTargetDependencyGraph

Prepare packages

CreateBuildRequest

SendProjectDescription

CreateBuildOperation

ComputeTargetDependencyGraph
note: Building targets in dependency order
note: Target dependency graph (1 target)
    Target 'UIDriverUITests' in project 'UIDriver' (no dependencies)

GatherProvisioningInputs

CreateBuildDescription

ExecuteExternalTool /Applications/Xcode.app/Contents/Developer/Toolchains/XcodeDefault.xctoolchain/usr/bin/clang -v -E -dM -isysroot /Applications/Xcode.app/Contents/Developer/Platforms/iPhoneSimulator.platform/Developer/SDKs/iPhoneSimulator26.5.sdk -x c -c /dev/null

ExecuteExternalTool /Applications/Xcode.app/Contents/Developer/Toolchains/XcodeDefault.xctoolchain/usr/bin/swiftc --version

ExecuteExternalTool /Applications/Xcode.app/Contents/Developer/Toolchains/XcodeDefault.xctoolchain/usr/bin/ld -version_details

Build description signature: 60336619fc1aa36f5c71c6b1daf4388b
Build description path: /Users/nstudio/Library/Developer/Xcode/DerivedData/UIDriver-ekqcqbpucoqmcgbikewqdmafsmmj/Build/Intermediates.noindex/XCBuildData/60336619fc1aa36f5c71c6b1daf4388b.xcbuilddata
ClangStatCache /Applications/Xcode.app/Contents/Developer/Toolchains/XcodeDefault.xctoolchain/usr/bin/clang-stat-cache /Applications/Xcode.app/Contents/Developer/Platforms/iPhoneSimulator.platform/Developer/SDKs/iPhoneSimulator26.5.sdk /Users/nstudio/Library/Developer/Xcode/DerivedData/SDKStatCaches.noindex/iphonesimulator26.5-23F73-688ef53f1462e2c8f657fdc38a81448f6cfe768891a92b912361537c460fe42b.sdkstatcache
    cd /Users/nstudio/Documents/github/NathanWalker/token-economics/harness/perf/uidriver/UIDriver.xcodeproj
    /Applications/Xcode.app/Contents/Developer/Toolchains/XcodeDefault.xctoolchain/usr/bin/clang-stat-cache /Applications/Xcode.app/Contents/Developer/Platforms/iPhoneSimulator.platform/Developer/SDKs/iPhoneSimulator26.5.sdk -o /Users/nstudio/Library/Developer/Xcode/DerivedData/SDKStatCaches.noindex/iphonesimulator26.5-23F73-688ef53f1462e2c8f657fdc38a81448f6cfe768891a92b912361537c460fe42b.sdkstatcache

ProcessInfoPlistFile /Users/nstudio/Library/Developer/Xcode/DerivedData/UIDriver-ekqcqbpucoqmcgbikewqdmafsmmj/Build/Products/Debug-iphonesimulator/UIDriverUITests-Runner.app/PlugIns/UIDriverUITests.xctest/Info.plist /Users/nstudio/Library/Developer/Xcode/DerivedData/UIDriver-ekqcqbpucoqmcgbikewqdmafsmmj/Build/Intermediates.noindex/UIDriver.build/Debug-iphonesimulator/UIDriverUITests.build/empty-UIDriverUITests.plist (in target 'UIDriverUITests' from project 'UIDriver')
    cd /Users/nstudio/Documents/github/NathanWalker/token-economics/harness/perf/uidriver
    builtin-infoPlistUtility /Users/nstudio/Library/Developer/Xcode/DerivedData/UIDriver-ekqcqbpucoqmcgbikewqdmafsmmj/Build/Intermediates.noindex/UIDriver.build/Debug-iphonesimulator/UIDriverUITests.build/empty-UIDriverUITests.plist -producttype com.apple.product-type.bundle.ui-testing -expandbuildsettings -format binary -platform iphonesimulator -additionalcontentfile /Users/nstudio/Library/Developer/Xcode/DerivedData/UIDriver-ekqcqbpucoqmcgbikewqdmafsmmj/Build/Intermediates.noindex/UIDriver.build/Debug-iphonesimulator/UIDriverUITests.build/ProductTypeInfoPlistAdditions.plist -o /Users/nstudio/Library/Developer/Xcode/DerivedData/UIDriver-ekqcqbpucoqmcgbikewqdmafsmmj/Build/Products/Debug-iphonesimulator/UIDriverUITests-Runner.app/PlugIns/UIDriverUITests.xctest/Info.plist

CopySwiftLibs /Users/nstudio/Library/Developer/Xcode/DerivedData/UIDriver-ekqcqbpucoqmcgbikewqdmafsmmj/Build/Products/Debug-iphonesimulator/UIDriverUITests-Runner.app/PlugIns/UIDriverUITests.xctest (in target 'UIDriverUITests' from project 'UIDriver')
    cd /Users/nstudio/Documents/github/NathanWalker/token-economics/harness/perf/uidriver
    builtin-swiftStdLibTool --copy --verbose --scan-executable /Users/nstudio/Library/Developer/Xcode/DerivedData/UIDriver-ekqcqbpucoqmcgbikewqdmafsmmj/Build/Products/Debug-iphonesimulator/UIDriverUITests-Runner.app/PlugIns/UIDriverUITests.xctest/UIDriverUITests --scan-folder /Users/nstudio/Library/Developer/Xcode/DerivedData/UIDriver-ekqcqbpucoqmcgbikewqdmafsmmj/Build/Products/Debug-iphonesimulator/UIDriverUITests-Runner.app/PlugIns/UIDriverUITests.xctest/Frameworks --scan-folder /Users/nstudio/Library/Developer/Xcode/DerivedData/UIDriver-ekqcqbpucoqmcgbikewqdmafsmmj/Build/Products/Debug-iphonesimulator/UIDriverUITests-Runner.app/PlugIns/UIDriverUITests.xctest/PlugIns --scan-folder /Users/nstudio/Library/Developer/Xcode/DerivedData/UIDriver-ekqcqbpucoqmcgbikewqdmafsmmj/Build/Products/Debug-iphonesimulator/UIDriverUITests-Runner.app/PlugIns/UIDriverUITests.xctest/SystemExtensions --scan-folder /Users/nstudio/Library/Developer/Xcode/DerivedData/UIDriver-ekqcqbpucoqmcgbikewqdmafsmmj/Build/Products/Debug-iphonesimulator/UIDriverUITests-Runner.app/PlugIns/UIDriverUITests.xctest/Extensions --platform iphonesimulator --toolchain /var/run/com.apple.security.cryptexd/mnt/com.apple.MobileAsset.MetalToolchain-v17.6.42.0.xRBJyY/Metal.xctoolchain --toolchain /Applications/Xcode.app/Contents/Developer/Toolchains/XcodeDefault.xctoolchain --destination /Users/nstudio/Library/Developer/Xcode/DerivedData/UIDriver-ekqcqbpucoqmcgbikewqdmafsmmj/Build/Products/Debug-iphonesimulator/UIDriverUITests-Runner.app/PlugIns/UIDriverUITests.xctest/Frameworks --strip-bitcode --scan-executable /Applications/Xcode.app/Contents/Developer/Platforms/iPhoneSimulator.platform/Developer/usr/lib/libXCTestSwiftSupport.dylib --strip-bitcode-tool /Applications/Xcode.app/Contents/Developer/Toolchains/XcodeDefault.xctoolchain/usr/bin/bitcode_strip --emit-dependency-info /Users/nstudio/Library/Developer/Xcode/DerivedData/UIDriver-ekqcqbpucoqmcgbikewqdmafsmmj/Build/Intermediates.noindex/UIDriver.build/Debug-iphonesimulator/UIDriverUITests.build/SwiftStdLibToolInputDependencies.dep --filter-for-swift-os
Ignoring --strip-bitcode because --sign was not passed

2026-08-01 18:09:53.020781-0700 UIDriverUITests-Runner[39261:30389721] [Default] Running tests...
    t =      nans Interface orientation changed to Portrait
Test Suite 'All tests' started at 2026-08-01 18:09:53.613.
Test Suite 'UIDriverUITests.xctest' started at 2026-08-01 18:09:53.613.
Test Suite 'FeatureLatencyTests' started at 2026-08-01 18:09:53.614.
Test Case '-[UIDriverUITests.FeatureLatencyTests testFeatureLatencies]' started.
    t =     0.00s Start Test at 2026-08-01 18:09:53.614
    t =     0.02s Set Up
STEP[0s]: iter 0: launch com.nstudio.expobenchmark
    t =     0.02s Open com.nstudio.expobenchmark
    t =     0.02s     Launch com.nstudio.expobenchmark
    t =     0.11s         Setting up automation session
objc[39261]: Class UIAccessibilityLoaderWebShared is implemented in both /Library/Developer/CoreSimulator/Volumes/iOS_23F77/Library/Developer/CoreSimulator/Profiles/Runtimes/iOS 26.5.simruntime/Contents/Resources/RuntimeRoot/System/Library/AccessibilityBundles/WebCore.axbundle/WebCore (0x107028310) and /Library/Developer/CoreSimulator/Volumes/iOS_23F77/Library/Developer/CoreSimulator/Profiles/Runtimes/iOS 26.5.simruntime/Contents/Resources/RuntimeRoot/System/Library/AccessibilityBundles/WebKit.axbundle/WebKit (0x10705c398). This may cause spurious casting failures and mysterious crashes. One of the duplicates must be removed or renamed.
    t =     0.68s         Wait for com.nstudio.expobenchmark to idle
    t =     1.81s Checking existence of `"Health" Button`
    t =     1.85s Waiting 20.0s for Any (First Match) to exist
    t =     2.92s     Checking `Expect predicate `existsNoRetry == 1` for object Any (First Match)`
    t =     2.92s         Checking existence of `Any (First Match)`
STEP[2s]: iter 0: nav Health
    t =     2.94s Checking existence of `"Health" Button`
    t =     2.95s Tap Any (First Match)
    t =     2.95s     Wait for com.nstudio.expobenchmark to idle
    t =     2.95s     Find the Any (First Match)
    t =     2.97s     Check for interrupting elements affecting "Health" Other
    t =     2.99s     Synthesize event
    t =     3.28s     Wait for com.nstudio.expobenchmark to idle
    t =     4.09s Waiting 10.0s for Any (First Match) to exist
    t =     5.16s     Checking `Expect predicate `existsNoRetry == 1` for object Any (First Match)`
    t =     5.16s         Checking existence of `Any (First Match)`
    t =     5.18s Checking existence of `Any (First Match)`
    t =     5.20s Find the Any (First Match)
STEP[5s]: iter 0: HK authorize
    t =     5.21s Checking existence of `"Request Access" Button`
    t =     5.22s Checking existence of `Any (First Match)`
    t =     5.23s Find the Any (First Match)
    t =     5.25s Tap "Request Access" Other
    t =     5.25s     Wait for com.nstudio.expobenchmark to idle
    t =     5.25s     Find the "Request Access" Other
    t =     5.26s     Check for interrupting elements affecting "Request Access" Other
    t =     5.28s     Synthesize event
    t =     5.57s     Wait for com.nstudio.expobenchmark to idle
    t =     5.58s Waiting 3.0s for Any (First Match) to exist
    t =     6.65s     Checking `Expect predicate `existsNoRetry == 1` for object Any (First Match)`
    t =     6.65s         Checking existence of `Any (First Match)`
    t =     6.71s Find the Any (First Match)
STEP[6s]: health sheet(app): tap 'Turn On All'
    t =     6.75s Tap "Turn On All" StaticText
    t =     6.75s     Wait for com.nstudio.expobenchmark to idle
    t =     6.75s     Find the "Turn On All" StaticText
    t =     6.78s     Check for interrupting elements affecting "Turn On All" StaticText
    t =     6.82s     Synthesize event
    t =     7.10s     Wait for com.nstudio.expobenchmark to idle
    t =     7.11s Waiting 2.0s for "Allow" Button to exist
    t =     8.19s     Checking `Expect predicate `existsNoRetry == 1` for object "Allow" Button`
    t =     8.19s         Checking existence of `"Allow" Button`
    t =     8.24s Find the "Allow" Button
STEP[8s]: health sheet(app): confirm 'Allow'
    t =     8.28s Tap "UIA.Health.Allow.Button" Button
    t =     8.28s     Wait for com.nstudio.expobenchmark to idle
    t =     8.28s     Find the "UIA.Health.Allow.Button" Button
    t =     8.31s     Check for interrupting elements affecting "UIA.Health.Allow.Button" Button
    t =     8.33s     Synthesize event
    t =     8.62s     Wait for com.nstudio.expobenchmark to idle
    t =     8.62s Waiting 15.0s for Any (First Match) to exist
    t =     9.69s     Checking `Expect predicate `existsNoRetry == 1` for object Any (First Match)`
    t =     9.69s         Checking existence of `Any (First Match)`
    t =     9.72s Checking existence of `"Health access: not requested" StaticText`
    t =     9.74s Find the "Health access: not requested" StaticText
    t =     9.75s Waiting 15.0s for Any (First Match) to exist
    t =    10.83s     Checking `Expect predicate `existsNoRetry == 1` for object Any (First Match)`
    t =    10.83s         Checking existence of `Any (First Match)`
    t =    10.85s Checking existence of `Any (First Match)`
    t =    10.87s Find the Any (First Match)
    t =    10.88s Checking existence of `"Log 500 Steps" Button`
    t =    10.90s Checking existence of `Any (First Match)`
    t =    10.91s Find the Any (First Match)
STEP[10s]: iter 0: log 500
    t =    10.93s Tap "Log 500 Steps" Other
    t =    10.93s     Wait for com.nstudio.expobenchmark to idle
    t =    10.93s     Find the "Log 500 Steps" Other
    t =    10.95s     Check for interrupting elements affecting "Log 500 Steps" Other
    t =    10.97s     Synthesize event
    t =    11.27s     Wait for com.nstudio.expobenchmark to idle
    t =    11.28s Checking existence of `"Sat Aug 1 — 17,000 steps (today)" StaticText`
    t =    11.30s Find the "Sat Aug 1 — 17,000 steps (today)" StaticText
    t =    11.32s Checking existence of `"Sat Aug 1 — 16,000 steps (today)" StaticText`
STEP[11s]: iter 0: go home
    t =    11.33s Checking existence of `"Transcribe" Button`
    t =    11.34s Checking existence of `"Health" Button`
    t =    11.36s Checking existence of `Any (First Match)`
    t =    11.38s Checking existence of `Button (Element at index 0)`
    t =    11.39s Find the Button (Element at index 0)
STEP[11s]: goHome: tapping candidate 0
    t =    11.41s Tap "BackButton" Button
    t =    11.41s     Wait for com.nstudio.expobenchmark to idle
    t =    11.41s     Find the "BackButton" Button
    t =    11.43s     Check for interrupting elements affecting "BackButton" Button
    t =    11.44s     Synthesize event
    t =    11.74s     Wait for com.nstudio.expobenchmark to idle
    t =    12.05s Checking existence of `"Transcribe" Button`
    t =    12.07s Waiting 3.0s for Any (First Match) to exist
    t =    13.15s     Checking `Expect predicate `existsNoRetry == 1` for object Any (First Match)`
    t =    13.15s         Checking existence of `Any (First Match)`
STEP[13s]: iter 0: nav Transcribe
    t =    13.17s Checking existence of `"Transcribe" Button`
    t =    13.18s Tap Any (First Match)
    t =    13.18s     Wait for com.nstudio.expobenchmark to idle
    t =    13.18s     Find the Any (First Match)
    t =    13.19s     Check for interrupting elements affecting "Transcribe" Other
    t =    13.21s     Synthesize event
    t =    13.50s     Wait for com.nstudio.expobenchmark to idle
    t =    14.28s Waiting 10.0s for Any (First Match) to exist
    t =    15.35s     Checking `Expect predicate `existsNoRetry == 1` for object Any (First Match)`
    t =    15.35s         Checking existence of `Any (First Match)`
    t =    15.37s Checking existence of `Any (First Match)`
    t =    15.38s Find the Any (First Match)
STEP[15s]: iter 0: speech authorize
    t =    15.40s Checking existence of `"Request Access" Button`
    t =    15.41s Checking existence of `Any (First Match)`
    t =    15.42s Find the Any (First Match)
    t =    15.44s Tap "Request Access" Other
    t =    15.44s     Wait for com.nstudio.expobenchmark to idle
    t =    15.44s     Find the "Request Access" Other
    t =    15.45s     Check for interrupting elements affecting "Request Access" Other
    t =    15.48s     Synthesize event
    t =    15.76s     Wait for com.nstudio.expobenchmark to idle
    t =    15.77s Waiting 3.0s for "Allow" Button to exist
    t =    16.85s     Checking `Expect predicate `existsNoRetry == 1` for object "Allow" Button`
    t =    16.85s         Checking existence of `"Allow" Button`
STEP[16s]: system alert: 'Allow'
    t =    16.88s Tap "Allow" Button
    t =    16.88s     Wait for com.apple.springboard to idle
    t =    16.88s     Find the "Allow" Button
    t =    16.90s     Check for interrupting elements affecting "Allow" Button
    t =    16.93s     Synthesize event
    t =    17.23s     Wait for com.apple.springboard to idle
    t =    17.46s Waiting 15.0s for Any (First Match) to exist
    t =    18.54s     Checking `Expect predicate `existsNoRetry == 1` for object Any (First Match)`
    t =    18.54s         Checking existence of `Any (First Match)`
    t =    18.56s Checking existence of `"Speech access: not requested" StaticText`
    t =    18.58s Find the "Speech access: not requested" StaticText
    t =    18.59s Checking existence of `"Transcribe Sample" Button`
    t =    18.60s Checking existence of `Any (First Match)`
    t =    18.61s Find the Any (First Match)
STEP[18s]: iter 0: transcribe
    t =    18.63s Tap "Transcribe Sample" Other
    t =    18.63s     Wait for com.nstudio.expobenchmark to idle
    t =    18.63s     Find the "Transcribe Sample" Other
    t =    18.64s     Check for interrupting elements affecting "Transcribe Sample" Other
    t =    18.66s     Synthesize event
    t =    18.96s     Wait for com.nstudio.expobenchmark to idle
    t =    18.96s Waiting 45.0s for Any (First Match) to exist
    t =    20.03s     Checking `Expect predicate `existsNoRetry == 1` for object Any (First Match)`
    t =    20.03s         Checking existence of `Any (First Match)`
    t =    20.06s         Capturing element debug description
    t =    21.03s     Checking `Expect predicate `existsNoRetry == 1` for object Any (First Match)`
    t =    21.03s         Checking existence of `Any (First Match)`
    t =    21.06s         Capturing element debug description
    t =    22.03s     Checking `Expect predicate `existsNoRetry == 1` for object Any (First Match)`
    t =    22.03s         Checking existence of `Any (First Match)`
    t =    22.05s         Capturing element debug description
    t =    23.01s     Checking `Expect predicate `existsNoRetry == 1` for object Any (First Match)`
    t =    23.01s         Checking existence of `Any (First Match)`
    t =    23.04s         Capturing element debug description
    t =    23.99s     Checking `Expect predicate `existsNoRetry == 1` for object Any (First Match)`
    t =    24.00s         Checking existence of `Any (First Match)`
    t =    24.02s         Capturing element debug description
    t =    24.99s     Checking `Expect predicate `existsNoRetry == 1` for object Any (First Match)`
    t =    24.99s         Checking existence of `Any (First Match)`
    t =    25.01s         Capturing element debug description
    t =    25.98s     Checking `Expect predicate `existsNoRetry == 1` for object Any (First Match)`
    t =    25.98s         Checking existence of `Any (First Match)`
    t =    26.00s         Capturing element debug description
    t =    26.97s     Checking `Expect predicate `existsNoRetry == 1` for object Any (First Match)`
    t =    26.97s         Checking existence of `Any (First Match)`
    t =    27.00s         Capturing element debug description
    t =    27.97s     Checking `Expect predicate `existsNoRetry == 1` for object Any (First Match)`
    t =    27.97s         Checking existence of `Any (First Match)`
    t =    27.99s         Capturing element debug description
    t =    28.97s     Checking `Expect predicate `existsNoRetry == 1` for object Any (First Match)`
    t =    28.97s         Checking existence of `Any (First Match)`
    t =    28.99s         Capturing element debug description
    t =    29.97s     Checking `Expect predicate `existsNoRetry == 1` for object Any (First Match)`
    t =    29.97s         Checking existence of `Any (First Match)`
    t =    29.99s         Capturing element debug description
    t =    31.04s     Checking `Expect predicate `existsNoRetry == 1` for object Any (First Match)`
    t =    31.04s         Checking existence of `Any (First Match)`
    t =    31.07s         Capturing element debug description
    t =    32.04s     Checking `Expect predicate `existsNoRetry == 1` for object Any (First Match)`
    t =    32.04s         Checking existence of `Any (First Match)`
    t =    32.07s         Capturing element debug description
    t =    33.04s     Checking `Expect predicate `existsNoRetry == 1` for object Any (First Match)`
    t =    33.04s         Checking existence of `Any (First Match)`
    t =    33.06s         Capturing element debug description
    t =    34.01s     Checking `Expect predicate `existsNoRetry == 1` for object Any (First Match)`
    t =    34.01s         Checking existence of `Any (First Match)`
    t =    34.04s         Capturing element debug description
    t =    35.00s     Checking `Expect predicate `existsNoRetry == 1` for object Any (First Match)`
    t =    35.01s         Checking existence of `Any (First Match)`
    t =    35.03s         Capturing element debug description
    t =    35.97s     Checking `Expect predicate `existsNoRetry == 1` for object Any (First Match)`
    t =    35.97s         Checking existence of `Any (First Match)`
    t =    36.00s         Capturing element debug description
    t =    36.97s     Checking `Expect predicate `existsNoRetry == 1` for object Any (First Match)`
    t =    36.97s         Checking existence of `Any (First Match)`
    t =    37.00s         Capturing element debug description
    t =    38.05s     Checking `Expect predicate `existsNoRetry == 1` for object Any (First Match)`
    t =    38.05s         Checking existence of `Any (First Match)`
    t =    38.08s         Capturing element debug description
    t =    39.02s     Checking `Expect predicate `existsNoRetry == 1` for object Any (First Match)`
    t =    39.02s         Checking existence of `Any (First Match)`
    t =    39.04s         Capturing element debug description
    t =    40.01s     Checking `Expect predicate `existsNoRetry == 1` for object Any (First Match)`
    t =    40.01s         Checking existence of `Any (First Match)`
    t =    40.04s         Capturing element debug description
    t =    41.00s     Checking `Expect predicate `existsNoRetry == 1` for object Any (First Match)`
    t =    41.00s         Checking existence of `Any (First Match)`
    t =    41.03s         Capturing element debug description
    t =    42.06s     Checking `Expect predicate `existsNoRetry == 1` for object Any (First Match)`
    t =    42.06s         Checking existence of `Any (First Match)`
    t =    42.08s         Capturing element debug description
    t =    43.04s     Checking `Expect predicate `existsNoRetry == 1` for object Any (First Match)`
    t =    43.05s         Checking existence of `Any (First Match)`
    t =    43.07s         Capturing element debug description
    t =    44.01s     Checking `Expect predicate `existsNoRetry == 1` for object Any (First Match)`
    t =    44.01s         Checking existence of `Any (First Match)`
    t =    44.04s         Capturing element debug description
    t =    45.01s     Checking `Expect predicate `existsNoRetry == 1` for object Any (First Match)`
    t =    45.01s         Checking existence of `Any (First Match)`
    t =    45.03s         Capturing element debug description
    t =    45.98s     Checking `Expect predicate `existsNoRetry == 1` for object Any (First Match)`
    t =    45.98s         Checking existence of `Any (First Match)`
    t =    46.00s         Capturing element debug description
    t =    46.97s     Checking `Expect predicate `existsNoRetry == 1` for object Any (First Match)`
    t =    46.97s         Checking existence of `Any (First Match)`
    t =    46.99s         Capturing element debug description
    t =    48.04s     Checking `Expect predicate `existsNoRetry == 1` for object Any (First Match)`
    t =    48.05s         Checking existence of `Any (First Match)`
    t =    48.07s         Capturing element debug description
    t =    49.02s     Checking `Expect predicate `existsNoRetry == 1` for object Any (First Match)`
    t =    49.02s         Checking existence of `Any (First Match)`
    t =    49.04s         Capturing element debug description
    t =    50.00s     Checking `Expect predicate `existsNoRetry == 1` for object Any (First Match)`
    t =    50.00s         Checking existence of `Any (First Match)`
    t =    50.03s         Capturing element debug description
    t =    50.99s     Checking `Expect predicate `existsNoRetry == 1` for object Any (First Match)`
    t =    50.99s         Checking existence of `Any (First Match)`
    t =    51.00s         Capturing element debug description
    t =    51.97s     Checking `Expect predicate `existsNoRetry == 1` for object Any (First Match)`
    t =    51.97s         Checking existence of `Any (First Match)`
    t =    51.99s         Capturing element debug description
    t =    52.96s     Checking `Expect predicate `existsNoRetry == 1` for object Any (First Match)`
    t =    52.96s         Checking existence of `Any (First Match)`
    t =    52.98s         Capturing element debug description
    t =    54.05s     Checking `Expect predicate `existsNoRetry == 1` for object Any (First Match)`
    t =    54.05s         Checking existence of `Any (First Match)`
    t =    54.08s         Capturing element debug description
    t =    55.04s     Checking `Expect predicate `existsNoRetry == 1` for object Any (First Match)`
    t =    55.04s         Checking existence of `Any (First Match)`
    t =    55.07s         Capturing element debug description
    t =    56.03s     Checking `Expect predicate `existsNoRetry == 1` for object Any (First Match)`
    t =    56.03s         Checking existence of `Any (First Match)`
    t =    56.05s         Capturing element debug description
    t =    57.01s     Checking `Expect predicate `existsNoRetry == 1` for object Any (First Match)`
    t =    57.01s         Checking existence of `Any (First Match)`
    t =    57.04s         Capturing element debug description
    t =    57.99s     Checking `Expect predicate `existsNoRetry == 1` for object Any (First Match)`
    t =    58.00s         Checking existence of `Any (First Match)`
    t =    58.02s         Capturing element debug description
    t =    58.98s     Checking `Expect predicate `existsNoRetry == 1` for object Any (First Match)`
    t =    58.98s         Checking existence of `Any (First Match)`
    t =    59.01s         Capturing element debug description
    t =    59.97s     Checking `Expect predicate `existsNoRetry == 1` for object Any (First Match)`
    t =    59.97s         Checking existence of `Any (First Match)`
    t =    59.98s         Capturing element debug description
    t =    61.04s     Checking `Expect predicate `existsNoRetry == 1` for object Any (First Match)`
    t =    61.04s         Checking existence of `Any (First Match)`
    t =    61.06s         Capturing element debug description
    t =    62.02s     Checking `Expect predicate `existsNoRetry == 1` for object Any (First Match)`
    t =    62.02s         Checking existence of `Any (First Match)`
    t =    62.03s         Capturing element debug description
    t =    62.99s     Checking `Expect predicate `existsNoRetry == 1` for object Any (First Match)`
    t =    62.99s         Checking existence of `Any (First Match)`
    t =    63.01s         Capturing element debug description
    t =    63.97s     Checking `Expect predicate `existsNoRetry == 1` for object Any (First Match)`
    t =    63.97s         Checking existence of `Any (First Match)`
    t =    63.99s         Capturing element debug description
    t =    63.99s     Checking existence of `Any (First Match)`
    t =    64.01s Collecting debug information to assist test failure triage
    t =    64.01s     Requesting snapshot of accessibility hierarchy for app with pid 39267
    t =    64.03s Checking existence of `Any (First Match)`
    t =    64.05s Checking existence of `Any (First Match)`
    t =    64.06s Checking existence of `Any (First Match)`
    t =    64.06s Find the Any (First Match)
STEP[64s]: iter 0: done
    t =    64.07s Terminate com.nstudio.expobenchmark:39267
STEP[65s]: iter 1: launch com.nstudio.expobenchmark
    t =    65.08s Open com.nstudio.expobenchmark
    t =    65.08s     Launch com.nstudio.expobenchmark
    t =    65.19s         Setting up automation session
    t =    65.72s         Wait for com.nstudio.expobenchmark to idle
    t =    66.84s Checking existence of `"Health" Button`
    t =    66.87s Waiting 20.0s for Any (First Match) to exist
    t =    67.93s     Checking `Expect predicate `existsNoRetry == 1` for object Any (First Match)`
    t =    67.93s         Checking existence of `Any (First Match)`
STEP[67s]: iter 1: nav Health
    t =    67.96s Checking existence of `"Health" Button`
    t =    67.97s Tap Any (First Match)
    t =    67.97s     Wait for com.nstudio.expobenchmark to idle
    t =    67.97s     Find the Any (First Match)
    t =    67.98s     Check for interrupting elements affecting "Health" Other
    t =    68.00s     Synthesize event
    t =    68.30s     Wait for com.nstudio.expobenchmark to idle
    t =    69.11s Waiting 10.0s for Any (First Match) to exist
    t =    70.18s     Checking `Expect predicate `existsNoRetry == 1` for object Any (First Match)`
    t =    70.18s         Checking existence of `Any (First Match)`
    t =    70.19s Checking existence of `Any (First Match)`
    t =    70.20s Find the Any (First Match)
    t =    70.22s Checking existence of `"Health access: granted" StaticText`
    t =    70.23s Find the "Health access: granted" StaticText
    t =    70.24s Waiting 15.0s for Any (First Match) to exist
    t =    71.29s     Checking `Expect predicate `existsNoRetry == 1` for object Any (First Match)`
    t =    71.29s         Checking existence of `Any (First Match)`
    t =    71.31s Checking existence of `Any (First Match)`
    t =    71.32s Find the Any (First Match)
    t =    71.33s Checking existence of `"Log 500 Steps" Button`
    t =    71.35s Checking existence of `Any (First Match)`
    t =    71.36s Find the Any (First Match)
STEP[71s]: iter 1: log 500
    t =    71.38s Tap "Log 500 Steps" Other
    t =    71.38s     Wait for com.nstudio.expobenchmark to idle
    t =    71.38s     Find the "Log 500 Steps" Other
    t =    71.39s     Check for interrupting elements affecting "Log 500 Steps" Other
    t =    71.42s     Synthesize event
    t =    71.72s     Wait for com.nstudio.expobenchmark to idle
    t =    71.73s Checking existence of `"Sat Aug 1 — 16,000 steps (today)" StaticText`
    t =    71.74s Find the "Sat Aug 1 — 16,000 steps (today)" StaticText
    t =    71.76s Checking existence of `"Sat Aug 1 — 16,500 steps (today)" StaticText`
STEP[71s]: iter 1: go home
    t =    71.78s Checking existence of `"Transcribe" Button`
    t =    71.79s Checking existence of `"Health" Button`
    t =    71.81s Checking existence of `Any (First Match)`
    t =    71.82s Checking existence of `Button (Element at index 0)`
    t =    71.84s Find the Button (Element at index 0)
STEP[71s]: goHome: tapping candidate 0
    t =    71.86s Tap "BackButton" Button
    t =    71.86s     Wait for com.nstudio.expobenchmark to idle
    t =    71.86s     Find the "BackButton" Button
    t =    71.87s     Check for interrupting elements affecting "BackButton" Button
    t =    71.89s     Synthesize event
    t =    72.18s     Wait for com.nstudio.expobenchmark to idle
    t =    72.49s Checking existence of `"Transcribe" Button`
    t =    72.50s Waiting 3.0s for Any (First Match) to exist
    t =    73.56s     Checking `Expect predicate `existsNoRetry == 1` for object Any (First Match)`
    t =    73.56s         Checking existence of `Any (First Match)`
STEP[73s]: iter 1: nav Transcribe
    t =    73.58s Checking existence of `"Transcribe" Button`
    t =    73.59s Tap Any (First Match)
    t =    73.59s     Wait for com.nstudio.expobenchmark to idle
    t =    73.59s     Find the Any (First Match)
    t =    73.61s     Check for interrupting elements affecting "Transcribe" Other
    t =    73.63s     Synthesize event
    t =    73.92s     Wait for com.nstudio.expobenchmark to idle
    t =    74.71s Waiting 10.0s for Any (First Match) to exist
    t =    75.78s     Checking `Expect predicate `existsNoRetry == 1` for object Any (First Match)`
    t =    75.78s         Checking existence of `Any (First Match)`
    t =    75.80s Checking existence of `Any (First Match)`
    t =    75.81s Find the Any (First Match)
    t =    75.83s Checking existence of `"Speech access: granted" StaticText`
    t =    75.84s Find the "Speech access: granted" StaticText
    t =    75.85s Checking existence of `"Transcribe Sample" Button`
    t =    75.86s Checking existence of `Any (First Match)`
    t =    75.87s Find the Any (First Match)
STEP[75s]: iter 1: transcribe
    t =    75.89s Tap "Transcribe Sample" Other
    t =    75.89s     Wait for com.nstudio.expobenchmark to idle
    t =    75.89s     Find the "Transcribe Sample" Other
    t =    75.90s     Check for interrupting elements affecting "Transcribe Sample" Other
    t =    75.92s     Synthesize event
    t =    76.21s     Wait for com.nstudio.expobenchmark to idle
    t =    76.22s Waiting 45.0s for Any (First Match) to exist
    t =    77.26s     Checking `Expect predicate `existsNoRetry == 1` for object Any (First Match)`
    t =    77.26s         Checking existence of `Any (First Match)`
    t =    77.29s         Capturing element debug description
    t =    78.25s     Checking `Expect predicate `existsNoRetry == 1` for object Any (First Match)`
    t =    78.25s         Checking existence of `Any (First Match)`
    t =    78.27s         Capturing element debug description
    t =    79.32s     Checking `Expect predicate `existsNoRetry == 1` for object Any (First Match)`
    t =    79.32s         Checking existence of `Any (First Match)`
    t =    79.34s         Capturing element debug description
    t =    80.30s     Checking `Expect predicate `existsNoRetry == 1` for object Any (First Match)`
    t =    80.30s         Checking existence of `Any (First Match)`
    t =    80.31s         Capturing element debug description
    t =    81.27s     Checking `Expect predicate `existsNoRetry == 1` for object Any (First Match)`
    t =    81.27s         Checking existence of `Any (First Match)`
    t =    81.30s         Capturing element debug description
    t =    82.26s     Checking `Expect predicate `existsNoRetry == 1` for object Any (First Match)`
    t =    82.26s         Checking existence of `Any (First Match)`
    t =    82.29s         Capturing element debug description
    t =    83.26s     Checking `Expect predicate `existsNoRetry == 1` for object Any (First Match)`
    t =    83.26s         Checking existence of `Any (First Match)`
    t =    83.29s         Capturing element debug description
    t =    84.24s     Checking `Expect predicate `existsNoRetry == 1` for object Any (First Match)`
    t =    84.25s         Checking existence of `Any (First Match)`
    t =    84.27s         Capturing element debug description
    t =    85.23s     Checking `Expect predicate `existsNoRetry == 1` for object Any (First Match)`
    t =    85.23s         Checking existence of `Any (First Match)`
    t =    85.25s         Capturing element debug description
    t =    86.32s     Checking `Expect predicate `existsNoRetry == 1` for object Any (First Match)`
    t =    86.32s         Checking existence of `Any (First Match)`
    t =    86.34s         Capturing element debug description
    t =    87.30s     Checking `Expect predicate `existsNoRetry == 1` for object Any (First Match)`
    t =    87.30s         Checking existence of `Any (First Match)`
    t =    87.33s         Capturing element debug description
    t =    88.29s     Checking `Expect predicate `existsNoRetry == 1` for object Any (First Match)`
    t =    88.30s         Checking existence of `Any (First Match)`
    t =    88.32s         Capturing element debug description
    t =    89.29s     Checking `Expect predicate `existsNoRetry == 1` for object Any (First Match)`
    t =    89.29s         Checking existence of `Any (First Match)`
    t =    89.32s         Capturing element debug description
    t =    90.29s     Checking `Expect predicate `existsNoRetry == 1` for object Any (First Match)`
    t =    90.29s         Checking existence of `Any (First Match)`
    t =    90.31s         Capturing element debug description
    t =    91.28s     Checking `Expect predicate `existsNoRetry == 1` for object Any (First Match)`
    t =    91.28s         Checking existence of `Any (First Match)`
    t =    91.30s         Capturing element debug description
    t =    92.27s     Checking `Expect predicate `existsNoRetry == 1` for object Any (First Match)`
    t =    92.27s         Checking existence of `Any (First Match)`
    t =    92.30s         Capturing element debug description
    t =    93.26s     Checking `Expect predicate `existsNoRetry == 1` for object Any (First Match)`
    t =    93.27s         Checking existence of `Any (First Match)`
    t =    93.29s         Capturing element debug description
    t =    94.26s     Checking `Expect predicate `existsNoRetry == 1` for object Any (First Match)`
    t =    94.26s         Checking existence of `Any (First Match)`
    t =    94.28s         Capturing element debug description
    t =    95.25s     Checking `Expect predicate `existsNoRetry == 1` for object Any (First Match)`
    t =    95.25s         Checking existence of `Any (First Match)`
    t =    95.27s         Capturing element debug description
    t =    96.23s     Checking `Expect predicate `existsNoRetry == 1` for object Any (First Match)`
    t =    96.23s         Checking existence of `Any (First Match)`
    t =    96.25s         Capturing element debug description
    t =    97.23s     Checking `Expect predicate `existsNoRetry == 1` for object Any (First Match)`
    t =    97.23s         Checking existence of `Any (First Match)`
    t =    97.25s         Capturing element debug description
    t =    98.22s     Checking `Expect predicate `existsNoRetry == 1` for object Any (First Match)`
    t =    98.22s         Checking existence of `Any (First Match)`
    t =    98.24s         Capturing element debug description
    t =    99.31s     Checking `Expect predicate `existsNoRetry == 1` for object Any (First Match)`
    t =    99.31s         Checking existence of `Any (First Match)`
    t =    99.33s         Capturing element debug description
    t =   100.30s     Checking `Expect predicate `existsNoRetry == 1` for object Any (First Match)`
    t =   100.30s         Checking existence of `Any (First Match)`
    t =   100.33s         Capturing element debug description
    t =   101.29s     Checking `Expect predicate `existsNoRetry == 1` for object Any (First Match)`
    t =   101.29s         Checking existence of `Any (First Match)`
    t =   101.31s         Capturing element debug description
    t =   102.25s     Checking `Expect predicate `existsNoRetry == 1` for object Any (First Match)`
    t =   102.25s         Checking existence of `Any (First Match)`
    t =   102.27s         Capturing element debug description
    t =   103.23s     Checking `Expect predicate `existsNoRetry == 1` for object Any (First Match)`
    t =   103.23s         Checking existence of `Any (First Match)`
    t =   103.25s         Capturing element debug description
    t =   104.30s     Checking `Expect predicate `existsNoRetry == 1` for object Any (First Match)`
    t =   104.30s         Checking existence of `Any (First Match)`
    t =   104.33s         Capturing element debug description
    t =   105.30s     Checking `Expect predicate `existsNoRetry == 1` for object Any (First Match)`
    t =   105.30s         Checking existence of `Any (First Match)`
    t =   105.33s         Capturing element debug description
    t =   106.29s     Checking `Expect predicate `existsNoRetry == 1` for object Any (First Match)`
    t =   106.29s         Checking existence of `Any (First Match)`
    t =   106.31s         Capturing element debug description
    t =   107.27s     Checking `Expect predicate `existsNoRetry == 1` for object Any (First Match)`
    t =   107.27s         Checking existence of `Any (First Match)`
    t =   107.30s         Capturing element debug description
    t =   108.27s     Checking `Expect predicate `existsNoRetry == 1` for object Any (First Match)`
    t =   108.27s         Checking existence of `Any (First Match)`
    t =   108.29s         Capturing element debug description
    t =   109.26s     Checking `Expect predicate `existsNoRetry == 1` for object Any (First Match)`
    t =   109.26s         Checking existence of `Any (First Match)`
    t =   109.28s         Capturing element debug description
    t =   110.25s     Checking `Expect predicate `existsNoRetry == 1` for object Any (First Match)`
    t =   110.25s         Checking existence of `Any (First Match)`
    t =   110.27s         Capturing element debug description
    t =   111.23s     Checking `Expect predicate `existsNoRetry == 1` for object Any (First Match)`
    t =   111.23s         Checking existence of `Any (First Match)`
    t =   111.26s         Capturing element debug description
    t =   112.23s     Checking `Expect predicate `existsNoRetry == 1` for object Any (First Match)`
    t =   112.23s         Checking existence of `Any (First Match)`
    t =   112.24s         Capturing element debug description
    t =   113.31s     Checking `Expect predicate `existsNoRetry == 1` for object Any (First Match)`
    t =   113.31s         Checking existence of `Any (First Match)`
    t =   113.34s         Capturing element debug description
    t =   114.30s     Checking `Expect predicate `existsNoRetry == 1` for object Any (First Match)`
    t =   114.30s         Checking existence of `Any (First Match)`
    t =   114.33s         Capturing element debug description
    t =   115.29s     Checking `Expect predicate `existsNoRetry == 1` for object Any (First Match)`
    t =   115.30s         Checking existence of `Any (First Match)`
    t =   115.32s         Capturing element debug description
    t =   116.28s     Checking `Expect predicate `existsNoRetry == 1` for object Any (First Match)`
    t =   116.28s         Checking existence of `Any (First Match)`
    t =   116.30s         Capturing element debug description
    t =   117.26s     Checking `Expect predicate `existsNoRetry == 1` for object Any (First Match)`
    t =   117.27s         Checking existence of `Any (First Match)`
    t =   117.29s         Capturing element debug description
    t =   118.25s     Checking `Expect predicate `existsNoRetry == 1` for object Any (First Match)`
    t =   118.25s         Checking existence of `Any (First Match)`
    t =   118.27s         Capturing element debug description
    t =   119.24s     Checking `Expect predicate `existsNoRetry == 1` for object Any (First Match)`
    t =   119.24s         Checking existence of `Any (First Match)`
    t =   119.26s         Capturing element debug description
    t =   120.23s     Checking `Expect predicate `existsNoRetry == 1` for object Any (First Match)`
    t =   120.23s         Checking existence of `Any (First Match)`
    t =   120.25s         Capturing element debug description
    t =   121.22s     Checking `Expect predicate `existsNoRetry == 1` for object Any (First Match)`
    t =   121.22s         Checking existence of `Any (First Match)`
    t =   121.23s         Capturing element debug description
    t =   121.24s     Checking existence of `Any (First Match)`
    t =   121.25s Collecting debug information to assist test failure triage
    t =   121.25s     Requesting snapshot of accessibility hierarchy for app with pid 39306
    t =   121.27s Checking existence of `Any (First Match)`
    t =   121.28s Checking existence of `Any (First Match)`
    t =   121.29s Checking existence of `Any (First Match)`
    t =   121.30s Find the Any (First Match)
STEP[121s]: iter 1: done
    t =   121.31s Terminate com.nstudio.expobenchmark:39306
STEP[122s]: iter 2: launch com.nstudio.expobenchmark
    t =   122.32s Open com.nstudio.expobenchmark
    t =   122.32s     Launch com.nstudio.expobenchmark
    t =   122.41s         Setting up automation session
    t =   122.94s         Wait for com.nstudio.expobenchmark to idle
    t =   124.07s Checking existence of `"Health" Button`
    t =   124.10s Waiting 20.0s for Any (First Match) to exist
    t =   125.16s     Checking `Expect predicate `existsNoRetry == 1` for object Any (First Match)`
    t =   125.16s         Checking existence of `Any (First Match)`
STEP[125s]: iter 2: nav Health
    t =   125.18s Checking existence of `"Health" Button`
    t =   125.19s Tap Any (First Match)
    t =   125.19s     Wait for com.nstudio.expobenchmark to idle
    t =   125.20s     Find the Any (First Match)
    t =   125.21s     Check for interrupting elements affecting "Health" Other
    t =   125.23s     Synthesize event
    t =   125.52s     Wait for com.nstudio.expobenchmark to idle
    t =   126.32s Waiting 10.0s for Any (First Match) to exist
    t =   127.40s     Checking `Expect predicate `existsNoRetry == 1` for object Any (First Match)`
    t =   127.40s         Checking existence of `Any (First Match)`
    t =   127.43s Checking existence of `Any (First Match)`
    t =   127.44s Find the Any (First Match)
    t =   127.46s Checking existence of `"Health access: granted" StaticText`
    t =   127.47s Find the "Health access: granted" StaticText
    t =   127.48s Waiting 15.0s for Any (First Match) to exist
    t =   128.55s     Checking `Expect predicate `existsNoRetry == 1` for object Any (First Match)`
    t =   128.55s         Checking existence of `Any (First Match)`
    t =   128.58s Checking existence of `Any (First Match)`
    t =   128.60s Find the Any (First Match)
    t =   128.61s Checking existence of `"Log 500 Steps" Button`
    t =   128.63s Checking existence of `Any (First Match)`
    t =   128.64s Find the Any (First Match)
STEP[128s]: iter 2: log 500
    t =   128.66s Tap "Log 500 Steps" Other
    t =   128.66s     Wait for com.nstudio.expobenchmark to idle
    t =   128.66s     Find the "Log 500 Steps" Other
    t =   128.67s     Check for interrupting elements affecting "Log 500 Steps" Other
    t =   128.70s     Synthesize event
    t =   129.00s     Wait for com.nstudio.expobenchmark to idle
    t =   129.01s Checking existence of `"Sat Aug 1 — 16,500 steps (today)" StaticText`
    t =   129.03s Find the "Sat Aug 1 — 16,500 steps (today)" StaticText
    t =   129.04s Checking existence of `"Sat Aug 1 — 17,000 steps (today)" StaticText`
STEP[129s]: iter 2: go home
    t =   129.06s Checking existence of `"Transcribe" Button`
    t =   129.07s Checking existence of `"Health" Button`
    t =   129.09s Checking existence of `Any (First Match)`
    t =   129.10s Checking existence of `Button (Element at index 0)`
    t =   129.12s Find the Button (Element at index 0)
STEP[129s]: goHome: tapping candidate 0
    t =   129.14s Tap "BackButton" Button
    t =   129.14s     Wait for com.nstudio.expobenchmark to idle
    t =   129.14s     Find the "BackButton" Button
    t =   129.16s     Check for interrupting elements affecting "BackButton" Button
    t =   129.17s     Synthesize event
    t =   129.47s     Wait for com.nstudio.expobenchmark to idle
    t =   129.77s Checking existence of `"Transcribe" Button`
    t =   129.78s Waiting 3.0s for Any (First Match) to exist
    t =   130.85s     Checking `Expect predicate `existsNoRetry == 1` for object Any (First Match)`
    t =   130.85s         Checking existence of `Any (First Match)`
STEP[130s]: iter 2: nav Transcribe
    t =   130.87s Checking existence of `"Transcribe" Button`
    t =   130.88s Tap Any (First Match)
    t =   130.88s     Wait for com.nstudio.expobenchmark to idle
    t =   130.88s     Find the Any (First Match)
    t =   130.89s     Check for interrupting elements affecting "Transcribe" Other
    t =   130.91s     Synthesize event
    t =   131.20s     Wait for com.nstudio.expobenchmark to idle
    t =   131.98s Waiting 10.0s for Any (First Match) to exist
    t =   133.04s     Checking `Expect predicate `existsNoRetry == 1` for object Any (First Match)`
    t =   133.04s         Checking existence of `Any (First Match)`
    t =   133.07s Checking existence of `Any (First Match)`
    t =   133.08s Find the Any (First Match)
    t =   133.09s Checking existence of `"Speech access: granted" StaticText`
    t =   133.10s Find the "Speech access: granted" StaticText
    t =   133.11s Checking existence of `"Transcribe Sample" Button`
    t =   133.12s Checking existence of `Any (First Match)`
    t =   133.13s Find the Any (First Match)
STEP[133s]: iter 2: transcribe
    t =   133.15s Tap "Transcribe Sample" Other
    t =   133.15s     Wait for com.nstudio.expobenchmark to idle
    t =   133.15s     Find the "Transcribe Sample" Other
    t =   133.16s     Check for interrupting elements affecting "Transcribe Sample" Other
    t =   133.19s     Synthesize event
    t =   133.48s     Wait for com.nstudio.expobenchmark to idle
    t =   133.48s Waiting 45.0s for Any (First Match) to exist
    t =   134.54s     Checking `Expect predicate `existsNoRetry == 1` for object Any (First Match)`
    t =   134.55s         Checking existence of `Any (First Match)`
    t =   134.57s         Capturing element debug description
    t =   135.54s     Checking `Expect predicate `existsNoRetry == 1` for object Any (First Match)`
    t =   135.54s         Checking existence of `Any (First Match)`
    t =   135.57s         Capturing element debug description
    t =   136.53s     Checking `Expect predicate `existsNoRetry == 1` for object Any (First Match)`
    t =   136.53s         Checking existence of `Any (First Match)`
    t =   136.55s         Capturing element debug description
    t =   137.50s     Checking `Expect predicate `existsNoRetry == 1` for object Any (First Match)`
    t =   137.50s         Checking existence of `Any (First Match)`
    t =   137.53s         Capturing element debug description
    t =   138.49s     Checking `Expect predicate `existsNoRetry == 1` for object Any (First Match)`
    t =   138.50s         Checking existence of `Any (First Match)`
    t =   138.52s         Capturing element debug description
    t =   139.58s     Checking `Expect predicate `existsNoRetry == 1` for object Any (First Match)`
    t =   139.58s         Checking existence of `Any (First Match)`
    t =   139.61s         Capturing element debug description
    t =   140.57s     Checking `Expect predicate `existsNoRetry == 1` for object Any (First Match)`
    t =   140.57s         Checking existence of `Any (First Match)`
    t =   140.60s         Capturing element debug description
    t =   141.56s     Checking `Expect predicate `existsNoRetry == 1` for object Any (First Match)`
    t =   141.56s         Checking existence of `Any (First Match)`
    t =   141.57s         Capturing element debug description
    t =   142.53s     Checking `Expect predicate `existsNoRetry == 1` for object Any (First Match)`
    t =   142.53s         Checking existence of `Any (First Match)`
    t =   142.56s         Capturing element debug description
    t =   143.52s     Checking `Expect predicate `existsNoRetry == 1` for object Any (First Match)`
    t =   143.52s         Checking existence of `Any (First Match)`
    t =   143.54s         Capturing element debug description
    t =   144.49s     Checking `Expect predicate `existsNoRetry == 1` for object Any (First Match)`
    t =   144.50s         Checking existence of `Any (First Match)`
    t =   144.52s         Capturing element debug description
    t =   145.49s     Checking `Expect predicate `existsNoRetry == 1` for object Any (First Match)`
    t =   145.49s         Checking existence of `Any (First Match)`
    t =   145.52s         Capturing element debug description
    t =   146.49s     Checking `Expect predicate `existsNoRetry == 1` for object Any (First Match)`
    t =   146.49s         Checking existence of `Any (First Match)`
    t =   146.51s         Capturing element debug description
    t =   147.58s     Checking `Expect predicate `existsNoRetry == 1` for object Any (First Match)`
    t =   147.58s         Checking existence of `Any (First Match)`
    t =   147.60s         Capturing element debug description
    t =   148.57s     Checking `Expect predicate `existsNoRetry == 1` for object Any (First Match)`
    t =   148.57s         Checking existence of `Any (First Match)`
    t =   148.60s         Capturing element debug description
    t =   149.57s     Checking `Expect predicate `existsNoRetry == 1` for object Any (First Match)`
    t =   149.57s         Checking existence of `Any (First Match)`
    t =   149.60s         Capturing element debug description
    t =   150.57s     Checking `Expect predicate `existsNoRetry == 1` for object Any (First Match)`
    t =   150.57s         Checking existence of `Any (First Match)`
    t =   150.60s         Capturing element debug description
    t =   151.56s     Checking `Expect predicate `existsNoRetry == 1` for object Any (First Match)`
    t =   151.57s         Checking existence of `Any (First Match)`
    t =   151.59s         Capturing element debug description
    t =   152.56s     Checking `Expect predicate `existsNoRetry == 1` for object Any (First Match)`
    t =   152.56s         Checking existence of `Any (First Match)`
    t =   152.59s         Capturing element debug description
    t =   153.55s     Checking `Expect predicate `existsNoRetry == 1` for object Any (First Match)`
    t =   153.55s         Checking existence of `Any (First Match)`
    t =   153.57s         Capturing element debug description
    t =   154.54s     Checking `Expect predicate `existsNoRetry == 1` for object Any (First Match)`
    t =   154.54s         Checking existence of `Any (First Match)`
    t =   154.56s         Capturing element debug description
    t =   155.52s     Checking `Expect predicate `existsNoRetry == 1` for object Any (First Match)`
    t =   155.52s         Checking existence of `Any (First Match)`
    t =   155.55s         Capturing element debug description
    t =   156.50s     Checking `Expect predicate `existsNoRetry == 1` for object Any (First Match)`
    t =   156.50s         Checking existence of `Any (First Match)`
    t =   156.53s         Capturing element debug description
    t =   157.49s     Checking `Expect predicate `existsNoRetry == 1` for object Any (First Match)`
    t =   157.50s         Checking existence of `Any (First Match)`
    t =   157.52s         Capturing element debug description
    t =   158.49s     Checking `Expect predicate `existsNoRetry == 1` for object Any (First Match)`
    t =   158.49s         Checking existence of `Any (First Match)`
    t =   158.51s         Capturing element debug description
    t =   159.55s     Checking `Expect predicate `existsNoRetry == 1` for object Any (First Match)`
    t =   159.55s         Checking existence of `Any (First Match)`
    t =   159.57s         Capturing element debug description
    t =   160.53s     Checking `Expect predicate `existsNoRetry == 1` for object Any (First Match)`
    t =   160.53s         Checking existence of `Any (First Match)`
    t =   160.55s         Capturing element debug description
    t =   161.50s     Checking `Expect predicate `existsNoRetry == 1` for object Any (First Match)`
    t =   161.50s         Checking existence of `Any (First Match)`
    t =   161.53s         Capturing element debug description
    t =   162.50s     Checking `Expect predicate `existsNoRetry == 1` for object Any (First Match)`
    t =   162.50s         Checking existence of `Any (First Match)`
    t =   162.53s         Capturing element debug description
    t =   163.49s     Checking `Expect predicate `existsNoRetry == 1` for object Any (First Match)`
    t =   163.49s         Checking existence of `Any (First Match)`
    t =   163.51s         Capturing element debug description
    t =   164.58s     Checking `Expect predicate `existsNoRetry == 1` for object Any (First Match)`
    t =   164.58s         Checking existence of `Any (First Match)`
    t =   164.60s         Capturing element debug description
    t =   165.56s     Checking `Expect predicate `existsNoRetry == 1` for object Any (First Match)`
    t =   165.57s         Checking existence of `Any (First Match)`
    t =   165.59s         Capturing element debug description
    t =   166.55s     Checking `Expect predicate `existsNoRetry == 1` for object Any (First Match)`
    t =   166.55s         Checking existence of `Any (First Match)`
    t =   166.58s         Capturing element debug description
    t =   167.54s     Checking `Expect predicate `existsNoRetry == 1` for object Any (First Match)`
    t =   167.54s         Checking existence of `Any (First Match)`
    t =   167.56s         Capturing element debug description
    t =   168.52s     Checking `Expect predicate `existsNoRetry == 1` for object Any (First Match)`
    t =   168.52s         Checking existence of `Any (First Match)`
    t =   168.55s         Capturing element debug description
    t =   169.51s     Checking `Expect predicate `existsNoRetry == 1` for object Any (First Match)`
    t =   169.51s         Checking existence of `Any (First Match)`
    t =   169.54s         Capturing element debug description
    t =   170.49s     Checking `Expect predicate `existsNoRetry == 1` for object Any (First Match)`
    t =   170.50s         Checking existence of `Any (First Match)`
    t =   170.52s         Capturing element debug description
    t =   171.49s     Checking `Expect predicate `existsNoRetry == 1` for object Any (First Match)`
    t =   171.49s         Checking existence of `Any (First Match)`
    t =   171.51s         Capturing element debug description
    t =   172.58s     Checking `Expect predicate `existsNoRetry == 1` for object Any (First Match)`
    t =   172.58s         Checking existence of `Any (First Match)`
    t =   172.60s         Capturing element debug description
    t =   173.56s     Checking `Expect predicate `existsNoRetry == 1` for object Any (First Match)`
    t =   173.57s         Checking existence of `Any (First Match)`
    t =   173.59s         Capturing element debug description
    t =   174.55s     Checking `Expect predicate `existsNoRetry == 1` for object Any (First Match)`
    t =   174.55s         Checking existence of `Any (First Match)`
    t =   174.58s         Capturing element debug description
    t =   175.54s     Checking `Expect predicate `existsNoRetry == 1` for object Any (First Match)`
    t =   175.54s         Checking existence of `Any (First Match)`
    t =   175.56s         Capturing element debug description
    t =   176.52s     Checking `Expect predicate `existsNoRetry == 1` for object Any (First Match)`
    t =   176.52s         Checking existence of `Any (First Match)`
    t =   176.55s         Capturing element debug description
    t =   177.51s     Checking `Expect predicate `existsNoRetry == 1` for object Any (First Match)`
    t =   177.51s         Checking existence of `Any (First Match)`
    t =   177.53s         Capturing element debug description
    t =   178.49s     Checking `Expect predicate `existsNoRetry == 1` for object Any (First Match)`
    t =   178.50s         Checking existence of `Any (First Match)`
    t =   178.52s         Capturing element debug description
    t =   178.52s     Checking existence of `Any (First Match)`
    t =   178.54s Collecting debug information to assist test failure triage
    t =   178.54s     Requesting snapshot of accessibility hierarchy for app with pid 39342
    t =   178.56s Checking existence of `Any (First Match)`
    t =   178.57s Checking existence of `Any (First Match)`
    t =   178.58s Checking existence of `Any (First Match)`
    t =   178.59s Find the Any (First Match)
STEP[178s]: iter 2: done
    t =   178.60s Terminate com.nstudio.expobenchmark:39342
PERFJSON:{"runs":[{"health_granted":true,"speech_granted":true,"iter":0,"nav_transcribe_ms":2205,"hk_log_roundtrip_ms":399,"speech_state":"init_or_task_failed: UnexpectedException: Failed to initialize recognizer (at ExpoModulesCore\/ConcurrentFunctionDefinition.swift:90)","nav_health_ms":2242,"hk_rows_ms":1102},{"nav_transcribe_ms":2220,"hk_rows_ms":1066,"nav_health_ms":2236,"hk_log_roundtrip_ms":398,"iter":1,"health_granted":true,"speech_state":"init_or_task_failed: UnexpectedException: Failed to initialize recognizer (at ExpoModulesCore\/ConcurrentFunctionDefinition.swift:90)","speech_granted":true},{"speech_state":"init_or_task_failed: UnexpectedException: Failed to initialize recognizer (at ExpoModulesCore\/ConcurrentFunctionDefinition.swift:90)","nav_health_ms":2246,"health_granted":true,"iter":2,"hk_rows_ms":1097,"nav_transcribe_ms":2199,"hk_log_roundtrip_ms":399,"speech_granted":true}],"bundle_id":"com.nstudio.expobenchmark"}
    t =   179.61s Tear Down
Test Case '-[UIDriverUITests.FeatureLatencyTests testFeatureLatencies]' passed (179.691 seconds).
Test Suite 'FeatureLatencyTests' passed at 2026-08-01 18:12:53.306.
	 Executed 1 test, with 0 failures (0 unexpected) in 179.691 (179.692) seconds
Test Suite 'InteropCaptureTests' started at 2026-08-01 18:12:53.307.
Test Case '-[UIDriverUITests.InteropCaptureTests testCaptureInteropResults]' started.
    t =     0.00s Start Test at 2026-08-01 18:12:53.308
    t =     0.01s Set Up
    t =     0.02s Open com.nstudio.expobenchmark
    t =     0.02s     Launch com.nstudio.expobenchmark
    t =     0.12s         Setting up automation session
    t =     0.65s         Wait for com.nstudio.expobenchmark to idle
    t =     1.77s Waiting 240.0s for Any (First Match) to exist
    t =     2.84s     Checking `Expect predicate `existsNoRetry == 1` for object Any (First Match)`
    t =     2.84s         Checking existence of `Any (First Match)`
    t =     2.85s         Capturing element debug description
    t =     3.79s     Checking `Expect predicate `existsNoRetry == 1` for object Any (First Match)`
    t =     3.79s         Checking existence of `Any (First Match)`
    t =     3.80s         Capturing element debug description
    t =     4.87s     Checking `Expect predicate `existsNoRetry == 1` for object Any (First Match)`
    t =     4.87s         Checking existence of `Any (First Match)`
    t =     4.88s         Capturing element debug description
    t =     5.85s     Checking `Expect predicate `existsNoRetry == 1` for object Any (First Match)`
    t =     5.85s         Checking existence of `Any (First Match)`
    t =     5.87s         Capturing element debug description
    t =     6.84s     Checking `Expect predicate `existsNoRetry == 1` for object Any (First Match)`
    t =     6.84s         Checking existence of `Any (First Match)`
    t =     6.86s         Capturing element debug description
    t =     7.83s     Checking `Expect predicate `existsNoRetry == 1` for object Any (First Match)`
    t =     7.83s         Checking existence of `Any (First Match)`
    t =     7.84s         Capturing element debug description
    t =     8.81s     Checking `Expect predicate `existsNoRetry == 1` for object Any (First Match)`
    t =     8.81s         Checking existence of `Any (First Match)`
    t =     8.83s         Capturing element debug description
    t =     9.78s     Checking `Expect predicate `existsNoRetry == 1` for object Any (First Match)`
    t =     9.78s         Checking existence of `Any (First Match)`
    t =     9.80s         Capturing element debug description
    t =    10.87s     Checking `Expect predicate `existsNoRetry == 1` for object Any (First Match)`
    t =    10.87s         Checking existence of `Any (First Match)`
    t =    10.88s         Capturing element debug description
    t =    11.83s     Checking `Expect predicate `existsNoRetry == 1` for object Any (First Match)`
    t =    11.84s         Checking existence of `Any (First Match)`
    t =    11.85s         Capturing element debug description
    t =    12.82s     Checking `Expect predicate `existsNoRetry == 1` for object Any (First Match)`
    t =    12.82s         Checking existence of `Any (First Match)`
    t =    12.83s         Capturing element debug description
    t =    13.78s     Checking `Expect predicate `existsNoRetry == 1` for object Any (First Match)`
    t =    13.79s         Checking existence of `Any (First Match)`
    t =    13.80s         Capturing element debug description
    t =    14.85s     Checking `Expect predicate `existsNoRetry == 1` for object Any (First Match)`
    t =    14.85s         Checking existence of `Any (First Match)`
    t =    14.87s         Capturing element debug description
    t =    15.83s     Checking `Expect predicate `existsNoRetry == 1` for object Any (First Match)`
    t =    15.84s         Checking existence of `Any (First Match)`
    t =    15.85s         Capturing element debug description
    t =    16.80s     Checking `Expect predicate `existsNoRetry == 1` for object Any (First Match)`
    t =    16.80s         Checking existence of `Any (First Match)`
    t =    16.82s         Capturing element debug description
    t =    17.78s     Checking `Expect predicate `existsNoRetry == 1` for object Any (First Match)`
    t =    17.78s         Checking existence of `Any (First Match)`
    t =    17.80s         Capturing element debug description
    t =    18.86s     Checking `Expect predicate `existsNoRetry == 1` for object Any (First Match)`
    t =    18.86s         Checking existence of `Any (First Match)`
    t =    18.88s         Capturing element debug description
    t =    19.84s     Checking `Expect predicate `existsNoRetry == 1` for object Any (First Match)`
    t =    19.84s         Checking existence of `Any (First Match)`
    t =    19.86s         Capturing element debug description
    t =    20.83s     Checking `Expect predicate `existsNoRetry == 1` for object Any (First Match)`
    t =    20.83s         Checking existence of `Any (First Match)`
    t =    20.85s         Capturing element debug description
    t =    21.81s     Checking `Expect predicate `existsNoRetry == 1` for object Any (First Match)`
    t =    21.81s         Checking existence of `Any (First Match)`
    t =    21.83s         Capturing element debug description
    t =    22.80s     Checking `Expect predicate `existsNoRetry == 1` for object Any (First Match)`
    t =    22.80s         Checking existence of `Any (First Match)`
    t =    22.82s         Capturing element debug description
    t =    23.79s     Checking `Expect predicate `existsNoRetry == 1` for object Any (First Match)`
    t =    23.79s         Checking existence of `Any (First Match)`
    t =    23.81s         Capturing element debug description
    t =    24.78s     Checking `Expect predicate `existsNoRetry == 1` for object Any (First Match)`
    t =    24.78s         Checking existence of `Any (First Match)`
    t =    24.80s         Capturing element debug description
    t =    25.78s     Checking `Expect predicate `existsNoRetry == 1` for object Any (First Match)`
    t =    25.78s         Checking existence of `Any (First Match)`
    t =    25.79s         Capturing element debug description
    t =    26.86s     Checking `Expect predicate `existsNoRetry == 1` for object Any (First Match)`
    t =    26.86s         Checking existence of `Any (First Match)`
    t =    26.88s         Capturing element debug description
    t =    27.84s     Checking `Expect predicate `existsNoRetry == 1` for object Any (First Match)`
    t =    27.84s         Checking existence of `Any (First Match)`
    t =    27.86s         Capturing element debug description
    t =    28.83s     Checking `Expect predicate `existsNoRetry == 1` for object Any (First Match)`
    t =    28.83s         Checking existence of `Any (First Match)`
    t =    28.84s         Capturing element debug description
    t =    29.80s     Checking `Expect predicate `existsNoRetry == 1` for object Any (First Match)`
    t =    29.80s         Checking existence of `Any (First Match)`
    t =    29.82s         Capturing element debug description
    t =    30.78s     Checking `Expect predicate `existsNoRetry == 1` for object Any (First Match)`
    t =    30.78s         Checking existence of `Any (First Match)`
    t =    30.80s         Capturing element debug description
    t =    31.87s     Checking `Expect predicate `existsNoRetry == 1` for object Any (First Match)`
    t =    31.87s         Checking existence of `Any (First Match)`
    t =    31.89s         Capturing element debug description
    t =    32.86s     Checking `Expect predicate `existsNoRetry == 1` for object Any (First Match)`
    t =    32.86s         Checking existence of `Any (First Match)`
    t =    32.88s         Capturing element debug description
    t =    33.84s     Checking `Expect predicate `existsNoRetry == 1` for object Any (First Match)`
    t =    33.84s         Checking existence of `Any (First Match)`
    t =    33.86s         Capturing element debug description
    t =    34.82s     Checking `Expect predicate `existsNoRetry == 1` for object Any (First Match)`
    t =    34.82s         Checking existence of `Any (First Match)`
    t =    34.84s         Capturing element debug description
    t =    35.80s     Checking `Expect predicate `existsNoRetry == 1` for object Any (First Match)`
    t =    35.80s         Checking existence of `Any (First Match)`
    t =    35.82s         Capturing element debug description
    t =    36.78s     Checking `Expect predicate `existsNoRetry == 1` for object Any (First Match)`
    t =    36.78s         Checking existence of `Any (First Match)`
    t =    36.80s         Capturing element debug description
    t =    37.87s     Checking `Expect predicate `existsNoRetry == 1` for object Any (First Match)`
    t =    37.87s         Checking existence of `Any (First Match)`
    t =    37.89s         Capturing element debug description
    t =    38.85s     Checking `Expect predicate `existsNoRetry == 1` for object Any (First Match)`
    t =    38.85s         Checking existence of `Any (First Match)`
    t =    38.87s         Capturing element debug description
    t =    39.83s     Checking `Expect predicate `existsNoRetry == 1` for object Any (First Match)`
    t =    39.83s         Checking existence of `Any (First Match)`
    t =    39.85s         Capturing element debug description
    t =    40.81s     Checking `Expect predicate `existsNoRetry == 1` for object Any (First Match)`
    t =    40.81s         Checking existence of `Any (First Match)`
    t =    40.83s         Capturing element debug description
    t =    41.79s     Checking `Expect predicate `existsNoRetry == 1` for object Any (First Match)`
    t =    41.79s         Checking existence of `Any (First Match)`
    t =    41.81s         Capturing element debug description
    t =    42.78s     Checking `Expect predicate `existsNoRetry == 1` for object Any (First Match)`
    t =    42.78s         Checking existence of `Any (First Match)`
    t =    42.80s         Capturing element debug description
    t =    43.87s     Checking `Expect predicate `existsNoRetry == 1` for object Any (First Match)`
    t =    43.87s         Checking existence of `Any (First Match)`
    t =    43.89s         Capturing element debug description
    t =    44.85s     Checking `Expect predicate `existsNoRetry == 1` for object Any (First Match)`
    t =    44.85s         Checking existence of `Any (First Match)`
    t =    44.87s         Capturing element debug description
    t =    45.83s     Checking `Expect predicate `existsNoRetry == 1` for object Any (First Match)`
    t =    45.84s         Checking existence of `Any (First Match)`
    t =    45.85s         Capturing element debug description
    t =    46.81s     Checking `Expect predicate `existsNoRetry == 1` for object Any (First Match)`
    t =    46.81s         Checking existence of `Any (First Match)`
    t =    46.83s         Capturing element debug description
    t =    47.79s     Checking `Expect predicate `existsNoRetry == 1` for object Any (First Match)`
    t =    47.79s         Checking existence of `Any (First Match)`
    t =    47.81s         Capturing element debug description
    t =    48.78s     Checking `Expect predicate `existsNoRetry == 1` for object Any (First Match)`
    t =    48.78s         Checking existence of `Any (First Match)`
    t =    48.80s         Capturing element debug description
    t =    49.78s     Checking `Expect predicate `existsNoRetry == 1` for object Any (First Match)`
    t =    49.78s         Checking existence of `Any (First Match)`
    t =    49.79s         Capturing element debug description
    t =    50.87s     Checking `Expect predicate `existsNoRetry == 1` for object Any (First Match)`
    t =    50.87s         Checking existence of `Any (First Match)`
    t =    50.88s         Capturing element debug description
    t =    51.84s     Checking `Expect predicate `existsNoRetry == 1` for object Any (First Match)`
    t =    51.84s         Checking existence of `Any (First Match)`
    t =    51.86s         Capturing element debug description
    t =    52.82s     Checking `Expect predicate `existsNoRetry == 1` for object Any (First Match)`
    t =    52.82s         Checking existence of `Any (First Match)`
    t =    52.84s         Capturing element debug description
    t =    53.81s     Checking `Expect predicate `existsNoRetry == 1` for object Any (First Match)`
    t =    53.81s         Checking existence of `Any (First Match)`
    t =    53.82s         Capturing element debug description
    t =    54.78s     Checking `Expect predicate `existsNoRetry == 1` for object Any (First Match)`
    t =    54.78s         Checking existence of `Any (First Match)`
    t =    54.79s         Capturing element debug description
    t =    55.86s     Checking `Expect predicate `existsNoRetry == 1` for object Any (First Match)`
    t =    55.86s         Checking existence of `Any (First Match)`
    t =    55.88s         Capturing element debug description
    t =    56.83s     Checking `Expect predicate `existsNoRetry == 1` for object Any (First Match)`
    t =    56.84s         Checking existence of `Any (First Match)`
    t =    56.85s         Capturing element debug description
    t =    57.81s     Checking `Expect predicate `existsNoRetry == 1` for object Any (First Match)`
    t =    57.81s         Checking existence of `Any (First Match)`
    t =    57.83s         Capturing element debug description
    t =    58.79s     Checking `Expect predicate `existsNoRetry == 1` for object Any (First Match)`
    t =    58.79s         Checking existence of `Any (First Match)`
    t =    58.81s         Capturing element debug description
    t =    59.87s     Checking `Expect predicate `existsNoRetry == 1` for object Any (First Match)`
    t =    59.87s         Checking existence of `Any (First Match)`
    t =    59.89s         Capturing element debug description
    t =    60.83s     Checking `Expect predicate `existsNoRetry == 1` for object Any (First Match)`
    t =    60.83s         Checking existence of `Any (First Match)`
    t =    60.84s         Capturing element debug description
    t =    61.80s     Checking `Expect predicate `existsNoRetry == 1` for object Any (First Match)`
    t =    61.80s         Checking existence of `Any (First Match)`
    t =    61.82s         Capturing element debug description
    t =    62.78s     Checking `Expect predicate `existsNoRetry == 1` for object Any (First Match)`
    t =    62.78s         Checking existence of `Any (First Match)`
    t =    62.80s         Capturing element debug description
    t =    63.87s     Checking `Expect predicate `existsNoRetry == 1` for object Any (First Match)`
    t =    63.87s         Checking existence of `Any (First Match)`
    t =    63.88s         Capturing element debug description
    t =    64.84s     Checking `Expect predicate `existsNoRetry == 1` for object Any (First Match)`
    t =    64.84s         Checking existence of `Any (First Match)`
    t =    64.85s         Capturing element debug description
    t =    65.81s     Checking `Expect predicate `existsNoRetry == 1` for object Any (First Match)`
    t =    65.81s         Checking existence of `Any (First Match)`
    t =    65.83s         Capturing element debug description
    t =    66.79s     Checking `Expect predicate `existsNoRetry == 1` for object Any (First Match)`
    t =    66.79s         Checking existence of `Any (First Match)`
    t =    66.81s         Capturing element debug description
    t =    67.78s     Checking `Expect predicate `existsNoRetry == 1` for object Any (First Match)`
    t =    67.78s         Checking existence of `Any (First Match)`
    t =    67.80s         Capturing element debug description
    t =    68.78s     Checking `Expect predicate `existsNoRetry == 1` for object Any (First Match)`
    t =    68.78s         Checking existence of `Any (First Match)`
    t =    68.80s         Capturing element debug description
    t =    69.86s     Checking `Expect predicate `existsNoRetry == 1` for object Any (First Match)`
    t =    69.86s         Checking existence of `Any (First Match)`
    t =    69.88s         Capturing element debug description
    t =    70.84s     Checking `Expect predicate `existsNoRetry == 1` for object Any (First Match)`
    t =    70.84s         Checking existence of `Any (First Match)`
    t =    70.86s         Capturing element debug description
    t =    71.82s     Checking `Expect predicate `existsNoRetry == 1` for object Any (First Match)`
    t =    71.82s         Checking existence of `Any (First Match)`
    t =    71.84s         Capturing element debug description
    t =    72.80s     Checking `Expect predicate `existsNoRetry == 1` for object Any (First Match)`
    t =    72.80s         Checking existence of `Any (First Match)`
    t =    72.82s         Capturing element debug description
    t =    73.78s     Checking `Expect predicate `existsNoRetry == 1` for object Any (First Match)`
    t =    73.78s         Checking existence of `Any (First Match)`
    t =    73.80s         Capturing element debug description
    t =    74.78s     Checking `Expect predicate `existsNoRetry == 1` for object Any (First Match)`
    t =    74.78s         Checking existence of `Any (First Match)`
    t =    74.80s         Capturing element debug description
    t =    75.86s     Checking `Expect predicate `existsNoRetry == 1` for object Any (First Match)`
    t =    75.86s         Checking existence of `Any (First Match)`
    t =    75.88s         Capturing element debug description
    t =    76.85s     Checking `Expect predicate `existsNoRetry == 1` for object Any (First Match)`
    t =    76.85s         Checking existence of `Any (First Match)`
    t =    76.87s         Capturing element debug description
    t =    77.83s     Checking `Expect predicate `existsNoRetry == 1` for object Any (First Match)`
    t =    77.83s         Checking existence of `Any (First Match)`
    t =    77.85s         Capturing element debug description
    t =    78.81s     Checking `Expect predicate `existsNoRetry == 1` for object Any (First Match)`
    t =    78.81s         Checking existence of `Any (First Match)`
    t =    78.83s         Capturing element debug description
    t =    79.79s     Checking `Expect predicate `existsNoRetry == 1` for object Any (First Match)`
    t =    79.79s         Checking existence of `Any (First Match)`
    t =    79.81s         Capturing element debug description
    t =    80.78s     Checking `Expect predicate `existsNoRetry == 1` for object Any (First Match)`
    t =    80.78s         Checking existence of `Any (First Match)`
    t =    80.80s         Capturing element debug description
    t =    81.78s     Checking `Expect predicate `existsNoRetry == 1` for object Any (First Match)`
    t =    81.78s         Checking existence of `Any (First Match)`
    t =    81.80s         Capturing element debug description
    t =    82.86s     Checking `Expect predicate `existsNoRetry == 1` for object Any (First Match)`
    t =    82.86s         Checking existence of `Any (First Match)`
    t =    82.88s         Capturing element debug description
    t =    83.85s     Checking `Expect predicate `existsNoRetry == 1` for object Any (First Match)`
    t =    83.85s         Checking existence of `Any (First Match)`
    t =    83.87s         Capturing element debug description
    t =    84.83s     Checking `Expect predicate `existsNoRetry == 1` for object Any (First Match)`
    t =    84.83s         Checking existence of `Any (First Match)`
    t =    84.84s         Capturing element debug description
    t =    85.80s     Checking `Expect predicate `existsNoRetry == 1` for object Any (First Match)`
    t =    85.81s         Checking existence of `Any (First Match)`
    t =    85.82s         Capturing element debug description
    t =    86.79s     Checking `Expect predicate `existsNoRetry == 1` for object Any (First Match)`
    t =    86.79s         Checking existence of `Any (First Match)`
    t =    86.81s         Capturing element debug description
    t =    87.78s     Checking `Expect predicate `existsNoRetry == 1` for object Any (First Match)`
    t =    87.78s         Checking existence of `Any (First Match)`
    t =    87.80s         Capturing element debug description
    t =    88.86s     Checking `Expect predicate `existsNoRetry == 1` for object Any (First Match)`
    t =    88.86s         Checking existence of `Any (First Match)`
    t =    88.88s         Capturing element debug description
    t =    89.84s     Checking `Expect predicate `existsNoRetry == 1` for object Any (First Match)`
    t =    89.84s         Checking existence of `Any (First Match)`
    t =    89.86s         Capturing element debug description
    t =    90.82s     Checking `Expect predicate `existsNoRetry == 1` for object Any (First Match)`
    t =    90.82s         Checking existence of `Any (First Match)`
    t =    90.84s         Capturing element debug description
    t =    91.80s     Checking `Expect predicate `existsNoRetry == 1` for object Any (First Match)`
    t =    91.80s         Checking existence of `Any (First Match)`
    t =    91.82s         Capturing element debug description
    t =    92.78s     Checking `Expect predicate `existsNoRetry == 1` for object Any (First Match)`
    t =    92.78s         Checking existence of `Any (First Match)`
    t =    92.80s         Capturing element debug description
    t =    93.87s     Checking `Expect predicate `existsNoRetry == 1` for object Any (First Match)`
    t =    93.87s         Checking existence of `Any (First Match)`
    t =    93.89s         Capturing element debug description
    t =    94.85s     Checking `Expect predicate `existsNoRetry == 1` for object Any (First Match)`
    t =    94.85s         Checking existence of `Any (First Match)`
    t =    94.87s         Capturing element debug description
    t =    95.83s     Checking `Expect predicate `existsNoRetry == 1` for object Any (First Match)`
    t =    95.83s         Checking existence of `Any (First Match)`
    t =    95.85s         Capturing element debug description
    t =    96.82s     Checking `Expect predicate `existsNoRetry == 1` for object Any (First Match)`
    t =    96.82s         Checking existence of `Any (First Match)`
    t =    96.84s         Capturing element debug description
    t =    97.80s     Checking `Expect predicate `existsNoRetry == 1` for object Any (First Match)`
    t =    97.80s         Checking existence of `Any (First Match)`
    t =    97.82s         Capturing element debug description
    t =    98.78s     Checking `Expect predicate `existsNoRetry == 1` for object Any (First Match)`
    t =    98.79s         Checking existence of `Any (First Match)`
    t =    98.80s         Capturing element debug description
    t =    99.87s     Checking `Expect predicate `existsNoRetry == 1` for object Any (First Match)`
    t =    99.87s         Checking existence of `Any (First Match)`
    t =    99.89s         Capturing element debug description
    t =   100.85s     Checking `Expect predicate `existsNoRetry == 1` for object Any (First Match)`
    t =   100.85s         Checking existence of `Any (First Match)`
    t =   100.87s         Capturing element debug description
    t =   101.83s     Checking `Expect predicate `existsNoRetry == 1` for object Any (First Match)`
    t =   101.83s         Checking existence of `Any (First Match)`
    t =   101.84s         Capturing element debug description
    t =   102.80s     Checking `Expect predicate `existsNoRetry == 1` for object Any (First Match)`
    t =   102.81s         Checking existence of `Any (First Match)`
    t =   102.82s         Capturing element debug description
    t =   103.78s     Checking `Expect predicate `existsNoRetry == 1` for object Any (First Match)`
    t =   103.78s         Checking existence of `Any (First Match)`
    t =   103.80s         Capturing element debug description
    t =   104.87s     Checking `Expect predicate `existsNoRetry == 1` for object Any (First Match)`
    t =   104.87s         Checking existence of `Any (First Match)`
    t =   104.88s         Capturing element debug description
    t =   105.84s     Checking `Expect predicate `existsNoRetry == 1` for object Any (First Match)`
    t =   105.84s         Checking existence of `Any (First Match)`
    t =   105.85s         Capturing element debug description
    t =   106.80s     Checking `Expect predicate `existsNoRetry == 1` for object Any (First Match)`
    t =   106.81s         Checking existence of `Any (First Match)`
    t =   106.82s         Capturing element debug description
    t =   107.78s     Checking `Expect predicate `existsNoRetry == 1` for object Any (First Match)`
    t =   107.79s         Checking existence of `Any (First Match)`
    t =   107.80s         Capturing element debug description
    t =   108.87s     Checking `Expect predicate `existsNoRetry == 1` for object Any (First Match)`
    t =   108.87s         Checking existence of `Any (First Match)`
    t =   108.89s         Capturing element debug description
    t =   109.85s     Checking `Expect predicate `existsNoRetry == 1` for object Any (First Match)`
    t =   109.85s         Checking existence of `Any (First Match)`
    t =   109.87s         Capturing element debug description
    t =   110.83s     Checking `Expect predicate `existsNoRetry == 1` for object Any (First Match)`
    t =   110.83s         Checking existence of `Any (First Match)`
    t =   110.85s         Capturing element debug description
    t =   111.81s     Checking `Expect predicate `existsNoRetry == 1` for object Any (First Match)`
    t =   111.81s         Checking existence of `Any (First Match)`
    t =   111.83s         Capturing element debug description
    t =   112.79s     Checking `Expect predicate `existsNoRetry == 1` for object Any (First Match)`
    t =   112.79s         Checking existence of `Any (First Match)`
    t =   112.81s         Capturing element debug description
    t =   113.78s     Checking `Expect predicate `existsNoRetry == 1` for object Any (First Match)`
    t =   113.78s         Checking existence of `Any (First Match)`
    t =   113.80s         Capturing element debug description
    t =   114.86s     Checking `Expect predicate `existsNoRetry == 1` for object Any (First Match)`
    t =   114.86s         Checking existence of `Any (First Match)`
    t =   114.87s         Capturing element debug description
    t =   115.84s     Checking `Expect predicate `existsNoRetry == 1` for object Any (First Match)`
    t =   115.84s         Checking existence of `Any (First Match)`
    t =   115.85s         Capturing element debug description
    t =   116.81s     Checking `Expect predicate `existsNoRetry == 1` for object Any (First Match)`
    t =   116.81s         Checking existence of `Any (First Match)`
    t =   116.83s         Capturing element debug description
    t =   117.80s     Checking `Expect predicate `existsNoRetry == 1` for object Any (First Match)`
    t =   117.80s         Checking existence of `Any (First Match)`
    t =   117.81s         Capturing element debug description
    t =   118.78s     Checking `Expect predicate `existsNoRetry == 1` for object Any (First Match)`
    t =   118.78s         Checking existence of `Any (First Match)`
    t =   118.80s         Capturing element debug description
    t =   119.87s     Checking `Expect predicate `existsNoRetry == 1` for object Any (First Match)`
    t =   119.87s         Checking existence of `Any (First Match)`
    t =   119.89s         Capturing element debug description
    t =   120.86s     Checking `Expect predicate `existsNoRetry == 1` for object Any (First Match)`
    t =   120.86s         Checking existence of `Any (First Match)`
    t =   120.87s         Capturing element debug description
    t =   121.83s     Checking `Expect predicate `existsNoRetry == 1` for object Any (First Match)`
    t =   121.83s         Checking existence of `Any (First Match)`
    t =   121.85s         Capturing element debug description
    t =   122.81s     Checking `Expect predicate `existsNoRetry == 1` for object Any (First Match)`
    t =   122.82s         Checking existence of `Any (First Match)`
    t =   122.83s         Capturing element debug description
    t =   123.79s     Checking `Expect predicate `existsNoRetry == 1` for object Any (First Match)`
    t =   123.79s         Checking existence of `Any (First Match)`
    t =   123.81s         Capturing element debug description
    t =   124.78s     Checking `Expect predicate `existsNoRetry == 1` for object Any (First Match)`
    t =   124.78s         Checking existence of `Any (First Match)`
    t =   124.80s         Capturing element debug description
    t =   125.87s     Checking `Expect predicate `existsNoRetry == 1` for object Any (First Match)`
    t =   125.87s         Checking existence of `Any (First Match)`
    t =   125.89s         Capturing element debug description
    t =   126.85s     Checking `Expect predicate `existsNoRetry == 1` for object Any (First Match)`
    t =   126.85s         Checking existence of `Any (First Match)`
    t =   126.87s         Capturing element debug description
    t =   127.84s     Checking `Expect predicate `existsNoRetry == 1` for object Any (First Match)`
    t =   127.84s         Checking existence of `Any (First Match)`
    t =   127.86s         Capturing element debug description
    t =   128.82s     Checking `Expect predicate `existsNoRetry == 1` for object Any (First Match)`
    t =   128.82s         Checking existence of `Any (First Match)`
    t =   128.84s         Capturing element debug description
    t =   129.80s     Checking `Expect predicate `existsNoRetry == 1` for object Any (First Match)`
    t =   129.80s         Checking existence of `Any (First Match)`
    t =   129.81s         Capturing element debug description
    t =   130.78s     Checking `Expect predicate `existsNoRetry == 1` for object Any (First Match)`
    t =   130.78s         Checking existence of `Any (First Match)`
    t =   130.80s         Capturing element debug description
    t =   131.87s     Checking `Expect predicate `existsNoRetry == 1` for object Any (First Match)`
    t =   131.87s         Checking existence of `Any (First Match)`
    t =   131.88s         Capturing element debug description
    t =   132.85s     Checking `Expect predicate `existsNoRetry == 1` for object Any (First Match)`
    t =   132.85s         Checking existence of `Any (First Match)`
    t =   132.87s         Capturing element debug description
    t =   133.83s     Checking `Expect predicate `existsNoRetry == 1` for object Any (First Match)`
    t =   133.83s         Checking existence of `Any (First Match)`
    t =   133.84s         Capturing element debug description
    t =   134.80s     Checking `Expect predicate `existsNoRetry == 1` for object Any (First Match)`
    t =   134.80s         Checking existence of `Any (First Match)`
    t =   134.82s         Capturing element debug description
    t =   135.78s     Checking `Expect predicate `existsNoRetry == 1` for object Any (First Match)`
    t =   135.78s         Checking existence of `Any (First Match)`
    t =   135.80s         Capturing element debug description
    t =   136.87s     Checking `Expect predicate `existsNoRetry == 1` for object Any (First Match)`
    t =   136.87s         Checking existence of `Any (First Match)`
    t =   136.89s         Capturing element debug description
    t =   137.85s     Checking `Expect predicate `existsNoRetry == 1` for object Any (First Match)`
    t =   137.85s         Checking existence of `Any (First Match)`
    t =   137.87s         Capturing element debug description
    t =   138.83s     Checking `Expect predicate `existsNoRetry == 1` for object Any (First Match)`
    t =   138.83s         Checking existence of `Any (First Match)`
    t =   138.85s         Capturing element debug description
    t =   139.80s     Checking `Expect predicate `existsNoRetry == 1` for object Any (First Match)`
    t =   139.81s         Checking existence of `Any (First Match)`
    t =   139.82s         Capturing element debug description
    t =   140.79s     Checking `Expect predicate `existsNoRetry == 1` for object Any (First Match)`
    t =   140.79s         Checking existence of `Any (First Match)`
    t =   140.81s         Capturing element debug description
    t =   141.78s     Checking `Expect predicate `existsNoRetry == 1` for object Any (First Match)`
    t =   141.78s         Checking existence of `Any (First Match)`
    t =   141.80s         Capturing element debug description
    t =   142.87s     Checking `Expect predicate `existsNoRetry == 1` for object Any (First Match)`
    t =   142.87s         Checking existence of `Any (First Match)`
    t =   142.89s         Capturing element debug description
    t =   143.85s     Checking `Expect predicate `existsNoRetry == 1` for object Any (First Match)`
    t =   143.85s         Checking existence of `Any (First Match)`
    t =   143.87s         Capturing element debug description
    t =   144.83s     Checking `Expect predicate `existsNoRetry == 1` for object Any (First Match)`
    t =   144.83s         Checking existence of `Any (First Match)`
    t =   144.84s         Capturing element debug description
    t =   145.80s     Checking `Expect predicate `existsNoRetry == 1` for object Any (First Match)`
    t =   145.80s         Checking existence of `Any (First Match)`
    t =   145.82s         Capturing element debug description
    t =   146.78s     Checking `Expect predicate `existsNoRetry == 1` for object Any (First Match)`
    t =   146.78s         Checking existence of `Any (First Match)`
    t =   146.81s         Capturing element debug description
    t =   147.78s     Checking `Expect predicate `existsNoRetry == 1` for object Any (First Match)`
    t =   147.78s         Checking existence of `Any (First Match)`
    t =   147.80s         Capturing element debug description
    t =   148.86s     Checking `Expect predicate `existsNoRetry == 1` for object Any (First Match)`
    t =   148.86s         Checking existence of `Any (First Match)`
    t =   148.88s         Capturing element debug description
    t =   149.84s     Checking `Expect predicate `existsNoRetry == 1` for object Any (First Match)`
    t =   149.84s         Checking existence of `Any (First Match)`
    t =   149.86s         Capturing element debug description
    t =   150.82s     Checking `Expect predicate `existsNoRetry == 1` for object Any (First Match)`
    t =   150.82s         Checking existence of `Any (First Match)`
    t =   150.84s         Capturing element debug description
    t =   151.80s     Checking `Expect predicate `existsNoRetry == 1` for object Any (First Match)`
    t =   151.80s         Checking existence of `Any (First Match)`
    t =   151.81s         Capturing element debug description
    t =   152.78s     Checking `Expect predicate `existsNoRetry == 1` for object Any (First Match)`
    t =   152.79s         Checking existence of `Any (First Match)`
    t =   152.80s         Capturing element debug description
    t =   153.87s     Checking `Expect predicate `existsNoRetry == 1` for object Any (First Match)`
    t =   153.87s         Checking existence of `Any (First Match)`
    t =   153.89s         Capturing element debug description
    t =   154.85s     Checking `Expect predicate `existsNoRetry == 1` for object Any (First Match)`
    t =   154.85s         Checking existence of `Any (First Match)`
    t =   154.87s         Capturing element debug description
    t =   155.83s     Checking `Expect predicate `existsNoRetry == 1` for object Any (First Match)`
    t =   155.83s         Checking existence of `Any (First Match)`
    t =   155.84s         Capturing element debug description
    t =   156.80s     Checking `Expect predicate `existsNoRetry == 1` for object Any (First Match)`
    t =   156.80s         Checking existence of `Any (First Match)`
    t =   156.81s         Capturing element debug description
    t =   157.78s     Checking `Expect predicate `existsNoRetry == 1` for object Any (First Match)`
    t =   157.78s         Checking existence of `Any (First Match)`
    t =   157.80s         Capturing element debug description
    t =   158.86s     Checking `Expect predicate `existsNoRetry == 1` for object Any (First Match)`
    t =   158.86s         Checking existence of `Any (First Match)`
    t =   158.88s         Capturing element debug description
    t =   159.84s     Checking `Expect predicate `existsNoRetry == 1` for object Any (First Match)`
    t =   159.84s         Checking existence of `Any (First Match)`
    t =   159.86s         Capturing element debug description
    t =   160.82s     Checking `Expect predicate `existsNoRetry == 1` for object Any (First Match)`
    t =   160.82s         Checking existence of `Any (First Match)`
    t =   160.84s         Capturing element debug description
    t =   161.80s     Checking `Expect predicate `existsNoRetry == 1` for object Any (First Match)`
    t =   161.80s         Checking existence of `Any (First Match)`
    t =   161.82s         Capturing element debug description
    t =   162.78s     Checking `Expect predicate `existsNoRetry == 1` for object Any (First Match)`
    t =   162.78s         Checking existence of `Any (First Match)`
    t =   162.80s         Capturing element debug description
    t =   163.87s     Checking `Expect predicate `existsNoRetry == 1` for object Any (First Match)`
    t =   163.87s         Checking existence of `Any (First Match)`
    t =   163.89s         Capturing element debug description
    t =   164.85s     Checking `Expect predicate `existsNoRetry == 1` for object Any (First Match)`
    t =   164.85s         Checking existence of `Any (First Match)`
    t =   164.87s         Capturing element debug description
    t =   165.83s     Checking `Expect predicate `existsNoRetry == 1` for object Any (First Match)`
    t =   165.83s         Checking existence of `Any (First Match)`
    t =   165.84s         Capturing element debug description
    t =   166.80s     Checking `Expect predicate `existsNoRetry == 1` for object Any (First Match)`
    t =   166.80s         Checking existence of `Any (First Match)`
    t =   166.81s         Capturing element debug description
    t =   167.78s     Checking `Expect predicate `existsNoRetry == 1` for object Any (First Match)`
    t =   167.78s         Checking existence of `Any (First Match)`
    t =   167.80s         Capturing element debug description
    t =   168.87s     Checking `Expect predicate `existsNoRetry == 1` for object Any (First Match)`
    t =   168.87s         Checking existence of `Any (First Match)`
    t =   168.89s         Capturing element debug description
    t =   169.85s     Checking `Expect predicate `existsNoRetry == 1` for object Any (First Match)`
    t =   169.85s         Checking existence of `Any (First Match)`
    t =   169.87s         Capturing element debug description
    t =   170.83s     Checking `Expect predicate `existsNoRetry == 1` for object Any (First Match)`
    t =   170.83s         Checking existence of `Any (First Match)`
    t =   170.85s         Capturing element debug description
    t =   171.81s     Checking `Expect predicate `existsNoRetry == 1` for object Any (First Match)`
    t =   171.81s         Checking existence of `Any (First Match)`
    t =   171.83s         Capturing element debug description
    t =   172.79s     Checking `Expect predicate `existsNoRetry == 1` for object Any (First Match)`
    t =   172.79s         Checking existence of `Any (First Match)`
    t =   172.81s         Capturing element debug description
    t =   173.78s     Checking `Expect predicate `existsNoRetry == 1` for object Any (First Match)`
    t =   173.78s         Checking existence of `Any (First Match)`
    t =   173.80s         Capturing element debug description
    t =   174.87s     Checking `Expect predicate `existsNoRetry == 1` for object Any (First Match)`
    t =   174.87s         Checking existence of `Any (First Match)`
    t =   174.89s         Capturing element debug description
    t =   175.85s     Checking `Expect predicate `existsNoRetry == 1` for object Any (First Match)`
    t =   175.85s         Checking existence of `Any (First Match)`
    t =   175.87s         Capturing element debug description
    t =   176.83s     Checking `Expect predicate `existsNoRetry == 1` for object Any (First Match)`
    t =   176.83s         Checking existence of `Any (First Match)`
    t =   176.84s         Capturing element debug description
    t =   177.80s     Checking `Expect predicate `existsNoRetry == 1` for object Any (First Match)`
    t =   177.80s         Checking existence of `Any (First Match)`
    t =   177.82s         Capturing element debug description
    t =   178.79s     Checking `Expect predicate `existsNoRetry == 1` for object Any (First Match)`
    t =   178.79s         Checking existence of `Any (First Match)`
    t =   178.81s         Capturing element debug description
    t =   179.78s     Checking `Expect predicate `existsNoRetry == 1` for object Any (First Match)`
    t =   179.78s         Checking existence of `Any (First Match)`
    t =   179.80s         Capturing element debug description
    t =   180.87s     Checking `Expect predicate `existsNoRetry == 1` for object Any (First Match)`
    t =   180.87s         Checking existence of `Any (First Match)`
    t =   180.89s         Capturing element debug description
    t =   181.85s     Checking `Expect predicate `existsNoRetry == 1` for object Any (First Match)`
    t =   181.85s         Checking existence of `Any (First Match)`
    t =   181.87s         Capturing element debug description
    t =   182.83s     Checking `Expect predicate `existsNoRetry == 1` for object Any (First Match)`
    t =   182.83s         Checking existence of `Any (First Match)`
    t =   182.84s         Capturing element debug description
    t =   183.80s     Checking `Expect predicate `existsNoRetry == 1` for object Any (First Match)`
    t =   183.81s         Checking existence of `Any (First Match)`
    t =   183.82s         Capturing element debug description
    t =   184.79s     Checking `Expect predicate `existsNoRetry == 1` for object Any (First Match)`
    t =   184.79s         Checking existence of `Any (First Match)`
    t =   184.81s         Capturing element debug description
    t =   185.78s     Checking `Expect predicate `existsNoRetry == 1` for object Any (First Match)`
    t =   185.78s         Checking existence of `Any (First Match)`
    t =   185.80s         Capturing element debug description
    t =   186.87s     Checking `Expect predicate `existsNoRetry == 1` for object Any (First Match)`
    t =   186.87s         Checking existence of `Any (First Match)`
    t =   186.89s         Capturing element debug description
    t =   187.85s     Checking `Expect predicate `existsNoRetry == 1` for object Any (First Match)`
    t =   187.85s         Checking existence of `Any (First Match)`
    t =   187.87s         Capturing element debug description
    t =   188.83s     Checking `Expect predicate `existsNoRetry == 1` for object Any (First Match)`
    t =   188.84s         Checking existence of `Any (First Match)`
    t =   188.85s         Capturing element debug description
    t =   189.81s     Checking `Expect predicate `existsNoRetry == 1` for object Any (First Match)`
    t =   189.81s         Checking existence of `Any (First Match)`
    t =   189.83s         Capturing element debug description
    t =   190.79s     Checking `Expect predicate `existsNoRetry == 1` for object Any (First Match)`
    t =   190.79s         Checking existence of `Any (First Match)`
    t =   190.81s         Capturing element debug description
    t =   191.78s     Checking `Expect predicate `existsNoRetry == 1` for object Any (First Match)`
    t =   191.78s         Checking existence of `Any (First Match)`
    t =   191.80s         Capturing element debug description
    t =   192.86s     Checking `Expect predicate `existsNoRetry == 1` for object Any (First Match)`
    t =   192.86s         Checking existence of `Any (First Match)`
    t =   192.88s         Capturing element debug description
    t =   193.84s     Checking `Expect predicate `existsNoRetry == 1` for object Any (First Match)`
    t =   193.84s         Checking existence of `Any (First Match)`
    t =   193.86s         Capturing element debug description
    t =   194.82s     Checking `Expect predicate `existsNoRetry == 1` for object Any (First Match)`
    t =   194.82s         Checking existence of `Any (First Match)`
    t =   194.84s         Capturing element debug description
    t =   195.80s     Checking `Expect predicate `existsNoRetry == 1` for object Any (First Match)`
    t =   195.80s         Checking existence of `Any (First Match)`
    t =   195.82s         Capturing element debug description
    t =   196.78s     Checking `Expect predicate `existsNoRetry == 1` for object Any (First Match)`
    t =   196.78s         Checking existence of `Any (First Match)`
    t =   196.80s         Capturing element debug description
    t =   197.87s     Checking `Expect predicate `existsNoRetry == 1` for object Any (First Match)`
    t =   197.87s         Checking existence of `Any (First Match)`
    t =   197.89s         Capturing element debug description
    t =   198.85s     Checking `Expect predicate `existsNoRetry == 1` for object Any (First Match)`
    t =   198.85s         Checking existence of `Any (First Match)`
    t =   198.87s         Capturing element debug description
    t =   199.83s     Checking `Expect predicate `existsNoRetry == 1` for object Any (First Match)`
    t =   199.83s         Checking existence of `Any (First Match)`
    t =   199.85s         Capturing element debug description
    t =   200.81s     Checking `Expect predicate `existsNoRetry == 1` for object Any (First Match)`
    t =   200.81s         Checking existence of `Any (First Match)`
    t =   200.83s         Capturing element debug description
    t =   201.79s     Checking `Expect predicate `existsNoRetry == 1` for object Any (First Match)`
    t =   201.79s         Checking existence of `Any (First Match)`
    t =   201.81s         Capturing element debug description
    t =   202.78s     Checking `Expect predicate `existsNoRetry == 1` for object Any (First Match)`
    t =   202.78s         Checking existence of `Any (First Match)`
    t =   202.79s         Capturing element debug description
    t =   203.86s     Checking `Expect predicate `existsNoRetry == 1` for object Any (First Match)`
    t =   203.86s         Checking existence of `Any (First Match)`
    t =   203.88s         Capturing element debug description
    t =   204.84s     Checking `Expect predicate `existsNoRetry == 1` for object Any (First Match)`
    t =   204.84s         Checking existence of `Any (First Match)`
    t =   204.86s         Capturing element debug description
    t =   205.82s     Checking `Expect predicate `existsNoRetry == 1` for object Any (First Match)`
    t =   205.82s         Checking existence of `Any (First Match)`
    t =   205.84s         Capturing element debug description
    t =   206.80s     Checking `Expect predicate `existsNoRetry == 1` for object Any (First Match)`
    t =   206.80s         Checking existence of `Any (First Match)`
    t =   206.81s         Capturing element debug description
    t =   207.78s     Checking `Expect predicate `existsNoRetry == 1` for object Any (First Match)`
    t =   207.78s         Checking existence of `Any (First Match)`
    t =   207.79s         Capturing element debug description
    t =   208.85s     Checking `Expect predicate `existsNoRetry == 1` for object Any (First Match)`
    t =   208.86s         Checking existence of `Any (First Match)`
    t =   208.87s         Capturing element debug description
    t =   209.83s     Checking `Expect predicate `existsNoRetry == 1` for object Any (First Match)`
    t =   209.84s         Checking existence of `Any (First Match)`
    t =   209.85s         Capturing element debug description
    t =   210.81s     Checking `Expect predicate `existsNoRetry == 1` for object Any (First Match)`
    t =   210.81s         Checking existence of `Any (First Match)`
    t =   210.83s         Capturing element debug description
    t =   211.79s     Checking `Expect predicate `existsNoRetry == 1` for object Any (First Match)`
    t =   211.79s         Checking existence of `Any (First Match)`
    t =   211.81s         Capturing element debug description
    t =   212.78s     Checking `Expect predicate `existsNoRetry == 1` for object Any (First Match)`
    t =   212.78s         Checking existence of `Any (First Match)`
    t =   212.80s         Capturing element debug description
    t =   213.87s     Checking `Expect predicate `existsNoRetry == 1` for object Any (First Match)`
    t =   213.87s         Checking existence of `Any (First Match)`
    t =   213.88s         Capturing element debug description
    t =   214.84s     Checking `Expect predicate `existsNoRetry == 1` for object Any (First Match)`
    t =   214.84s         Checking existence of `Any (First Match)`
    t =   214.86s         Capturing element debug description
    t =   215.83s     Checking `Expect predicate `existsNoRetry == 1` for object Any (First Match)`
    t =   215.83s         Checking existence of `Any (First Match)`
    t =   215.84s         Capturing element debug description
    t =   216.80s     Checking `Expect predicate `existsNoRetry == 1` for object Any (First Match)`
    t =   216.81s         Checking existence of `Any (First Match)`
    t =   216.82s         Capturing element debug description
    t =   217.78s     Checking `Expect predicate `existsNoRetry == 1` for object Any (First Match)`
    t =   217.78s         Checking existence of `Any (First Match)`
    t =   217.79s         Capturing element debug description
    t =   218.87s     Checking `Expect predicate `existsNoRetry == 1` for object Any (First Match)`
    t =   218.87s         Checking existence of `Any (First Match)`
    t =   218.88s         Capturing element debug description
    t =   219.85s     Checking `Expect predicate `existsNoRetry == 1` for object Any (First Match)`
    t =   219.85s         Checking existence of `Any (First Match)`
    t =   219.87s         Capturing element debug description
    t =   220.83s     Checking `Expect predicate `existsNoRetry == 1` for object Any (First Match)`
    t =   220.83s         Checking existence of `Any (First Match)`
    t =   220.84s         Capturing element debug description
    t =   221.80s     Checking `Expect predicate `existsNoRetry == 1` for object Any (First Match)`
    t =   221.81s         Checking existence of `Any (First Match)`
    t =   221.82s         Capturing element debug description
    t =   222.79s     Checking `Expect predicate `existsNoRetry == 1` for object Any (First Match)`
    t =   222.79s         Checking existence of `Any (First Match)`
    t =   222.81s         Capturing element debug description
    t =   223.78s     Checking `Expect predicate `existsNoRetry == 1` for object Any (First Match)`
    t =   223.78s         Checking existence of `Any (First Match)`
    t =   223.80s         Capturing element debug description
    t =   224.86s     Checking `Expect predicate `existsNoRetry == 1` for object Any (First Match)`
    t =   224.86s         Checking existence of `Any (First Match)`
    t =   224.88s         Capturing element debug description
    t =   225.84s     Checking `Expect predicate `existsNoRetry == 1` for object Any (First Match)`
    t =   225.84s         Checking existence of `Any (First Match)`
    t =   225.86s         Capturing element debug description
    t =   226.83s     Checking `Expect predicate `existsNoRetry == 1` for object Any (First Match)`
    t =   226.83s         Checking existence of `Any (First Match)`
    t =   226.84s         Capturing element debug description
    t =   227.80s     Checking `Expect predicate `existsNoRetry == 1` for object Any (First Match)`
    t =   227.80s         Checking existence of `Any (First Match)`
    t =   227.82s         Capturing element debug description
    t =   228.78s     Checking `Expect predicate `existsNoRetry == 1` for object Any (First Match)`
    t =   228.79s         Checking existence of `Any (First Match)`
    t =   228.80s         Capturing element debug description
    t =   229.87s     Checking `Expect predicate `existsNoRetry == 1` for object Any (First Match)`
    t =   229.87s         Checking existence of `Any (First Match)`
    t =   229.89s         Capturing element debug description
    t =   230.85s     Checking `Expect predicate `existsNoRetry == 1` for object Any (First Match)`
    t =   230.85s         Checking existence of `Any (First Match)`
    t =   230.87s         Capturing element debug description
    t =   231.83s     Checking `Expect predicate `existsNoRetry == 1` for object Any (First Match)`
    t =   231.84s         Checking existence of `Any (First Match)`
    t =   231.85s         Capturing element debug description
    t =   232.81s     Checking `Expect predicate `existsNoRetry == 1` for object Any (First Match)`
    t =   232.81s         Checking existence of `Any (First Match)`
    t =   232.83s         Capturing element debug description
    t =   233.79s     Checking `Expect predicate `existsNoRetry == 1` for object Any (First Match)`
    t =   233.79s         Checking existence of `Any (First Match)`
    t =   233.81s         Capturing element debug description
    t =   234.78s     Checking `Expect predicate `existsNoRetry == 1` for object Any (First Match)`
    t =   234.78s         Checking existence of `Any (First Match)`
    t =   234.80s         Capturing element debug description
    t =   235.87s     Checking `Expect predicate `existsNoRetry == 1` for object Any (First Match)`
    t =   235.87s         Checking existence of `Any (First Match)`
    t =   235.88s         Capturing element debug description
    t =   236.84s     Checking `Expect predicate `existsNoRetry == 1` for object Any (First Match)`
    t =   236.84s         Checking existence of `Any (First Match)`
    t =   236.86s         Capturing element debug description
    t =   237.83s     Checking `Expect predicate `existsNoRetry == 1` for object Any (First Match)`
    t =   237.83s         Checking existence of `Any (First Match)`
    t =   237.84s         Capturing element debug description
    t =   238.80s     Checking `Expect predicate `existsNoRetry == 1` for object Any (First Match)`
    t =   238.80s         Checking existence of `Any (First Match)`
    t =   238.82s         Capturing element debug description
    t =   239.78s     Checking `Expect predicate `existsNoRetry == 1` for object Any (First Match)`
    t =   239.79s         Checking existence of `Any (First Match)`
    t =   239.80s         Capturing element debug description
    t =   240.87s     Checking `Expect predicate `existsNoRetry == 1` for object Any (First Match)`
    t =   240.87s         Checking existence of `Any (First Match)`
    t =   240.89s         Capturing element debug description
    t =   241.85s     Checking `Expect predicate `existsNoRetry == 1` for object Any (First Match)`
    t =   241.85s         Checking existence of `Any (First Match)`
    t =   241.87s         Capturing element debug description
    t =   241.87s     Checking existence of `Any (First Match)`
    t =   241.88s Collecting debug information to assist test failure triage
    t =   241.88s     Requesting snapshot of accessibility hierarchy for app with pid 39380
    t =   241.92s Checking existence of `Any (First Match)`
/Users/nstudio/Documents/github/NathanWalker/token-economics/harness/perf/uidriver/InteropCaptureTests.swift:24: error: -[UIDriverUITests.InteropCaptureTests testCaptureInteropResults] : failed - no INTEROPJSON element within 240s; last status: unknown
    t =   241.96s Tear Down
Test Case '-[UIDriverUITests.InteropCaptureTests testCaptureInteropResults]' failed (242.206 seconds).
Test Suite 'InteropCaptureTests' failed at 2026-08-01 18:16:55.514.
	 Executed 1 test, with 1 failure (0 unexpected) in 242.206 (242.208) seconds
Test Suite 'UIDriverUITests.xctest' failed at 2026-08-01 18:16:55.515.
	 Executed 2 tests, with 1 failure (0 unexpected) in 421.897 (421.902) seconds
Test Suite 'All tests' failed at 2026-08-01 18:16:55.516.
	 Executed 2 tests, with 1 failure (0 unexpected) in 421.897 (421.903) seconds
2026-08-01 18:17:04.895 xcodebuild[39251:30389542] [MT] IDETestOperationsObserverDebug: 432.847 elapsed -- Testing started completed.
2026-08-01 18:17:04.895 xcodebuild[39251:30389542] [MT] IDETestOperationsObserverDebug: 0.000 sec, +0.000 sec -- start
2026-08-01 18:17:04.895 xcodebuild[39251:30389542] [MT] IDETestOperationsObserverDebug: 432.847 sec, +432.847 sec -- end

Test session results, code coverage, and logs:
	/Users/nstudio/Library/Developer/Xcode/DerivedData/UIDriver-ekqcqbpucoqmcgbikewqdmafsmmj/Logs/Test/Test-UIDriver-2026.08.01_18-09-51--0700.xcresult

Failing tests:
	InteropCaptureTests.testCaptureInteropResults()

** TEST FAILED **

Testing started
