Command line invocation:
    /Applications/Xcode.app/Contents/Developer/usr/bin/xcodebuild test -project UIDriver.xcodeproj -scheme UIDriver -destination id=7DFF2660-A10C-449E-867A-92863D91663B

--- xcodebuild: WARNING: Using the first of multiple matching destinations:
{ platform:iOS Simulator, arch:arm64, id:7DFF2660-A10C-449E-867A-92863D91663B, OS:26.5, name:iPhone 17 Pro }
{ platform:iOS Simulator, arch:x86_64, id:7DFF2660-A10C-449E-867A-92863D91663B, OS:26.5, name:iPhone 17 Pro }
ComputePackagePrebuildTargetDependencyGraph

Prepare packages

CreateBuildRequest

SendProjectDescription

CreateBuildOperation

ComputeTargetDependencyGraph
note: Building targets in dependency order
note: Target dependency graph (1 target)
    Target 'UIDriverUITests' in project 'UIDriver' (no dependencies)

GatherProvisioningInputs

CreateBuildDescription

ClangStatCache /Applications/Xcode.app/Contents/Developer/Toolchains/XcodeDefault.xctoolchain/usr/bin/clang-stat-cache /Applications/Xcode.app/Contents/Developer/Platforms/iPhoneSimulator.platform/Developer/SDKs/iPhoneSimulator26.5.sdk /Users/nstudio/Library/Developer/Xcode/DerivedData/SDKStatCaches.noindex/iphonesimulator26.5-23F73-688ef53f1462e2c8f657fdc38a81448f6cfe768891a92b912361537c460fe42b.sdkstatcache
    cd /Users/nstudio/Documents/github/NathanWalker/token-economics/harness/perf/uidriver/UIDriver.xcodeproj
    /Applications/Xcode.app/Contents/Developer/Toolchains/XcodeDefault.xctoolchain/usr/bin/clang-stat-cache /Applications/Xcode.app/Contents/Developer/Platforms/iPhoneSimulator.platform/Developer/SDKs/iPhoneSimulator26.5.sdk -o /Users/nstudio/Library/Developer/Xcode/DerivedData/SDKStatCaches.noindex/iphonesimulator26.5-23F73-688ef53f1462e2c8f657fdc38a81448f6cfe768891a92b912361537c460fe42b.sdkstatcache

ProcessInfoPlistFile /Users/nstudio/Library/Developer/Xcode/DerivedData/UIDriver-ekqcqbpucoqmcgbikewqdmafsmmj/Build/Products/Debug-iphonesimulator/UIDriverUITests-Runner.app/PlugIns/UIDriverUITests.xctest/Info.plist /Users/nstudio/Library/Developer/Xcode/DerivedData/UIDriver-ekqcqbpucoqmcgbikewqdmafsmmj/Build/Intermediates.noindex/UIDriver.build/Debug-iphonesimulator/UIDriverUITests.build/empty-UIDriverUITests.plist (in target 'UIDriverUITests' from project 'UIDriver')
    cd /Users/nstudio/Documents/github/NathanWalker/token-economics/harness/perf/uidriver
    builtin-infoPlistUtility /Users/nstudio/Library/Developer/Xcode/DerivedData/UIDriver-ekqcqbpucoqmcgbikewqdmafsmmj/Build/Intermediates.noindex/UIDriver.build/Debug-iphonesimulator/UIDriverUITests.build/empty-UIDriverUITests.plist -producttype com.apple.product-type.bundle.ui-testing -expandbuildsettings -format binary -platform iphonesimulator -additionalcontentfile /Users/nstudio/Library/Developer/Xcode/DerivedData/UIDriver-ekqcqbpucoqmcgbikewqdmafsmmj/Build/Intermediates.noindex/UIDriver.build/Debug-iphonesimulator/UIDriverUITests.build/ProductTypeInfoPlistAdditions.plist -o /Users/nstudio/Library/Developer/Xcode/DerivedData/UIDriver-ekqcqbpucoqmcgbikewqdmafsmmj/Build/Products/Debug-iphonesimulator/UIDriverUITests-Runner.app/PlugIns/UIDriverUITests.xctest/Info.plist

CopySwiftLibs /Users/nstudio/Library/Developer/Xcode/DerivedData/UIDriver-ekqcqbpucoqmcgbikewqdmafsmmj/Build/Products/Debug-iphonesimulator/UIDriverUITests-Runner.app/PlugIns/UIDriverUITests.xctest (in target 'UIDriverUITests' from project 'UIDriver')
    cd /Users/nstudio/Documents/github/NathanWalker/token-economics/harness/perf/uidriver
    builtin-swiftStdLibTool --copy --verbose --scan-executable /Users/nstudio/Library/Developer/Xcode/DerivedData/UIDriver-ekqcqbpucoqmcgbikewqdmafsmmj/Build/Products/Debug-iphonesimulator/UIDriverUITests-Runner.app/PlugIns/UIDriverUITests.xctest/UIDriverUITests --scan-folder /Users/nstudio/Library/Developer/Xcode/DerivedData/UIDriver-ekqcqbpucoqmcgbikewqdmafsmmj/Build/Products/Debug-iphonesimulator/UIDriverUITests-Runner.app/PlugIns/UIDriverUITests.xctest/Frameworks --scan-folder /Users/nstudio/Library/Developer/Xcode/DerivedData/UIDriver-ekqcqbpucoqmcgbikewqdmafsmmj/Build/Products/Debug-iphonesimulator/UIDriverUITests-Runner.app/PlugIns/UIDriverUITests.xctest/PlugIns --scan-folder /Users/nstudio/Library/Developer/Xcode/DerivedData/UIDriver-ekqcqbpucoqmcgbikewqdmafsmmj/Build/Products/Debug-iphonesimulator/UIDriverUITests-Runner.app/PlugIns/UIDriverUITests.xctest/SystemExtensions --scan-folder /Users/nstudio/Library/Developer/Xcode/DerivedData/UIDriver-ekqcqbpucoqmcgbikewqdmafsmmj/Build/Products/Debug-iphonesimulator/UIDriverUITests-Runner.app/PlugIns/UIDriverUITests.xctest/Extensions --platform iphonesimulator --toolchain /var/run/com.apple.security.cryptexd/mnt/com.apple.MobileAsset.MetalToolchain-v17.6.42.0.xRBJyY/Metal.xctoolchain --toolchain /Applications/Xcode.app/Contents/Developer/Toolchains/XcodeDefault.xctoolchain --destination /Users/nstudio/Library/Developer/Xcode/DerivedData/UIDriver-ekqcqbpucoqmcgbikewqdmafsmmj/Build/Products/Debug-iphonesimulator/UIDriverUITests-Runner.app/PlugIns/UIDriverUITests.xctest/Frameworks --strip-bitcode --scan-executable /Applications/Xcode.app/Contents/Developer/Platforms/iPhoneSimulator.platform/Developer/usr/lib/libXCTestSwiftSupport.dylib --strip-bitcode-tool /Applications/Xcode.app/Contents/Developer/Toolchains/XcodeDefault.xctoolchain/usr/bin/bitcode_strip --emit-dependency-info /Users/nstudio/Library/Developer/Xcode/DerivedData/UIDriver-ekqcqbpucoqmcgbikewqdmafsmmj/Build/Intermediates.noindex/UIDriver.build/Debug-iphonesimulator/UIDriverUITests.build/SwiftStdLibToolInputDependencies.dep --filter-for-swift-os
Ignoring --strip-bitcode because --sign was not passed

2026-08-01 19:06:10.234971-0700 UIDriverUITests-Runner[41996:30513970] [Default] Running tests...
    t =      nans Interface orientation changed to Portrait
Test Suite 'All tests' started at 2026-08-01 19:06:10.798.
Test Suite 'UIDriverUITests.xctest' started at 2026-08-01 19:06:10.798.
Test Suite 'FeatureLatencyTests' started at 2026-08-01 19:06:10.798.
Test Case '-[UIDriverUITests.FeatureLatencyTests testFeatureLatencies]' started.
    t =     0.00s Start Test at 2026-08-01 19:06:10.799
    t =     0.02s Set Up
STEP[0s]: iter 0: launch com.nstudio.expobenchmark
    t =     0.02s Open com.nstudio.expobenchmark
    t =     0.02s     Launch com.nstudio.expobenchmark
    t =     0.11s         Setting up automation session
objc[41996]: Class UIAccessibilityLoaderWebShared is implemented in both /Library/Developer/CoreSimulator/Volumes/iOS_23F77/Library/Developer/CoreSimulator/Profiles/Runtimes/iOS 26.5.simruntime/Contents/Resources/RuntimeRoot/System/Library/AccessibilityBundles/WebCore.axbundle/WebCore (0x107184310) and /Library/Developer/CoreSimulator/Volumes/iOS_23F77/Library/Developer/CoreSimulator/Profiles/Runtimes/iOS 26.5.simruntime/Contents/Resources/RuntimeRoot/System/Library/AccessibilityBundles/WebKit.axbundle/WebKit (0x10649c398). This may cause spurious casting failures and mysterious crashes. One of the duplicates must be removed or renamed.
    t =     0.65s         Wait for com.nstudio.expobenchmark to idle
    t =     1.78s Checking existence of `"Health" Button`
    t =     1.82s Waiting 20.0s for Any (First Match) to exist
    t =     2.83s     Checking `Expect predicate `existsNoRetry == 1` for object Any (First Match)`
    t =     2.83s         Checking existence of `Any (First Match)`
STEP[2s]: iter 0: nav Health
    t =     2.86s Checking existence of `"Health" Button`
    t =     2.87s Tap Any (First Match)
    t =     2.87s     Wait for com.nstudio.expobenchmark to idle
    t =     2.87s     Find the Any (First Match)
    t =     2.88s     Check for interrupting elements affecting "Health" Other
    t =     2.90s     Synthesize event
    t =     3.19s     Wait for com.nstudio.expobenchmark to idle
    t =     4.00s Waiting 10.0s for Any (First Match) to exist
    t =     5.06s     Checking `Expect predicate `existsNoRetry == 1` for object Any (First Match)`
    t =     5.06s         Checking existence of `Any (First Match)`
    t =     5.09s Checking existence of `Any (First Match)`
    t =     5.10s Find the Any (First Match)
STEP[5s]: iter 0: HK authorize
    t =     5.11s Checking existence of `"Request Access" Button`
    t =     5.12s Checking existence of `Any (First Match)`
    t =     5.13s Find the Any (First Match)
    t =     5.15s Tap "Request Access" Other
    t =     5.15s     Wait for com.nstudio.expobenchmark to idle
    t =     5.15s     Find the "Request Access" Other
    t =     5.16s     Check for interrupting elements affecting "Request Access" Other
    t =     5.18s     Synthesize event
    t =     5.47s     Wait for com.nstudio.expobenchmark to idle
    t =     5.47s Waiting 3.0s for Any (First Match) to exist
    t =     6.52s     Checking `Expect predicate `existsNoRetry == 1` for object Any (First Match)`
    t =     6.53s         Checking existence of `Any (First Match)`
    t =     6.57s Find the Any (First Match)
STEP[6s]: health sheet(app): tap 'Turn On All'
    t =     6.61s Tap "Turn On All" StaticText
    t =     6.61s     Wait for com.nstudio.expobenchmark to idle
    t =     6.61s     Find the "Turn On All" StaticText
    t =     6.64s     Check for interrupting elements affecting "Turn On All" StaticText
    t =     6.67s     Synthesize event
    t =     6.96s     Wait for com.nstudio.expobenchmark to idle
    t =     6.97s Waiting 2.0s for "Allow" Button to exist
    t =     8.01s     Checking `Expect predicate `existsNoRetry == 1` for object "Allow" Button`
    t =     8.01s         Checking existence of `"Allow" Button`
    t =     8.06s Find the "Allow" Button
STEP[8s]: health sheet(app): confirm 'Allow'
    t =     8.09s Tap "UIA.Health.Allow.Button" Button
    t =     8.09s     Wait for com.nstudio.expobenchmark to idle
    t =     8.09s     Find the "UIA.Health.Allow.Button" Button
    t =     8.12s     Check for interrupting elements affecting "UIA.Health.Allow.Button" Button
    t =     8.14s     Synthesize event
    t =     8.43s     Wait for com.nstudio.expobenchmark to idle
    t =     8.43s Waiting 15.0s for Any (First Match) to exist
    t =     9.49s     Checking `Expect predicate `existsNoRetry == 1` for object Any (First Match)`
    t =     9.49s         Checking existence of `Any (First Match)`
    t =     9.52s Checking existence of `"Health access: not requested" StaticText`
    t =     9.53s Find the "Health access: not requested" StaticText
    t =     9.54s Waiting 15.0s for Any (First Match) to exist
    t =    10.59s     Checking `Expect predicate `existsNoRetry == 1` for object Any (First Match)`
    t =    10.59s         Checking existence of `Any (First Match)`
    t =    10.62s Checking existence of `Any (First Match)`
    t =    10.63s Find the Any (First Match)
    t =    10.64s Checking existence of `"Log 500 Steps" Button`
    t =    10.66s Checking existence of `Any (First Match)`
    t =    10.67s Find the Any (First Match)
STEP[10s]: iter 0: log 500
    t =    10.68s Tap "Log 500 Steps" Other
    t =    10.68s     Wait for com.nstudio.expobenchmark to idle
    t =    10.69s     Find the "Log 500 Steps" Other
    t =    10.70s     Check for interrupting elements affecting "Log 500 Steps" Other
    t =    10.72s     Synthesize event
    t =    11.01s     Wait for com.nstudio.expobenchmark to idle
    t =    11.02s Checking existence of `"Sat Aug 1 — 22,000 steps (today)" StaticText`
    t =    11.04s Find the "Sat Aug 1 — 22,000 steps (today)" StaticText
    t =    11.12s Checking existence of `"Sat Aug 1 — 22,000 steps (today)" StaticText`
    t =    11.13s Find the "Sat Aug 1 — 22,000 steps (today)" StaticText
    t =    11.21s Checking existence of `"Sat Aug 1 — 22,000 steps (today)" StaticText`
    t =    11.22s Find the "Sat Aug 1 — 22,000 steps (today)" StaticText
    t =    11.30s Checking existence of `"Sat Aug 1 — 22,000 steps (today)" StaticText`
    t =    11.31s Find the "Sat Aug 1 — 22,000 steps (today)" StaticText
    t =    11.38s Checking existence of `"Sat Aug 1 — 22,000 steps (today)" StaticText`
    t =    11.40s Find the "Sat Aug 1 — 22,000 steps (today)" StaticText
    t =    11.47s Checking existence of `"Sat Aug 1 — 22,000 steps (today)" StaticText`
    t =    11.48s Find the "Sat Aug 1 — 22,000 steps (today)" StaticText
    t =    11.56s Checking existence of `"Sat Aug 1 — 22,000 steps (today)" StaticText`
    t =    11.57s Find the "Sat Aug 1 — 22,000 steps (today)" StaticText
    t =    11.65s Checking existence of `"Sat Aug 1 — 22,000 steps (today)" StaticText`
    t =    11.66s Find the "Sat Aug 1 — 22,000 steps (today)" StaticText
    t =    11.74s Checking existence of `"Sat Aug 1 — 22,000 steps (today)" StaticText`
    t =    11.75s Find the "Sat Aug 1 — 22,000 steps (today)" StaticText
    t =    11.82s Checking existence of `"Sat Aug 1 — 22,000 steps (today)" StaticText`
    t =    11.84s Find the "Sat Aug 1 — 22,000 steps (today)" StaticText
    t =    11.91s Checking existence of `"Sat Aug 1 — 22,000 steps (today)" StaticText`
    t =    11.92s Find the "Sat Aug 1 — 22,000 steps (today)" StaticText
    t =    12.00s Checking existence of `"Sat Aug 1 — 22,000 steps (today)" StaticText`
    t =    12.01s Find the "Sat Aug 1 — 22,000 steps (today)" StaticText
    t =    12.09s Checking existence of `"Sat Aug 1 — 22,000 steps (today)" StaticText`
    t =    12.10s Find the "Sat Aug 1 — 22,000 steps (today)" StaticText
    t =    12.18s Checking existence of `"Sat Aug 1 — 22,000 steps (today)" StaticText`
    t =    12.19s Find the "Sat Aug 1 — 22,000 steps (today)" StaticText
    t =    12.26s Checking existence of `"Sat Aug 1 — 22,000 steps (today)" StaticText`
    t =    12.28s Find the "Sat Aug 1 — 22,000 steps (today)" StaticText
    t =    12.35s Checking existence of `"Sat Aug 1 — 22,000 steps (today)" StaticText`
    t =    12.37s Find the "Sat Aug 1 — 22,000 steps (today)" StaticText
    t =    12.44s Checking existence of `"Sat Aug 1 — 22,000 steps (today)" StaticText`
    t =    12.45s Find the "Sat Aug 1 — 22,000 steps (today)" StaticText
    t =    12.53s Checking existence of `"Sat Aug 1 — 22,000 steps (today)" StaticText`
    t =    12.54s Find the "Sat Aug 1 — 22,000 steps (today)" StaticText
    t =    12.61s Checking existence of `"Sat Aug 1 — 22,000 steps (today)" StaticText`
    t =    12.62s Find the "Sat Aug 1 — 22,000 steps (today)" StaticText
    t =    12.70s Checking existence of `"Sat Aug 1 — 22,000 steps (today)" StaticText`
    t =    12.71s Find the "Sat Aug 1 — 22,000 steps (today)" StaticText
    t =    12.78s Checking existence of `"Sat Aug 1 — 22,000 steps (today)" StaticText`
    t =    12.80s Find the "Sat Aug 1 — 22,000 steps (today)" StaticText
    t =    12.87s Checking existence of `"Sat Aug 1 — 22,000 steps (today)" StaticText`
    t =    12.89s Find the "Sat Aug 1 — 22,000 steps (today)" StaticText
    t =    12.96s Checking existence of `"Sat Aug 1 — 22,000 steps (today)" StaticText`
    t =    12.97s Find the "Sat Aug 1 — 22,000 steps (today)" StaticText
    t =    13.05s Checking existence of `"Sat Aug 1 — 22,000 steps (today)" StaticText`
    t =    13.06s Find the "Sat Aug 1 — 22,000 steps (today)" StaticText
    t =    13.14s Checking existence of `"Sat Aug 1 — 22,000 steps (today)" StaticText`
    t =    13.15s Find the "Sat Aug 1 — 22,000 steps (today)" StaticText
    t =    13.23s Checking existence of `"Sat Aug 1 — 22,000 steps (today)" StaticText`
    t =    13.24s Find the "Sat Aug 1 — 22,000 steps (today)" StaticText
    t =    13.31s Checking existence of `"Sat Aug 1 — 22,000 steps (today)" StaticText`
    t =    13.33s Find the "Sat Aug 1 — 22,000 steps (today)" StaticText
    t =    13.40s Checking existence of `"Sat Aug 1 — 22,000 steps (today)" StaticText`
    t =    13.41s Find the "Sat Aug 1 — 22,000 steps (today)" StaticText
    t =    13.49s Checking existence of `"Sat Aug 1 — 22,000 steps (today)" StaticText`
    t =    13.50s Find the "Sat Aug 1 — 22,000 steps (today)" StaticText
    t =    13.58s Checking existence of `"Sat Aug 1 — 22,000 steps (today)" StaticText`
    t =    13.59s Find the "Sat Aug 1 — 22,000 steps (today)" StaticText
    t =    13.67s Checking existence of `"Sat Aug 1 — 22,000 steps (today)" StaticText`
    t =    13.68s Find the "Sat Aug 1 — 22,000 steps (today)" StaticText
    t =    13.75s Checking existence of `"Sat Aug 1 — 22,000 steps (today)" StaticText`
    t =    13.77s Find the "Sat Aug 1 — 22,000 steps (today)" StaticText
    t =    13.84s Checking existence of `"Sat Aug 1 — 22,000 steps (today)" StaticText`
    t =    13.86s Find the "Sat Aug 1 — 22,000 steps (today)" StaticText
    t =    13.93s Checking existence of `"Sat Aug 1 — 22,000 steps (today)" StaticText`
    t =    13.94s Find the "Sat Aug 1 — 22,000 steps (today)" StaticText
    t =    14.02s Checking existence of `"Sat Aug 1 — 22,000 steps (today)" StaticText`
    t =    14.03s Find the "Sat Aug 1 — 22,000 steps (today)" StaticText
    t =    14.11s Checking existence of `"Sat Aug 1 — 22,000 steps (today)" StaticText`
    t =    14.12s Find the "Sat Aug 1 — 22,000 steps (today)" StaticText
    t =    14.20s Checking existence of `"Sat Aug 1 — 22,000 steps (today)" StaticText`
    t =    14.21s Find the "Sat Aug 1 — 22,000 steps (today)" StaticText
    t =    14.29s Checking existence of `"Sat Aug 1 — 22,000 steps (today)" StaticText`
    t =    14.30s Find the "Sat Aug 1 — 22,000 steps (today)" StaticText
    t =    14.37s Checking existence of `"Sat Aug 1 — 22,000 steps (today)" StaticText`
    t =    14.39s Find the "Sat Aug 1 — 22,000 steps (today)" StaticText
    t =    14.46s Checking existence of `"Sat Aug 1 — 22,000 steps (today)" StaticText`
    t =    14.48s Find the "Sat Aug 1 — 22,000 steps (today)" StaticText
    t =    14.55s Checking existence of `"Sat Aug 1 — 22,000 steps (today)" StaticText`
    t =    14.57s Find the "Sat Aug 1 — 22,000 steps (today)" StaticText
    t =    14.64s Checking existence of `"Sat Aug 1 — 22,000 steps (today)" StaticText`
    t =    14.65s Find the "Sat Aug 1 — 22,000 steps (today)" StaticText
    t =    14.73s Checking existence of `"Sat Aug 1 — 22,000 steps (today)" StaticText`
    t =    14.74s Find the "Sat Aug 1 — 22,000 steps (today)" StaticText
    t =    14.82s Checking existence of `"Sat Aug 1 — 22,000 steps (today)" StaticText`
    t =    14.83s Find the "Sat Aug 1 — 22,000 steps (today)" StaticText
    t =    14.91s Checking existence of `"Sat Aug 1 — 22,000 steps (today)" StaticText`
    t =    14.92s Find the "Sat Aug 1 — 22,000 steps (today)" StaticText
    t =    14.99s Checking existence of `"Sat Aug 1 — 22,000 steps (today)" StaticText`
    t =    15.00s Find the "Sat Aug 1 — 22,000 steps (today)" StaticText
    t =    15.08s Checking existence of `"Sat Aug 1 — 22,000 steps (today)" StaticText`
    t =    15.09s Find the "Sat Aug 1 — 22,000 steps (today)" StaticText
    t =    15.17s Checking existence of `"Sat Aug 1 — 22,000 steps (today)" StaticText`
    t =    15.18s Find the "Sat Aug 1 — 22,000 steps (today)" StaticText
    t =    15.25s Checking existence of `"Sat Aug 1 — 22,000 steps (today)" StaticText`
    t =    15.27s Find the "Sat Aug 1 — 22,000 steps (today)" StaticText
    t =    15.34s Checking existence of `"Sat Aug 1 — 22,000 steps (today)" StaticText`
    t =    15.36s Find the "Sat Aug 1 — 22,000 steps (today)" StaticText
    t =    15.43s Checking existence of `"Sat Aug 1 — 22,000 steps (today)" StaticText`
    t =    15.44s Find the "Sat Aug 1 — 22,000 steps (today)" StaticText
    t =    15.52s Checking existence of `"Sat Aug 1 — 22,000 steps (today)" StaticText`
    t =    15.53s Find the "Sat Aug 1 — 22,000 steps (today)" StaticText
    t =    15.61s Checking existence of `"Sat Aug 1 — 22,000 steps (today)" StaticText`
    t =    15.62s Find the "Sat Aug 1 — 22,000 steps (today)" StaticText
    t =    15.70s Checking existence of `"Sat Aug 1 — 22,000 steps (today)" StaticText`
    t =    15.71s Find the "Sat Aug 1 — 22,000 steps (today)" StaticText
    t =    15.79s Checking existence of `"Sat Aug 1 — 22,000 steps (today)" StaticText`
    t =    15.80s Find the "Sat Aug 1 — 22,000 steps (today)" StaticText
    t =    15.87s Checking existence of `"Sat Aug 1 — 22,000 steps (today)" StaticText`
    t =    15.89s Find the "Sat Aug 1 — 22,000 steps (today)" StaticText
    t =    15.96s Checking existence of `"Sat Aug 1 — 22,000 steps (today)" StaticText`
    t =    15.97s Find the "Sat Aug 1 — 22,000 steps (today)" StaticText
    t =    16.05s Checking existence of `"Sat Aug 1 — 22,000 steps (today)" StaticText`
    t =    16.06s Find the "Sat Aug 1 — 22,000 steps (today)" StaticText
    t =    16.13s Checking existence of `"Sat Aug 1 — 22,000 steps (today)" StaticText`
    t =    16.15s Find the "Sat Aug 1 — 22,000 steps (today)" StaticText
    t =    16.22s Checking existence of `"Sat Aug 1 — 22,000 steps (today)" StaticText`
    t =    16.23s Find the "Sat Aug 1 — 22,000 steps (today)" StaticText
    t =    16.31s Checking existence of `"Sat Aug 1 — 22,000 steps (today)" StaticText`
    t =    16.32s Find the "Sat Aug 1 — 22,000 steps (today)" StaticText
    t =    16.40s Checking existence of `"Sat Aug 1 — 22,000 steps (today)" StaticText`
    t =    16.41s Find the "Sat Aug 1 — 22,000 steps (today)" StaticText
    t =    16.48s Checking existence of `"Sat Aug 1 — 22,000 steps (today)" StaticText`
    t =    16.49s Find the "Sat Aug 1 — 22,000 steps (today)" StaticText
    t =    16.56s Checking existence of `"Sat Aug 1 — 22,000 steps (today)" StaticText`
    t =    16.57s Find the "Sat Aug 1 — 22,000 steps (today)" StaticText
    t =    16.65s Checking existence of `"Sat Aug 1 — 22,000 steps (today)" StaticText`
    t =    16.66s Find the "Sat Aug 1 — 22,000 steps (today)" StaticText
    t =    16.73s Checking existence of `"Sat Aug 1 — 22,000 steps (today)" StaticText`
    t =    16.74s Find the "Sat Aug 1 — 22,000 steps (today)" StaticText
    t =    16.82s Checking existence of `"Sat Aug 1 — 22,000 steps (today)" StaticText`
    t =    16.83s Find the "Sat Aug 1 — 22,000 steps (today)" StaticText
    t =    16.91s Checking existence of `"Sat Aug 1 — 22,000 steps (today)" StaticText`
    t =    16.92s Find the "Sat Aug 1 — 22,000 steps (today)" StaticText
    t =    16.99s Checking existence of `"Sat Aug 1 — 22,000 steps (today)" StaticText`
    t =    17.01s Find the "Sat Aug 1 — 22,000 steps (today)" StaticText
    t =    17.08s Checking existence of `"Sat Aug 1 — 22,000 steps (today)" StaticText`
    t =    17.10s Find the "Sat Aug 1 — 22,000 steps (today)" StaticText
    t =    17.17s Checking existence of `"Sat Aug 1 — 22,000 steps (today)" StaticText`
    t =    17.19s Find the "Sat Aug 1 — 22,000 steps (today)" StaticText
    t =    17.26s Checking existence of `"Sat Aug 1 — 22,000 steps (today)" StaticText`
    t =    17.27s Find the "Sat Aug 1 — 22,000 steps (today)" StaticText
    t =    17.35s Checking existence of `"Sat Aug 1 — 22,000 steps (today)" StaticText`
    t =    17.36s Find the "Sat Aug 1 — 22,000 steps (today)" StaticText
    t =    17.44s Checking existence of `"Sat Aug 1 — 22,000 steps (today)" StaticText`
    t =    17.45s Find the "Sat Aug 1 — 22,000 steps (today)" StaticText
    t =    17.53s Checking existence of `"Sat Aug 1 — 22,000 steps (today)" StaticText`
    t =    17.54s Find the "Sat Aug 1 — 22,000 steps (today)" StaticText
    t =    17.62s Checking existence of `"Sat Aug 1 — 22,000 steps (today)" StaticText`
    t =    17.63s Find the "Sat Aug 1 — 22,000 steps (today)" StaticText
    t =    17.71s Checking existence of `"Sat Aug 1 — 22,000 steps (today)" StaticText`
    t =    17.72s Find the "Sat Aug 1 — 22,000 steps (today)" StaticText
    t =    17.79s Checking existence of `"Sat Aug 1 — 22,000 steps (today)" StaticText`
    t =    17.81s Find the "Sat Aug 1 — 22,000 steps (today)" StaticText
    t =    17.88s Checking existence of `"Sat Aug 1 — 22,000 steps (today)" StaticText`
    t =    17.90s Find the "Sat Aug 1 — 22,000 steps (today)" StaticText
    t =    17.97s Checking existence of `"Sat Aug 1 — 22,000 steps (today)" StaticText`
    t =    17.99s Find the "Sat Aug 1 — 22,000 steps (today)" StaticText
    t =    18.06s Checking existence of `"Sat Aug 1 — 22,000 steps (today)" StaticText`
    t =    18.07s Find the "Sat Aug 1 — 22,000 steps (today)" StaticText
    t =    18.15s Checking existence of `"Sat Aug 1 — 22,000 steps (today)" StaticText`
    t =    18.16s Find the "Sat Aug 1 — 22,000 steps (today)" StaticText
    t =    18.24s Checking existence of `"Sat Aug 1 — 22,000 steps (today)" StaticText`
    t =    18.25s Find the "Sat Aug 1 — 22,000 steps (today)" StaticText
    t =    18.33s Checking existence of `"Sat Aug 1 — 22,000 steps (today)" StaticText`
    t =    18.34s Find the "Sat Aug 1 — 22,000 steps (today)" StaticText
    t =    18.42s Checking existence of `"Sat Aug 1 — 22,000 steps (today)" StaticText`
    t =    18.43s Find the "Sat Aug 1 — 22,000 steps (today)" StaticText
    t =    18.51s Checking existence of `"Sat Aug 1 — 22,000 steps (today)" StaticText`
    t =    18.52s Find the "Sat Aug 1 — 22,000 steps (today)" StaticText
    t =    18.59s Checking existence of `"Sat Aug 1 — 22,000 steps (today)" StaticText`
    t =    18.61s Find the "Sat Aug 1 — 22,000 steps (today)" StaticText
    t =    18.68s Checking existence of `"Sat Aug 1 — 22,000 steps (today)" StaticText`
    t =    18.70s Find the "Sat Aug 1 — 22,000 steps (today)" StaticText
    t =    18.77s Checking existence of `"Sat Aug 1 — 22,000 steps (today)" StaticText`
    t =    18.78s Find the "Sat Aug 1 — 22,000 steps (today)" StaticText
    t =    18.86s Checking existence of `"Sat Aug 1 — 22,000 steps (today)" StaticText`
    t =    18.87s Find the "Sat Aug 1 — 22,000 steps (today)" StaticText
    t =    18.94s Checking existence of `"Sat Aug 1 — 22,000 steps (today)" StaticText`
    t =    18.96s Find the "Sat Aug 1 — 22,000 steps (today)" StaticText
    t =    19.03s Checking existence of `"Sat Aug 1 — 22,000 steps (today)" StaticText`
    t =    19.04s Find the "Sat Aug 1 — 22,000 steps (today)" StaticText
    t =    19.12s Checking existence of `"Sat Aug 1 — 22,000 steps (today)" StaticText`
    t =    19.13s Find the "Sat Aug 1 — 22,000 steps (today)" StaticText
    t =    19.21s Checking existence of `"Sat Aug 1 — 22,000 steps (today)" StaticText`
    t =    19.22s Find the "Sat Aug 1 — 22,000 steps (today)" StaticText
    t =    19.30s Checking existence of `"Sat Aug 1 — 22,000 steps (today)" StaticText`
    t =    19.31s Find the "Sat Aug 1 — 22,000 steps (today)" StaticText
    t =    19.39s Checking existence of `"Sat Aug 1 — 22,000 steps (today)" StaticText`
    t =    19.40s Find the "Sat Aug 1 — 22,000 steps (today)" StaticText
    t =    19.48s Checking existence of `"Sat Aug 1 — 22,000 steps (today)" StaticText`
    t =    19.49s Find the "Sat Aug 1 — 22,000 steps (today)" StaticText
    t =    19.56s Checking existence of `"Sat Aug 1 — 22,000 steps (today)" StaticText`
    t =    19.58s Find the "Sat Aug 1 — 22,000 steps (today)" StaticText
    t =    19.65s Checking existence of `"Sat Aug 1 — 22,000 steps (today)" StaticText`
    t =    19.66s Find the "Sat Aug 1 — 22,000 steps (today)" StaticText
    t =    19.74s Checking existence of `"Sat Aug 1 — 22,000 steps (today)" StaticText`
    t =    19.75s Find the "Sat Aug 1 — 22,000 steps (today)" StaticText
    t =    19.83s Checking existence of `"Sat Aug 1 — 22,000 steps (today)" StaticText`
    t =    19.84s Find the "Sat Aug 1 — 22,000 steps (today)" StaticText
    t =    19.92s Checking existence of `"Sat Aug 1 — 22,000 steps (today)" StaticText`
    t =    19.93s Find the "Sat Aug 1 — 22,000 steps (today)" StaticText
    t =    20.01s Checking existence of `"Sat Aug 1 — 22,000 steps (today)" StaticText`
    t =    20.02s Find the "Sat Aug 1 — 22,000 steps (today)" StaticText
    t =    20.09s Checking existence of `"Sat Aug 1 — 22,000 steps (today)" StaticText`
    t =    20.11s Find the "Sat Aug 1 — 22,000 steps (today)" StaticText
    t =    20.18s Checking existence of `"Sat Aug 1 — 22,000 steps (today)" StaticText`
    t =    20.20s Find the "Sat Aug 1 — 22,000 steps (today)" StaticText
    t =    20.27s Checking existence of `"Sat Aug 1 — 22,000 steps (today)" StaticText`
    t =    20.29s Find the "Sat Aug 1 — 22,000 steps (today)" StaticText
    t =    20.36s Checking existence of `"Sat Aug 1 — 22,000 steps (today)" StaticText`
    t =    20.37s Find the "Sat Aug 1 — 22,000 steps (today)" StaticText
    t =    20.45s Checking existence of `"Sat Aug 1 — 22,000 steps (today)" StaticText`
    t =    20.46s Find the "Sat Aug 1 — 22,000 steps (today)" StaticText
    t =    20.54s Checking existence of `"Sat Aug 1 — 22,000 steps (today)" StaticText`
    t =    20.55s Find the "Sat Aug 1 — 22,000 steps (today)" StaticText
    t =    20.63s Checking existence of `"Sat Aug 1 — 22,000 steps (today)" StaticText`
    t =    20.64s Find the "Sat Aug 1 — 22,000 steps (today)" StaticText
    t =    20.72s Checking existence of `"Sat Aug 1 — 22,000 steps (today)" StaticText`
    t =    20.73s Find the "Sat Aug 1 — 22,000 steps (today)" StaticText
    t =    20.80s Checking existence of `"Sat Aug 1 — 22,000 steps (today)" StaticText`
    t =    20.82s Find the "Sat Aug 1 — 22,000 steps (today)" StaticText
    t =    20.89s Checking existence of `"Sat Aug 1 — 22,000 steps (today)" StaticText`
    t =    20.91s Find the "Sat Aug 1 — 22,000 steps (today)" StaticText
    t =    20.98s Checking existence of `"Sat Aug 1 — 22,000 steps (today)" StaticText`
    t =    21.00s Find the "Sat Aug 1 — 22,000 steps (today)" StaticText
    t =    21.07s Checking existence of `"Sat Aug 1 — 22,000 steps (today)" StaticText`
    t =    21.08s Find the "Sat Aug 1 — 22,000 steps (today)" StaticText
    t =    21.16s Checking existence of `"Sat Aug 1 — 22,000 steps (today)" StaticText`
    t =    21.17s Find the "Sat Aug 1 — 22,000 steps (today)" StaticText
    t =    21.25s Checking existence of `"Sat Aug 1 — 22,000 steps (today)" StaticText`
    t =    21.26s Find the "Sat Aug 1 — 22,000 steps (today)" StaticText
    t =    21.34s Checking existence of `"Sat Aug 1 — 22,000 steps (today)" StaticText`
    t =    21.35s Find the "Sat Aug 1 — 22,000 steps (today)" StaticText
    t =    21.43s Checking existence of `"Sat Aug 1 — 22,000 steps (today)" StaticText`
    t =    21.44s Find the "Sat Aug 1 — 22,000 steps (today)" StaticText
    t =    21.52s Checking existence of `"Sat Aug 1 — 22,000 steps (today)" StaticText`
    t =    21.53s Find the "Sat Aug 1 — 22,000 steps (today)" StaticText
    t =    21.60s Checking existence of `"Sat Aug 1 — 22,000 steps (today)" StaticText`
    t =    21.62s Find the "Sat Aug 1 — 22,000 steps (today)" StaticText
    t =    21.69s Checking existence of `"Sat Aug 1 — 22,000 steps (today)" StaticText`
    t =    21.71s Find the "Sat Aug 1 — 22,000 steps (today)" StaticText
    t =    21.78s Checking existence of `"Sat Aug 1 — 22,000 steps (today)" StaticText`
    t =    21.79s Find the "Sat Aug 1 — 22,000 steps (today)" StaticText
    t =    21.87s Checking existence of `"Sat Aug 1 — 22,000 steps (today)" StaticText`
    t =    21.88s Find the "Sat Aug 1 — 22,000 steps (today)" StaticText
    t =    21.96s Checking existence of `"Sat Aug 1 — 22,000 steps (today)" StaticText`
    t =    21.97s Find the "Sat Aug 1 — 22,000 steps (today)" StaticText
    t =    22.05s Checking existence of `"Sat Aug 1 — 22,000 steps (today)" StaticText`
    t =    22.06s Find the "Sat Aug 1 — 22,000 steps (today)" StaticText
    t =    22.14s Checking existence of `"Sat Aug 1 — 22,000 steps (today)" StaticText`
    t =    22.15s Find the "Sat Aug 1 — 22,000 steps (today)" StaticText
    t =    22.23s Checking existence of `"Sat Aug 1 — 22,000 steps (today)" StaticText`
    t =    22.24s Find the "Sat Aug 1 — 22,000 steps (today)" StaticText
    t =    22.32s Checking existence of `"Sat Aug 1 — 22,000 steps (today)" StaticText`
    t =    22.33s Find the "Sat Aug 1 — 22,000 steps (today)" StaticText
    t =    22.40s Checking existence of `"Sat Aug 1 — 22,000 steps (today)" StaticText`
    t =    22.42s Find the "Sat Aug 1 — 22,000 steps (today)" StaticText
    t =    22.49s Checking existence of `"Sat Aug 1 — 22,000 steps (today)" StaticText`
    t =    22.51s Find the "Sat Aug 1 — 22,000 steps (today)" StaticText
    t =    22.58s Checking existence of `"Sat Aug 1 — 22,000 steps (today)" StaticText`
    t =    22.59s Find the "Sat Aug 1 — 22,000 steps (today)" StaticText
    t =    22.67s Checking existence of `"Sat Aug 1 — 22,000 steps (today)" StaticText`
    t =    22.68s Find the "Sat Aug 1 — 22,000 steps (today)" StaticText
    t =    22.76s Checking existence of `"Sat Aug 1 — 22,000 steps (today)" StaticText`
    t =    22.77s Find the "Sat Aug 1 — 22,000 steps (today)" StaticText
    t =    22.85s Checking existence of `"Sat Aug 1 — 22,000 steps (today)" StaticText`
    t =    22.86s Find the "Sat Aug 1 — 22,000 steps (today)" StaticText
    t =    22.93s Checking existence of `"Sat Aug 1 — 22,000 steps (today)" StaticText`
    t =    22.95s Find the "Sat Aug 1 — 22,000 steps (today)" StaticText
    t =    23.02s Checking existence of `"Sat Aug 1 — 22,000 steps (today)" StaticText`
    t =    23.04s Find the "Sat Aug 1 — 22,000 steps (today)" StaticText
    t =    23.11s Checking existence of `"Sat Aug 1 — 22,000 steps (today)" StaticText`
    t =    23.12s Find the "Sat Aug 1 — 22,000 steps (today)" StaticText
    t =    23.20s Checking existence of `"Sat Aug 1 — 22,000 steps (today)" StaticText`
    t =    23.21s Find the "Sat Aug 1 — 22,000 steps (today)" StaticText
    t =    23.29s Checking existence of `"Sat Aug 1 — 22,000 steps (today)" StaticText`
    t =    23.30s Find the "Sat Aug 1 — 22,000 steps (today)" StaticText
    t =    23.38s Checking existence of `"Sat Aug 1 — 22,000 steps (today)" StaticText`
    t =    23.39s Find the "Sat Aug 1 — 22,000 steps (today)" StaticText
    t =    23.46s Checking existence of `"Sat Aug 1 — 22,000 steps (today)" StaticText`
    t =    23.48s Find the "Sat Aug 1 — 22,000 steps (today)" StaticText
    t =    23.55s Checking existence of `"Sat Aug 1 — 22,000 steps (today)" StaticText`
    t =    23.57s Find the "Sat Aug 1 — 22,000 steps (today)" StaticText
    t =    23.64s Checking existence of `"Sat Aug 1 — 22,000 steps (today)" StaticText`
    t =    23.65s Find the "Sat Aug 1 — 22,000 steps (today)" StaticText
    t =    23.73s Checking existence of `"Sat Aug 1 — 22,000 steps (today)" StaticText`
    t =    23.74s Find the "Sat Aug 1 — 22,000 steps (today)" StaticText
    t =    23.82s Checking existence of `"Sat Aug 1 — 22,000 steps (today)" StaticText`
    t =    23.83s Find the "Sat Aug 1 — 22,000 steps (today)" StaticText
    t =    23.91s Checking existence of `"Sat Aug 1 — 22,000 steps (today)" StaticText`
    t =    23.92s Find the "Sat Aug 1 — 22,000 steps (today)" StaticText
    t =    23.99s Checking existence of `"Sat Aug 1 — 22,000 steps (today)" StaticText`
    t =    24.01s Find the "Sat Aug 1 — 22,000 steps (today)" StaticText
    t =    24.08s Checking existence of `"Sat Aug 1 — 22,000 steps (today)" StaticText`
    t =    24.10s Find the "Sat Aug 1 — 22,000 steps (today)" StaticText
    t =    24.16s Checking existence of `"Sat Aug 1 — 22,000 steps (today)" StaticText`
    t =    24.17s Find the "Sat Aug 1 — 22,000 steps (today)" StaticText
    t =    24.25s Checking existence of `"Sat Aug 1 — 22,000 steps (today)" StaticText`
    t =    24.26s Find the "Sat Aug 1 — 22,000 steps (today)" StaticText
    t =    24.34s Checking existence of `"Sat Aug 1 — 22,000 steps (today)" StaticText`
    t =    24.35s Find the "Sat Aug 1 — 22,000 steps (today)" StaticText
    t =    24.42s Checking existence of `"Sat Aug 1 — 22,000 steps (today)" StaticText`
    t =    24.44s Find the "Sat Aug 1 — 22,000 steps (today)" StaticText
    t =    24.51s Checking existence of `"Sat Aug 1 — 22,000 steps (today)" StaticText`
    t =    24.53s Find the "Sat Aug 1 — 22,000 steps (today)" StaticText
    t =    24.60s Checking existence of `"Sat Aug 1 — 22,000 steps (today)" StaticText`
    t =    24.62s Find the "Sat Aug 1 — 22,000 steps (today)" StaticText
    t =    24.69s Checking existence of `"Sat Aug 1 — 22,000 steps (today)" StaticText`
    t =    24.70s Find the "Sat Aug 1 — 22,000 steps (today)" StaticText
    t =    24.78s Checking existence of `"Sat Aug 1 — 22,000 steps (today)" StaticText`
    t =    24.79s Find the "Sat Aug 1 — 22,000 steps (today)" StaticText
    t =    24.87s Checking existence of `"Sat Aug 1 — 22,000 steps (today)" StaticText`
    t =    24.88s Find the "Sat Aug 1 — 22,000 steps (today)" StaticText
    t =    24.95s Checking existence of `"Sat Aug 1 — 22,000 steps (today)" StaticText`
    t =    24.97s Find the "Sat Aug 1 — 22,000 steps (today)" StaticText
    t =    25.04s Checking existence of `"Sat Aug 1 — 22,000 steps (today)" StaticText`
    t =    25.06s Find the "Sat Aug 1 — 22,000 steps (today)" StaticText
    t =    25.13s Checking existence of `"Sat Aug 1 — 22,000 steps (today)" StaticText`
    t =    25.14s Find the "Sat Aug 1 — 22,000 steps (today)" StaticText
    t =    25.22s Checking existence of `"Sat Aug 1 — 22,000 steps (today)" StaticText`
    t =    25.23s Find the "Sat Aug 1 — 22,000 steps (today)" StaticText
    t =    25.31s Checking existence of `"Sat Aug 1 — 22,000 steps (today)" StaticText`
    t =    25.32s Find the "Sat Aug 1 — 22,000 steps (today)" StaticText
    t =    25.40s Checking existence of `"Sat Aug 1 — 22,000 steps (today)" StaticText`
    t =    25.41s Find the "Sat Aug 1 — 22,000 steps (today)" StaticText
    t =    25.48s Checking existence of `"Sat Aug 1 — 22,000 steps (today)" StaticText`
    t =    25.50s Find the "Sat Aug 1 — 22,000 steps (today)" StaticText
    t =    25.57s Checking existence of `"Sat Aug 1 — 22,000 steps (today)" StaticText`
    t =    25.59s Find the "Sat Aug 1 — 22,000 steps (today)" StaticText
    t =    25.66s Checking existence of `"Sat Aug 1 — 22,000 steps (today)" StaticText`
    t =    25.67s Find the "Sat Aug 1 — 22,000 steps (today)" StaticText
    t =    25.75s Checking existence of `"Sat Aug 1 — 22,000 steps (today)" StaticText`
    t =    25.76s Find the "Sat Aug 1 — 22,000 steps (today)" StaticText
    t =    25.83s Checking existence of `"Sat Aug 1 — 22,000 steps (today)" StaticText`
    t =    25.84s Find the "Sat Aug 1 — 22,000 steps (today)" StaticText
    t =    25.92s Checking existence of `"Sat Aug 1 — 22,000 steps (today)" StaticText`
    t =    25.93s Find the "Sat Aug 1 — 22,000 steps (today)" StaticText
    t =    26.00s Checking existence of `"Sat Aug 1 — 22,000 steps (today)" StaticText`
    t =    26.02s Find the "Sat Aug 1 — 22,000 steps (today)" StaticText
STEP[26s]: iter 0: go home
    t =    26.09s Checking existence of `"Transcribe" Button`
    t =    26.11s Checking existence of `"Health" Button`
    t =    26.12s Checking existence of `Any (First Match)`
    t =    26.13s Checking existence of `Button (Element at index 0)`
    t =    26.14s Find the Button (Element at index 0)
STEP[26s]: goHome: tapping candidate 0
    t =    26.16s Tap "BackButton" Button
    t =    26.16s     Wait for com.nstudio.expobenchmark to idle
    t =    26.17s     Find the "BackButton" Button
    t =    26.18s     Check for interrupting elements affecting "BackButton" Button
    t =    26.19s     Synthesize event
    t =    26.49s     Wait for com.nstudio.expobenchmark to idle
    t =    26.81s Checking existence of `"Transcribe" Button`
    t =    26.82s Waiting 3.0s for Any (First Match) to exist
    t =    27.86s     Checking `Expect predicate `existsNoRetry == 1` for object Any (First Match)`
    t =    27.86s         Checking existence of `Any (First Match)`
STEP[27s]: iter 0: nav Transcribe
    t =    27.88s Checking existence of `"Transcribe" Button`
    t =    27.89s Tap Any (First Match)
    t =    27.89s     Wait for com.nstudio.expobenchmark to idle
    t =    27.89s     Find the Any (First Match)
    t =    27.91s     Check for interrupting elements affecting "Transcribe" Other
    t =    27.93s     Synthesize event
    t =    28.21s     Wait for com.nstudio.expobenchmark to idle
    t =    29.00s Waiting 10.0s for Any (First Match) to exist
    t =    30.06s     Checking `Expect predicate `existsNoRetry == 1` for object Any (First Match)`
    t =    30.06s         Checking existence of `Any (First Match)`
    t =    30.08s Checking existence of `Any (First Match)`
    t =    30.10s Find the Any (First Match)
STEP[30s]: iter 0: speech authorize
    t =    30.11s Checking existence of `"Request Access" Button`
    t =    30.12s Checking existence of `Any (First Match)`
    t =    30.13s Find the Any (First Match)
    t =    30.14s Tap "Request Access" Other
    t =    30.14s     Wait for com.nstudio.expobenchmark to idle
    t =    30.14s     Find the "Request Access" Other
    t =    30.16s     Check for interrupting elements affecting "Request Access" Other
    t =    30.18s     Synthesize event
    t =    30.46s     Wait for com.nstudio.expobenchmark to idle
    t =    30.46s Waiting 3.0s for "Allow" Button to exist
    t =    31.51s     Checking `Expect predicate `existsNoRetry == 1` for object "Allow" Button`
    t =    31.51s         Checking existence of `"Allow" Button`
STEP[31s]: system alert: 'Allow'
    t =    31.55s Tap "Allow" Button
    t =    31.55s     Wait for com.apple.springboard to idle
    t =    31.55s     Find the "Allow" Button
    t =    31.57s     Check for interrupting elements affecting "Allow" Button
    t =    31.60s     Synthesize event
    t =    31.89s     Wait for com.apple.springboard to idle
    t =    32.13s Waiting 15.0s for Any (First Match) to exist
    t =    33.16s     Checking `Expect predicate `existsNoRetry == 1` for object Any (First Match)`
    t =    33.16s         Checking existence of `Any (First Match)`
    t =    33.19s Checking existence of `"Speech access: not requested" StaticText`
    t =    33.20s Find the "Speech access: not requested" StaticText
    t =    33.21s Checking existence of `"Transcribe Sample" Button`
    t =    33.22s Checking existence of `Any (First Match)`
    t =    33.23s Find the Any (First Match)
STEP[33s]: iter 0: transcribe
    t =    33.25s Tap "Transcribe Sample" Other
    t =    33.25s     Wait for com.nstudio.expobenchmark to idle
    t =    33.25s     Find the "Transcribe Sample" Other
    t =    33.26s     Check for interrupting elements affecting "Transcribe Sample" Other
    t =    33.28s     Synthesize event
    t =    33.57s     Wait for com.nstudio.expobenchmark to idle
    t =    33.57s Waiting 45.0s for Any (First Match) to exist
    t =    34.61s     Checking `Expect predicate `existsNoRetry == 1` for object Any (First Match)`
    t =    34.61s         Checking existence of `Any (First Match)`
    t =    34.63s         Capturing element debug description
    t =    35.57s     Checking `Expect predicate `existsNoRetry == 1` for object Any (First Match)`
    t =    35.58s         Checking existence of `Any (First Match)`
    t =    35.60s         Capturing element debug description
    t =    36.63s     Checking `Expect predicate `existsNoRetry == 1` for object Any (First Match)`
    t =    36.63s         Checking existence of `Any (First Match)`
    t =    36.66s         Capturing element debug description
    t =    37.57s     Checking `Expect predicate `existsNoRetry == 1` for object Any (First Match)`
    t =    37.58s         Checking existence of `Any (First Match)`
    t =    37.60s         Capturing element debug description
    t =    38.63s     Checking `Expect predicate `existsNoRetry == 1` for object Any (First Match)`
    t =    38.63s         Checking existence of `Any (First Match)`
    t =    38.66s         Capturing element debug description
    t =    39.58s     Checking `Expect predicate `existsNoRetry == 1` for object Any (First Match)`
    t =    39.58s         Checking existence of `Any (First Match)`
    t =    39.60s         Capturing element debug description
    t =    40.63s     Checking `Expect predicate `existsNoRetry == 1` for object Any (First Match)`
    t =    40.63s         Checking existence of `Any (First Match)`
    t =    40.65s         Capturing element debug description
    t =    41.66s     Checking `Expect predicate `existsNoRetry == 1` for object Any (First Match)`
    t =    41.66s         Checking existence of `Any (First Match)`
    t =    41.69s         Capturing element debug description
    t =    42.60s     Checking `Expect predicate `existsNoRetry == 1` for object Any (First Match)`
    t =    42.60s         Checking existence of `Any (First Match)`
    t =    42.62s         Capturing element debug description
    t =    43.63s     Checking `Expect predicate `existsNoRetry == 1` for object Any (First Match)`
    t =    43.63s         Checking existence of `Any (First Match)`
    t =    43.65s         Capturing element debug description
    t =    44.58s     Checking `Expect predicate `existsNoRetry == 1` for object Any (First Match)`
    t =    44.58s         Checking existence of `Any (First Match)`
    t =    44.60s         Capturing element debug description
    t =    45.61s     Checking `Expect predicate `existsNoRetry == 1` for object Any (First Match)`
    t =    45.61s         Checking existence of `Any (First Match)`
    t =    45.64s         Capturing element debug description
    t =    46.64s     Checking `Expect predicate `existsNoRetry == 1` for object Any (First Match)`
    t =    46.64s         Checking existence of `Any (First Match)`
    t =    46.67s         Capturing element debug description
    t =    47.58s     Checking `Expect predicate `existsNoRetry == 1` for object Any (First Match)`
    t =    47.58s         Checking existence of `Any (First Match)`
    t =    47.60s         Capturing element debug description
    t =    48.61s     Checking `Expect predicate `existsNoRetry == 1` for object Any (First Match)`
    t =    48.61s         Checking existence of `Any (First Match)`
    t =    48.63s         Capturing element debug description
    t =    49.64s     Checking `Expect predicate `existsNoRetry == 1` for object Any (First Match)`
    t =    49.64s         Checking existence of `Any (First Match)`
    t =    49.67s         Capturing element debug description
    t =    50.58s     Checking `Expect predicate `existsNoRetry == 1` for object Any (First Match)`
    t =    50.58s         Checking existence of `Any (First Match)`
    t =    50.60s         Capturing element debug description
    t =    51.61s     Checking `Expect predicate `existsNoRetry == 1` for object Any (First Match)`
    t =    51.62s         Checking existence of `Any (First Match)`
    t =    51.64s         Capturing element debug description
    t =    52.63s     Checking `Expect predicate `existsNoRetry == 1` for object Any (First Match)`
    t =    52.64s         Checking existence of `Any (First Match)`
    t =    52.66s         Capturing element debug description
    t =    53.63s     Checking `Expect predicate `existsNoRetry == 1` for object Any (First Match)`
    t =    53.64s         Checking existence of `Any (First Match)`
    t =    53.66s         Capturing element debug description
    t =    54.58s     Checking `Expect predicate `existsNoRetry == 1` for object Any (First Match)`
    t =    54.58s         Checking existence of `Any (First Match)`
    t =    54.61s         Capturing element debug description
    t =    55.63s     Checking `Expect predicate `existsNoRetry == 1` for object Any (First Match)`
    t =    55.63s         Checking existence of `Any (First Match)`
    t =    55.65s         Capturing element debug description
    t =    56.66s     Checking `Expect predicate `existsNoRetry == 1` for object Any (First Match)`
    t =    56.66s         Checking existence of `Any (First Match)`
    t =    56.68s         Capturing element debug description
    t =    57.61s     Checking `Expect predicate `existsNoRetry == 1` for object Any (First Match)`
    t =    57.61s         Checking existence of `Any (First Match)`
    t =    57.63s         Capturing element debug description
    t =    58.66s     Checking `Expect predicate `existsNoRetry == 1` for object Any (First Match)`
    t =    58.67s         Checking existence of `Any (First Match)`
    t =    58.69s         Capturing element debug description
    t =    59.61s     Checking `Expect predicate `existsNoRetry == 1` for object Any (First Match)`
    t =    59.61s         Checking existence of `Any (First Match)`
    t =    59.63s         Capturing element debug description
    t =    60.65s     Checking `Expect predicate `existsNoRetry == 1` for object Any (First Match)`
    t =    60.66s         Checking existence of `Any (First Match)`
    t =    60.68s         Capturing element debug description
    t =    61.61s     Checking `Expect predicate `existsNoRetry == 1` for object Any (First Match)`
    t =    61.61s         Checking existence of `Any (First Match)`
    t =    61.63s         Capturing element debug description
    t =    62.65s     Checking `Expect predicate `existsNoRetry == 1` for object Any (First Match)`
    t =    62.65s         Checking existence of `Any (First Match)`
    t =    62.68s         Capturing element debug description
    t =    63.59s     Checking `Expect predicate `existsNoRetry == 1` for object Any (First Match)`
    t =    63.60s         Checking existence of `Any (First Match)`
    t =    63.62s         Capturing element debug description
    t =    64.63s     Checking `Expect predicate `existsNoRetry == 1` for object Any (First Match)`
    t =    64.63s         Checking existence of `Any (First Match)`
    t =    64.65s         Capturing element debug description
    t =    65.58s     Checking `Expect predicate `existsNoRetry == 1` for object Any (First Match)`
    t =    65.58s         Checking existence of `Any (First Match)`
    t =    65.61s         Capturing element debug description
    t =    66.63s     Checking `Expect predicate `existsNoRetry == 1` for object Any (First Match)`
    t =    66.63s         Checking existence of `Any (First Match)`
    t =    66.65s         Capturing element debug description
    t =    67.58s     Checking `Expect predicate `existsNoRetry == 1` for object Any (First Match)`
    t =    67.58s         Checking existence of `Any (First Match)`
    t =    67.59s         Capturing element debug description
    t =    68.62s     Checking `Expect predicate `existsNoRetry == 1` for object Any (First Match)`
    t =    68.63s         Checking existence of `Any (First Match)`
    t =    68.65s         Capturing element debug description
    t =    69.58s     Checking `Expect predicate `existsNoRetry == 1` for object Any (First Match)`
    t =    69.58s         Checking existence of `Any (First Match)`
    t =    69.61s         Capturing element debug description
    t =    70.63s     Checking `Expect predicate `existsNoRetry == 1` for object Any (First Match)`
    t =    70.63s         Checking existence of `Any (First Match)`
    t =    70.65s         Capturing element debug description
    t =    71.58s     Checking `Expect predicate `existsNoRetry == 1` for object Any (First Match)`
    t =    71.58s         Checking existence of `Any (First Match)`
    t =    71.60s         Capturing element debug description
    t =    72.62s     Checking `Expect predicate `existsNoRetry == 1` for object Any (First Match)`
    t =    72.63s         Checking existence of `Any (First Match)`
    t =    72.65s         Capturing element debug description
    t =    73.58s     Checking `Expect predicate `existsNoRetry == 1` for object Any (First Match)`
    t =    73.58s         Checking existence of `Any (First Match)`
    t =    73.61s         Capturing element debug description
    t =    74.65s     Checking `Expect predicate `existsNoRetry == 1` for object Any (First Match)`
    t =    74.65s         Checking existence of `Any (First Match)`
    t =    74.67s         Capturing element debug description
    t =    75.61s     Checking `Expect predicate `existsNoRetry == 1` for object Any (First Match)`
    t =    75.61s         Checking existence of `Any (First Match)`
    t =    75.63s         Capturing element debug description
    t =    76.58s     Checking `Expect predicate `existsNoRetry == 1` for object Any (First Match)`
    t =    76.58s         Checking existence of `Any (First Match)`
    t =    76.61s         Capturing element debug description
    t =    77.66s     Checking `Expect predicate `existsNoRetry == 1` for object Any (First Match)`
    t =    77.66s         Checking existence of `Any (First Match)`
    t =    77.67s         Capturing element debug description
    t =    78.58s     Checking `Expect predicate `existsNoRetry == 1` for object Any (First Match)`
    t =    78.58s         Checking existence of `Any (First Match)`
    t =    78.61s         Capturing element debug description
    t =    78.61s     Checking existence of `Any (First Match)`
    t =    78.62s Collecting debug information to assist test failure triage
    t =    78.62s     Requesting snapshot of accessibility hierarchy for app with pid 42000
    t =    78.64s Checking existence of `Any (First Match)`
    t =    78.65s Checking existence of `Any (First Match)`
    t =    78.66s Checking existence of `Any (First Match)`
    t =    78.67s Find the Any (First Match)
STEP[78s]: iter 0: done
    t =    78.68s Terminate com.nstudio.expobenchmark:42000
STEP[79s]: iter 1: launch com.nstudio.expobenchmark
    t =    79.74s Open com.nstudio.expobenchmark
    t =    79.74s     Launch com.nstudio.expobenchmark
    t =    79.85s         Setting up automation session
    t =    80.36s         Wait for com.nstudio.expobenchmark to idle
    t =    81.48s Checking existence of `"Health" Button`
    t =    81.52s Waiting 20.0s for Any (First Match) to exist
    t =    82.56s     Checking `Expect predicate `existsNoRetry == 1` for object Any (First Match)`
    t =    82.56s         Checking existence of `Any (First Match)`
STEP[82s]: iter 1: nav Health
    t =    82.58s Checking existence of `"Health" Button`
    t =    82.59s Tap Any (First Match)
    t =    82.59s     Wait for com.nstudio.expobenchmark to idle
    t =    82.60s     Find the Any (First Match)
    t =    82.61s     Check for interrupting elements affecting "Health" Other
    t =    82.63s     Synthesize event
    t =    82.92s     Wait for com.nstudio.expobenchmark to idle
    t =    83.74s Waiting 10.0s for Any (First Match) to exist
    t =    84.79s     Checking `Expect predicate `existsNoRetry == 1` for object Any (First Match)`
    t =    84.79s         Checking existence of `Any (First Match)`
    t =    84.82s Checking existence of `Any (First Match)`
    t =    84.83s Find the Any (First Match)
    t =    84.85s Checking existence of `"Health access: granted" StaticText`
    t =    84.86s Find the "Health access: granted" StaticText
    t =    84.87s Waiting 15.0s for Any (First Match) to exist
    t =    85.89s     Checking `Expect predicate `existsNoRetry == 1` for object Any (First Match)`
    t =    85.90s         Checking existence of `Any (First Match)`
    t =    85.92s Checking existence of `Any (First Match)`
    t =    85.93s Find the Any (First Match)
    t =    85.95s Checking existence of `"Log 500 Steps" Button`
    t =    85.96s Checking existence of `Any (First Match)`
    t =    85.97s Find the Any (First Match)
STEP[85s]: iter 1: log 500
    t =    85.99s Tap "Log 500 Steps" Other
    t =    85.99s     Wait for com.nstudio.expobenchmark to idle
    t =    85.99s     Find the "Log 500 Steps" Other
    t =    86.00s     Check for interrupting elements affecting "Log 500 Steps" Other
    t =    86.02s     Synthesize event
    t =    86.31s     Wait for com.nstudio.expobenchmark to idle
    t =    86.33s Checking existence of `"Sat Aug 1 — 22,000 steps (today)" StaticText`
    t =    86.34s Find the "Sat Aug 1 — 22,000 steps (today)" StaticText
    t =    86.36s Checking existence of `"Sat Aug 1 — 22,500 steps (today)" StaticText`
STEP[86s]: iter 1: go home
    t =    86.37s Checking existence of `"Transcribe" Button`
    t =    86.38s Checking existence of `"Health" Button`
    t =    86.40s Checking existence of `Any (First Match)`
    t =    86.41s Checking existence of `Button (Element at index 0)`
    t =    86.42s Find the Button (Element at index 0)
STEP[86s]: goHome: tapping candidate 0
    t =    86.44s Tap "BackButton" Button
    t =    86.44s     Wait for com.nstudio.expobenchmark to idle
    t =    86.44s     Find the "BackButton" Button
    t =    86.45s     Check for interrupting elements affecting "BackButton" Button
    t =    86.46s     Synthesize event
    t =    86.76s     Wait for com.nstudio.expobenchmark to idle
    t =    87.07s Checking existence of `"Transcribe" Button`
    t =    87.08s Waiting 3.0s for Any (First Match) to exist
    t =    88.12s     Checking `Expect predicate `existsNoRetry == 1` for object Any (First Match)`
    t =    88.12s         Checking existence of `Any (First Match)`
STEP[88s]: iter 1: nav Transcribe
    t =    88.14s Checking existence of `"Transcribe" Button`
    t =    88.15s Tap Any (First Match)
    t =    88.15s     Wait for com.nstudio.expobenchmark to idle
    t =    88.15s     Find the Any (First Match)
    t =    88.17s     Check for interrupting elements affecting "Transcribe" Other
    t =    88.19s     Synthesize event
    t =    88.48s     Wait for com.nstudio.expobenchmark to idle
    t =    89.27s Waiting 10.0s for Any (First Match) to exist
    t =    90.32s     Checking `Expect predicate `existsNoRetry == 1` for object Any (First Match)`
    t =    90.33s         Checking existence of `Any (First Match)`
    t =    90.35s Checking existence of `Any (First Match)`
    t =    90.37s Find the Any (First Match)
    t =    90.38s Checking existence of `"Speech access: granted" StaticText`
    t =    90.39s Find the "Speech access: granted" StaticText
    t =    90.40s Checking existence of `"Transcribe Sample" Button`
    t =    90.41s Checking existence of `Any (First Match)`
    t =    90.42s Find the Any (First Match)
STEP[90s]: iter 1: transcribe
    t =    90.43s Tap "Transcribe Sample" Other
    t =    90.43s     Wait for com.nstudio.expobenchmark to idle
    t =    90.43s     Find the "Transcribe Sample" Other
    t =    90.45s     Check for interrupting elements affecting "Transcribe Sample" Other
    t =    90.47s     Synthesize event
    t =    90.76s     Wait for com.nstudio.expobenchmark to idle
    t =    90.76s Waiting 45.0s for Any (First Match) to exist
    t =    91.80s     Checking `Expect predicate `existsNoRetry == 1` for object Any (First Match)`
    t =    91.80s         Checking existence of `Any (First Match)`
    t =    91.83s         Capturing element debug description
    t =    92.77s     Checking `Expect predicate `existsNoRetry == 1` for object Any (First Match)`
    t =    92.77s         Checking existence of `Any (First Match)`
    t =    92.80s         Capturing element debug description
    t =    93.84s     Checking `Expect predicate `existsNoRetry == 1` for object Any (First Match)`
    t =    93.84s         Checking existence of `Any (First Match)`
    t =    93.86s         Capturing element debug description
    t =    94.81s     Checking `Expect predicate `existsNoRetry == 1` for object Any (First Match)`
    t =    94.81s         Checking existence of `Any (First Match)`
    t =    94.83s         Capturing element debug description
    t =    95.77s     Checking `Expect predicate `existsNoRetry == 1` for object Any (First Match)`
    t =    95.77s         Checking existence of `Any (First Match)`
    t =    95.80s         Capturing element debug description
    t =    96.82s     Checking `Expect predicate `existsNoRetry == 1` for object Any (First Match)`
    t =    96.83s         Checking existence of `Any (First Match)`
    t =    96.85s         Capturing element debug description
    t =    97.76s     Checking `Expect predicate `existsNoRetry == 1` for object Any (First Match)`
    t =    97.76s         Checking existence of `Any (First Match)`
    t =    97.79s         Capturing element debug description
    t =    98.82s     Checking `Expect predicate `existsNoRetry == 1` for object Any (First Match)`
    t =    98.83s         Checking existence of `Any (First Match)`
    t =    98.85s         Capturing element debug description
    t =    99.79s     Checking `Expect predicate `existsNoRetry == 1` for object Any (First Match)`
    t =    99.79s         Checking existence of `Any (First Match)`
    t =    99.82s         Capturing element debug description
    t =   100.76s     Checking `Expect predicate `existsNoRetry == 1` for object Any (First Match)`
    t =   100.76s         Checking existence of `Any (First Match)`
    t =   100.79s         Capturing element debug description
    t =   101.81s     Checking `Expect predicate `existsNoRetry == 1` for object Any (First Match)`
    t =   101.81s         Checking existence of `Any (First Match)`
    t =   101.83s         Capturing element debug description
    t =   102.76s     Checking `Expect predicate `existsNoRetry == 1` for object Any (First Match)`
    t =   102.77s         Checking existence of `Any (First Match)`
    t =   102.79s         Capturing element debug description
    t =   103.82s     Checking `Expect predicate `existsNoRetry == 1` for object Any (First Match)`
    t =   103.83s         Checking existence of `Any (First Match)`
    t =   103.85s         Capturing element debug description
    t =   104.78s     Checking `Expect predicate `existsNoRetry == 1` for object Any (First Match)`
    t =   104.78s         Checking existence of `Any (First Match)`
    t =   104.80s         Capturing element debug description
    t =   105.83s     Checking `Expect predicate `existsNoRetry == 1` for object Any (First Match)`
    t =   105.83s         Checking existence of `Any (First Match)`
    t =   105.85s         Capturing element debug description
    t =   106.79s     Checking `Expect predicate `existsNoRetry == 1` for object Any (First Match)`
    t =   106.79s         Checking existence of `Any (First Match)`
    t =   106.82s         Capturing element debug description
    t =   107.84s     Checking `Expect predicate `existsNoRetry == 1` for object Any (First Match)`
    t =   107.84s         Checking existence of `Any (First Match)`
    t =   107.87s         Capturing element debug description
    t =   108.81s     Checking `Expect predicate `existsNoRetry == 1` for object Any (First Match)`
    t =   108.82s         Checking existence of `Any (First Match)`
    t =   108.84s         Capturing element debug description
    t =   109.76s     Checking `Expect predicate `existsNoRetry == 1` for object Any (First Match)`
    t =   109.76s         Checking existence of `Any (First Match)`
    t =   109.79s         Capturing element debug description
    t =   110.83s     Checking `Expect predicate `existsNoRetry == 1` for object Any (First Match)`
    t =   110.83s         Checking existence of `Any (First Match)`
    t =   110.86s         Capturing element debug description
    t =   111.76s     Checking `Expect predicate `existsNoRetry == 1` for object Any (First Match)`
    t =   111.76s         Checking existence of `Any (First Match)`
    t =   111.79s         Capturing element debug description
    t =   112.82s     Checking `Expect predicate `existsNoRetry == 1` for object Any (First Match)`
    t =   112.83s         Checking existence of `Any (First Match)`
    t =   112.85s         Capturing element debug description
    t =   113.77s     Checking `Expect predicate `existsNoRetry == 1` for object Any (First Match)`
    t =   113.77s         Checking existence of `Any (First Match)`
    t =   113.79s         Capturing element debug description
    t =   114.84s     Checking `Expect predicate `existsNoRetry == 1` for object Any (First Match)`
    t =   114.84s         Checking existence of `Any (First Match)`
    t =   114.87s         Capturing element debug description
    t =   115.81s     Checking `Expect predicate `existsNoRetry == 1` for object Any (First Match)`
    t =   115.81s         Checking existence of `Any (First Match)`
    t =   115.83s         Capturing element debug description
    t =   116.77s     Checking `Expect predicate `existsNoRetry == 1` for object Any (First Match)`
    t =   116.77s         Checking existence of `Any (First Match)`
    t =   116.79s         Capturing element debug description
    t =   117.81s     Checking `Expect predicate `existsNoRetry == 1` for object Any (First Match)`
    t =   117.81s         Checking existence of `Any (First Match)`
    t =   117.83s         Capturing element debug description
    t =   118.77s     Checking `Expect predicate `existsNoRetry == 1` for object Any (First Match)`
    t =   118.77s         Checking existence of `Any (First Match)`
    t =   118.80s         Capturing element debug description
    t =   119.84s     Checking `Expect predicate `existsNoRetry == 1` for object Any (First Match)`
    t =   119.84s         Checking existence of `Any (First Match)`
    t =   119.86s         Capturing element debug description
    t =   120.79s     Checking `Expect predicate `existsNoRetry == 1` for object Any (First Match)`
    t =   120.80s         Checking existence of `Any (First Match)`
    t =   120.82s         Capturing element debug description
    t =   121.76s     Checking `Expect predicate `existsNoRetry == 1` for object Any (First Match)`
    t =   121.77s         Checking existence of `Any (First Match)`
    t =   121.79s         Capturing element debug description
    t =   122.82s     Checking `Expect predicate `existsNoRetry == 1` for object Any (First Match)`
    t =   122.83s         Checking existence of `Any (First Match)`
    t =   122.85s         Capturing element debug description
    t =   123.76s     Checking `Expect predicate `existsNoRetry == 1` for object Any (First Match)`
    t =   123.76s         Checking existence of `Any (First Match)`
    t =   123.79s         Capturing element debug description
    t =   124.84s     Checking `Expect predicate `existsNoRetry == 1` for object Any (First Match)`
    t =   124.84s         Checking existence of `Any (First Match)`
    t =   124.86s         Capturing element debug description
    t =   125.81s     Checking `Expect predicate `existsNoRetry == 1` for object Any (First Match)`
    t =   125.82s         Checking existence of `Any (First Match)`
    t =   125.84s         Capturing element debug description
    t =   126.77s     Checking `Expect predicate `existsNoRetry == 1` for object Any (First Match)`
    t =   126.77s         Checking existence of `Any (First Match)`
    t =   126.79s         Capturing element debug description
    t =   127.83s     Checking `Expect predicate `existsNoRetry == 1` for object Any (First Match)`
    t =   127.83s         Checking existence of `Any (First Match)`
    t =   127.85s         Capturing element debug description
    t =   128.79s     Checking `Expect predicate `existsNoRetry == 1` for object Any (First Match)`
    t =   128.79s         Checking existence of `Any (First Match)`
    t =   128.80s         Capturing element debug description
    t =   129.84s     Checking `Expect predicate `existsNoRetry == 1` for object Any (First Match)`
    t =   129.84s         Checking existence of `Any (First Match)`
    t =   129.86s         Capturing element debug description
    t =   130.78s     Checking `Expect predicate `existsNoRetry == 1` for object Any (First Match)`
    t =   130.78s         Checking existence of `Any (First Match)`
    t =   130.80s         Capturing element debug description
    t =   131.82s     Checking `Expect predicate `existsNoRetry == 1` for object Any (First Match)`
    t =   131.82s         Checking existence of `Any (First Match)`
    t =   131.84s         Capturing element debug description
    t =   132.77s     Checking `Expect predicate `existsNoRetry == 1` for object Any (First Match)`
    t =   132.77s         Checking existence of `Any (First Match)`
    t =   132.80s         Capturing element debug description
    t =   133.84s     Checking `Expect predicate `existsNoRetry == 1` for object Any (First Match)`
    t =   133.84s         Checking existence of `Any (First Match)`
    t =   133.86s         Capturing element debug description
    t =   134.80s     Checking `Expect predicate `existsNoRetry == 1` for object Any (First Match)`
    t =   134.80s         Checking existence of `Any (First Match)`
    t =   134.82s         Capturing element debug description
    t =   135.76s     Checking `Expect predicate `existsNoRetry == 1` for object Any (First Match)`
    t =   135.76s         Checking existence of `Any (First Match)`
    t =   135.79s         Capturing element debug description
    t =   135.79s     Checking existence of `Any (First Match)`
    t =   135.80s Collecting debug information to assist test failure triage
    t =   135.80s     Requesting snapshot of accessibility hierarchy for app with pid 42051
    t =   135.82s Checking existence of `Any (First Match)`
    t =   135.83s Checking existence of `Any (First Match)`
    t =   135.84s Checking existence of `Any (First Match)`
    t =   135.85s Find the Any (First Match)
STEP[135s]: iter 1: done
    t =   135.86s Terminate com.nstudio.expobenchmark:42051
STEP[136s]: iter 2: launch com.nstudio.expobenchmark
    t =   136.93s Open com.nstudio.expobenchmark
    t =   136.93s     Launch com.nstudio.expobenchmark
    t =   137.04s         Setting up automation session
    t =   137.55s         Wait for com.nstudio.expobenchmark to idle
    t =   138.67s Checking existence of `"Health" Button`
    t =   138.71s Waiting 20.0s for Any (First Match) to exist
    t =   139.71s     Checking `Expect predicate `existsNoRetry == 1` for object Any (First Match)`
    t =   139.72s         Checking existence of `Any (First Match)`
STEP[139s]: iter 2: nav Health
    t =   139.74s Checking existence of `"Health" Button`
    t =   139.75s Tap Any (First Match)
    t =   139.75s     Wait for com.nstudio.expobenchmark to idle
    t =   139.75s     Find the Any (First Match)
    t =   139.76s     Check for interrupting elements affecting "Health" Other
    t =   139.78s     Synthesize event
    t =   140.08s     Wait for com.nstudio.expobenchmark to idle
    t =   140.89s Waiting 10.0s for Any (First Match) to exist
    t =   141.94s     Checking `Expect predicate `existsNoRetry == 1` for object Any (First Match)`
    t =   141.94s         Checking existence of `Any (First Match)`
    t =   141.97s Checking existence of `Any (First Match)`
    t =   141.98s Find the Any (First Match)
    t =   142.00s Checking existence of `"Health access: granted" StaticText`
    t =   142.01s Find the "Health access: granted" StaticText
    t =   142.02s Waiting 15.0s for Any (First Match) to exist
    t =   143.03s     Checking `Expect predicate `existsNoRetry == 1` for object Any (First Match)`
    t =   143.04s         Checking existence of `Any (First Match)`
    t =   143.06s Checking existence of `Any (First Match)`
    t =   143.08s Find the Any (First Match)
    t =   143.09s Checking existence of `"Log 500 Steps" Button`
    t =   143.10s Checking existence of `Any (First Match)`
    t =   143.11s Find the Any (First Match)
STEP[143s]: iter 2: log 500
    t =   143.13s Tap "Log 500 Steps" Other
    t =   143.13s     Wait for com.nstudio.expobenchmark to idle
    t =   143.13s     Find the "Log 500 Steps" Other
    t =   143.14s     Check for interrupting elements affecting "Log 500 Steps" Other
    t =   143.17s     Synthesize event
    t =   143.46s     Wait for com.nstudio.expobenchmark to idle
    t =   143.47s Checking existence of `"Sat Aug 1 — 22,500 steps (today)" StaticText`
    t =   143.49s Find the "Sat Aug 1 — 22,500 steps (today)" StaticText
    t =   143.50s Checking existence of `"Sat Aug 1 — 23,000 steps (today)" StaticText`
STEP[143s]: iter 2: go home
    t =   143.51s Checking existence of `"Transcribe" Button`
    t =   143.53s Checking existence of `"Health" Button`
    t =   143.54s Checking existence of `Any (First Match)`
    t =   143.55s Checking existence of `Button (Element at index 0)`
    t =   143.56s Find the Button (Element at index 0)
STEP[143s]: goHome: tapping candidate 0
    t =   143.58s Tap "BackButton" Button
    t =   143.58s     Wait for com.nstudio.expobenchmark to idle
    t =   143.58s     Find the "BackButton" Button
    t =   143.60s     Check for interrupting elements affecting "BackButton" Button
    t =   143.61s     Synthesize event
    t =   143.90s     Wait for com.nstudio.expobenchmark to idle
    t =   144.22s Checking existence of `"Transcribe" Button`
    t =   144.23s Waiting 3.0s for Any (First Match) to exist
    t =   145.27s     Checking `Expect predicate `existsNoRetry == 1` for object Any (First Match)`
    t =   145.28s         Checking existence of `Any (First Match)`
STEP[145s]: iter 2: nav Transcribe
    t =   145.30s Checking existence of `"Transcribe" Button`
    t =   145.31s Tap Any (First Match)
    t =   145.31s     Wait for com.nstudio.expobenchmark to idle
    t =   145.31s     Find the Any (First Match)
    t =   145.32s     Check for interrupting elements affecting "Transcribe" Other
    t =   145.34s     Synthesize event
    t =   145.63s     Wait for com.nstudio.expobenchmark to idle
    t =   146.43s Waiting 10.0s for Any (First Match) to exist
    t =   147.47s     Checking `Expect predicate `existsNoRetry == 1` for object Any (First Match)`
    t =   147.47s         Checking existence of `Any (First Match)`
    t =   147.50s Checking existence of `Any (First Match)`
    t =   147.51s Find the Any (First Match)
    t =   147.52s Checking existence of `"Speech access: granted" StaticText`
    t =   147.53s Find the "Speech access: granted" StaticText
    t =   147.54s Checking existence of `"Transcribe Sample" Button`
    t =   147.55s Checking existence of `Any (First Match)`
    t =   147.56s Find the Any (First Match)
STEP[147s]: iter 2: transcribe
    t =   147.57s Tap "Transcribe Sample" Other
    t =   147.57s     Wait for com.nstudio.expobenchmark to idle
    t =   147.58s     Find the "Transcribe Sample" Other
    t =   147.59s     Check for interrupting elements affecting "Transcribe Sample" Other
    t =   147.61s     Synthesize event
    t =   147.90s     Wait for com.nstudio.expobenchmark to idle
    t =   147.90s Waiting 45.0s for Any (First Match) to exist
    t =   148.91s     Checking `Expect predicate `existsNoRetry == 1` for object Any (First Match)`
    t =   148.91s         Checking existence of `Any (First Match)`
    t =   148.92s         Capturing element debug description
    t =   149.96s     Checking `Expect predicate `existsNoRetry == 1` for object Any (First Match)`
    t =   149.96s         Checking existence of `Any (First Match)`
    t =   149.99s         Capturing element debug description
    t =   150.91s     Checking `Expect predicate `existsNoRetry == 1` for object Any (First Match)`
    t =   150.91s         Checking existence of `Any (First Match)`
    t =   150.94s         Capturing element debug description
    t =   151.98s     Checking `Expect predicate `existsNoRetry == 1` for object Any (First Match)`
    t =   151.98s         Checking existence of `Any (First Match)`
    t =   152.01s         Capturing element debug description
    t =   152.94s     Checking `Expect predicate `existsNoRetry == 1` for object Any (First Match)`
    t =   152.94s         Checking existence of `Any (First Match)`
    t =   152.97s         Capturing element debug description
    t =   153.90s     Checking `Expect predicate `existsNoRetry == 1` for object Any (First Match)`
    t =   153.91s         Checking existence of `Any (First Match)`
    t =   153.93s         Capturing element debug description
    t =   154.96s     Checking `Expect predicate `existsNoRetry == 1` for object Any (First Match)`
    t =   154.96s         Checking existence of `Any (First Match)`
    t =   154.98s         Capturing element debug description
    t =   155.91s     Checking `Expect predicate `existsNoRetry == 1` for object Any (First Match)`
    t =   155.91s         Checking existence of `Any (First Match)`
    t =   155.94s         Capturing element debug description
    t =   156.97s     Checking `Expect predicate `existsNoRetry == 1` for object Any (First Match)`
    t =   156.97s         Checking existence of `Any (First Match)`
    t =   156.99s         Capturing element debug description
    t =   157.93s     Checking `Expect predicate `existsNoRetry == 1` for object Any (First Match)`
    t =   157.93s         Checking existence of `Any (First Match)`
    t =   157.96s         Capturing element debug description
    t =   158.97s     Checking `Expect predicate `existsNoRetry == 1` for object Any (First Match)`
    t =   158.97s         Checking existence of `Any (First Match)`
    t =   159.00s         Capturing element debug description
    t =   159.91s     Checking `Expect predicate `existsNoRetry == 1` for object Any (First Match)`
    t =   159.91s         Checking existence of `Any (First Match)`
    t =   159.93s         Capturing element debug description
    t =   160.98s     Checking `Expect predicate `existsNoRetry == 1` for object Any (First Match)`
    t =   160.99s         Checking existence of `Any (First Match)`
    t =   161.01s         Capturing element debug description
    t =   161.94s     Checking `Expect predicate `existsNoRetry == 1` for object Any (First Match)`
    t =   161.94s         Checking existence of `Any (First Match)`
    t =   161.97s         Capturing element debug description
    t =   162.91s     Checking `Expect predicate `existsNoRetry == 1` for object Any (First Match)`
    t =   162.91s         Checking existence of `Any (First Match)`
    t =   162.93s         Capturing element debug description
    t =   163.98s     Checking `Expect predicate `existsNoRetry == 1` for object Any (First Match)`
    t =   163.98s         Checking existence of `Any (First Match)`
    t =   164.01s         Capturing element debug description
    t =   164.94s     Checking `Expect predicate `existsNoRetry == 1` for object Any (First Match)`
    t =   164.94s         Checking existence of `Any (First Match)`
    t =   164.97s         Capturing element debug description
    t =   165.90s     Checking `Expect predicate `existsNoRetry == 1` for object Any (First Match)`
    t =   165.91s         Checking existence of `Any (First Match)`
    t =   165.93s         Capturing element debug description
    t =   166.97s     Checking `Expect predicate `existsNoRetry == 1` for object Any (First Match)`
    t =   166.97s         Checking existence of `Any (First Match)`
    t =   167.00s         Capturing element debug description
    t =   167.93s     Checking `Expect predicate `existsNoRetry == 1` for object Any (First Match)`
    t =   167.93s         Checking existence of `Any (First Match)`
    t =   167.95s         Capturing element debug description
    t =   168.90s     Checking `Expect predicate `existsNoRetry == 1` for object Any (First Match)`
    t =   168.90s         Checking existence of `Any (First Match)`
    t =   168.93s         Capturing element debug description
    t =   169.98s     Checking `Expect predicate `existsNoRetry == 1` for object Any (First Match)`
    t =   169.98s         Checking existence of `Any (First Match)`
    t =   170.00s         Capturing element debug description
    t =   170.92s     Checking `Expect predicate `existsNoRetry == 1` for object Any (First Match)`
    t =   170.92s         Checking existence of `Any (First Match)`
    t =   170.94s         Capturing element debug description
    t =   171.97s     Checking `Expect predicate `existsNoRetry == 1` for object Any (First Match)`
    t =   171.98s         Checking existence of `Any (First Match)`
    t =   172.00s         Capturing element debug description
    t =   172.94s     Checking `Expect predicate `existsNoRetry == 1` for object Any (First Match)`
    t =   172.94s         Checking existence of `Any (First Match)`
    t =   172.97s         Capturing element debug description
    t =   173.90s     Checking `Expect predicate `existsNoRetry == 1` for object Any (First Match)`
    t =   173.90s         Checking existence of `Any (First Match)`
    t =   173.93s         Capturing element debug description
    t =   174.94s     Checking `Expect predicate `existsNoRetry == 1` for object Any (First Match)`
    t =   174.94s         Checking existence of `Any (First Match)`
    t =   174.97s         Capturing element debug description
    t =   175.99s     Checking `Expect predicate `existsNoRetry == 1` for object Any (First Match)`
    t =   175.99s         Checking existence of `Any (First Match)`
    t =   176.01s         Capturing element debug description
    t =   176.94s     Checking `Expect predicate `existsNoRetry == 1` for object Any (First Match)`
    t =   176.94s         Checking existence of `Any (First Match)`
    t =   176.97s         Capturing element debug description
    t =   177.91s     Checking `Expect predicate `existsNoRetry == 1` for object Any (First Match)`
    t =   177.91s         Checking existence of `Any (First Match)`
    t =   177.93s         Capturing element debug description
    t =   178.99s     Checking `Expect predicate `existsNoRetry == 1` for object Any (First Match)`
    t =   178.99s         Checking existence of `Any (First Match)`
    t =   179.02s         Capturing element debug description
    t =   179.94s     Checking `Expect predicate `existsNoRetry == 1` for object Any (First Match)`
    t =   179.94s         Checking existence of `Any (First Match)`
    t =   179.97s         Capturing element debug description
    t =   180.90s     Checking `Expect predicate `existsNoRetry == 1` for object Any (First Match)`
    t =   180.90s         Checking existence of `Any (First Match)`
    t =   180.93s         Capturing element debug description
    t =   181.96s     Checking `Expect predicate `existsNoRetry == 1` for object Any (First Match)`
    t =   181.96s         Checking existence of `Any (First Match)`
    t =   181.98s         Capturing element debug description
    t =   182.92s     Checking `Expect predicate `existsNoRetry == 1` for object Any (First Match)`
    t =   182.93s         Checking existence of `Any (First Match)`
    t =   182.95s         Capturing element debug description
    t =   183.90s     Checking `Expect predicate `existsNoRetry == 1` for object Any (First Match)`
    t =   183.90s         Checking existence of `Any (First Match)`
    t =   183.92s         Capturing element debug description
    t =   184.95s     Checking `Expect predicate `existsNoRetry == 1` for object Any (First Match)`
    t =   184.95s         Checking existence of `Any (First Match)`
    t =   184.97s         Capturing element debug description
    t =   185.90s     Checking `Expect predicate `existsNoRetry == 1` for object Any (First Match)`
    t =   185.91s         Checking existence of `Any (First Match)`
    t =   185.93s         Capturing element debug description
    t =   186.98s     Checking `Expect predicate `existsNoRetry == 1` for object Any (First Match)`
    t =   186.98s         Checking existence of `Any (First Match)`
    t =   187.01s         Capturing element debug description
    t =   187.94s     Checking `Expect predicate `existsNoRetry == 1` for object Any (First Match)`
    t =   187.94s         Checking existence of `Any (First Match)`
    t =   187.97s         Capturing element debug description
    t =   188.90s     Checking `Expect predicate `existsNoRetry == 1` for object Any (First Match)`
    t =   188.90s         Checking existence of `Any (First Match)`
    t =   188.93s         Capturing element debug description
    t =   189.94s     Checking `Expect predicate `existsNoRetry == 1` for object Any (First Match)`
    t =   189.94s         Checking existence of `Any (First Match)`
    t =   189.95s         Capturing element debug description
    t =   190.90s     Checking `Expect predicate `existsNoRetry == 1` for object Any (First Match)`
    t =   190.90s         Checking existence of `Any (First Match)`
    t =   190.92s         Capturing element debug description
    t =   191.94s     Checking `Expect predicate `existsNoRetry == 1` for object Any (First Match)`
    t =   191.94s         Checking existence of `Any (First Match)`
    t =   191.97s         Capturing element debug description
    t =   192.90s     Checking `Expect predicate `existsNoRetry == 1` for object Any (First Match)`
    t =   192.91s         Checking existence of `Any (First Match)`
    t =   192.93s         Capturing element debug description
    t =   192.93s     Checking existence of `Any (First Match)`
    t =   192.94s Collecting debug information to assist test failure triage
    t =   192.94s     Requesting snapshot of accessibility hierarchy for app with pid 42082
    t =   192.97s Checking existence of `Any (First Match)`
    t =   192.97s Checking existence of `Any (First Match)`
    t =   192.98s Checking existence of `Any (First Match)`
    t =   192.99s Find the Any (First Match)
STEP[192s]: iter 2: done
    t =   193.00s Terminate com.nstudio.expobenchmark:42082
PERFJSON:{"bundle_id":"com.nstudio.expobenchmark","runs":[{"health_granted":true,"iter":0,"nav_health_ms":2230,"error_hk_log":true,"speech_granted":true,"nav_transcribe_ms":2203,"speech_state":"init_or_task_failed: UnexpectedException: Failed to initialize recognizer (at ExpoModulesCore\/ConcurrentFunctionDefinition.swift:90)","hk_rows_ms":1076},{"hk_log_roundtrip_ms":383,"speech_granted":true,"speech_state":"init_or_task_failed: UnexpectedException: Failed to initialize recognizer (at ExpoModulesCore\/ConcurrentFunctionDefinition.swift:90)","iter":1,"nav_transcribe_ms":2213,"health_granted":true,"nav_health_ms":2237,"hk_rows_ms":1053},{"hk_log_roundtrip_ms":386,"hk_rows_ms":1046,"speech_granted":true,"nav_transcribe_ms":2199,"iter":2,"health_granted":true,"speech_state":"init_or_task_failed: UnexpectedException: Failed to initialize recognizer (at ExpoModulesCore\/ConcurrentFunctionDefinition.swift:90)","nav_health_ms":2230}]}
    t =   194.10s Tear Down
Test Case '-[UIDriverUITests.FeatureLatencyTests testFeatureLatencies]' passed (194.217 seconds).
Test Suite 'FeatureLatencyTests' passed at 2026-08-01 19:09:25.017.
	 Executed 1 test, with 0 failures (0 unexpected) in 194.217 (194.219) seconds
Test Suite 'InteropCaptureTests' started at 2026-08-01 19:09:25.018.
Test Case '-[UIDriverUITests.InteropCaptureTests testCaptureInteropResults]' started.
    t =     0.00s Start Test at 2026-08-01 19:09:25.019
    t =     0.01s Set Up
    t =     0.01s Open com.nstudio.expobenchmark
    t =     0.02s     Launch com.nstudio.expobenchmark
    t =     0.11s         Setting up automation session
    t =     0.61s         Wait for com.nstudio.expobenchmark to idle
    t =     1.73s Waiting 240.0s for Any (First Match) to exist
    t =     2.79s     Checking `Expect predicate `existsNoRetry == 1` for object Any (First Match)`
    t =     2.79s         Checking existence of `Any (First Match)`
    t =     2.82s         Capturing element debug description
    t =     3.74s     Checking `Expect predicate `existsNoRetry == 1` for object Any (First Match)`
    t =     3.74s         Checking existence of `Any (First Match)`
    t =     3.76s         Capturing element debug description
    t =     4.79s     Checking `Expect predicate `existsNoRetry == 1` for object Any (First Match)`
    t =     4.79s         Checking existence of `Any (First Match)`
    t =     4.81s         Capturing element debug description
    t =     5.74s     Checking `Expect predicate `existsNoRetry == 1` for object Any (First Match)`
    t =     5.74s         Checking existence of `Any (First Match)`
    t =     5.75s         Capturing element debug description
    t =     6.79s     Checking `Expect predicate `existsNoRetry == 1` for object Any (First Match)`
    t =     6.79s         Checking existence of `Any (First Match)`
    t =     6.81s         Capturing element debug description
    t =     7.74s     Checking `Expect predicate `existsNoRetry == 1` for object Any (First Match)`
    t =     7.74s         Checking existence of `Any (First Match)`
    t =     7.76s         Capturing element debug description
    t =     8.79s     Checking `Expect predicate `existsNoRetry == 1` for object Any (First Match)`
    t =     8.79s         Checking existence of `Any (First Match)`
    t =     8.81s         Capturing element debug description
    t =     9.74s     Checking `Expect predicate `existsNoRetry == 1` for object Any (First Match)`
    t =     9.74s         Checking existence of `Any (First Match)`
    t =     9.76s         Capturing element debug description
    t =    10.79s     Checking `Expect predicate `existsNoRetry == 1` for object Any (First Match)`
    t =    10.79s         Checking existence of `Any (First Match)`
    t =    10.81s         Capturing element debug description
    t =    11.74s     Checking `Expect predicate `existsNoRetry == 1` for object Any (First Match)`
    t =    11.74s         Checking existence of `Any (First Match)`
    t =    11.76s         Capturing element debug description
    t =    12.79s     Checking `Expect predicate `existsNoRetry == 1` for object Any (First Match)`
    t =    12.79s         Checking existence of `Any (First Match)`
    t =    12.81s         Capturing element debug description
    t =    13.74s     Checking `Expect predicate `existsNoRetry == 1` for object Any (First Match)`
    t =    13.74s         Checking existence of `Any (First Match)`
    t =    13.76s         Capturing element debug description
    t =    14.81s     Checking `Expect predicate `existsNoRetry == 1` for object Any (First Match)`
    t =    14.81s         Checking existence of `Any (First Match)`
    t =    14.83s         Capturing element debug description
    t =    15.75s     Checking `Expect predicate `existsNoRetry == 1` for object Any (First Match)`
    t =    15.75s         Checking existence of `Any (First Match)`
    t =    15.77s         Capturing element debug description
    t =    16.74s     Checking `Expect predicate `existsNoRetry == 1` for object Any (First Match)`
    t =    16.74s         Checking existence of `Any (First Match)`
    t =    16.76s         Capturing element debug description
    t =    17.81s     Checking `Expect predicate `existsNoRetry == 1` for object Any (First Match)`
    t =    17.81s         Checking existence of `Any (First Match)`
    t =    17.83s         Capturing element debug description
    t =    18.75s     Checking `Expect predicate `existsNoRetry == 1` for object Any (First Match)`
    t =    18.75s         Checking existence of `Any (First Match)`
    t =    18.77s         Capturing element debug description
    t =    19.81s     Checking `Expect predicate `existsNoRetry == 1` for object Any (First Match)`
    t =    19.81s         Checking existence of `Any (First Match)`
    t =    19.83s         Capturing element debug description
    t =    20.74s     Checking `Expect predicate `existsNoRetry == 1` for object Any (First Match)`
    t =    20.74s         Checking existence of `Any (First Match)`
    t =    20.76s         Capturing element debug description
    t =    21.79s     Checking `Expect predicate `existsNoRetry == 1` for object Any (First Match)`
    t =    21.79s         Checking existence of `Any (First Match)`
    t =    21.81s         Capturing element debug description
    t =    22.74s     Checking `Expect predicate `existsNoRetry == 1` for object Any (First Match)`
    t =    22.74s         Checking existence of `Any (First Match)`
    t =    22.76s         Capturing element debug description
    t =    23.79s     Checking `Expect predicate `existsNoRetry == 1` for object Any (First Match)`
    t =    23.79s         Checking existence of `Any (First Match)`
    t =    23.81s         Capturing element debug description
    t =    24.74s     Checking `Expect predicate `existsNoRetry == 1` for object Any (First Match)`
    t =    24.74s         Checking existence of `Any (First Match)`
    t =    24.76s         Capturing element debug description
    t =    25.79s     Checking `Expect predicate `existsNoRetry == 1` for object Any (First Match)`
    t =    25.79s         Checking existence of `Any (First Match)`
    t =    25.81s         Capturing element debug description
    t =    26.74s     Checking `Expect predicate `existsNoRetry == 1` for object Any (First Match)`
    t =    26.74s         Checking existence of `Any (First Match)`
    t =    26.76s         Capturing element debug description
    t =    27.79s     Checking `Expect predicate `existsNoRetry == 1` for object Any (First Match)`
    t =    27.79s         Checking existence of `Any (First Match)`
    t =    27.81s         Capturing element debug description
    t =    28.74s     Checking `Expect predicate `existsNoRetry == 1` for object Any (First Match)`
    t =    28.74s         Checking existence of `Any (First Match)`
    t =    28.76s         Capturing element debug description
    t =    29.79s     Checking `Expect predicate `existsNoRetry == 1` for object Any (First Match)`
    t =    29.79s         Checking existence of `Any (First Match)`
    t =    29.81s         Capturing element debug description
    t =    30.74s     Checking `Expect predicate `existsNoRetry == 1` for object Any (First Match)`
    t =    30.74s         Checking existence of `Any (First Match)`
    t =    30.76s         Capturing element debug description
    t =    31.79s     Checking `Expect predicate `existsNoRetry == 1` for object Any (First Match)`
    t =    31.79s         Checking existence of `Any (First Match)`
    t =    31.81s         Capturing element debug description
    t =    32.74s     Checking `Expect predicate `existsNoRetry == 1` for object Any (First Match)`
    t =    32.74s         Checking existence of `Any (First Match)`
    t =    32.76s         Capturing element debug description
    t =    33.79s     Checking `Expect predicate `existsNoRetry == 1` for object Any (First Match)`
    t =    33.79s         Checking existence of `Any (First Match)`
    t =    33.81s         Capturing element debug description
    t =    34.74s     Checking `Expect predicate `existsNoRetry == 1` for object Any (First Match)`
    t =    34.74s         Checking existence of `Any (First Match)`
    t =    34.76s         Capturing element debug description
    t =    35.81s     Checking `Expect predicate `existsNoRetry == 1` for object Any (First Match)`
    t =    35.81s         Checking existence of `Any (First Match)`
    t =    35.83s         Capturing element debug description
    t =    36.74s     Checking `Expect predicate `existsNoRetry == 1` for object Any (First Match)`
    t =    36.74s         Checking existence of `Any (First Match)`
    t =    36.76s         Capturing element debug description
    t =    37.81s     Checking `Expect predicate `existsNoRetry == 1` for object Any (First Match)`
    t =    37.81s         Checking existence of `Any (First Match)`
    t =    37.83s         Capturing element debug description
    t =    38.74s     Checking `Expect predicate `existsNoRetry == 1` for object Any (First Match)`
    t =    38.74s         Checking existence of `Any (First Match)`
    t =    38.76s         Capturing element debug description
    t =    39.81s     Checking `Expect predicate `existsNoRetry == 1` for object Any (First Match)`
    t =    39.81s         Checking existence of `Any (First Match)`
    t =    39.83s         Capturing element debug description
    t =    40.74s     Checking `Expect predicate `existsNoRetry == 1` for object Any (First Match)`
    t =    40.74s         Checking existence of `Any (First Match)`
    t =    40.76s         Capturing element debug description
    t =    41.79s     Checking `Expect predicate `existsNoRetry == 1` for object Any (First Match)`
    t =    41.79s         Checking existence of `Any (First Match)`
    t =    41.81s         Capturing element debug description
    t =    42.74s     Checking `Expect predicate `existsNoRetry == 1` for object Any (First Match)`
    t =    42.74s         Checking existence of `Any (First Match)`
    t =    42.76s         Capturing element debug description
    t =    43.79s     Checking `Expect predicate `existsNoRetry == 1` for object Any (First Match)`
    t =    43.79s         Checking existence of `Any (First Match)`
    t =    43.81s         Capturing element debug description
    t =    44.74s     Checking `Expect predicate `existsNoRetry == 1` for object Any (First Match)`
    t =    44.74s         Checking existence of `Any (First Match)`
    t =    44.76s         Capturing element debug description
    t =    45.79s     Checking `Expect predicate `existsNoRetry == 1` for object Any (First Match)`
    t =    45.79s         Checking existence of `Any (First Match)`
    t =    45.81s         Capturing element debug description
    t =    46.75s     Checking `Expect predicate `existsNoRetry == 1` for object Any (First Match)`
    t =    46.75s         Checking existence of `Any (First Match)`
    t =    46.77s         Capturing element debug description
    t =    47.79s     Checking `Expect predicate `existsNoRetry == 1` for object Any (First Match)`
    t =    47.79s         Checking existence of `Any (First Match)`
    t =    47.81s         Capturing element debug description
    t =    48.74s     Checking `Expect predicate `existsNoRetry == 1` for object Any (First Match)`
    t =    48.74s         Checking existence of `Any (First Match)`
    t =    48.76s         Capturing element debug description
    t =    49.81s     Checking `Expect predicate `existsNoRetry == 1` for object Any (First Match)`
    t =    49.81s         Checking existence of `Any (First Match)`
    t =    49.83s         Capturing element debug description
    t =    50.74s     Checking `Expect predicate `existsNoRetry == 1` for object Any (First Match)`
    t =    50.74s         Checking existence of `Any (First Match)`
    t =    50.76s         Capturing element debug description
    t =    51.79s     Checking `Expect predicate `existsNoRetry == 1` for object Any (First Match)`
    t =    51.80s         Checking existence of `Any (First Match)`
    t =    51.82s         Capturing element debug description
    t =    52.74s     Checking `Expect predicate `existsNoRetry == 1` for object Any (First Match)`
    t =    52.74s         Checking existence of `Any (First Match)`
    t =    52.76s         Capturing element debug description
    t =    53.79s     Checking `Expect predicate `existsNoRetry == 1` for object Any (First Match)`
    t =    53.79s         Checking existence of `Any (First Match)`
    t =    53.81s         Capturing element debug description
    t =    54.74s     Checking `Expect predicate `existsNoRetry == 1` for object Any (First Match)`
    t =    54.74s         Checking existence of `Any (First Match)`
    t =    54.76s         Capturing element debug description
    t =    55.79s     Checking `Expect predicate `existsNoRetry == 1` for object Any (First Match)`
    t =    55.79s         Checking existence of `Any (First Match)`
    t =    55.81s         Capturing element debug description
    t =    56.75s     Checking `Expect predicate `existsNoRetry == 1` for object Any (First Match)`
    t =    56.75s         Checking existence of `Any (First Match)`
    t =    56.75s         Capturing element debug description
    t =    57.79s     Checking `Expect predicate `existsNoRetry == 1` for object Any (First Match)`
    t =    57.79s         Checking existence of `Any (First Match)`
    t =    57.81s         Capturing element debug description
    t =    58.74s     Checking `Expect predicate `existsNoRetry == 1` for object Any (First Match)`
    t =    58.74s         Checking existence of `Any (First Match)`
    t =    58.76s         Capturing element debug description
    t =    59.79s     Checking `Expect predicate `existsNoRetry == 1` for object Any (First Match)`
    t =    59.79s         Checking existence of `Any (First Match)`
    t =    59.81s         Capturing element debug description
    t =    60.74s     Checking `Expect predicate `existsNoRetry == 1` for object Any (First Match)`
    t =    60.74s         Checking existence of `Any (First Match)`
    t =    60.76s         Capturing element debug description
    t =    61.79s     Checking `Expect predicate `existsNoRetry == 1` for object Any (First Match)`
    t =    61.79s         Checking existence of `Any (First Match)`
    t =    61.81s         Capturing element debug description
    t =    62.74s     Checking `Expect predicate `existsNoRetry == 1` for object Any (First Match)`
    t =    62.74s         Checking existence of `Any (First Match)`
    t =    62.76s         Capturing element debug description
    t =    63.77s     Checking `Expect predicate `existsNoRetry == 1` for object Any (First Match)`
    t =    63.77s         Checking existence of `Any (First Match)`
    t =    63.79s         Capturing element debug description
    t =    64.81s     Checking `Expect predicate `existsNoRetry == 1` for object Any (First Match)`
    t =    64.81s         Checking existence of `Any (First Match)`
    t =    64.83s         Capturing element debug description
    t =    65.77s     Checking `Expect predicate `existsNoRetry == 1` for object Any (First Match)`
    t =    65.77s         Checking existence of `Any (First Match)`
    t =    65.79s         Capturing element debug description
    t =    66.74s     Checking `Expect predicate `existsNoRetry == 1` for object Any (First Match)`
    t =    66.74s         Checking existence of `Any (First Match)`
    t =    66.76s         Capturing element debug description
    t =    67.81s     Checking `Expect predicate `existsNoRetry == 1` for object Any (First Match)`
    t =    67.81s         Checking existence of `Any (First Match)`
    t =    67.83s         Capturing element debug description
    t =    68.75s     Checking `Expect predicate `existsNoRetry == 1` for object Any (First Match)`
    t =    68.75s         Checking existence of `Any (First Match)`
    t =    68.77s         Capturing element debug description
    t =    69.79s     Checking `Expect predicate `existsNoRetry == 1` for object Any (First Match)`
    t =    69.79s         Checking existence of `Any (First Match)`
    t =    69.81s         Capturing element debug description
    t =    70.74s     Checking `Expect predicate `existsNoRetry == 1` for object Any (First Match)`
    t =    70.74s         Checking existence of `Any (First Match)`
    t =    70.76s         Capturing element debug description
    t =    71.81s     Checking `Expect predicate `existsNoRetry == 1` for object Any (First Match)`
    t =    71.81s         Checking existence of `Any (First Match)`
    t =    71.83s         Capturing element debug description
    t =    72.74s     Checking `Expect predicate `existsNoRetry == 1` for object Any (First Match)`
    t =    72.74s         Checking existence of `Any (First Match)`
    t =    72.76s         Capturing element debug description
    t =    73.79s     Checking `Expect predicate `existsNoRetry == 1` for object Any (First Match)`
    t =    73.79s         Checking existence of `Any (First Match)`
    t =    73.80s         Capturing element debug description
    t =    74.76s     Checking `Expect predicate `existsNoRetry == 1` for object Any (First Match)`
    t =    74.76s         Checking existence of `Any (First Match)`
    t =    74.77s         Capturing element debug description
    t =    75.74s     Checking `Expect predicate `existsNoRetry == 1` for object Any (First Match)`
    t =    75.74s         Checking existence of `Any (First Match)`
    t =    75.76s         Capturing element debug description
    t =    76.81s     Checking `Expect predicate `existsNoRetry == 1` for object Any (First Match)`
    t =    76.81s         Checking existence of `Any (First Match)`
    t =    76.83s         Capturing element debug description
    t =    77.74s     Checking `Expect predicate `existsNoRetry == 1` for object Any (First Match)`
    t =    77.74s         Checking existence of `Any (First Match)`
    t =    77.76s         Capturing element debug description
    t =    78.79s     Checking `Expect predicate `existsNoRetry == 1` for object Any (First Match)`
    t =    78.79s         Checking existence of `Any (First Match)`
    t =    78.81s         Capturing element debug description
    t =    79.74s     Checking `Expect predicate `existsNoRetry == 1` for object Any (First Match)`
    t =    79.74s         Checking existence of `Any (First Match)`
    t =    79.76s         Capturing element debug description
    t =    80.79s     Checking `Expect predicate `existsNoRetry == 1` for object Any (First Match)`
    t =    80.79s         Checking existence of `Any (First Match)`
    t =    80.81s         Capturing element debug description
    t =    81.74s     Checking `Expect predicate `existsNoRetry == 1` for object Any (First Match)`
    t =    81.74s         Checking existence of `Any (First Match)`
    t =    81.76s         Capturing element debug description
    t =    82.81s     Checking `Expect predicate `existsNoRetry == 1` for object Any (First Match)`
    t =    82.81s         Checking existence of `Any (First Match)`
    t =    82.83s         Capturing element debug description
    t =    83.75s     Checking `Expect predicate `existsNoRetry == 1` for object Any (First Match)`
    t =    83.75s         Checking existence of `Any (First Match)`
    t =    83.77s         Capturing element debug description
    t =    84.81s     Checking `Expect predicate `existsNoRetry == 1` for object Any (First Match)`
    t =    84.81s         Checking existence of `Any (First Match)`
    t =    84.83s         Capturing element debug description
    t =    85.74s     Checking `Expect predicate `existsNoRetry == 1` for object Any (First Match)`
    t =    85.74s         Checking existence of `Any (First Match)`
    t =    85.76s         Capturing element debug description
    t =    86.79s     Checking `Expect predicate `existsNoRetry == 1` for object Any (First Match)`
    t =    86.79s         Checking existence of `Any (First Match)`
    t =    86.81s         Capturing element debug description
    t =    87.74s     Checking `Expect predicate `existsNoRetry == 1` for object Any (First Match)`
    t =    87.75s         Checking existence of `Any (First Match)`
    t =    87.77s         Capturing element debug description
    t =    88.79s     Checking `Expect predicate `existsNoRetry == 1` for object Any (First Match)`
    t =    88.80s         Checking existence of `Any (First Match)`
    t =    88.81s         Capturing element debug description
    t =    89.74s     Checking `Expect predicate `existsNoRetry == 1` for object Any (First Match)`
    t =    89.74s         Checking existence of `Any (First Match)`
    t =    89.76s         Capturing element debug description
    t =    90.79s     Checking `Expect predicate `existsNoRetry == 1` for object Any (First Match)`
    t =    90.80s         Checking existence of `Any (First Match)`
    t =    90.81s         Capturing element debug description
    t =    91.75s     Checking `Expect predicate `existsNoRetry == 1` for object Any (First Match)`
    t =    91.75s         Checking existence of `Any (First Match)`
    t =    91.77s         Capturing element debug description
    t =    92.81s     Checking `Expect predicate `existsNoRetry == 1` for object Any (First Match)`
    t =    92.81s         Checking existence of `Any (First Match)`
    t =    92.84s         Capturing element debug description
    t =    93.79s     Checking `Expect predicate `existsNoRetry == 1` for object Any (First Match)`
    t =    93.79s         Checking existence of `Any (First Match)`
    t =    93.81s         Capturing element debug description
    t =    94.75s     Checking `Expect predicate `existsNoRetry == 1` for object Any (First Match)`
    t =    94.75s         Checking existence of `Any (First Match)`
    t =    94.77s         Capturing element debug description
    t =    95.79s     Checking `Expect predicate `existsNoRetry == 1` for object Any (First Match)`
    t =    95.79s         Checking existence of `Any (First Match)`
    t =    95.81s         Capturing element debug description
    t =    96.74s     Checking `Expect predicate `existsNoRetry == 1` for object Any (First Match)`
    t =    96.74s         Checking existence of `Any (First Match)`
    t =    96.76s         Capturing element debug description
    t =    97.80s     Checking `Expect predicate `existsNoRetry == 1` for object Any (First Match)`
    t =    97.80s         Checking existence of `Any (First Match)`
    t =    97.82s         Capturing element debug description
    t =    98.74s     Checking `Expect predicate `existsNoRetry == 1` for object Any (First Match)`
    t =    98.74s         Checking existence of `Any (First Match)`
    t =    98.76s         Capturing element debug description
    t =    99.79s     Checking `Expect predicate `existsNoRetry == 1` for object Any (First Match)`
    t =    99.79s         Checking existence of `Any (First Match)`
    t =    99.81s         Capturing element debug description
    t =   100.74s     Checking `Expect predicate `existsNoRetry == 1` for object Any (First Match)`
    t =   100.74s         Checking existence of `Any (First Match)`
    t =   100.76s         Capturing element debug description
    t =   101.79s     Checking `Expect predicate `existsNoRetry == 1` for object Any (First Match)`
    t =   101.79s         Checking existence of `Any (First Match)`
    t =   101.81s         Capturing element debug description
    t =   102.74s     Checking `Expect predicate `existsNoRetry == 1` for object Any (First Match)`
    t =   102.75s         Checking existence of `Any (First Match)`
    t =   102.76s         Capturing element debug description
    t =   103.81s     Checking `Expect predicate `existsNoRetry == 1` for object Any (First Match)`
    t =   103.81s         Checking existence of `Any (First Match)`
    t =   103.83s         Capturing element debug description
    t =   104.74s     Checking `Expect predicate `existsNoRetry == 1` for object Any (First Match)`
    t =   104.74s         Checking existence of `Any (First Match)`
    t =   104.76s         Capturing element debug description
    t =   105.79s     Checking `Expect predicate `existsNoRetry == 1` for object Any (First Match)`
    t =   105.79s         Checking existence of `Any (First Match)`
    t =   105.81s         Capturing element debug description
    t =   106.74s     Checking `Expect predicate `existsNoRetry == 1` for object Any (First Match)`
    t =   106.74s         Checking existence of `Any (First Match)`
    t =   106.76s         Capturing element debug description
    t =   107.79s     Checking `Expect predicate `existsNoRetry == 1` for object Any (First Match)`
    t =   107.79s         Checking existence of `Any (First Match)`
    t =   107.80s         Capturing element debug description
    t =   108.82s     Checking `Expect predicate `existsNoRetry == 1` for object Any (First Match)`
    t =   108.82s         Checking existence of `Any (First Match)`
    t =   108.84s         Capturing element debug description
    t =   109.76s     Checking `Expect predicate `existsNoRetry == 1` for object Any (First Match)`
    t =   109.76s         Checking existence of `Any (First Match)`
    t =   109.78s         Capturing element debug description
    t =   110.81s     Checking `Expect predicate `existsNoRetry == 1` for object Any (First Match)`
    t =   110.81s         Checking existence of `Any (First Match)`
    t =   110.83s         Capturing element debug description
    t =   111.75s     Checking `Expect predicate `existsNoRetry == 1` for object Any (First Match)`
    t =   111.75s         Checking existence of `Any (First Match)`
    t =   111.77s         Capturing element debug description
    t =   112.81s     Checking `Expect predicate `existsNoRetry == 1` for object Any (First Match)`
    t =   112.81s         Checking existence of `Any (First Match)`
    t =   112.83s         Capturing element debug description
    t =   113.75s     Checking `Expect predicate `existsNoRetry == 1` for object Any (First Match)`
    t =   113.75s         Checking existence of `Any (First Match)`
    t =   113.77s         Capturing element debug description
    t =   114.81s     Checking `Expect predicate `existsNoRetry == 1` for object Any (First Match)`
    t =   114.81s         Checking existence of `Any (First Match)`
    t =   114.83s         Capturing element debug description
    t =   115.74s     Checking `Expect predicate `existsNoRetry == 1` for object Any (First Match)`
    t =   115.74s         Checking existence of `Any (First Match)`
    t =   115.76s         Capturing element debug description
    t =   116.79s     Checking `Expect predicate `existsNoRetry == 1` for object Any (First Match)`
    t =   116.79s         Checking existence of `Any (First Match)`
    t =   116.81s         Capturing element debug description
    t =   117.74s     Checking `Expect predicate `existsNoRetry == 1` for object Any (First Match)`
    t =   117.74s         Checking existence of `Any (First Match)`
    t =   117.75s         Capturing element debug description
    t =   118.79s     Checking `Expect predicate `existsNoRetry == 1` for object Any (First Match)`
    t =   118.79s         Checking existence of `Any (First Match)`
    t =   118.81s         Capturing element debug description
    t =   119.74s     Checking `Expect predicate `existsNoRetry == 1` for object Any (First Match)`
    t =   119.74s         Checking existence of `Any (First Match)`
    t =   119.76s         Capturing element debug description
    t =   120.81s     Checking `Expect predicate `existsNoRetry == 1` for object Any (First Match)`
    t =   120.81s         Checking existence of `Any (First Match)`
    t =   120.83s         Capturing element debug description
    t =   121.77s     Checking `Expect predicate `existsNoRetry == 1` for object Any (First Match)`
    t =   121.77s         Checking existence of `Any (First Match)`
    t =   121.79s         Capturing element debug description
    t =   122.74s     Checking `Expect predicate `existsNoRetry == 1` for object Any (First Match)`
    t =   122.74s         Checking existence of `Any (First Match)`
    t =   122.76s         Capturing element debug description
    t =   123.79s     Checking `Expect predicate `existsNoRetry == 1` for object Any (First Match)`
    t =   123.79s         Checking existence of `Any (First Match)`
    t =   123.81s         Capturing element debug description
    t =   124.74s     Checking `Expect predicate `existsNoRetry == 1` for object Any (First Match)`
    t =   124.74s         Checking existence of `Any (First Match)`
    t =   124.76s         Capturing element debug description
    t =   125.81s     Checking `Expect predicate `existsNoRetry == 1` for object Any (First Match)`
    t =   125.81s         Checking existence of `Any (First Match)`
    t =   125.83s         Capturing element debug description
    t =   126.74s     Checking `Expect predicate `existsNoRetry == 1` for object Any (First Match)`
    t =   126.75s         Checking existence of `Any (First Match)`
    t =   126.76s         Capturing element debug description
    t =   127.79s     Checking `Expect predicate `existsNoRetry == 1` for object Any (First Match)`
    t =   127.79s         Checking existence of `Any (First Match)`
    t =   127.81s         Capturing element debug description
    t =   128.74s     Checking `Expect predicate `existsNoRetry == 1` for object Any (First Match)`
    t =   128.74s         Checking existence of `Any (First Match)`
    t =   128.76s         Capturing element debug description
    t =   129.81s     Checking `Expect predicate `existsNoRetry == 1` for object Any (First Match)`
    t =   129.81s         Checking existence of `Any (First Match)`
    t =   129.83s         Capturing element debug description
    t =   130.74s     Checking `Expect predicate `existsNoRetry == 1` for object Any (First Match)`
    t =   130.74s         Checking existence of `Any (First Match)`
    t =   130.76s         Capturing element debug description
    t =   131.79s     Checking `Expect predicate `existsNoRetry == 1` for object Any (First Match)`
    t =   131.79s         Checking existence of `Any (First Match)`
    t =   131.81s         Capturing element debug description
    t =   132.74s     Checking `Expect predicate `existsNoRetry == 1` for object Any (First Match)`
    t =   132.74s         Checking existence of `Any (First Match)`
    t =   132.76s         Capturing element debug description
    t =   133.81s     Checking `Expect predicate `existsNoRetry == 1` for object Any (First Match)`
    t =   133.81s         Checking existence of `Any (First Match)`
    t =   133.83s         Capturing element debug description
    t =   134.76s     Checking `Expect predicate `existsNoRetry == 1` for object Any (First Match)`
    t =   134.76s         Checking existence of `Any (First Match)`
    t =   134.78s         Capturing element debug description
    t =   135.81s     Checking `Expect predicate `existsNoRetry == 1` for object Any (First Match)`
    t =   135.81s         Checking existence of `Any (First Match)`
    t =   135.83s         Capturing element debug description
    t =   136.74s     Checking `Expect predicate `existsNoRetry == 1` for object Any (First Match)`
    t =   136.74s         Checking existence of `Any (First Match)`
    t =   136.76s         Capturing element debug description
    t =   137.81s     Checking `Expect predicate `existsNoRetry == 1` for object Any (First Match)`
    t =   137.81s         Checking existence of `Any (First Match)`
    t =   137.83s         Capturing element debug description
    t =   138.77s     Checking `Expect predicate `existsNoRetry == 1` for object Any (First Match)`
    t =   138.77s         Checking existence of `Any (First Match)`
    t =   138.80s         Capturing element debug description
    t =   139.74s     Checking `Expect predicate `existsNoRetry == 1` for object Any (First Match)`
    t =   139.74s         Checking existence of `Any (First Match)`
    t =   139.76s         Capturing element debug description
    t =   140.79s     Checking `Expect predicate `existsNoRetry == 1` for object Any (First Match)`
    t =   140.79s         Checking existence of `Any (First Match)`
    t =   140.81s         Capturing element debug description
    t =   141.74s     Checking `Expect predicate `existsNoRetry == 1` for object Any (First Match)`
    t =   141.74s         Checking existence of `Any (First Match)`
    t =   141.76s         Capturing element debug description
    t =   142.79s     Checking `Expect predicate `existsNoRetry == 1` for object Any (First Match)`
    t =   142.79s         Checking existence of `Any (First Match)`
    t =   142.81s         Capturing element debug description
    t =   143.74s     Checking `Expect predicate `existsNoRetry == 1` for object Any (First Match)`
    t =   143.74s         Checking existence of `Any (First Match)`
    t =   143.76s         Capturing element debug description
    t =   144.79s     Checking `Expect predicate `existsNoRetry == 1` for object Any (First Match)`
    t =   144.79s         Checking existence of `Any (First Match)`
    t =   144.81s         Capturing element debug description
    t =   145.74s     Checking `Expect predicate `existsNoRetry == 1` for object Any (First Match)`
    t =   145.74s         Checking existence of `Any (First Match)`
    t =   145.76s         Capturing element debug description
    t =   146.81s     Checking `Expect predicate `existsNoRetry == 1` for object Any (First Match)`
    t =   146.81s         Checking existence of `Any (First Match)`
    t =   146.82s         Capturing element debug description
    t =   147.74s     Checking `Expect predicate `existsNoRetry == 1` for object Any (First Match)`
    t =   147.74s         Checking existence of `Any (First Match)`
    t =   147.76s         Capturing element debug description
    t =   148.81s     Checking `Expect predicate `existsNoRetry == 1` for object Any (First Match)`
    t =   148.81s         Checking existence of `Any (First Match)`
    t =   148.83s         Capturing element debug description
    t =   149.76s     Checking `Expect predicate `existsNoRetry == 1` for object Any (First Match)`
    t =   149.76s         Checking existence of `Any (First Match)`
    t =   149.78s         Capturing element debug description
    t =   150.74s     Checking `Expect predicate `existsNoRetry == 1` for object Any (First Match)`
    t =   150.74s         Checking existence of `Any (First Match)`
    t =   150.76s         Capturing element debug description
    t =   151.79s     Checking `Expect predicate `existsNoRetry == 1` for object Any (First Match)`
    t =   151.79s         Checking existence of `Any (First Match)`
    t =   151.81s         Capturing element debug description
    t =   152.75s     Checking `Expect predicate `existsNoRetry == 1` for object Any (First Match)`
    t =   152.75s         Checking existence of `Any (First Match)`
    t =   152.77s         Capturing element debug description
    t =   153.81s     Checking `Expect predicate `existsNoRetry == 1` for object Any (First Match)`
    t =   153.81s         Checking existence of `Any (First Match)`
    t =   153.83s         Capturing element debug description
    t =   154.74s     Checking `Expect predicate `existsNoRetry == 1` for object Any (First Match)`
    t =   154.74s         Checking existence of `Any (First Match)`
    t =   154.76s         Capturing element debug description
    t =   155.81s     Checking `Expect predicate `existsNoRetry == 1` for object Any (First Match)`
    t =   155.81s         Checking existence of `Any (First Match)`
    t =   155.83s         Capturing element debug description
    t =   156.74s     Checking `Expect predicate `existsNoRetry == 1` for object Any (First Match)`
    t =   156.74s         Checking existence of `Any (First Match)`
    t =   156.76s         Capturing element debug description
    t =   157.79s     Checking `Expect predicate `existsNoRetry == 1` for object Any (First Match)`
    t =   157.79s         Checking existence of `Any (First Match)`
    t =   157.81s         Capturing element debug description
    t =   158.74s     Checking `Expect predicate `existsNoRetry == 1` for object Any (First Match)`
    t =   158.74s         Checking existence of `Any (First Match)`
    t =   158.75s         Capturing element debug description
    t =   159.76s     Checking `Expect predicate `existsNoRetry == 1` for object Any (First Match)`
    t =   159.76s         Checking existence of `Any (First Match)`
    t =   159.78s         Capturing element debug description
    t =   160.81s     Checking `Expect predicate `existsNoRetry == 1` for object Any (First Match)`
    t =   160.81s         Checking existence of `Any (First Match)`
    t =   160.83s         Capturing element debug description
    t =   161.76s     Checking `Expect predicate `existsNoRetry == 1` for object Any (First Match)`
    t =   161.76s         Checking existence of `Any (First Match)`
    t =   161.78s         Capturing element debug description
    t =   162.81s     Checking `Expect predicate `existsNoRetry == 1` for object Any (First Match)`
    t =   162.81s         Checking existence of `Any (First Match)`
    t =   162.83s         Capturing element debug description
    t =   163.75s     Checking `Expect predicate `existsNoRetry == 1` for object Any (First Match)`
    t =   163.75s         Checking existence of `Any (First Match)`
    t =   163.77s         Capturing element debug description
    t =   164.82s     Checking `Expect predicate `existsNoRetry == 1` for object Any (First Match)`
    t =   164.82s         Checking existence of `Any (First Match)`
    t =   164.84s         Capturing element debug description
    t =   165.77s     Checking `Expect predicate `existsNoRetry == 1` for object Any (First Match)`
    t =   165.78s         Checking existence of `Any (First Match)`
    t =   165.80s         Capturing element debug description
    t =   166.74s     Checking `Expect predicate `existsNoRetry == 1` for object Any (First Match)`
    t =   166.74s         Checking existence of `Any (First Match)`
    t =   166.76s         Capturing element debug description
    t =   167.79s     Checking `Expect predicate `existsNoRetry == 1` for object Any (First Match)`
    t =   167.79s         Checking existence of `Any (First Match)`
    t =   167.81s         Capturing element debug description
    t =   168.74s     Checking `Expect predicate `existsNoRetry == 1` for object Any (First Match)`
    t =   168.74s         Checking existence of `Any (First Match)`
    t =   168.75s         Capturing element debug description
    t =   169.79s     Checking `Expect predicate `existsNoRetry == 1` for object Any (First Match)`
    t =   169.79s         Checking existence of `Any (First Match)`
    t =   169.81s         Capturing element debug description
    t =   170.74s     Checking `Expect predicate `existsNoRetry == 1` for object Any (First Match)`
    t =   170.74s         Checking existence of `Any (First Match)`
    t =   170.76s         Capturing element debug description
    t =   171.79s     Checking `Expect predicate `existsNoRetry == 1` for object Any (First Match)`
    t =   171.79s         Checking existence of `Any (First Match)`
    t =   171.81s         Capturing element debug description
    t =   172.74s     Checking `Expect predicate `existsNoRetry == 1` for object Any (First Match)`
    t =   172.74s         Checking existence of `Any (First Match)`
    t =   172.76s         Capturing element debug description
    t =   173.79s     Checking `Expect predicate `existsNoRetry == 1` for object Any (First Match)`
    t =   173.79s         Checking existence of `Any (First Match)`
    t =   173.81s         Capturing element debug description
    t =   174.74s     Checking `Expect predicate `existsNoRetry == 1` for object Any (First Match)`
    t =   174.74s         Checking existence of `Any (First Match)`
    t =   174.76s         Capturing element debug description
    t =   175.80s     Checking `Expect predicate `existsNoRetry == 1` for object Any (First Match)`
    t =   175.80s         Checking existence of `Any (First Match)`
    t =   175.82s         Capturing element debug description
    t =   176.75s     Checking `Expect predicate `existsNoRetry == 1` for object Any (First Match)`
    t =   176.76s         Checking existence of `Any (First Match)`
    t =   176.77s         Capturing element debug description
    t =   177.81s     Checking `Expect predicate `existsNoRetry == 1` for object Any (First Match)`
    t =   177.81s         Checking existence of `Any (First Match)`
    t =   177.83s         Capturing element debug description
    t =   178.75s     Checking `Expect predicate `existsNoRetry == 1` for object Any (First Match)`
    t =   178.75s         Checking existence of `Any (First Match)`
    t =   178.77s         Capturing element debug description
    t =   179.81s     Checking `Expect predicate `existsNoRetry == 1` for object Any (First Match)`
    t =   179.81s         Checking existence of `Any (First Match)`
    t =   179.83s         Capturing element debug description
    t =   180.75s     Checking `Expect predicate `existsNoRetry == 1` for object Any (First Match)`
    t =   180.76s         Checking existence of `Any (First Match)`
    t =   180.78s         Capturing element debug description
    t =   181.81s     Checking `Expect predicate `existsNoRetry == 1` for object Any (First Match)`
    t =   181.81s         Checking existence of `Any (First Match)`
    t =   181.83s         Capturing element debug description
    t =   182.76s     Checking `Expect predicate `existsNoRetry == 1` for object Any (First Match)`
    t =   182.76s         Checking existence of `Any (First Match)`
    t =   182.78s         Capturing element debug description
    t =   183.81s     Checking `Expect predicate `existsNoRetry == 1` for object Any (First Match)`
    t =   183.81s         Checking existence of `Any (First Match)`
    t =   183.83s         Capturing element debug description
    t =   184.74s     Checking `Expect predicate `existsNoRetry == 1` for object Any (First Match)`
    t =   184.74s         Checking existence of `Any (First Match)`
    t =   184.76s         Capturing element debug description
    t =   185.81s     Checking `Expect predicate `existsNoRetry == 1` for object Any (First Match)`
    t =   185.81s         Checking existence of `Any (First Match)`
    t =   185.83s         Capturing element debug description
    t =   186.75s     Checking `Expect predicate `existsNoRetry == 1` for object Any (First Match)`
    t =   186.75s         Checking existence of `Any (First Match)`
    t =   186.77s         Capturing element debug description
    t =   187.79s     Checking `Expect predicate `existsNoRetry == 1` for object Any (First Match)`
    t =   187.79s         Checking existence of `Any (First Match)`
    t =   187.81s         Capturing element debug description
    t =   188.74s     Checking `Expect predicate `existsNoRetry == 1` for object Any (First Match)`
    t =   188.74s         Checking existence of `Any (First Match)`
    t =   188.76s         Capturing element debug description
    t =   189.79s     Checking `Expect predicate `existsNoRetry == 1` for object Any (First Match)`
    t =   189.79s         Checking existence of `Any (First Match)`
    t =   189.81s         Capturing element debug description
    t =   190.74s     Checking `Expect predicate `existsNoRetry == 1` for object Any (First Match)`
    t =   190.74s         Checking existence of `Any (First Match)`
    t =   190.76s         Capturing element debug description
    t =   191.80s     Checking `Expect predicate `existsNoRetry == 1` for object Any (First Match)`
    t =   191.80s         Checking existence of `Any (First Match)`
    t =   191.81s         Capturing element debug description
    t =   192.74s     Checking `Expect predicate `existsNoRetry == 1` for object Any (First Match)`
    t =   192.74s         Checking existence of `Any (First Match)`
    t =   192.76s         Capturing element debug description
    t =   193.79s     Checking `Expect predicate `existsNoRetry == 1` for object Any (First Match)`
    t =   193.79s         Checking existence of `Any (First Match)`
    t =   193.81s         Capturing element debug description
    t =   194.74s     Checking `Expect predicate `existsNoRetry == 1` for object Any (First Match)`
    t =   194.74s         Checking existence of `Any (First Match)`
    t =   194.76s         Capturing element debug description
    t =   195.82s     Checking `Expect predicate `existsNoRetry == 1` for object Any (First Match)`
    t =   195.82s         Checking existence of `Any (First Match)`
    t =   195.84s         Capturing element debug description
    t =   196.76s     Checking `Expect predicate `existsNoRetry == 1` for object Any (First Match)`
    t =   196.76s         Checking existence of `Any (First Match)`
    t =   196.78s         Capturing element debug description
    t =   197.82s     Checking `Expect predicate `existsNoRetry == 1` for object Any (First Match)`
    t =   197.82s         Checking existence of `Any (First Match)`
    t =   197.84s         Capturing element debug description
    t =   198.76s     Checking `Expect predicate `existsNoRetry == 1` for object Any (First Match)`
    t =   198.76s         Checking existence of `Any (First Match)`
    t =   198.78s         Capturing element debug description
    t =   199.81s     Checking `Expect predicate `existsNoRetry == 1` for object Any (First Match)`
    t =   199.81s         Checking existence of `Any (First Match)`
    t =   199.83s         Capturing element debug description
    t =   200.76s     Checking `Expect predicate `existsNoRetry == 1` for object Any (First Match)`
    t =   200.76s         Checking existence of `Any (First Match)`
    t =   200.78s         Capturing element debug description
    t =   201.74s     Checking `Expect predicate `existsNoRetry == 1` for object Any (First Match)`
    t =   201.74s         Checking existence of `Any (First Match)`
    t =   201.76s         Capturing element debug description
    t =   202.79s     Checking `Expect predicate `existsNoRetry == 1` for object Any (First Match)`
    t =   202.79s         Checking existence of `Any (First Match)`
    t =   202.81s         Capturing element debug description
    t =   203.74s     Checking `Expect predicate `existsNoRetry == 1` for object Any (First Match)`
    t =   203.74s         Checking existence of `Any (First Match)`
    t =   203.76s         Capturing element debug description
    t =   204.79s     Checking `Expect predicate `existsNoRetry == 1` for object Any (First Match)`
    t =   204.79s         Checking existence of `Any (First Match)`
    t =   204.81s         Capturing element debug description
    t =   205.74s     Checking `Expect predicate `existsNoRetry == 1` for object Any (First Match)`
    t =   205.74s         Checking existence of `Any (First Match)`
    t =   205.76s         Capturing element debug description
    t =   206.81s     Checking `Expect predicate `existsNoRetry == 1` for object Any (First Match)`
    t =   206.81s         Checking existence of `Any (First Match)`
    t =   206.83s         Capturing element debug description
    t =   207.74s     Checking `Expect predicate `existsNoRetry == 1` for object Any (First Match)`
    t =   207.74s         Checking existence of `Any (First Match)`
    t =   207.76s         Capturing element debug description
    t =   208.79s     Checking `Expect predicate `existsNoRetry == 1` for object Any (First Match)`
    t =   208.79s         Checking existence of `Any (First Match)`
    t =   208.81s         Capturing element debug description
    t =   209.74s     Checking `Expect predicate `existsNoRetry == 1` for object Any (First Match)`
    t =   209.74s         Checking existence of `Any (First Match)`
    t =   209.75s         Capturing element debug description
    t =   210.79s     Checking `Expect predicate `existsNoRetry == 1` for object Any (First Match)`
    t =   210.79s         Checking existence of `Any (First Match)`
    t =   210.81s         Capturing element debug description
    t =   211.74s     Checking `Expect predicate `existsNoRetry == 1` for object Any (First Match)`
    t =   211.74s         Checking existence of `Any (First Match)`
    t =   211.76s         Capturing element debug description
    t =   212.81s     Checking `Expect predicate `existsNoRetry == 1` for object Any (First Match)`
    t =   212.81s         Checking existence of `Any (First Match)`
    t =   212.83s         Capturing element debug description
    t =   213.75s     Checking `Expect predicate `existsNoRetry == 1` for object Any (First Match)`
    t =   213.76s         Checking existence of `Any (First Match)`
    t =   213.78s         Capturing element debug description
    t =   214.74s     Checking `Expect predicate `existsNoRetry == 1` for object Any (First Match)`
    t =   214.74s         Checking existence of `Any (First Match)`
    t =   214.76s         Capturing element debug description
    t =   215.81s     Checking `Expect predicate `existsNoRetry == 1` for object Any (First Match)`
    t =   215.81s         Checking existence of `Any (First Match)`
    t =   215.83s         Capturing element debug description
    t =   216.75s     Checking `Expect predicate `existsNoRetry == 1` for object Any (First Match)`
    t =   216.75s         Checking existence of `Any (First Match)`
    t =   216.77s         Capturing element debug description
    t =   217.81s     Checking `Expect predicate `existsNoRetry == 1` for object Any (First Match)`
    t =   217.81s         Checking existence of `Any (First Match)`
    t =   217.83s         Capturing element debug description
    t =   218.78s     Checking `Expect predicate `existsNoRetry == 1` for object Any (First Match)`
    t =   218.78s         Checking existence of `Any (First Match)`
    t =   218.80s         Capturing element debug description
    t =   219.74s     Checking `Expect predicate `existsNoRetry == 1` for object Any (First Match)`
    t =   219.74s         Checking existence of `Any (First Match)`
    t =   219.75s         Capturing element debug description
    t =   220.79s     Checking `Expect predicate `existsNoRetry == 1` for object Any (First Match)`
    t =   220.79s         Checking existence of `Any (First Match)`
    t =   220.81s         Capturing element debug description
    t =   221.75s     Checking `Expect predicate `existsNoRetry == 1` for object Any (First Match)`
    t =   221.75s         Checking existence of `Any (First Match)`
    t =   221.77s         Capturing element debug description
    t =   222.81s     Checking `Expect predicate `existsNoRetry == 1` for object Any (First Match)`
    t =   222.81s         Checking existence of `Any (First Match)`
    t =   222.83s         Capturing element debug description
    t =   223.76s     Checking `Expect predicate `existsNoRetry == 1` for object Any (First Match)`
    t =   223.76s         Checking existence of `Any (First Match)`
    t =   223.78s         Capturing element debug description
    t =   224.81s     Checking `Expect predicate `existsNoRetry == 1` for object Any (First Match)`
    t =   224.81s         Checking existence of `Any (First Match)`
    t =   224.83s         Capturing element debug description
    t =   225.75s     Checking `Expect predicate `existsNoRetry == 1` for object Any (First Match)`
    t =   225.75s         Checking existence of `Any (First Match)`
    t =   225.77s         Capturing element debug description
    t =   226.81s     Checking `Expect predicate `existsNoRetry == 1` for object Any (First Match)`
    t =   226.81s         Checking existence of `Any (First Match)`
    t =   226.83s         Capturing element debug description
    t =   227.74s     Checking `Expect predicate `existsNoRetry == 1` for object Any (First Match)`
    t =   227.74s         Checking existence of `Any (First Match)`
    t =   227.76s         Capturing element debug description
    t =   228.80s     Checking `Expect predicate `existsNoRetry == 1` for object Any (First Match)`
    t =   228.80s         Checking existence of `Any (First Match)`
    t =   228.83s         Capturing element debug description
    t =   229.76s     Checking `Expect predicate `existsNoRetry == 1` for object Any (First Match)`
    t =   229.76s         Checking existence of `Any (First Match)`
    t =   229.78s         Capturing element debug description
    t =   230.74s     Checking `Expect predicate `existsNoRetry == 1` for object Any (First Match)`
    t =   230.74s         Checking existence of `Any (First Match)`
    t =   230.76s         Capturing element debug description
    t =   231.79s     Checking `Expect predicate `existsNoRetry == 1` for object Any (First Match)`
    t =   231.79s         Checking existence of `Any (First Match)`
    t =   231.81s         Capturing element debug description
    t =   232.74s     Checking `Expect predicate `existsNoRetry == 1` for object Any (First Match)`
    t =   232.74s         Checking existence of `Any (First Match)`
    t =   232.76s         Capturing element debug description
    t =   233.79s     Checking `Expect predicate `existsNoRetry == 1` for object Any (First Match)`
    t =   233.79s         Checking existence of `Any (First Match)`
    t =   233.81s         Capturing element debug description
    t =   234.74s     Checking `Expect predicate `existsNoRetry == 1` for object Any (First Match)`
    t =   234.74s         Checking existence of `Any (First Match)`
    t =   234.76s         Capturing element debug description
    t =   235.79s     Checking `Expect predicate `existsNoRetry == 1` for object Any (First Match)`
    t =   235.79s         Checking existence of `Any (First Match)`
    t =   235.81s         Capturing element debug description
    t =   236.74s     Checking `Expect predicate `existsNoRetry == 1` for object Any (First Match)`
    t =   236.74s         Checking existence of `Any (First Match)`
    t =   236.76s         Capturing element debug description
    t =   237.79s     Checking `Expect predicate `existsNoRetry == 1` for object Any (First Match)`
    t =   237.79s         Checking existence of `Any (First Match)`
    t =   237.81s         Capturing element debug description
    t =   238.75s     Checking `Expect predicate `existsNoRetry == 1` for object Any (First Match)`
    t =   238.76s         Checking existence of `Any (First Match)`
    t =   238.77s         Capturing element debug description
    t =   239.79s     Checking `Expect predicate `existsNoRetry == 1` for object Any (First Match)`
    t =   239.79s         Checking existence of `Any (First Match)`
    t =   239.81s         Capturing element debug description
    t =   240.74s     Checking `Expect predicate `existsNoRetry == 1` for object Any (First Match)`
    t =   240.74s         Checking existence of `Any (First Match)`
    t =   240.76s         Capturing element debug description
    t =   241.79s     Checking `Expect predicate `existsNoRetry == 1` for object Any (First Match)`
    t =   241.79s         Checking existence of `Any (First Match)`
    t =   241.81s         Capturing element debug description
    t =   241.81s     Checking existence of `Any (First Match)`
    t =   241.82s Collecting debug information to assist test failure triage
    t =   241.82s     Requesting snapshot of accessibility hierarchy for app with pid 42120
    t =   241.86s Checking existence of `Any (First Match)`
/Users/nstudio/Documents/github/NathanWalker/token-economics/harness/perf/uidriver/InteropCaptureTests.swift:24: error: -[UIDriverUITests.InteropCaptureTests testCaptureInteropResults] : failed - no INTEROPJSON element within 240s; last status: unknown
    t =   241.90s Tear Down
Test Case '-[UIDriverUITests.InteropCaptureTests testCaptureInteropResults]' failed (242.118 seconds).
Test Suite 'InteropCaptureTests' failed at 2026-08-01 19:13:27.137.
	 Executed 1 test, with 1 failure (0 unexpected) in 242.118 (242.119) seconds
Test Suite 'UIDriverUITests.xctest' failed at 2026-08-01 19:13:27.139.
	 Executed 2 tests, with 1 failure (0 unexpected) in 436.335 (436.341) seconds
Test Suite 'All tests' failed at 2026-08-01 19:13:27.141.
	 Executed 2 tests, with 1 failure (0 unexpected) in 436.335 (436.343) seconds
2026-08-01 19:13:36.094 xcodebuild[41992:30513780] [MT] IDETestOperationsObserverDebug: 446.810 elapsed -- Testing started completed.
2026-08-01 19:13:36.094 xcodebuild[41992:30513780] [MT] IDETestOperationsObserverDebug: 0.000 sec, +0.000 sec -- start
2026-08-01 19:13:36.094 xcodebuild[41992:30513780] [MT] IDETestOperationsObserverDebug: 446.810 sec, +446.810 sec -- end

Test session results, code coverage, and logs:
	/Users/nstudio/Library/Developer/Xcode/DerivedData/UIDriver-ekqcqbpucoqmcgbikewqdmafsmmj/Logs/Test/Test-UIDriver-2026.08.01_19-06-08--0700.xcresult

Failing tests:
	InteropCaptureTests.testCaptureInteropResults()

** TEST FAILED **

Testing started
