Command line invocation:
    /Applications/Xcode.app/Contents/Developer/usr/bin/xcodebuild test -project UIDriver.xcodeproj -scheme UIDriver -destination id=7DFF2660-A10C-449E-867A-92863D91663B

--- xcodebuild: WARNING: Using the first of multiple matching destinations:
{ platform:iOS Simulator, arch:arm64, id:7DFF2660-A10C-449E-867A-92863D91663B, OS:26.5, name:iPhone 17 Pro }
{ platform:iOS Simulator, arch:x86_64, id:7DFF2660-A10C-449E-867A-92863D91663B, OS:26.5, name:iPhone 17 Pro }
ComputePackagePrebuildTargetDependencyGraph

Prepare packages

CreateBuildRequest

SendProjectDescription

CreateBuildOperation

ComputeTargetDependencyGraph
note: Building targets in dependency order
note: Target dependency graph (1 target)
    Target 'UIDriverUITests' in project 'UIDriver' (no dependencies)

GatherProvisioningInputs

CreateBuildDescription

ClangStatCache /Applications/Xcode.app/Contents/Developer/Toolchains/XcodeDefault.xctoolchain/usr/bin/clang-stat-cache /Applications/Xcode.app/Contents/Developer/Platforms/iPhoneSimulator.platform/Developer/SDKs/iPhoneSimulator26.5.sdk /Users/nstudio/Library/Developer/Xcode/DerivedData/SDKStatCaches.noindex/iphonesimulator26.5-23F73-688ef53f1462e2c8f657fdc38a81448f6cfe768891a92b912361537c460fe42b.sdkstatcache
    cd /Users/nstudio/Documents/github/NathanWalker/token-economics/harness/perf/uidriver/UIDriver.xcodeproj
    /Applications/Xcode.app/Contents/Developer/Toolchains/XcodeDefault.xctoolchain/usr/bin/clang-stat-cache /Applications/Xcode.app/Contents/Developer/Platforms/iPhoneSimulator.platform/Developer/SDKs/iPhoneSimulator26.5.sdk -o /Users/nstudio/Library/Developer/Xcode/DerivedData/SDKStatCaches.noindex/iphonesimulator26.5-23F73-688ef53f1462e2c8f657fdc38a81448f6cfe768891a92b912361537c460fe42b.sdkstatcache

ProcessInfoPlistFile /Users/nstudio/Library/Developer/Xcode/DerivedData/UIDriver-ekqcqbpucoqmcgbikewqdmafsmmj/Build/Products/Debug-iphonesimulator/UIDriverUITests-Runner.app/PlugIns/UIDriverUITests.xctest/Info.plist /Users/nstudio/Library/Developer/Xcode/DerivedData/UIDriver-ekqcqbpucoqmcgbikewqdmafsmmj/Build/Intermediates.noindex/UIDriver.build/Debug-iphonesimulator/UIDriverUITests.build/empty-UIDriverUITests.plist (in target 'UIDriverUITests' from project 'UIDriver')
    cd /Users/nstudio/Documents/github/NathanWalker/token-economics/harness/perf/uidriver
    builtin-infoPlistUtility /Users/nstudio/Library/Developer/Xcode/DerivedData/UIDriver-ekqcqbpucoqmcgbikewqdmafsmmj/Build/Intermediates.noindex/UIDriver.build/Debug-iphonesimulator/UIDriverUITests.build/empty-UIDriverUITests.plist -producttype com.apple.product-type.bundle.ui-testing -expandbuildsettings -format binary -platform iphonesimulator -additionalcontentfile /Users/nstudio/Library/Developer/Xcode/DerivedData/UIDriver-ekqcqbpucoqmcgbikewqdmafsmmj/Build/Intermediates.noindex/UIDriver.build/Debug-iphonesimulator/UIDriverUITests.build/ProductTypeInfoPlistAdditions.plist -o /Users/nstudio/Library/Developer/Xcode/DerivedData/UIDriver-ekqcqbpucoqmcgbikewqdmafsmmj/Build/Products/Debug-iphonesimulator/UIDriverUITests-Runner.app/PlugIns/UIDriverUITests.xctest/Info.plist

CopySwiftLibs /Users/nstudio/Library/Developer/Xcode/DerivedData/UIDriver-ekqcqbpucoqmcgbikewqdmafsmmj/Build/Products/Debug-iphonesimulator/UIDriverUITests-Runner.app/PlugIns/UIDriverUITests.xctest (in target 'UIDriverUITests' from project 'UIDriver')
    cd /Users/nstudio/Documents/github/NathanWalker/token-economics/harness/perf/uidriver
    builtin-swiftStdLibTool --copy --verbose --scan-executable /Users/nstudio/Library/Developer/Xcode/DerivedData/UIDriver-ekqcqbpucoqmcgbikewqdmafsmmj/Build/Products/Debug-iphonesimulator/UIDriverUITests-Runner.app/PlugIns/UIDriverUITests.xctest/UIDriverUITests --scan-folder /Users/nstudio/Library/Developer/Xcode/DerivedData/UIDriver-ekqcqbpucoqmcgbikewqdmafsmmj/Build/Products/Debug-iphonesimulator/UIDriverUITests-Runner.app/PlugIns/UIDriverUITests.xctest/Frameworks --scan-folder /Users/nstudio/Library/Developer/Xcode/DerivedData/UIDriver-ekqcqbpucoqmcgbikewqdmafsmmj/Build/Products/Debug-iphonesimulator/UIDriverUITests-Runner.app/PlugIns/UIDriverUITests.xctest/PlugIns --scan-folder /Users/nstudio/Library/Developer/Xcode/DerivedData/UIDriver-ekqcqbpucoqmcgbikewqdmafsmmj/Build/Products/Debug-iphonesimulator/UIDriverUITests-Runner.app/PlugIns/UIDriverUITests.xctest/SystemExtensions --scan-folder /Users/nstudio/Library/Developer/Xcode/DerivedData/UIDriver-ekqcqbpucoqmcgbikewqdmafsmmj/Build/Products/Debug-iphonesimulator/UIDriverUITests-Runner.app/PlugIns/UIDriverUITests.xctest/Extensions --platform iphonesimulator --toolchain /var/run/com.apple.security.cryptexd/mnt/com.apple.MobileAsset.MetalToolchain-v17.6.42.0.xRBJyY/Metal.xctoolchain --toolchain /Applications/Xcode.app/Contents/Developer/Toolchains/XcodeDefault.xctoolchain --destination /Users/nstudio/Library/Developer/Xcode/DerivedData/UIDriver-ekqcqbpucoqmcgbikewqdmafsmmj/Build/Products/Debug-iphonesimulator/UIDriverUITests-Runner.app/PlugIns/UIDriverUITests.xctest/Frameworks --strip-bitcode --scan-executable /Applications/Xcode.app/Contents/Developer/Platforms/iPhoneSimulator.platform/Developer/usr/lib/libXCTestSwiftSupport.dylib --strip-bitcode-tool /Applications/Xcode.app/Contents/Developer/Toolchains/XcodeDefault.xctoolchain/usr/bin/bitcode_strip --emit-dependency-info /Users/nstudio/Library/Developer/Xcode/DerivedData/UIDriver-ekqcqbpucoqmcgbikewqdmafsmmj/Build/Intermediates.noindex/UIDriver.build/Debug-iphonesimulator/UIDriverUITests.build/SwiftStdLibToolInputDependencies.dep --filter-for-swift-os
Ignoring --strip-bitcode because --sign was not passed

2026-08-01 18:58:25.133132-0700 UIDriverUITests-Runner[41650:30498436] [Default] Running tests...
    t =      nans Interface orientation changed to Portrait
Test Suite 'All tests' started at 2026-08-01 18:58:25.708.
Test Suite 'UIDriverUITests.xctest' started at 2026-08-01 18:58:25.709.
Test Suite 'FeatureLatencyTests' started at 2026-08-01 18:58:25.709.
Test Case '-[UIDriverUITests.FeatureLatencyTests testFeatureLatencies]' started.
    t =     0.00s Start Test at 2026-08-01 18:58:25.709
    t =     0.02s Set Up
STEP[0s]: iter 0: launch org.nativescript.nsbenchmark
    t =     0.02s Open org.nativescript.nsbenchmark
    t =     0.02s     Launch org.nativescript.nsbenchmark
    t =     0.11s         Setting up automation session
objc[41650]: Class UIAccessibilityLoaderWebShared is implemented in both /Library/Developer/CoreSimulator/Volumes/iOS_23F77/Library/Developer/CoreSimulator/Profiles/Runtimes/iOS 26.5.simruntime/Contents/Resources/RuntimeRoot/System/Library/AccessibilityBundles/WebCore.axbundle/WebCore (0x10af00310) and /Library/Developer/CoreSimulator/Volumes/iOS_23F77/Library/Developer/CoreSimulator/Profiles/Runtimes/iOS 26.5.simruntime/Contents/Resources/RuntimeRoot/System/Library/AccessibilityBundles/WebKit.axbundle/WebKit (0x10a2dc398). This may cause spurious casting failures and mysterious crashes. One of the duplicates must be removed or renamed.
    t =     0.87s         Wait for org.nativescript.nsbenchmark to idle
    t =     2.05s Checking existence of `"Health" Button`
    t =     2.09s Waiting 20.0s for "Health" Button to exist
    t =     3.11s     Checking `Expect predicate `existsNoRetry == 1` for object "Health" Button`
    t =     3.12s         Checking existence of `"Health" Button`
STEP[3s]: iter 0: nav Health
    t =     3.13s Checking existence of `"Health" Button`
    t =     3.14s Tap "Health" Button
    t =     3.14s     Wait for org.nativescript.nsbenchmark to idle
    t =     3.15s     Find the "Health" Button
    t =     3.15s     Check for interrupting elements affecting "Health" Button
    t =     3.17s     Synthesize event
    t =     3.46s     Wait for org.nativescript.nsbenchmark to idle
    t =     4.29s Waiting 10.0s for Any (First Match) to exist
    t =     5.31s     Checking `Expect predicate `existsNoRetry == 1` for object Any (First Match)`
    t =     5.31s         Checking existence of `Any (First Match)`
    t =     5.34s Checking existence of `Any (First Match)`
    t =     5.36s Find the Any (First Match)
STEP[5s]: iter 0: HK authorize
    t =     5.37s Checking existence of `"Request Access" Button`
    t =     5.38s Checking existence of `"Request Access" Button`
    t =     5.39s Find the "Request Access" Button
    t =     5.40s Tap "Request Access" Button
    t =     5.40s     Wait for org.nativescript.nsbenchmark to idle
    t =     5.40s     Find the "Request Access" Button
    t =     5.41s     Check for interrupting elements affecting "Request Access" Button
    t =     5.42s     Synthesize event
    t =     5.71s     Wait for org.nativescript.nsbenchmark to idle
    t =     5.72s Waiting 3.0s for Any (First Match) to exist
    t =     6.74s     Checking `Expect predicate `existsNoRetry == 1` for object Any (First Match)`
    t =     6.74s         Checking existence of `Any (First Match)`
    t =     6.80s Find the Any (First Match)
STEP[6s]: health sheet(app): tap 'Turn On All'
    t =     6.83s Tap "Turn On All" StaticText
    t =     6.83s     Wait for org.nativescript.nsbenchmark to idle
    t =     6.84s     Find the "Turn On All" StaticText
    t =     6.87s     Check for interrupting elements affecting "Turn On All" StaticText
    t =     6.91s     Synthesize event
    t =     7.20s     Wait for org.nativescript.nsbenchmark to idle
    t =     7.21s Waiting 2.0s for "Allow" Button to exist
    t =     8.23s     Checking `Expect predicate `existsNoRetry == 1` for object "Allow" Button`
    t =     8.23s         Checking existence of `"Allow" Button`
    t =     8.28s Find the "Allow" Button
STEP[8s]: health sheet(app): confirm 'Allow'
    t =     8.32s Tap "UIA.Health.Allow.Button" Button
    t =     8.32s     Wait for org.nativescript.nsbenchmark to idle
    t =     8.32s     Find the "UIA.Health.Allow.Button" Button
    t =     8.35s     Check for interrupting elements affecting "UIA.Health.Allow.Button" Button
    t =     8.37s     Synthesize event
    t =     8.66s     Wait for org.nativescript.nsbenchmark to idle
    t =     8.66s Waiting 15.0s for Any (First Match) to exist
    t =     9.69s     Checking `Expect predicate `existsNoRetry == 1` for object Any (First Match)`
    t =     9.69s         Checking existence of `Any (First Match)`
    t =     9.72s Checking existence of `"Health access: not requested" StaticText`
    t =     9.73s Find the "Health access: not requested" StaticText
    t =     9.74s Waiting 15.0s for Any (First Match) to exist
    t =    10.76s     Checking `Expect predicate `existsNoRetry == 1` for object Any (First Match)`
    t =    10.76s         Checking existence of `Any (First Match)`
    t =    10.78s Checking existence of `Any (First Match)`
    t =    10.80s Find the Any (First Match)
    t =    10.81s Checking existence of `"Log 500 Steps" Button`
    t =    10.82s Checking existence of `"Log 500 Steps" Button`
    t =    10.83s Find the "Log 500 Steps" Button
STEP[10s]: iter 0: log 500
    t =    10.84s Tap "Log 500 Steps" Button
    t =    10.84s     Wait for org.nativescript.nsbenchmark to idle
    t =    10.85s     Find the "Log 500 Steps" Button
    t =    10.85s     Check for interrupting elements affecting "Log 500 Steps" Button
    t =    10.87s     Synthesize event
    t =    11.16s     Wait for org.nativescript.nsbenchmark to idle
    t =    11.17s Checking existence of `"Sat Aug 1 — 21,500 steps (today)" StaticText`
    t =    11.19s Find the "Sat Aug 1 — 21,500 steps (today)" StaticText
    t =    11.27s Checking existence of `"Sat Aug 1 — 21,500 steps (today)" StaticText`
    t =    11.28s Find the "Sat Aug 1 — 21,500 steps (today)" StaticText
    t =    11.35s Checking existence of `"Sat Aug 1 — 21,500 steps (today)" StaticText`
    t =    11.37s Find the "Sat Aug 1 — 21,500 steps (today)" StaticText
    t =    11.44s Checking existence of `"Sat Aug 1 — 21,500 steps (today)" StaticText`
    t =    11.46s Find the "Sat Aug 1 — 21,500 steps (today)" StaticText
    t =    11.53s Checking existence of `"Sat Aug 1 — 21,500 steps (today)" StaticText`
    t =    11.54s Find the "Sat Aug 1 — 21,500 steps (today)" StaticText
    t =    11.61s Checking existence of `"Sat Aug 1 — 21,500 steps (today)" StaticText`
    t =    11.62s Find the "Sat Aug 1 — 21,500 steps (today)" StaticText
    t =    11.69s Checking existence of `"Sat Aug 1 — 21,500 steps (today)" StaticText`
    t =    11.71s Find the "Sat Aug 1 — 21,500 steps (today)" StaticText
    t =    11.78s Checking existence of `"Sat Aug 1 — 21,500 steps (today)" StaticText`
    t =    11.79s Find the "Sat Aug 1 — 21,500 steps (today)" StaticText
    t =    11.87s Checking existence of `"Sat Aug 1 — 21,500 steps (today)" StaticText`
    t =    11.88s Find the "Sat Aug 1 — 21,500 steps (today)" StaticText
    t =    11.95s Checking existence of `"Sat Aug 1 — 21,500 steps (today)" StaticText`
    t =    11.97s Find the "Sat Aug 1 — 21,500 steps (today)" StaticText
    t =    12.04s Checking existence of `"Sat Aug 1 — 21,500 steps (today)" StaticText`
    t =    12.05s Find the "Sat Aug 1 — 21,500 steps (today)" StaticText
    t =    12.13s Checking existence of `"Sat Aug 1 — 21,500 steps (today)" StaticText`
    t =    12.14s Find the "Sat Aug 1 — 21,500 steps (today)" StaticText
    t =    12.21s Checking existence of `"Sat Aug 1 — 21,500 steps (today)" StaticText`
    t =    12.23s Find the "Sat Aug 1 — 21,500 steps (today)" StaticText
    t =    12.30s Checking existence of `"Sat Aug 1 — 21,500 steps (today)" StaticText`
    t =    12.31s Find the "Sat Aug 1 — 21,500 steps (today)" StaticText
    t =    12.38s Checking existence of `"Sat Aug 1 — 21,500 steps (today)" StaticText`
    t =    12.40s Find the "Sat Aug 1 — 21,500 steps (today)" StaticText
    t =    12.47s Checking existence of `"Sat Aug 1 — 21,500 steps (today)" StaticText`
    t =    12.48s Find the "Sat Aug 1 — 21,500 steps (today)" StaticText
    t =    12.56s Checking existence of `"Sat Aug 1 — 21,500 steps (today)" StaticText`
    t =    12.57s Find the "Sat Aug 1 — 21,500 steps (today)" StaticText
    t =    12.64s Checking existence of `"Sat Aug 1 — 21,500 steps (today)" StaticText`
    t =    12.66s Find the "Sat Aug 1 — 21,500 steps (today)" StaticText
    t =    12.73s Checking existence of `"Sat Aug 1 — 21,500 steps (today)" StaticText`
    t =    12.74s Find the "Sat Aug 1 — 21,500 steps (today)" StaticText
    t =    12.81s Checking existence of `"Sat Aug 1 — 21,500 steps (today)" StaticText`
    t =    12.82s Find the "Sat Aug 1 — 21,500 steps (today)" StaticText
    t =    12.89s Checking existence of `"Sat Aug 1 — 21,500 steps (today)" StaticText`
    t =    12.90s Find the "Sat Aug 1 — 21,500 steps (today)" StaticText
    t =    12.97s Checking existence of `"Sat Aug 1 — 21,500 steps (today)" StaticText`
    t =    12.98s Find the "Sat Aug 1 — 21,500 steps (today)" StaticText
    t =    13.05s Checking existence of `"Sat Aug 1 — 21,500 steps (today)" StaticText`
    t =    13.06s Find the "Sat Aug 1 — 21,500 steps (today)" StaticText
    t =    13.13s Checking existence of `"Sat Aug 1 — 21,500 steps (today)" StaticText`
    t =    13.14s Find the "Sat Aug 1 — 21,500 steps (today)" StaticText
    t =    13.21s Checking existence of `"Sat Aug 1 — 21,500 steps (today)" StaticText`
    t =    13.22s Find the "Sat Aug 1 — 21,500 steps (today)" StaticText
    t =    13.29s Checking existence of `"Sat Aug 1 — 21,500 steps (today)" StaticText`
    t =    13.30s Find the "Sat Aug 1 — 21,500 steps (today)" StaticText
    t =    13.37s Checking existence of `"Sat Aug 1 — 21,500 steps (today)" StaticText`
    t =    13.38s Find the "Sat Aug 1 — 21,500 steps (today)" StaticText
    t =    13.45s Checking existence of `"Sat Aug 1 — 21,500 steps (today)" StaticText`
    t =    13.47s Find the "Sat Aug 1 — 21,500 steps (today)" StaticText
    t =    13.54s Checking existence of `"Sat Aug 1 — 21,500 steps (today)" StaticText`
    t =    13.55s Find the "Sat Aug 1 — 21,500 steps (today)" StaticText
    t =    13.62s Checking existence of `"Sat Aug 1 — 21,500 steps (today)" StaticText`
    t =    13.63s Find the "Sat Aug 1 — 21,500 steps (today)" StaticText
    t =    13.70s Checking existence of `"Sat Aug 1 — 21,500 steps (today)" StaticText`
    t =    13.72s Find the "Sat Aug 1 — 21,500 steps (today)" StaticText
    t =    13.79s Checking existence of `"Sat Aug 1 — 21,500 steps (today)" StaticText`
    t =    13.80s Find the "Sat Aug 1 — 21,500 steps (today)" StaticText
    t =    13.87s Checking existence of `"Sat Aug 1 — 21,500 steps (today)" StaticText`
    t =    13.88s Find the "Sat Aug 1 — 21,500 steps (today)" StaticText
    t =    13.95s Checking existence of `"Sat Aug 1 — 21,500 steps (today)" StaticText`
    t =    13.96s Find the "Sat Aug 1 — 21,500 steps (today)" StaticText
    t =    14.03s Checking existence of `"Sat Aug 1 — 21,500 steps (today)" StaticText`
    t =    14.05s Find the "Sat Aug 1 — 21,500 steps (today)" StaticText
    t =    14.12s Checking existence of `"Sat Aug 1 — 21,500 steps (today)" StaticText`
    t =    14.13s Find the "Sat Aug 1 — 21,500 steps (today)" StaticText
    t =    14.20s Checking existence of `"Sat Aug 1 — 21,500 steps (today)" StaticText`
    t =    14.21s Find the "Sat Aug 1 — 21,500 steps (today)" StaticText
    t =    14.28s Checking existence of `"Sat Aug 1 — 21,500 steps (today)" StaticText`
    t =    14.29s Find the "Sat Aug 1 — 21,500 steps (today)" StaticText
    t =    14.36s Checking existence of `"Sat Aug 1 — 21,500 steps (today)" StaticText`
    t =    14.38s Find the "Sat Aug 1 — 21,500 steps (today)" StaticText
    t =    14.45s Checking existence of `"Sat Aug 1 — 21,500 steps (today)" StaticText`
    t =    14.46s Find the "Sat Aug 1 — 21,500 steps (today)" StaticText
    t =    14.53s Checking existence of `"Sat Aug 1 — 21,500 steps (today)" StaticText`
    t =    14.54s Find the "Sat Aug 1 — 21,500 steps (today)" StaticText
    t =    14.61s Checking existence of `"Sat Aug 1 — 21,500 steps (today)" StaticText`
    t =    14.63s Find the "Sat Aug 1 — 21,500 steps (today)" StaticText
    t =    14.69s Checking existence of `"Sat Aug 1 — 21,500 steps (today)" StaticText`
    t =    14.71s Find the "Sat Aug 1 — 21,500 steps (today)" StaticText
    t =    14.78s Checking existence of `"Sat Aug 1 — 21,500 steps (today)" StaticText`
    t =    14.79s Find the "Sat Aug 1 — 21,500 steps (today)" StaticText
    t =    14.86s Checking existence of `"Sat Aug 1 — 21,500 steps (today)" StaticText`
    t =    14.87s Find the "Sat Aug 1 — 21,500 steps (today)" StaticText
    t =    14.94s Checking existence of `"Sat Aug 1 — 21,500 steps (today)" StaticText`
    t =    14.95s Find the "Sat Aug 1 — 21,500 steps (today)" StaticText
    t =    15.02s Checking existence of `"Sat Aug 1 — 21,500 steps (today)" StaticText`
    t =    15.04s Find the "Sat Aug 1 — 21,500 steps (today)" StaticText
    t =    15.11s Checking existence of `"Sat Aug 1 — 21,500 steps (today)" StaticText`
    t =    15.12s Find the "Sat Aug 1 — 21,500 steps (today)" StaticText
    t =    15.19s Checking existence of `"Sat Aug 1 — 21,500 steps (today)" StaticText`
    t =    15.20s Find the "Sat Aug 1 — 21,500 steps (today)" StaticText
    t =    15.27s Checking existence of `"Sat Aug 1 — 21,500 steps (today)" StaticText`
    t =    15.28s Find the "Sat Aug 1 — 21,500 steps (today)" StaticText
    t =    15.35s Checking existence of `"Sat Aug 1 — 21,500 steps (today)" StaticText`
    t =    15.37s Find the "Sat Aug 1 — 21,500 steps (today)" StaticText
    t =    15.43s Checking existence of `"Sat Aug 1 — 21,500 steps (today)" StaticText`
    t =    15.45s Find the "Sat Aug 1 — 21,500 steps (today)" StaticText
    t =    15.52s Checking existence of `"Sat Aug 1 — 21,500 steps (today)" StaticText`
    t =    15.53s Find the "Sat Aug 1 — 21,500 steps (today)" StaticText
    t =    15.60s Checking existence of `"Sat Aug 1 — 21,500 steps (today)" StaticText`
    t =    15.61s Find the "Sat Aug 1 — 21,500 steps (today)" StaticText
    t =    15.68s Checking existence of `"Sat Aug 1 — 21,500 steps (today)" StaticText`
    t =    15.69s Find the "Sat Aug 1 — 21,500 steps (today)" StaticText
    t =    15.76s Checking existence of `"Sat Aug 1 — 21,500 steps (today)" StaticText`
    t =    15.77s Find the "Sat Aug 1 — 21,500 steps (today)" StaticText
    t =    15.84s Checking existence of `"Sat Aug 1 — 21,500 steps (today)" StaticText`
    t =    15.86s Find the "Sat Aug 1 — 21,500 steps (today)" StaticText
    t =    15.93s Checking existence of `"Sat Aug 1 — 21,500 steps (today)" StaticText`
    t =    15.94s Find the "Sat Aug 1 — 21,500 steps (today)" StaticText
    t =    16.01s Checking existence of `"Sat Aug 1 — 21,500 steps (today)" StaticText`
    t =    16.02s Find the "Sat Aug 1 — 21,500 steps (today)" StaticText
    t =    16.09s Checking existence of `"Sat Aug 1 — 21,500 steps (today)" StaticText`
    t =    16.11s Find the "Sat Aug 1 — 21,500 steps (today)" StaticText
    t =    16.17s Checking existence of `"Sat Aug 1 — 21,500 steps (today)" StaticText`
    t =    16.19s Find the "Sat Aug 1 — 21,500 steps (today)" StaticText
    t =    16.26s Checking existence of `"Sat Aug 1 — 21,500 steps (today)" StaticText`
    t =    16.27s Find the "Sat Aug 1 — 21,500 steps (today)" StaticText
    t =    16.34s Checking existence of `"Sat Aug 1 — 21,500 steps (today)" StaticText`
    t =    16.35s Find the "Sat Aug 1 — 21,500 steps (today)" StaticText
    t =    16.42s Checking existence of `"Sat Aug 1 — 21,500 steps (today)" StaticText`
    t =    16.43s Find the "Sat Aug 1 — 21,500 steps (today)" StaticText
    t =    16.50s Checking existence of `"Sat Aug 1 — 21,500 steps (today)" StaticText`
    t =    16.51s Find the "Sat Aug 1 — 21,500 steps (today)" StaticText
    t =    16.58s Checking existence of `"Sat Aug 1 — 21,500 steps (today)" StaticText`
    t =    16.59s Find the "Sat Aug 1 — 21,500 steps (today)" StaticText
    t =    16.66s Checking existence of `"Sat Aug 1 — 21,500 steps (today)" StaticText`
    t =    16.67s Find the "Sat Aug 1 — 21,500 steps (today)" StaticText
    t =    16.74s Checking existence of `"Sat Aug 1 — 21,500 steps (today)" StaticText`
    t =    16.76s Find the "Sat Aug 1 — 21,500 steps (today)" StaticText
    t =    16.83s Checking existence of `"Sat Aug 1 — 21,500 steps (today)" StaticText`
    t =    16.84s Find the "Sat Aug 1 — 21,500 steps (today)" StaticText
    t =    16.91s Checking existence of `"Sat Aug 1 — 21,500 steps (today)" StaticText`
    t =    16.92s Find the "Sat Aug 1 — 21,500 steps (today)" StaticText
    t =    16.99s Checking existence of `"Sat Aug 1 — 21,500 steps (today)" StaticText`
    t =    17.00s Find the "Sat Aug 1 — 21,500 steps (today)" StaticText
    t =    17.07s Checking existence of `"Sat Aug 1 — 21,500 steps (today)" StaticText`
    t =    17.08s Find the "Sat Aug 1 — 21,500 steps (today)" StaticText
    t =    17.15s Checking existence of `"Sat Aug 1 — 21,500 steps (today)" StaticText`
    t =    17.16s Find the "Sat Aug 1 — 21,500 steps (today)" StaticText
    t =    17.23s Checking existence of `"Sat Aug 1 — 21,500 steps (today)" StaticText`
    t =    17.24s Find the "Sat Aug 1 — 21,500 steps (today)" StaticText
    t =    17.31s Checking existence of `"Sat Aug 1 — 21,500 steps (today)" StaticText`
    t =    17.33s Find the "Sat Aug 1 — 21,500 steps (today)" StaticText
    t =    17.40s Checking existence of `"Sat Aug 1 — 21,500 steps (today)" StaticText`
    t =    17.41s Find the "Sat Aug 1 — 21,500 steps (today)" StaticText
    t =    17.48s Checking existence of `"Sat Aug 1 — 21,500 steps (today)" StaticText`
    t =    17.49s Find the "Sat Aug 1 — 21,500 steps (today)" StaticText
    t =    17.56s Checking existence of `"Sat Aug 1 — 21,500 steps (today)" StaticText`
    t =    17.57s Find the "Sat Aug 1 — 21,500 steps (today)" StaticText
    t =    17.64s Checking existence of `"Sat Aug 1 — 21,500 steps (today)" StaticText`
    t =    17.65s Find the "Sat Aug 1 — 21,500 steps (today)" StaticText
    t =    17.72s Checking existence of `"Sat Aug 1 — 21,500 steps (today)" StaticText`
    t =    17.73s Find the "Sat Aug 1 — 21,500 steps (today)" StaticText
    t =    17.80s Checking existence of `"Sat Aug 1 — 21,500 steps (today)" StaticText`
    t =    17.81s Find the "Sat Aug 1 — 21,500 steps (today)" StaticText
    t =    17.88s Checking existence of `"Sat Aug 1 — 21,500 steps (today)" StaticText`
    t =    17.89s Find the "Sat Aug 1 — 21,500 steps (today)" StaticText
    t =    17.96s Checking existence of `"Sat Aug 1 — 21,500 steps (today)" StaticText`
    t =    17.98s Find the "Sat Aug 1 — 21,500 steps (today)" StaticText
    t =    18.05s Checking existence of `"Sat Aug 1 — 21,500 steps (today)" StaticText`
    t =    18.06s Find the "Sat Aug 1 — 21,500 steps (today)" StaticText
    t =    18.13s Checking existence of `"Sat Aug 1 — 21,500 steps (today)" StaticText`
    t =    18.14s Find the "Sat Aug 1 — 21,500 steps (today)" StaticText
    t =    18.21s Checking existence of `"Sat Aug 1 — 21,500 steps (today)" StaticText`
    t =    18.22s Find the "Sat Aug 1 — 21,500 steps (today)" StaticText
    t =    18.29s Checking existence of `"Sat Aug 1 — 21,500 steps (today)" StaticText`
    t =    18.30s Find the "Sat Aug 1 — 21,500 steps (today)" StaticText
    t =    18.37s Checking existence of `"Sat Aug 1 — 21,500 steps (today)" StaticText`
    t =    18.38s Find the "Sat Aug 1 — 21,500 steps (today)" StaticText
    t =    18.45s Checking existence of `"Sat Aug 1 — 21,500 steps (today)" StaticText`
    t =    18.47s Find the "Sat Aug 1 — 21,500 steps (today)" StaticText
    t =    18.54s Checking existence of `"Sat Aug 1 — 21,500 steps (today)" StaticText`
    t =    18.55s Find the "Sat Aug 1 — 21,500 steps (today)" StaticText
    t =    18.62s Checking existence of `"Sat Aug 1 — 21,500 steps (today)" StaticText`
    t =    18.63s Find the "Sat Aug 1 — 21,500 steps (today)" StaticText
    t =    18.70s Checking existence of `"Sat Aug 1 — 21,500 steps (today)" StaticText`
    t =    18.71s Find the "Sat Aug 1 — 21,500 steps (today)" StaticText
    t =    18.78s Checking existence of `"Sat Aug 1 — 21,500 steps (today)" StaticText`
    t =    18.79s Find the "Sat Aug 1 — 21,500 steps (today)" StaticText
    t =    18.86s Checking existence of `"Sat Aug 1 — 21,500 steps (today)" StaticText`
    t =    18.87s Find the "Sat Aug 1 — 21,500 steps (today)" StaticText
    t =    18.94s Checking existence of `"Sat Aug 1 — 21,500 steps (today)" StaticText`
    t =    18.96s Find the "Sat Aug 1 — 21,500 steps (today)" StaticText
    t =    19.03s Checking existence of `"Sat Aug 1 — 21,500 steps (today)" StaticText`
    t =    19.04s Find the "Sat Aug 1 — 21,500 steps (today)" StaticText
    t =    19.11s Checking existence of `"Sat Aug 1 — 21,500 steps (today)" StaticText`
    t =    19.12s Find the "Sat Aug 1 — 21,500 steps (today)" StaticText
    t =    19.19s Checking existence of `"Sat Aug 1 — 21,500 steps (today)" StaticText`
    t =    19.20s Find the "Sat Aug 1 — 21,500 steps (today)" StaticText
    t =    19.27s Checking existence of `"Sat Aug 1 — 21,500 steps (today)" StaticText`
    t =    19.29s Find the "Sat Aug 1 — 21,500 steps (today)" StaticText
    t =    19.35s Checking existence of `"Sat Aug 1 — 21,500 steps (today)" StaticText`
    t =    19.37s Find the "Sat Aug 1 — 21,500 steps (today)" StaticText
    t =    19.44s Checking existence of `"Sat Aug 1 — 21,500 steps (today)" StaticText`
    t =    19.45s Find the "Sat Aug 1 — 21,500 steps (today)" StaticText
    t =    19.52s Checking existence of `"Sat Aug 1 — 21,500 steps (today)" StaticText`
    t =    19.53s Find the "Sat Aug 1 — 21,500 steps (today)" StaticText
    t =    19.60s Checking existence of `"Sat Aug 1 — 21,500 steps (today)" StaticText`
    t =    19.61s Find the "Sat Aug 1 — 21,500 steps (today)" StaticText
    t =    19.68s Checking existence of `"Sat Aug 1 — 21,500 steps (today)" StaticText`
    t =    19.69s Find the "Sat Aug 1 — 21,500 steps (today)" StaticText
    t =    19.76s Checking existence of `"Sat Aug 1 — 21,500 steps (today)" StaticText`
    t =    19.77s Find the "Sat Aug 1 — 21,500 steps (today)" StaticText
    t =    19.84s Checking existence of `"Sat Aug 1 — 21,500 steps (today)" StaticText`
    t =    19.86s Find the "Sat Aug 1 — 21,500 steps (today)" StaticText
    t =    19.93s Checking existence of `"Sat Aug 1 — 21,500 steps (today)" StaticText`
    t =    19.94s Find the "Sat Aug 1 — 21,500 steps (today)" StaticText
    t =    20.01s Checking existence of `"Sat Aug 1 — 21,500 steps (today)" StaticText`
    t =    20.02s Find the "Sat Aug 1 — 21,500 steps (today)" StaticText
    t =    20.09s Checking existence of `"Sat Aug 1 — 21,500 steps (today)" StaticText`
    t =    20.10s Find the "Sat Aug 1 — 21,500 steps (today)" StaticText
    t =    20.17s Checking existence of `"Sat Aug 1 — 21,500 steps (today)" StaticText`
    t =    20.18s Find the "Sat Aug 1 — 21,500 steps (today)" StaticText
    t =    20.25s Checking existence of `"Sat Aug 1 — 21,500 steps (today)" StaticText`
    t =    20.26s Find the "Sat Aug 1 — 21,500 steps (today)" StaticText
    t =    20.33s Checking existence of `"Sat Aug 1 — 21,500 steps (today)" StaticText`
    t =    20.35s Find the "Sat Aug 1 — 21,500 steps (today)" StaticText
    t =    20.42s Checking existence of `"Sat Aug 1 — 21,500 steps (today)" StaticText`
    t =    20.43s Find the "Sat Aug 1 — 21,500 steps (today)" StaticText
    t =    20.50s Checking existence of `"Sat Aug 1 — 21,500 steps (today)" StaticText`
    t =    20.51s Find the "Sat Aug 1 — 21,500 steps (today)" StaticText
    t =    20.58s Checking existence of `"Sat Aug 1 — 21,500 steps (today)" StaticText`
    t =    20.59s Find the "Sat Aug 1 — 21,500 steps (today)" StaticText
    t =    20.66s Checking existence of `"Sat Aug 1 — 21,500 steps (today)" StaticText`
    t =    20.67s Find the "Sat Aug 1 — 21,500 steps (today)" StaticText
    t =    20.74s Checking existence of `"Sat Aug 1 — 21,500 steps (today)" StaticText`
    t =    20.76s Find the "Sat Aug 1 — 21,500 steps (today)" StaticText
    t =    20.82s Checking existence of `"Sat Aug 1 — 21,500 steps (today)" StaticText`
    t =    20.84s Find the "Sat Aug 1 — 21,500 steps (today)" StaticText
    t =    20.91s Checking existence of `"Sat Aug 1 — 21,500 steps (today)" StaticText`
    t =    20.92s Find the "Sat Aug 1 — 21,500 steps (today)" StaticText
    t =    20.99s Checking existence of `"Sat Aug 1 — 21,500 steps (today)" StaticText`
    t =    21.00s Find the "Sat Aug 1 — 21,500 steps (today)" StaticText
    t =    21.07s Checking existence of `"Sat Aug 1 — 21,500 steps (today)" StaticText`
    t =    21.08s Find the "Sat Aug 1 — 21,500 steps (today)" StaticText
    t =    21.15s Checking existence of `"Sat Aug 1 — 21,500 steps (today)" StaticText`
    t =    21.16s Find the "Sat Aug 1 — 21,500 steps (today)" StaticText
    t =    21.23s Checking existence of `"Sat Aug 1 — 21,500 steps (today)" StaticText`
    t =    21.25s Find the "Sat Aug 1 — 21,500 steps (today)" StaticText
    t =    21.32s Checking existence of `"Sat Aug 1 — 21,500 steps (today)" StaticText`
    t =    21.33s Find the "Sat Aug 1 — 21,500 steps (today)" StaticText
    t =    21.40s Checking existence of `"Sat Aug 1 — 21,500 steps (today)" StaticText`
    t =    21.41s Find the "Sat Aug 1 — 21,500 steps (today)" StaticText
    t =    21.48s Checking existence of `"Sat Aug 1 — 21,500 steps (today)" StaticText`
    t =    21.49s Find the "Sat Aug 1 — 21,500 steps (today)" StaticText
    t =    21.56s Checking existence of `"Sat Aug 1 — 21,500 steps (today)" StaticText`
    t =    21.57s Find the "Sat Aug 1 — 21,500 steps (today)" StaticText
    t =    21.64s Checking existence of `"Sat Aug 1 — 21,500 steps (today)" StaticText`
    t =    21.65s Find the "Sat Aug 1 — 21,500 steps (today)" StaticText
    t =    21.72s Checking existence of `"Sat Aug 1 — 21,500 steps (today)" StaticText`
    t =    21.74s Find the "Sat Aug 1 — 21,500 steps (today)" StaticText
    t =    21.80s Checking existence of `"Sat Aug 1 — 21,500 steps (today)" StaticText`
    t =    21.82s Find the "Sat Aug 1 — 21,500 steps (today)" StaticText
    t =    21.89s Checking existence of `"Sat Aug 1 — 21,500 steps (today)" StaticText`
    t =    21.90s Find the "Sat Aug 1 — 21,500 steps (today)" StaticText
    t =    21.97s Checking existence of `"Sat Aug 1 — 21,500 steps (today)" StaticText`
    t =    21.98s Find the "Sat Aug 1 — 21,500 steps (today)" StaticText
    t =    22.05s Checking existence of `"Sat Aug 1 — 21,500 steps (today)" StaticText`
    t =    22.06s Find the "Sat Aug 1 — 21,500 steps (today)" StaticText
    t =    22.13s Checking existence of `"Sat Aug 1 — 21,500 steps (today)" StaticText`
    t =    22.14s Find the "Sat Aug 1 — 21,500 steps (today)" StaticText
    t =    22.21s Checking existence of `"Sat Aug 1 — 21,500 steps (today)" StaticText`
    t =    22.22s Find the "Sat Aug 1 — 21,500 steps (today)" StaticText
    t =    22.29s Checking existence of `"Sat Aug 1 — 21,500 steps (today)" StaticText`
    t =    22.31s Find the "Sat Aug 1 — 21,500 steps (today)" StaticText
    t =    22.37s Checking existence of `"Sat Aug 1 — 21,500 steps (today)" StaticText`
    t =    22.38s Find the "Sat Aug 1 — 21,500 steps (today)" StaticText
    t =    22.45s Checking existence of `"Sat Aug 1 — 21,500 steps (today)" StaticText`
    t =    22.47s Find the "Sat Aug 1 — 21,500 steps (today)" StaticText
    t =    22.53s Checking existence of `"Sat Aug 1 — 21,500 steps (today)" StaticText`
    t =    22.54s Find the "Sat Aug 1 — 21,500 steps (today)" StaticText
    t =    22.61s Checking existence of `"Sat Aug 1 — 21,500 steps (today)" StaticText`
    t =    22.63s Find the "Sat Aug 1 — 21,500 steps (today)" StaticText
    t =    22.70s Checking existence of `"Sat Aug 1 — 21,500 steps (today)" StaticText`
    t =    22.71s Find the "Sat Aug 1 — 21,500 steps (today)" StaticText
    t =    22.78s Checking existence of `"Sat Aug 1 — 21,500 steps (today)" StaticText`
    t =    22.79s Find the "Sat Aug 1 — 21,500 steps (today)" StaticText
    t =    22.86s Checking existence of `"Sat Aug 1 — 21,500 steps (today)" StaticText`
    t =    22.87s Find the "Sat Aug 1 — 21,500 steps (today)" StaticText
    t =    22.94s Checking existence of `"Sat Aug 1 — 21,500 steps (today)" StaticText`
    t =    22.95s Find the "Sat Aug 1 — 21,500 steps (today)" StaticText
    t =    23.02s Checking existence of `"Sat Aug 1 — 21,500 steps (today)" StaticText`
    t =    23.03s Find the "Sat Aug 1 — 21,500 steps (today)" StaticText
    t =    23.10s Checking existence of `"Sat Aug 1 — 21,500 steps (today)" StaticText`
    t =    23.11s Find the "Sat Aug 1 — 21,500 steps (today)" StaticText
    t =    23.18s Checking existence of `"Sat Aug 1 — 21,500 steps (today)" StaticText`
    t =    23.19s Find the "Sat Aug 1 — 21,500 steps (today)" StaticText
    t =    23.26s Checking existence of `"Sat Aug 1 — 21,500 steps (today)" StaticText`
    t =    23.27s Find the "Sat Aug 1 — 21,500 steps (today)" StaticText
    t =    23.34s Checking existence of `"Sat Aug 1 — 21,500 steps (today)" StaticText`
    t =    23.35s Find the "Sat Aug 1 — 21,500 steps (today)" StaticText
    t =    23.42s Checking existence of `"Sat Aug 1 — 21,500 steps (today)" StaticText`
    t =    23.43s Find the "Sat Aug 1 — 21,500 steps (today)" StaticText
    t =    23.50s Checking existence of `"Sat Aug 1 — 21,500 steps (today)" StaticText`
    t =    23.51s Find the "Sat Aug 1 — 21,500 steps (today)" StaticText
    t =    23.58s Checking existence of `"Sat Aug 1 — 21,500 steps (today)" StaticText`
    t =    23.59s Find the "Sat Aug 1 — 21,500 steps (today)" StaticText
    t =    23.66s Checking existence of `"Sat Aug 1 — 21,500 steps (today)" StaticText`
    t =    23.67s Find the "Sat Aug 1 — 21,500 steps (today)" StaticText
    t =    23.74s Checking existence of `"Sat Aug 1 — 21,500 steps (today)" StaticText`
    t =    23.75s Find the "Sat Aug 1 — 21,500 steps (today)" StaticText
    t =    23.82s Checking existence of `"Sat Aug 1 — 21,500 steps (today)" StaticText`
    t =    23.83s Find the "Sat Aug 1 — 21,500 steps (today)" StaticText
    t =    23.90s Checking existence of `"Sat Aug 1 — 21,500 steps (today)" StaticText`
    t =    23.92s Find the "Sat Aug 1 — 21,500 steps (today)" StaticText
    t =    23.98s Checking existence of `"Sat Aug 1 — 21,500 steps (today)" StaticText`
    t =    24.00s Find the "Sat Aug 1 — 21,500 steps (today)" StaticText
    t =    24.07s Checking existence of `"Sat Aug 1 — 21,500 steps (today)" StaticText`
    t =    24.08s Find the "Sat Aug 1 — 21,500 steps (today)" StaticText
    t =    24.15s Checking existence of `"Sat Aug 1 — 21,500 steps (today)" StaticText`
    t =    24.16s Find the "Sat Aug 1 — 21,500 steps (today)" StaticText
    t =    24.23s Checking existence of `"Sat Aug 1 — 21,500 steps (today)" StaticText`
    t =    24.24s Find the "Sat Aug 1 — 21,500 steps (today)" StaticText
    t =    24.31s Checking existence of `"Sat Aug 1 — 21,500 steps (today)" StaticText`
    t =    24.32s Find the "Sat Aug 1 — 21,500 steps (today)" StaticText
    t =    24.39s Checking existence of `"Sat Aug 1 — 21,500 steps (today)" StaticText`
    t =    24.40s Find the "Sat Aug 1 — 21,500 steps (today)" StaticText
    t =    24.47s Checking existence of `"Sat Aug 1 — 21,500 steps (today)" StaticText`
    t =    24.48s Find the "Sat Aug 1 — 21,500 steps (today)" StaticText
    t =    24.55s Checking existence of `"Sat Aug 1 — 21,500 steps (today)" StaticText`
    t =    24.56s Find the "Sat Aug 1 — 21,500 steps (today)" StaticText
    t =    24.63s Checking existence of `"Sat Aug 1 — 21,500 steps (today)" StaticText`
    t =    24.64s Find the "Sat Aug 1 — 21,500 steps (today)" StaticText
    t =    24.71s Checking existence of `"Sat Aug 1 — 21,500 steps (today)" StaticText`
    t =    24.72s Find the "Sat Aug 1 — 21,500 steps (today)" StaticText
    t =    24.79s Checking existence of `"Sat Aug 1 — 21,500 steps (today)" StaticText`
    t =    24.81s Find the "Sat Aug 1 — 21,500 steps (today)" StaticText
    t =    24.87s Checking existence of `"Sat Aug 1 — 21,500 steps (today)" StaticText`
    t =    24.89s Find the "Sat Aug 1 — 21,500 steps (today)" StaticText
    t =    24.96s Checking existence of `"Sat Aug 1 — 21,500 steps (today)" StaticText`
    t =    24.97s Find the "Sat Aug 1 — 21,500 steps (today)" StaticText
    t =    25.04s Checking existence of `"Sat Aug 1 — 21,500 steps (today)" StaticText`
    t =    25.05s Find the "Sat Aug 1 — 21,500 steps (today)" StaticText
    t =    25.12s Checking existence of `"Sat Aug 1 — 21,500 steps (today)" StaticText`
    t =    25.13s Find the "Sat Aug 1 — 21,500 steps (today)" StaticText
    t =    25.20s Checking existence of `"Sat Aug 1 — 21,500 steps (today)" StaticText`
    t =    25.21s Find the "Sat Aug 1 — 21,500 steps (today)" StaticText
    t =    25.28s Checking existence of `"Sat Aug 1 — 21,500 steps (today)" StaticText`
    t =    25.29s Find the "Sat Aug 1 — 21,500 steps (today)" StaticText
    t =    25.36s Checking existence of `"Sat Aug 1 — 21,500 steps (today)" StaticText`
    t =    25.38s Find the "Sat Aug 1 — 21,500 steps (today)" StaticText
    t =    25.45s Checking existence of `"Sat Aug 1 — 21,500 steps (today)" StaticText`
    t =    25.46s Find the "Sat Aug 1 — 21,500 steps (today)" StaticText
    t =    25.53s Checking existence of `"Sat Aug 1 — 21,500 steps (today)" StaticText`
    t =    25.54s Find the "Sat Aug 1 — 21,500 steps (today)" StaticText
    t =    25.61s Checking existence of `"Sat Aug 1 — 21,500 steps (today)" StaticText`
    t =    25.62s Find the "Sat Aug 1 — 21,500 steps (today)" StaticText
    t =    25.69s Checking existence of `"Sat Aug 1 — 21,500 steps (today)" StaticText`
    t =    25.70s Find the "Sat Aug 1 — 21,500 steps (today)" StaticText
    t =    25.77s Checking existence of `"Sat Aug 1 — 21,500 steps (today)" StaticText`
    t =    25.78s Find the "Sat Aug 1 — 21,500 steps (today)" StaticText
    t =    25.85s Checking existence of `"Sat Aug 1 — 21,500 steps (today)" StaticText`
    t =    25.87s Find the "Sat Aug 1 — 21,500 steps (today)" StaticText
    t =    25.93s Checking existence of `"Sat Aug 1 — 21,500 steps (today)" StaticText`
    t =    25.95s Find the "Sat Aug 1 — 21,500 steps (today)" StaticText
    t =    26.02s Checking existence of `"Sat Aug 1 — 21,500 steps (today)" StaticText`
    t =    26.03s Find the "Sat Aug 1 — 21,500 steps (today)" StaticText
    t =    26.10s Checking existence of `"Sat Aug 1 — 21,500 steps (today)" StaticText`
    t =    26.11s Find the "Sat Aug 1 — 21,500 steps (today)" StaticText
STEP[26s]: iter 0: go home
    t =    26.18s Checking existence of `"Transcribe" Button`
    t =    26.19s Checking existence of `"Health" Button`
    t =    26.21s Checking existence of `Any (First Match)`
    t =    26.22s Checking existence of `Button (Element at index 0)`
    t =    26.23s Find the Button (Element at index 0)
STEP[26s]: goHome: tapping candidate 0
    t =    26.25s Tap "BackButton" Button
    t =    26.25s     Wait for org.nativescript.nsbenchmark to idle
    t =    26.25s     Find the "BackButton" Button
    t =    26.26s     Check for interrupting elements affecting "BackButton" Button
    t =    26.27s     Synthesize event
    t =    26.56s     Wait for org.nativescript.nsbenchmark to idle
    t =    26.88s Checking existence of `"Transcribe" Button`
    t =    26.89s Waiting 3.0s for "Transcribe" Button to exist
    t =    27.89s     Checking `Expect predicate `existsNoRetry == 1` for object "Transcribe" Button`
    t =    27.90s         Checking existence of `"Transcribe" Button`
STEP[27s]: iter 0: nav Transcribe
    t =    27.92s Checking existence of `"Transcribe" Button`
    t =    27.93s Tap "Transcribe" Button
    t =    27.93s     Wait for org.nativescript.nsbenchmark to idle
    t =    27.93s     Find the "Transcribe" Button
    t =    27.94s     Check for interrupting elements affecting "Transcribe" Button
    t =    27.95s     Synthesize event
    t =    28.24s     Wait for org.nativescript.nsbenchmark to idle
    t =    29.02s Waiting 10.0s for Any (First Match) to exist
    t =    30.05s     Checking `Expect predicate `existsNoRetry == 1` for object Any (First Match)`
    t =    30.05s         Checking existence of `Any (First Match)`
    t =    30.07s Checking existence of `Any (First Match)`
    t =    30.08s Find the Any (First Match)
STEP[30s]: iter 0: speech authorize
    t =    30.09s Checking existence of `"Request Access" Button`
    t =    30.10s Checking existence of `"Request Access" Button`
    t =    30.11s Find the "Request Access" Button
    t =    30.13s Tap "Request Access" Button
    t =    30.13s     Wait for org.nativescript.nsbenchmark to idle
    t =    30.13s     Find the "Request Access" Button
    t =    30.14s     Check for interrupting elements affecting "Request Access" Button
    t =    30.15s     Synthesize event
    t =    30.44s     Wait for org.nativescript.nsbenchmark to idle
    t =    30.44s Waiting 3.0s for "Allow" Button to exist
    t =    31.46s     Checking `Expect predicate `existsNoRetry == 1` for object "Allow" Button`
    t =    31.46s         Checking existence of `"Allow" Button`
STEP[31s]: system alert: 'Allow'
    t =    31.50s Tap "Allow" Button
    t =    31.50s     Wait for com.apple.springboard to idle
    t =    31.50s     Find the "Allow" Button
    t =    31.52s     Check for interrupting elements affecting "Allow" Button
    t =    31.55s     Synthesize event
    t =    31.84s     Wait for com.apple.springboard to idle
    t =    32.09s Waiting 15.0s for Any (First Match) to exist
    t =    33.11s     Checking `Expect predicate `existsNoRetry == 1` for object Any (First Match)`
    t =    33.11s         Checking existence of `Any (First Match)`
    t =    33.14s Checking existence of `"Speech access: not requested" StaticText`
    t =    33.15s Find the "Speech access: not requested" StaticText
    t =    33.16s Checking existence of `"Transcribe Sample" Button`
    t =    33.17s Checking existence of `"Transcribe Sample" Button`
    t =    33.18s Find the "Transcribe Sample" Button
STEP[33s]: iter 0: transcribe
    t =    33.20s Tap "Transcribe Sample" Button
    t =    33.20s     Wait for org.nativescript.nsbenchmark to idle
    t =    33.20s     Find the "Transcribe Sample" Button
    t =    33.21s     Check for interrupting elements affecting "Transcribe Sample" Button
    t =    33.22s     Synthesize event
    t =    33.50s     Wait for org.nativescript.nsbenchmark to idle
    t =    33.50s Waiting 45.0s for Any (First Match) to exist
    t =    34.52s     Checking `Expect predicate `existsNoRetry == 1` for object Any (First Match)`
    t =    34.52s         Checking existence of `Any (First Match)`
    t =    34.55s         Capturing element debug description
    t =    35.58s     Checking `Expect predicate `existsNoRetry == 1` for object Any (First Match)`
    t =    35.58s         Checking existence of `Any (First Match)`
    t =    35.61s         Capturing element debug description
    t =    36.51s     Checking `Expect predicate `existsNoRetry == 1` for object Any (First Match)`
    t =    36.51s         Checking existence of `Any (First Match)`
    t =    36.54s         Capturing element debug description
    t =    37.54s     Checking `Expect predicate `existsNoRetry == 1` for object Any (First Match)`
    t =    37.54s         Checking existence of `Any (First Match)`
    t =    37.57s         Capturing element debug description
    t =    38.58s     Checking `Expect predicate `existsNoRetry == 1` for object Any (First Match)`
    t =    38.58s         Checking existence of `Any (First Match)`
    t =    38.61s         Capturing element debug description
    t =    39.51s     Checking `Expect predicate `existsNoRetry == 1` for object Any (First Match)`
    t =    39.51s         Checking existence of `Any (First Match)`
    t =    39.54s         Capturing element debug description
    t =    40.53s     Checking `Expect predicate `existsNoRetry == 1` for object Any (First Match)`
    t =    40.53s         Checking existence of `Any (First Match)`
    t =    40.56s         Capturing element debug description
    t =    41.58s     Checking `Expect predicate `existsNoRetry == 1` for object Any (First Match)`
    t =    41.58s         Checking existence of `Any (First Match)`
    t =    41.61s         Capturing element debug description
    t =    42.51s     Checking `Expect predicate `existsNoRetry == 1` for object Any (First Match)`
    t =    42.51s         Checking existence of `Any (First Match)`
    t =    42.54s         Capturing element debug description
    t =    43.54s     Checking `Expect predicate `existsNoRetry == 1` for object Any (First Match)`
    t =    43.54s         Checking existence of `Any (First Match)`
    t =    43.55s         Capturing element debug description
    t =    44.55s     Checking `Expect predicate `existsNoRetry == 1` for object Any (First Match)`
    t =    44.55s         Checking existence of `Any (First Match)`
    t =    44.58s         Capturing element debug description
    t =    45.58s     Checking `Expect predicate `existsNoRetry == 1` for object Any (First Match)`
    t =    45.59s         Checking existence of `Any (First Match)`
    t =    45.61s         Capturing element debug description
    t =    46.52s     Checking `Expect predicate `existsNoRetry == 1` for object Any (First Match)`
    t =    46.53s         Checking existence of `Any (First Match)`
    t =    46.55s         Capturing element debug description
    t =    47.56s     Checking `Expect predicate `existsNoRetry == 1` for object Any (First Match)`
    t =    47.57s         Checking existence of `Any (First Match)`
    t =    47.59s         Capturing element debug description
    t =    48.60s     Checking `Expect predicate `existsNoRetry == 1` for object Any (First Match)`
    t =    48.60s         Checking existence of `Any (First Match)`
    t =    48.63s         Capturing element debug description
    t =    49.53s     Checking `Expect predicate `existsNoRetry == 1` for object Any (First Match)`
    t =    49.53s         Checking existence of `Any (First Match)`
    t =    49.56s         Capturing element debug description
    t =    50.55s     Checking `Expect predicate `existsNoRetry == 1` for object Any (First Match)`
    t =    50.56s         Checking existence of `Any (First Match)`
    t =    50.58s         Capturing element debug description
    t =    51.60s     Checking `Expect predicate `existsNoRetry == 1` for object Any (First Match)`
    t =    51.60s         Checking existence of `Any (First Match)`
    t =    51.62s         Capturing element debug description
    t =    52.53s     Checking `Expect predicate `existsNoRetry == 1` for object Any (First Match)`
    t =    52.53s         Checking existence of `Any (First Match)`
    t =    52.56s         Capturing element debug description
    t =    53.56s     Checking `Expect predicate `existsNoRetry == 1` for object Any (First Match)`
    t =    53.56s         Checking existence of `Any (First Match)`
    t =    53.57s         Capturing element debug description
    t =    54.58s     Checking `Expect predicate `existsNoRetry == 1` for object Any (First Match)`
    t =    54.58s         Checking existence of `Any (First Match)`
    t =    54.61s         Capturing element debug description
    t =    55.51s     Checking `Expect predicate `existsNoRetry == 1` for object Any (First Match)`
    t =    55.51s         Checking existence of `Any (First Match)`
    t =    55.54s         Capturing element debug description
    t =    56.54s     Checking `Expect predicate `existsNoRetry == 1` for object Any (First Match)`
    t =    56.54s         Checking existence of `Any (First Match)`
    t =    56.57s         Capturing element debug description
    t =    57.58s     Checking `Expect predicate `existsNoRetry == 1` for object Any (First Match)`
    t =    57.59s         Checking existence of `Any (First Match)`
    t =    57.61s         Capturing element debug description
    t =    58.53s     Checking `Expect predicate `existsNoRetry == 1` for object Any (First Match)`
    t =    58.53s         Checking existence of `Any (First Match)`
    t =    58.56s         Capturing element debug description
    t =    59.60s     Checking `Expect predicate `existsNoRetry == 1` for object Any (First Match)`
    t =    59.60s         Checking existence of `Any (First Match)`
    t =    59.63s         Capturing element debug description
    t =    60.53s     Checking `Expect predicate `existsNoRetry == 1` for object Any (First Match)`
    t =    60.53s         Checking existence of `Any (First Match)`
    t =    60.56s         Capturing element debug description
    t =    61.58s     Checking `Expect predicate `existsNoRetry == 1` for object Any (First Match)`
    t =    61.58s         Checking existence of `Any (First Match)`
    t =    61.61s         Capturing element debug description
    t =    62.53s     Checking `Expect predicate `existsNoRetry == 1` for object Any (First Match)`
    t =    62.54s         Checking existence of `Any (First Match)`
    t =    62.57s         Capturing element debug description
    t =    63.58s     Checking `Expect predicate `existsNoRetry == 1` for object Any (First Match)`
    t =    63.58s         Checking existence of `Any (First Match)`
    t =    63.61s         Capturing element debug description
    t =    64.51s     Checking `Expect predicate `existsNoRetry == 1` for object Any (First Match)`
    t =    64.51s         Checking existence of `Any (First Match)`
    t =    64.54s         Capturing element debug description
    t =    65.54s     Checking `Expect predicate `existsNoRetry == 1` for object Any (First Match)`
    t =    65.54s         Checking existence of `Any (First Match)`
    t =    65.57s         Capturing element debug description
    t =    66.58s     Checking `Expect predicate `existsNoRetry == 1` for object Any (First Match)`
    t =    66.58s         Checking existence of `Any (First Match)`
    t =    66.61s         Capturing element debug description
    t =    67.51s     Checking `Expect predicate `existsNoRetry == 1` for object Any (First Match)`
    t =    67.51s         Checking existence of `Any (First Match)`
    t =    67.54s         Capturing element debug description
    t =    68.55s     Checking `Expect predicate `existsNoRetry == 1` for object Any (First Match)`
    t =    68.55s         Checking existence of `Any (First Match)`
    t =    68.58s         Capturing element debug description
    t =    69.51s     Checking `Expect predicate `existsNoRetry == 1` for object Any (First Match)`
    t =    69.51s         Checking existence of `Any (First Match)`
    t =    69.54s         Capturing element debug description
    t =    70.55s     Checking `Expect predicate `existsNoRetry == 1` for object Any (First Match)`
    t =    70.55s         Checking existence of `Any (First Match)`
    t =    70.58s         Capturing element debug description
    t =    71.60s     Checking `Expect predicate `existsNoRetry == 1` for object Any (First Match)`
    t =    71.60s         Checking existence of `Any (First Match)`
    t =    71.63s         Capturing element debug description
    t =    72.51s     Checking `Expect predicate `existsNoRetry == 1` for object Any (First Match)`
    t =    72.51s         Checking existence of `Any (First Match)`
    t =    72.54s         Capturing element debug description
    t =    73.56s     Checking `Expect predicate `existsNoRetry == 1` for object Any (First Match)`
    t =    73.57s         Checking existence of `Any (First Match)`
    t =    73.59s         Capturing element debug description
    t =    74.51s     Checking `Expect predicate `existsNoRetry == 1` for object Any (First Match)`
    t =    74.51s         Checking existence of `Any (First Match)`
    t =    74.54s         Capturing element debug description
    t =    75.55s     Checking `Expect predicate `existsNoRetry == 1` for object Any (First Match)`
    t =    75.55s         Checking existence of `Any (First Match)`
    t =    75.58s         Capturing element debug description
    t =    76.60s     Checking `Expect predicate `existsNoRetry == 1` for object Any (First Match)`
    t =    76.60s         Checking existence of `Any (First Match)`
    t =    76.63s         Capturing element debug description
    t =    77.53s     Checking `Expect predicate `existsNoRetry == 1` for object Any (First Match)`
    t =    77.53s         Checking existence of `Any (First Match)`
    t =    77.56s         Capturing element debug description
    t =    78.52s     Checking `Expect predicate `existsNoRetry == 1` for object Any (First Match)`
    t =    78.52s         Checking existence of `Any (First Match)`
    t =    78.55s         Capturing element debug description
    t =    78.55s     Checking existence of `Any (First Match)`
    t =    78.57s Collecting debug information to assist test failure triage
    t =    78.57s     Requesting snapshot of accessibility hierarchy for app with pid 41654
    t =    78.59s Checking existence of `Any (First Match)`
    t =    78.60s Checking existence of `Any (First Match)`
    t =    78.61s Checking existence of `Any (First Match)`
    t =    78.62s Find the Any (First Match)
STEP[78s]: iter 0: done
    t =    78.63s Terminate org.nativescript.nsbenchmark:41654
STEP[79s]: iter 1: launch org.nativescript.nsbenchmark
    t =    79.65s Open org.nativescript.nsbenchmark
    t =    79.65s     Launch org.nativescript.nsbenchmark
    t =    79.76s         Setting up automation session
    t =    80.35s         Wait for org.nativescript.nsbenchmark to idle
    t =    81.52s Checking existence of `"Health" Button`
    t =    81.55s Waiting 20.0s for "Health" Button to exist
    t =    82.57s     Checking `Expect predicate `existsNoRetry == 1` for object "Health" Button`
    t =    82.57s         Checking existence of `"Health" Button`
STEP[82s]: iter 1: nav Health
    t =    82.58s Checking existence of `"Health" Button`
    t =    82.59s Tap "Health" Button
    t =    82.59s     Wait for org.nativescript.nsbenchmark to idle
    t =    82.60s     Find the "Health" Button
    t =    82.60s     Check for interrupting elements affecting "Health" Button
    t =    82.62s     Synthesize event
    t =    82.91s     Wait for org.nativescript.nsbenchmark to idle
    t =    83.74s Waiting 10.0s for Any (First Match) to exist
    t =    84.76s     Checking `Expect predicate `existsNoRetry == 1` for object Any (First Match)`
    t =    84.76s         Checking existence of `Any (First Match)`
    t =    84.79s Checking existence of `Any (First Match)`
    t =    84.80s Find the Any (First Match)
    t =    84.81s Checking existence of `"Health access: granted" StaticText`
    t =    84.82s Find the "Health access: granted" StaticText
    t =    84.83s Waiting 15.0s for Any (First Match) to exist
    t =    85.86s     Checking `Expect predicate `existsNoRetry == 1` for object Any (First Match)`
    t =    85.86s         Checking existence of `Any (First Match)`
    t =    85.89s Checking existence of `Any (First Match)`
    t =    85.91s Find the Any (First Match)
    t =    85.92s Checking existence of `"Log 500 Steps" Button`
    t =    85.93s Checking existence of `"Log 500 Steps" Button`
    t =    85.94s Find the "Log 500 Steps" Button
STEP[85s]: iter 1: log 500
    t =    85.95s Tap "Log 500 Steps" Button
    t =    85.95s     Wait for org.nativescript.nsbenchmark to idle
    t =    85.95s     Find the "Log 500 Steps" Button
    t =    85.96s     Check for interrupting elements affecting "Log 500 Steps" Button
    t =    85.98s     Synthesize event
    t =    86.27s     Wait for org.nativescript.nsbenchmark to idle
    t =    86.28s Checking existence of `"Sat Aug 1 — 21,500 steps (today)" StaticText`
    t =    86.30s Find the "Sat Aug 1 — 21,500 steps (today)" StaticText
    t =    86.37s Checking existence of `"Sat Aug 1 — 21,500 steps (today)" StaticText`
    t =    86.38s Find the "Sat Aug 1 — 21,500 steps (today)" StaticText
    t =    86.45s Checking existence of `"Sat Aug 1 — 21,500 steps (today)" StaticText`
    t =    86.47s Find the "Sat Aug 1 — 21,500 steps (today)" StaticText
    t =    86.53s Checking existence of `"Sat Aug 1 — 21,500 steps (today)" StaticText`
    t =    86.54s Find the "Sat Aug 1 — 21,500 steps (today)" StaticText
    t =    86.61s Checking existence of `"Sat Aug 1 — 21,500 steps (today)" StaticText`
    t =    86.63s Find the "Sat Aug 1 — 21,500 steps (today)" StaticText
    t =    86.70s Checking existence of `"Sat Aug 1 — 21,500 steps (today)" StaticText`
    t =    86.71s Find the "Sat Aug 1 — 21,500 steps (today)" StaticText
    t =    86.78s Checking existence of `"Sat Aug 1 — 21,500 steps (today)" StaticText`
    t =    86.79s Find the "Sat Aug 1 — 21,500 steps (today)" StaticText
    t =    86.86s Checking existence of `"Sat Aug 1 — 21,500 steps (today)" StaticText`
    t =    86.87s Find the "Sat Aug 1 — 21,500 steps (today)" StaticText
    t =    86.94s Checking existence of `"Sat Aug 1 — 21,500 steps (today)" StaticText`
    t =    86.95s Find the "Sat Aug 1 — 21,500 steps (today)" StaticText
    t =    87.02s Checking existence of `"Sat Aug 1 — 21,500 steps (today)" StaticText`
    t =    87.04s Find the "Sat Aug 1 — 21,500 steps (today)" StaticText
    t =    87.11s Checking existence of `"Sat Aug 1 — 21,500 steps (today)" StaticText`
    t =    87.12s Find the "Sat Aug 1 — 21,500 steps (today)" StaticText
    t =    87.19s Checking existence of `"Sat Aug 1 — 21,500 steps (today)" StaticText`
    t =    87.20s Find the "Sat Aug 1 — 21,500 steps (today)" StaticText
    t =    87.27s Checking existence of `"Sat Aug 1 — 21,500 steps (today)" StaticText`
    t =    87.28s Find the "Sat Aug 1 — 21,500 steps (today)" StaticText
    t =    87.35s Checking existence of `"Sat Aug 1 — 21,500 steps (today)" StaticText`
    t =    87.36s Find the "Sat Aug 1 — 21,500 steps (today)" StaticText
    t =    87.43s Checking existence of `"Sat Aug 1 — 21,500 steps (today)" StaticText`
    t =    87.45s Find the "Sat Aug 1 — 21,500 steps (today)" StaticText
    t =    87.52s Checking existence of `"Sat Aug 1 — 21,500 steps (today)" StaticText`
    t =    87.53s Find the "Sat Aug 1 — 21,500 steps (today)" StaticText
    t =    87.60s Checking existence of `"Sat Aug 1 — 21,500 steps (today)" StaticText`
    t =    87.61s Find the "Sat Aug 1 — 21,500 steps (today)" StaticText
    t =    87.68s Checking existence of `"Sat Aug 1 — 21,500 steps (today)" StaticText`
    t =    87.69s Find the "Sat Aug 1 — 21,500 steps (today)" StaticText
    t =    87.76s Checking existence of `"Sat Aug 1 — 21,500 steps (today)" StaticText`
    t =    87.77s Find the "Sat Aug 1 — 21,500 steps (today)" StaticText
    t =    87.84s Checking existence of `"Sat Aug 1 — 21,500 steps (today)" StaticText`
    t =    87.85s Find the "Sat Aug 1 — 21,500 steps (today)" StaticText
    t =    87.92s Checking existence of `"Sat Aug 1 — 21,500 steps (today)" StaticText`
    t =    87.93s Find the "Sat Aug 1 — 21,500 steps (today)" StaticText
    t =    88.00s Checking existence of `"Sat Aug 1 — 21,500 steps (today)" StaticText`
    t =    88.01s Find the "Sat Aug 1 — 21,500 steps (today)" StaticText
    t =    88.08s Checking existence of `"Sat Aug 1 — 21,500 steps (today)" StaticText`
    t =    88.09s Find the "Sat Aug 1 — 21,500 steps (today)" StaticText
    t =    88.16s Checking existence of `"Sat Aug 1 — 21,500 steps (today)" StaticText`
    t =    88.17s Find the "Sat Aug 1 — 21,500 steps (today)" StaticText
    t =    88.24s Checking existence of `"Sat Aug 1 — 21,500 steps (today)" StaticText`
    t =    88.25s Find the "Sat Aug 1 — 21,500 steps (today)" StaticText
    t =    88.32s Checking existence of `"Sat Aug 1 — 21,500 steps (today)" StaticText`
    t =    88.34s Find the "Sat Aug 1 — 21,500 steps (today)" StaticText
    t =    88.41s Checking existence of `"Sat Aug 1 — 21,500 steps (today)" StaticText`
    t =    88.42s Find the "Sat Aug 1 — 21,500 steps (today)" StaticText
    t =    88.49s Checking existence of `"Sat Aug 1 — 21,500 steps (today)" StaticText`
    t =    88.50s Find the "Sat Aug 1 — 21,500 steps (today)" StaticText
    t =    88.57s Checking existence of `"Sat Aug 1 — 21,500 steps (today)" StaticText`
    t =    88.58s Find the "Sat Aug 1 — 21,500 steps (today)" StaticText
    t =    88.65s Checking existence of `"Sat Aug 1 — 21,500 steps (today)" StaticText`
    t =    88.66s Find the "Sat Aug 1 — 21,500 steps (today)" StaticText
    t =    88.73s Checking existence of `"Sat Aug 1 — 21,500 steps (today)" StaticText`
    t =    88.74s Find the "Sat Aug 1 — 21,500 steps (today)" StaticText
    t =    88.81s Checking existence of `"Sat Aug 1 — 21,500 steps (today)" StaticText`
    t =    88.83s Find the "Sat Aug 1 — 21,500 steps (today)" StaticText
    t =    88.90s Checking existence of `"Sat Aug 1 — 21,500 steps (today)" StaticText`
    t =    88.91s Find the "Sat Aug 1 — 21,500 steps (today)" StaticText
    t =    88.98s Checking existence of `"Sat Aug 1 — 21,500 steps (today)" StaticText`
    t =    88.99s Find the "Sat Aug 1 — 21,500 steps (today)" StaticText
    t =    89.06s Checking existence of `"Sat Aug 1 — 21,500 steps (today)" StaticText`
    t =    89.07s Find the "Sat Aug 1 — 21,500 steps (today)" StaticText
    t =    89.14s Checking existence of `"Sat Aug 1 — 21,500 steps (today)" StaticText`
    t =    89.15s Find the "Sat Aug 1 — 21,500 steps (today)" StaticText
    t =    89.22s Checking existence of `"Sat Aug 1 — 21,500 steps (today)" StaticText`
    t =    89.24s Find the "Sat Aug 1 — 21,500 steps (today)" StaticText
    t =    89.31s Checking existence of `"Sat Aug 1 — 21,500 steps (today)" StaticText`
    t =    89.32s Find the "Sat Aug 1 — 21,500 steps (today)" StaticText
    t =    89.39s Checking existence of `"Sat Aug 1 — 21,500 steps (today)" StaticText`
    t =    89.40s Find the "Sat Aug 1 — 21,500 steps (today)" StaticText
    t =    89.47s Checking existence of `"Sat Aug 1 — 21,500 steps (today)" StaticText`
    t =    89.48s Find the "Sat Aug 1 — 21,500 steps (today)" StaticText
    t =    89.55s Checking existence of `"Sat Aug 1 — 21,500 steps (today)" StaticText`
    t =    89.56s Find the "Sat Aug 1 — 21,500 steps (today)" StaticText
    t =    89.63s Checking existence of `"Sat Aug 1 — 21,500 steps (today)" StaticText`
    t =    89.64s Find the "Sat Aug 1 — 21,500 steps (today)" StaticText
    t =    89.71s Checking existence of `"Sat Aug 1 — 21,500 steps (today)" StaticText`
    t =    89.73s Find the "Sat Aug 1 — 21,500 steps (today)" StaticText
    t =    89.80s Checking existence of `"Sat Aug 1 — 21,500 steps (today)" StaticText`
    t =    89.81s Find the "Sat Aug 1 — 21,500 steps (today)" StaticText
    t =    89.88s Checking existence of `"Sat Aug 1 — 21,500 steps (today)" StaticText`
    t =    89.89s Find the "Sat Aug 1 — 21,500 steps (today)" StaticText
    t =    89.96s Checking existence of `"Sat Aug 1 — 21,500 steps (today)" StaticText`
    t =    89.97s Find the "Sat Aug 1 — 21,500 steps (today)" StaticText
    t =    90.04s Checking existence of `"Sat Aug 1 — 21,500 steps (today)" StaticText`
    t =    90.05s Find the "Sat Aug 1 — 21,500 steps (today)" StaticText
    t =    90.12s Checking existence of `"Sat Aug 1 — 21,500 steps (today)" StaticText`
    t =    90.14s Find the "Sat Aug 1 — 21,500 steps (today)" StaticText
    t =    90.21s Checking existence of `"Sat Aug 1 — 21,500 steps (today)" StaticText`
    t =    90.22s Find the "Sat Aug 1 — 21,500 steps (today)" StaticText
    t =    90.29s Checking existence of `"Sat Aug 1 — 21,500 steps (today)" StaticText`
    t =    90.30s Find the "Sat Aug 1 — 21,500 steps (today)" StaticText
    t =    90.37s Checking existence of `"Sat Aug 1 — 21,500 steps (today)" StaticText`
    t =    90.38s Find the "Sat Aug 1 — 21,500 steps (today)" StaticText
    t =    90.45s Checking existence of `"Sat Aug 1 — 21,500 steps (today)" StaticText`
    t =    90.46s Find the "Sat Aug 1 — 21,500 steps (today)" StaticText
    t =    90.53s Checking existence of `"Sat Aug 1 — 21,500 steps (today)" StaticText`
    t =    90.55s Find the "Sat Aug 1 — 21,500 steps (today)" StaticText
    t =    90.61s Checking existence of `"Sat Aug 1 — 21,500 steps (today)" StaticText`
    t =    90.63s Find the "Sat Aug 1 — 21,500 steps (today)" StaticText
    t =    90.70s Checking existence of `"Sat Aug 1 — 21,500 steps (today)" StaticText`
    t =    90.71s Find the "Sat Aug 1 — 21,500 steps (today)" StaticText
    t =    90.78s Checking existence of `"Sat Aug 1 — 21,500 steps (today)" StaticText`
    t =    90.79s Find the "Sat Aug 1 — 21,500 steps (today)" StaticText
    t =    90.86s Checking existence of `"Sat Aug 1 — 21,500 steps (today)" StaticText`
    t =    90.87s Find the "Sat Aug 1 — 21,500 steps (today)" StaticText
    t =    90.94s Checking existence of `"Sat Aug 1 — 21,500 steps (today)" StaticText`
    t =    90.95s Find the "Sat Aug 1 — 21,500 steps (today)" StaticText
    t =    91.02s Checking existence of `"Sat Aug 1 — 21,500 steps (today)" StaticText`
    t =    91.04s Find the "Sat Aug 1 — 21,500 steps (today)" StaticText
    t =    91.11s Checking existence of `"Sat Aug 1 — 21,500 steps (today)" StaticText`
    t =    91.12s Find the "Sat Aug 1 — 21,500 steps (today)" StaticText
    t =    91.19s Checking existence of `"Sat Aug 1 — 21,500 steps (today)" StaticText`
    t =    91.20s Find the "Sat Aug 1 — 21,500 steps (today)" StaticText
    t =    91.27s Checking existence of `"Sat Aug 1 — 21,500 steps (today)" StaticText`
    t =    91.28s Find the "Sat Aug 1 — 21,500 steps (today)" StaticText
    t =    91.35s Checking existence of `"Sat Aug 1 — 21,500 steps (today)" StaticText`
    t =    91.36s Find the "Sat Aug 1 — 21,500 steps (today)" StaticText
    t =    91.43s Checking existence of `"Sat Aug 1 — 21,500 steps (today)" StaticText`
    t =    91.44s Find the "Sat Aug 1 — 21,500 steps (today)" StaticText
    t =    91.51s Checking existence of `"Sat Aug 1 — 21,500 steps (today)" StaticText`
    t =    91.53s Find the "Sat Aug 1 — 21,500 steps (today)" StaticText
    t =    91.60s Checking existence of `"Sat Aug 1 — 21,500 steps (today)" StaticText`
    t =    91.61s Find the "Sat Aug 1 — 21,500 steps (today)" StaticText
    t =    91.68s Checking existence of `"Sat Aug 1 — 21,500 steps (today)" StaticText`
    t =    91.69s Find the "Sat Aug 1 — 21,500 steps (today)" StaticText
    t =    91.76s Checking existence of `"Sat Aug 1 — 21,500 steps (today)" StaticText`
    t =    91.77s Find the "Sat Aug 1 — 21,500 steps (today)" StaticText
    t =    91.84s Checking existence of `"Sat Aug 1 — 21,500 steps (today)" StaticText`
    t =    91.85s Find the "Sat Aug 1 — 21,500 steps (today)" StaticText
    t =    91.92s Checking existence of `"Sat Aug 1 — 21,500 steps (today)" StaticText`
    t =    91.93s Find the "Sat Aug 1 — 21,500 steps (today)" StaticText
    t =    92.00s Checking existence of `"Sat Aug 1 — 21,500 steps (today)" StaticText`
    t =    92.01s Find the "Sat Aug 1 — 21,500 steps (today)" StaticText
    t =    92.08s Checking existence of `"Sat Aug 1 — 21,500 steps (today)" StaticText`
    t =    92.10s Find the "Sat Aug 1 — 21,500 steps (today)" StaticText
    t =    92.16s Checking existence of `"Sat Aug 1 — 21,500 steps (today)" StaticText`
    t =    92.18s Find the "Sat Aug 1 — 21,500 steps (today)" StaticText
    t =    92.25s Checking existence of `"Sat Aug 1 — 21,500 steps (today)" StaticText`
    t =    92.26s Find the "Sat Aug 1 — 21,500 steps (today)" StaticText
    t =    92.33s Checking existence of `"Sat Aug 1 — 21,500 steps (today)" StaticText`
    t =    92.35s Find the "Sat Aug 1 — 21,500 steps (today)" StaticText
    t =    92.41s Checking existence of `"Sat Aug 1 — 21,500 steps (today)" StaticText`
    t =    92.43s Find the "Sat Aug 1 — 21,500 steps (today)" StaticText
    t =    92.50s Checking existence of `"Sat Aug 1 — 21,500 steps (today)" StaticText`
    t =    92.51s Find the "Sat Aug 1 — 21,500 steps (today)" StaticText
    t =    92.58s Checking existence of `"Sat Aug 1 — 21,500 steps (today)" StaticText`
    t =    92.59s Find the "Sat Aug 1 — 21,500 steps (today)" StaticText
    t =    92.66s Checking existence of `"Sat Aug 1 — 21,500 steps (today)" StaticText`
    t =    92.68s Find the "Sat Aug 1 — 21,500 steps (today)" StaticText
    t =    92.75s Checking existence of `"Sat Aug 1 — 21,500 steps (today)" StaticText`
    t =    92.76s Find the "Sat Aug 1 — 21,500 steps (today)" StaticText
    t =    92.83s Checking existence of `"Sat Aug 1 — 21,500 steps (today)" StaticText`
    t =    92.84s Find the "Sat Aug 1 — 21,500 steps (today)" StaticText
    t =    92.91s Checking existence of `"Sat Aug 1 — 21,500 steps (today)" StaticText`
    t =    92.92s Find the "Sat Aug 1 — 21,500 steps (today)" StaticText
    t =    92.99s Checking existence of `"Sat Aug 1 — 21,500 steps (today)" StaticText`
    t =    93.01s Find the "Sat Aug 1 — 21,500 steps (today)" StaticText
    t =    93.08s Checking existence of `"Sat Aug 1 — 21,500 steps (today)" StaticText`
    t =    93.09s Find the "Sat Aug 1 — 21,500 steps (today)" StaticText
    t =    93.16s Checking existence of `"Sat Aug 1 — 21,500 steps (today)" StaticText`
    t =    93.17s Find the "Sat Aug 1 — 21,500 steps (today)" StaticText
    t =    93.24s Checking existence of `"Sat Aug 1 — 21,500 steps (today)" StaticText`
    t =    93.26s Find the "Sat Aug 1 — 21,500 steps (today)" StaticText
    t =    93.32s Checking existence of `"Sat Aug 1 — 21,500 steps (today)" StaticText`
    t =    93.34s Find the "Sat Aug 1 — 21,500 steps (today)" StaticText
    t =    93.40s Checking existence of `"Sat Aug 1 — 21,500 steps (today)" StaticText`
    t =    93.42s Find the "Sat Aug 1 — 21,500 steps (today)" StaticText
    t =    93.49s Checking existence of `"Sat Aug 1 — 21,500 steps (today)" StaticText`
    t =    93.50s Find the "Sat Aug 1 — 21,500 steps (today)" StaticText
    t =    93.57s Checking existence of `"Sat Aug 1 — 21,500 steps (today)" StaticText`
    t =    93.58s Find the "Sat Aug 1 — 21,500 steps (today)" StaticText
    t =    93.65s Checking existence of `"Sat Aug 1 — 21,500 steps (today)" StaticText`
    t =    93.66s Find the "Sat Aug 1 — 21,500 steps (today)" StaticText
    t =    93.73s Checking existence of `"Sat Aug 1 — 21,500 steps (today)" StaticText`
    t =    93.74s Find the "Sat Aug 1 — 21,500 steps (today)" StaticText
    t =    93.81s Checking existence of `"Sat Aug 1 — 21,500 steps (today)" StaticText`
    t =    93.83s Find the "Sat Aug 1 — 21,500 steps (today)" StaticText
    t =    93.90s Checking existence of `"Sat Aug 1 — 21,500 steps (today)" StaticText`
    t =    93.91s Find the "Sat Aug 1 — 21,500 steps (today)" StaticText
    t =    93.98s Checking existence of `"Sat Aug 1 — 21,500 steps (today)" StaticText`
    t =    93.99s Find the "Sat Aug 1 — 21,500 steps (today)" StaticText
    t =    94.06s Checking existence of `"Sat Aug 1 — 21,500 steps (today)" StaticText`
    t =    94.07s Find the "Sat Aug 1 — 21,500 steps (today)" StaticText
    t =    94.14s Checking existence of `"Sat Aug 1 — 21,500 steps (today)" StaticText`
    t =    94.16s Find the "Sat Aug 1 — 21,500 steps (today)" StaticText
    t =    94.23s Checking existence of `"Sat Aug 1 — 21,500 steps (today)" StaticText`
    t =    94.24s Find the "Sat Aug 1 — 21,500 steps (today)" StaticText
    t =    94.31s Checking existence of `"Sat Aug 1 — 21,500 steps (today)" StaticText`
    t =    94.32s Find the "Sat Aug 1 — 21,500 steps (today)" StaticText
    t =    94.39s Checking existence of `"Sat Aug 1 — 21,500 steps (today)" StaticText`
    t =    94.40s Find the "Sat Aug 1 — 21,500 steps (today)" StaticText
    t =    94.46s Checking existence of `"Sat Aug 1 — 21,500 steps (today)" StaticText`
    t =    94.47s Find the "Sat Aug 1 — 21,500 steps (today)" StaticText
    t =    94.54s Checking existence of `"Sat Aug 1 — 21,500 steps (today)" StaticText`
    t =    94.56s Find the "Sat Aug 1 — 21,500 steps (today)" StaticText
    t =    94.62s Checking existence of `"Sat Aug 1 — 21,500 steps (today)" StaticText`
    t =    94.64s Find the "Sat Aug 1 — 21,500 steps (today)" StaticText
    t =    94.70s Checking existence of `"Sat Aug 1 — 21,500 steps (today)" StaticText`
    t =    94.72s Find the "Sat Aug 1 — 21,500 steps (today)" StaticText
    t =    94.79s Checking existence of `"Sat Aug 1 — 21,500 steps (today)" StaticText`
    t =    94.80s Find the "Sat Aug 1 — 21,500 steps (today)" StaticText
    t =    94.87s Checking existence of `"Sat Aug 1 — 21,500 steps (today)" StaticText`
    t =    94.88s Find the "Sat Aug 1 — 21,500 steps (today)" StaticText
    t =    94.95s Checking existence of `"Sat Aug 1 — 21,500 steps (today)" StaticText`
    t =    94.96s Find the "Sat Aug 1 — 21,500 steps (today)" StaticText
    t =    95.03s Checking existence of `"Sat Aug 1 — 21,500 steps (today)" StaticText`
    t =    95.05s Find the "Sat Aug 1 — 21,500 steps (today)" StaticText
    t =    95.12s Checking existence of `"Sat Aug 1 — 21,500 steps (today)" StaticText`
    t =    95.13s Find the "Sat Aug 1 — 21,500 steps (today)" StaticText
    t =    95.20s Checking existence of `"Sat Aug 1 — 21,500 steps (today)" StaticText`
    t =    95.21s Find the "Sat Aug 1 — 21,500 steps (today)" StaticText
    t =    95.28s Checking existence of `"Sat Aug 1 — 21,500 steps (today)" StaticText`
    t =    95.29s Find the "Sat Aug 1 — 21,500 steps (today)" StaticText
    t =    95.36s Checking existence of `"Sat Aug 1 — 21,500 steps (today)" StaticText`
    t =    95.37s Find the "Sat Aug 1 — 21,500 steps (today)" StaticText
    t =    95.44s Checking existence of `"Sat Aug 1 — 21,500 steps (today)" StaticText`
    t =    95.45s Find the "Sat Aug 1 — 21,500 steps (today)" StaticText
    t =    95.52s Checking existence of `"Sat Aug 1 — 21,500 steps (today)" StaticText`
    t =    95.54s Find the "Sat Aug 1 — 21,500 steps (today)" StaticText
    t =    95.60s Checking existence of `"Sat Aug 1 — 21,500 steps (today)" StaticText`
    t =    95.62s Find the "Sat Aug 1 — 21,500 steps (today)" StaticText
    t =    95.69s Checking existence of `"Sat Aug 1 — 21,500 steps (today)" StaticText`
    t =    95.70s Find the "Sat Aug 1 — 21,500 steps (today)" StaticText
    t =    95.77s Checking existence of `"Sat Aug 1 — 21,500 steps (today)" StaticText`
    t =    95.78s Find the "Sat Aug 1 — 21,500 steps (today)" StaticText
    t =    95.85s Checking existence of `"Sat Aug 1 — 21,500 steps (today)" StaticText`
    t =    95.86s Find the "Sat Aug 1 — 21,500 steps (today)" StaticText
    t =    95.93s Checking existence of `"Sat Aug 1 — 21,500 steps (today)" StaticText`
    t =    95.94s Find the "Sat Aug 1 — 21,500 steps (today)" StaticText
    t =    96.01s Checking existence of `"Sat Aug 1 — 21,500 steps (today)" StaticText`
    t =    96.03s Find the "Sat Aug 1 — 21,500 steps (today)" StaticText
    t =    96.09s Checking existence of `"Sat Aug 1 — 21,500 steps (today)" StaticText`
    t =    96.11s Find the "Sat Aug 1 — 21,500 steps (today)" StaticText
    t =    96.18s Checking existence of `"Sat Aug 1 — 21,500 steps (today)" StaticText`
    t =    96.19s Find the "Sat Aug 1 — 21,500 steps (today)" StaticText
    t =    96.26s Checking existence of `"Sat Aug 1 — 21,500 steps (today)" StaticText`
    t =    96.27s Find the "Sat Aug 1 — 21,500 steps (today)" StaticText
    t =    96.34s Checking existence of `"Sat Aug 1 — 21,500 steps (today)" StaticText`
    t =    96.35s Find the "Sat Aug 1 — 21,500 steps (today)" StaticText
    t =    96.42s Checking existence of `"Sat Aug 1 — 21,500 steps (today)" StaticText`
    t =    96.43s Find the "Sat Aug 1 — 21,500 steps (today)" StaticText
    t =    96.50s Checking existence of `"Sat Aug 1 — 21,500 steps (today)" StaticText`
    t =    96.52s Find the "Sat Aug 1 — 21,500 steps (today)" StaticText
    t =    96.58s Checking existence of `"Sat Aug 1 — 21,500 steps (today)" StaticText`
    t =    96.59s Find the "Sat Aug 1 — 21,500 steps (today)" StaticText
    t =    96.66s Checking existence of `"Sat Aug 1 — 21,500 steps (today)" StaticText`
    t =    96.67s Find the "Sat Aug 1 — 21,500 steps (today)" StaticText
    t =    96.74s Checking existence of `"Sat Aug 1 — 21,500 steps (today)" StaticText`
    t =    96.76s Find the "Sat Aug 1 — 21,500 steps (today)" StaticText
    t =    96.82s Checking existence of `"Sat Aug 1 — 21,500 steps (today)" StaticText`
    t =    96.84s Find the "Sat Aug 1 — 21,500 steps (today)" StaticText
    t =    96.91s Checking existence of `"Sat Aug 1 — 21,500 steps (today)" StaticText`
    t =    96.92s Find the "Sat Aug 1 — 21,500 steps (today)" StaticText
    t =    96.99s Checking existence of `"Sat Aug 1 — 21,500 steps (today)" StaticText`
    t =    97.00s Find the "Sat Aug 1 — 21,500 steps (today)" StaticText
    t =    97.07s Checking existence of `"Sat Aug 1 — 21,500 steps (today)" StaticText`
    t =    97.08s Find the "Sat Aug 1 — 21,500 steps (today)" StaticText
    t =    97.15s Checking existence of `"Sat Aug 1 — 21,500 steps (today)" StaticText`
    t =    97.16s Find the "Sat Aug 1 — 21,500 steps (today)" StaticText
    t =    97.23s Checking existence of `"Sat Aug 1 — 21,500 steps (today)" StaticText`
    t =    97.25s Find the "Sat Aug 1 — 21,500 steps (today)" StaticText
    t =    97.32s Checking existence of `"Sat Aug 1 — 21,500 steps (today)" StaticText`
    t =    97.33s Find the "Sat Aug 1 — 21,500 steps (today)" StaticText
    t =    97.40s Checking existence of `"Sat Aug 1 — 21,500 steps (today)" StaticText`
    t =    97.41s Find the "Sat Aug 1 — 21,500 steps (today)" StaticText
    t =    97.48s Checking existence of `"Sat Aug 1 — 21,500 steps (today)" StaticText`
    t =    97.49s Find the "Sat Aug 1 — 21,500 steps (today)" StaticText
    t =    97.56s Checking existence of `"Sat Aug 1 — 21,500 steps (today)" StaticText`
    t =    97.57s Find the "Sat Aug 1 — 21,500 steps (today)" StaticText
    t =    97.64s Checking existence of `"Sat Aug 1 — 21,500 steps (today)" StaticText`
    t =    97.65s Find the "Sat Aug 1 — 21,500 steps (today)" StaticText
    t =    97.72s Checking existence of `"Sat Aug 1 — 21,500 steps (today)" StaticText`
    t =    97.74s Find the "Sat Aug 1 — 21,500 steps (today)" StaticText
    t =    97.81s Checking existence of `"Sat Aug 1 — 21,500 steps (today)" StaticText`
    t =    97.82s Find the "Sat Aug 1 — 21,500 steps (today)" StaticText
    t =    97.89s Checking existence of `"Sat Aug 1 — 21,500 steps (today)" StaticText`
    t =    97.90s Find the "Sat Aug 1 — 21,500 steps (today)" StaticText
    t =    97.97s Checking existence of `"Sat Aug 1 — 21,500 steps (today)" StaticText`
    t =    97.98s Find the "Sat Aug 1 — 21,500 steps (today)" StaticText
    t =    98.05s Checking existence of `"Sat Aug 1 — 21,500 steps (today)" StaticText`
    t =    98.06s Find the "Sat Aug 1 — 21,500 steps (today)" StaticText
    t =    98.13s Checking existence of `"Sat Aug 1 — 21,500 steps (today)" StaticText`
    t =    98.14s Find the "Sat Aug 1 — 21,500 steps (today)" StaticText
    t =    98.21s Checking existence of `"Sat Aug 1 — 21,500 steps (today)" StaticText`
    t =    98.23s Find the "Sat Aug 1 — 21,500 steps (today)" StaticText
    t =    98.30s Checking existence of `"Sat Aug 1 — 21,500 steps (today)" StaticText`
    t =    98.31s Find the "Sat Aug 1 — 21,500 steps (today)" StaticText
    t =    98.38s Checking existence of `"Sat Aug 1 — 21,500 steps (today)" StaticText`
    t =    98.39s Find the "Sat Aug 1 — 21,500 steps (today)" StaticText
    t =    98.46s Checking existence of `"Sat Aug 1 — 21,500 steps (today)" StaticText`
    t =    98.47s Find the "Sat Aug 1 — 21,500 steps (today)" StaticText
    t =    98.54s Checking existence of `"Sat Aug 1 — 21,500 steps (today)" StaticText`
    t =    98.55s Find the "Sat Aug 1 — 21,500 steps (today)" StaticText
    t =    98.62s Checking existence of `"Sat Aug 1 — 21,500 steps (today)" StaticText`
    t =    98.64s Find the "Sat Aug 1 — 21,500 steps (today)" StaticText
    t =    98.71s Checking existence of `"Sat Aug 1 — 21,500 steps (today)" StaticText`
    t =    98.72s Find the "Sat Aug 1 — 21,500 steps (today)" StaticText
    t =    98.79s Checking existence of `"Sat Aug 1 — 21,500 steps (today)" StaticText`
    t =    98.80s Find the "Sat Aug 1 — 21,500 steps (today)" StaticText
    t =    98.87s Checking existence of `"Sat Aug 1 — 21,500 steps (today)" StaticText`
    t =    98.88s Find the "Sat Aug 1 — 21,500 steps (today)" StaticText
    t =    98.95s Checking existence of `"Sat Aug 1 — 21,500 steps (today)" StaticText`
    t =    98.96s Find the "Sat Aug 1 — 21,500 steps (today)" StaticText
    t =    99.03s Checking existence of `"Sat Aug 1 — 21,500 steps (today)" StaticText`
    t =    99.05s Find the "Sat Aug 1 — 21,500 steps (today)" StaticText
    t =    99.11s Checking existence of `"Sat Aug 1 — 21,500 steps (today)" StaticText`
    t =    99.13s Find the "Sat Aug 1 — 21,500 steps (today)" StaticText
    t =    99.20s Checking existence of `"Sat Aug 1 — 21,500 steps (today)" StaticText`
    t =    99.21s Find the "Sat Aug 1 — 21,500 steps (today)" StaticText
    t =    99.28s Checking existence of `"Sat Aug 1 — 21,500 steps (today)" StaticText`
    t =    99.29s Find the "Sat Aug 1 — 21,500 steps (today)" StaticText
    t =    99.36s Checking existence of `"Sat Aug 1 — 21,500 steps (today)" StaticText`
    t =    99.37s Find the "Sat Aug 1 — 21,500 steps (today)" StaticText
    t =    99.44s Checking existence of `"Sat Aug 1 — 21,500 steps (today)" StaticText`
    t =    99.45s Find the "Sat Aug 1 — 21,500 steps (today)" StaticText
    t =    99.52s Checking existence of `"Sat Aug 1 — 21,500 steps (today)" StaticText`
    t =    99.54s Find the "Sat Aug 1 — 21,500 steps (today)" StaticText
    t =    99.60s Checking existence of `"Sat Aug 1 — 21,500 steps (today)" StaticText`
    t =    99.62s Find the "Sat Aug 1 — 21,500 steps (today)" StaticText
    t =    99.69s Checking existence of `"Sat Aug 1 — 21,500 steps (today)" StaticText`
    t =    99.70s Find the "Sat Aug 1 — 21,500 steps (today)" StaticText
    t =    99.77s Checking existence of `"Sat Aug 1 — 21,500 steps (today)" StaticText`
    t =    99.78s Find the "Sat Aug 1 — 21,500 steps (today)" StaticText
    t =    99.85s Checking existence of `"Sat Aug 1 — 21,500 steps (today)" StaticText`
    t =    99.86s Find the "Sat Aug 1 — 21,500 steps (today)" StaticText
    t =    99.93s Checking existence of `"Sat Aug 1 — 21,500 steps (today)" StaticText`
    t =    99.94s Find the "Sat Aug 1 — 21,500 steps (today)" StaticText
    t =   100.01s Checking existence of `"Sat Aug 1 — 21,500 steps (today)" StaticText`
    t =   100.02s Find the "Sat Aug 1 — 21,500 steps (today)" StaticText
    t =   100.09s Checking existence of `"Sat Aug 1 — 21,500 steps (today)" StaticText`
    t =   100.11s Find the "Sat Aug 1 — 21,500 steps (today)" StaticText
    t =   100.17s Checking existence of `"Sat Aug 1 — 21,500 steps (today)" StaticText`
    t =   100.19s Find the "Sat Aug 1 — 21,500 steps (today)" StaticText
    t =   100.26s Checking existence of `"Sat Aug 1 — 21,500 steps (today)" StaticText`
    t =   100.27s Find the "Sat Aug 1 — 21,500 steps (today)" StaticText
    t =   100.34s Checking existence of `"Sat Aug 1 — 21,500 steps (today)" StaticText`
    t =   100.35s Find the "Sat Aug 1 — 21,500 steps (today)" StaticText
    t =   100.42s Checking existence of `"Sat Aug 1 — 21,500 steps (today)" StaticText`
    t =   100.43s Find the "Sat Aug 1 — 21,500 steps (today)" StaticText
    t =   100.50s Checking existence of `"Sat Aug 1 — 21,500 steps (today)" StaticText`
    t =   100.51s Find the "Sat Aug 1 — 21,500 steps (today)" StaticText
    t =   100.58s Checking existence of `"Sat Aug 1 — 21,500 steps (today)" StaticText`
    t =   100.60s Find the "Sat Aug 1 — 21,500 steps (today)" StaticText
    t =   100.67s Checking existence of `"Sat Aug 1 — 21,500 steps (today)" StaticText`
    t =   100.68s Find the "Sat Aug 1 — 21,500 steps (today)" StaticText
    t =   100.75s Checking existence of `"Sat Aug 1 — 21,500 steps (today)" StaticText`
    t =   100.76s Find the "Sat Aug 1 — 21,500 steps (today)" StaticText
    t =   100.83s Checking existence of `"Sat Aug 1 — 21,500 steps (today)" StaticText`
    t =   100.84s Find the "Sat Aug 1 — 21,500 steps (today)" StaticText
    t =   100.91s Checking existence of `"Sat Aug 1 — 21,500 steps (today)" StaticText`
    t =   100.92s Find the "Sat Aug 1 — 21,500 steps (today)" StaticText
    t =   100.99s Checking existence of `"Sat Aug 1 — 21,500 steps (today)" StaticText`
    t =   101.01s Find the "Sat Aug 1 — 21,500 steps (today)" StaticText
    t =   101.07s Checking existence of `"Sat Aug 1 — 21,500 steps (today)" StaticText`
    t =   101.09s Find the "Sat Aug 1 — 21,500 steps (today)" StaticText
    t =   101.16s Checking existence of `"Sat Aug 1 — 21,500 steps (today)" StaticText`
    t =   101.17s Find the "Sat Aug 1 — 21,500 steps (today)" StaticText
    t =   101.24s Checking existence of `"Sat Aug 1 — 21,500 steps (today)" StaticText`
    t =   101.25s Find the "Sat Aug 1 — 21,500 steps (today)" StaticText
STEP[101s]: iter 1: go home
    t =   101.32s Checking existence of `"Transcribe" Button`
    t =   101.33s Checking existence of `"Health" Button`
    t =   101.35s Checking existence of `Any (First Match)`
    t =   101.36s Checking existence of `Button (Element at index 0)`
    t =   101.37s Find the Button (Element at index 0)
STEP[101s]: goHome: tapping candidate 0
    t =   101.39s Tap "BackButton" Button
    t =   101.39s     Wait for org.nativescript.nsbenchmark to idle
    t =   101.39s     Find the "BackButton" Button
    t =   101.40s     Check for interrupting elements affecting "BackButton" Button
    t =   101.41s     Synthesize event
    t =   101.70s     Wait for org.nativescript.nsbenchmark to idle
    t =   102.02s Checking existence of `"Transcribe" Button`
    t =   102.03s Waiting 3.0s for "Transcribe" Button to exist
    t =   103.04s     Checking `Expect predicate `existsNoRetry == 1` for object "Transcribe" Button`
    t =   103.05s         Checking existence of `"Transcribe" Button`
STEP[103s]: iter 1: nav Transcribe
    t =   103.07s Checking existence of `"Transcribe" Button`
    t =   103.07s Tap "Transcribe" Button
    t =   103.07s     Wait for org.nativescript.nsbenchmark to idle
    t =   103.08s     Find the "Transcribe" Button
    t =   103.08s     Check for interrupting elements affecting "Transcribe" Button
    t =   103.10s     Synthesize event
    t =   103.38s     Wait for org.nativescript.nsbenchmark to idle
    t =   104.16s Waiting 10.0s for Any (First Match) to exist
    t =   105.18s     Checking `Expect predicate `existsNoRetry == 1` for object Any (First Match)`
    t =   105.18s         Checking existence of `Any (First Match)`
    t =   105.20s Checking existence of `Any (First Match)`
    t =   105.22s Find the Any (First Match)
    t =   105.23s Checking existence of `"Speech access: granted" StaticText`
    t =   105.24s Find the "Speech access: granted" StaticText
    t =   105.25s Checking existence of `"Transcribe Sample" Button`
    t =   105.26s Checking existence of `"Transcribe Sample" Button`
    t =   105.26s Find the "Transcribe Sample" Button
STEP[105s]: iter 1: transcribe
    t =   105.28s Tap "Transcribe Sample" Button
    t =   105.28s     Wait for org.nativescript.nsbenchmark to idle
    t =   105.28s     Find the "Transcribe Sample" Button
    t =   105.29s     Check for interrupting elements affecting "Transcribe Sample" Button
    t =   105.30s     Synthesize event
    t =   105.59s     Wait for org.nativescript.nsbenchmark to idle
    t =   105.59s Waiting 45.0s for Any (First Match) to exist
    t =   106.60s     Checking `Expect predicate `existsNoRetry == 1` for object Any (First Match)`
    t =   106.60s         Checking existence of `Any (First Match)`
    t =   106.63s         Capturing element debug description
    t =   107.64s     Checking `Expect predicate `existsNoRetry == 1` for object Any (First Match)`
    t =   107.65s         Checking existence of `Any (First Match)`
    t =   107.68s         Capturing element debug description
    t =   108.60s     Checking `Expect predicate `existsNoRetry == 1` for object Any (First Match)`
    t =   108.60s         Checking existence of `Any (First Match)`
    t =   108.62s         Capturing element debug description
    t =   109.64s     Checking `Expect predicate `existsNoRetry == 1` for object Any (First Match)`
    t =   109.65s         Checking existence of `Any (First Match)`
    t =   109.67s         Capturing element debug description
    t =   110.60s     Checking `Expect predicate `existsNoRetry == 1` for object Any (First Match)`
    t =   110.60s         Checking existence of `Any (First Match)`
    t =   110.63s         Capturing element debug description
    t =   111.65s     Checking `Expect predicate `existsNoRetry == 1` for object Any (First Match)`
    t =   111.65s         Checking existence of `Any (First Match)`
    t =   111.68s         Capturing element debug description
    t =   112.60s     Checking `Expect predicate `existsNoRetry == 1` for object Any (First Match)`
    t =   112.60s         Checking existence of `Any (First Match)`
    t =   112.63s         Capturing element debug description
    t =   113.64s     Checking `Expect predicate `existsNoRetry == 1` for object Any (First Match)`
    t =   113.65s         Checking existence of `Any (First Match)`
    t =   113.68s         Capturing element debug description
    t =   114.60s     Checking `Expect predicate `existsNoRetry == 1` for object Any (First Match)`
    t =   114.60s         Checking existence of `Any (First Match)`
    t =   114.63s         Capturing element debug description
    t =   115.64s     Checking `Expect predicate `existsNoRetry == 1` for object Any (First Match)`
    t =   115.65s         Checking existence of `Any (First Match)`
    t =   115.68s         Capturing element debug description
    t =   116.60s     Checking `Expect predicate `existsNoRetry == 1` for object Any (First Match)`
    t =   116.60s         Checking existence of `Any (First Match)`
    t =   116.63s         Capturing element debug description
    t =   117.63s     Checking `Expect predicate `existsNoRetry == 1` for object Any (First Match)`
    t =   117.63s         Checking existence of `Any (First Match)`
    t =   117.66s         Capturing element debug description
    t =   118.68s     Checking `Expect predicate `existsNoRetry == 1` for object Any (First Match)`
    t =   118.68s         Checking existence of `Any (First Match)`
    t =   118.70s         Capturing element debug description
    t =   119.60s     Checking `Expect predicate `existsNoRetry == 1` for object Any (First Match)`
    t =   119.60s         Checking existence of `Any (First Match)`
    t =   119.62s         Capturing element debug description
    t =   120.61s     Checking `Expect predicate `existsNoRetry == 1` for object Any (First Match)`
    t =   120.61s         Checking existence of `Any (First Match)`
    t =   120.64s         Capturing element debug description
    t =   121.64s     Checking `Expect predicate `existsNoRetry == 1` for object Any (First Match)`
    t =   121.65s         Checking existence of `Any (First Match)`
    t =   121.67s         Capturing element debug description
    t =   122.67s     Checking `Expect predicate `existsNoRetry == 1` for object Any (First Match)`
    t =   122.67s         Checking existence of `Any (First Match)`
    t =   122.71s         Capturing element debug description
    t =   123.62s     Checking `Expect predicate `existsNoRetry == 1` for object Any (First Match)`
    t =   123.62s         Checking existence of `Any (First Match)`
    t =   123.65s         Capturing element debug description
    t =   124.66s     Checking `Expect predicate `existsNoRetry == 1` for object Any (First Match)`
    t =   124.66s         Checking existence of `Any (First Match)`
    t =   124.69s         Capturing element debug description
    t =   125.60s     Checking `Expect predicate `existsNoRetry == 1` for object Any (First Match)`
    t =   125.60s         Checking existence of `Any (First Match)`
    t =   125.62s         Capturing element debug description
    t =   126.62s     Checking `Expect predicate `existsNoRetry == 1` for object Any (First Match)`
    t =   126.62s         Checking existence of `Any (First Match)`
    t =   126.65s         Capturing element debug description
    t =   127.66s     Checking `Expect predicate `existsNoRetry == 1` for object Any (First Match)`
    t =   127.66s         Checking existence of `Any (First Match)`
    t =   127.69s         Capturing element debug description
    t =   128.60s     Checking `Expect predicate `existsNoRetry == 1` for object Any (First Match)`
    t =   128.60s         Checking existence of `Any (First Match)`
    t =   128.63s         Capturing element debug description
    t =   129.62s     Checking `Expect predicate `existsNoRetry == 1` for object Any (First Match)`
    t =   129.63s         Checking existence of `Any (First Match)`
    t =   129.66s         Capturing element debug description
    t =   130.66s     Checking `Expect predicate `existsNoRetry == 1` for object Any (First Match)`
    t =   130.66s         Checking existence of `Any (First Match)`
    t =   130.69s         Capturing element debug description
    t =   131.60s     Checking `Expect predicate `existsNoRetry == 1` for object Any (First Match)`
    t =   131.60s         Checking existence of `Any (First Match)`
    t =   131.63s         Capturing element debug description
    t =   132.64s     Checking `Expect predicate `existsNoRetry == 1` for object Any (First Match)`
    t =   132.65s         Checking existence of `Any (First Match)`
    t =   132.68s         Capturing element debug description
    t =   133.60s     Checking `Expect predicate `existsNoRetry == 1` for object Any (First Match)`
    t =   133.60s         Checking existence of `Any (First Match)`
    t =   133.63s         Capturing element debug description
    t =   134.63s     Checking `Expect predicate `existsNoRetry == 1` for object Any (First Match)`
    t =   134.63s         Checking existence of `Any (First Match)`
    t =   134.66s         Capturing element debug description
    t =   135.59s     Checking `Expect predicate `existsNoRetry == 1` for object Any (First Match)`
    t =   135.60s         Checking existence of `Any (First Match)`
    t =   135.63s         Capturing element debug description
    t =   136.65s     Checking `Expect predicate `existsNoRetry == 1` for object Any (First Match)`
    t =   136.65s         Checking existence of `Any (First Match)`
    t =   136.68s         Capturing element debug description
    t =   137.60s     Checking `Expect predicate `existsNoRetry == 1` for object Any (First Match)`
    t =   137.60s         Checking existence of `Any (First Match)`
    t =   137.63s         Capturing element debug description
    t =   138.64s     Checking `Expect predicate `existsNoRetry == 1` for object Any (First Match)`
    t =   138.65s         Checking existence of `Any (First Match)`
    t =   138.67s         Capturing element debug description
    t =   139.60s     Checking `Expect predicate `existsNoRetry == 1` for object Any (First Match)`
    t =   139.60s         Checking existence of `Any (First Match)`
    t =   139.63s         Capturing element debug description
    t =   140.64s     Checking `Expect predicate `existsNoRetry == 1` for object Any (First Match)`
    t =   140.65s         Checking existence of `Any (First Match)`
    t =   140.67s         Capturing element debug description
    t =   141.60s     Checking `Expect predicate `existsNoRetry == 1` for object Any (First Match)`
    t =   141.60s         Checking existence of `Any (First Match)`
    t =   141.63s         Capturing element debug description
    t =   142.65s     Checking `Expect predicate `existsNoRetry == 1` for object Any (First Match)`
    t =   142.65s         Checking existence of `Any (First Match)`
    t =   142.68s         Capturing element debug description
    t =   143.60s     Checking `Expect predicate `existsNoRetry == 1` for object Any (First Match)`
    t =   143.60s         Checking existence of `Any (First Match)`
    t =   143.63s         Capturing element debug description
    t =   144.64s     Checking `Expect predicate `existsNoRetry == 1` for object Any (First Match)`
    t =   144.65s         Checking existence of `Any (First Match)`
    t =   144.67s         Capturing element debug description
    t =   145.60s     Checking `Expect predicate `existsNoRetry == 1` for object Any (First Match)`
    t =   145.60s         Checking existence of `Any (First Match)`
    t =   145.63s         Capturing element debug description
    t =   146.64s     Checking `Expect predicate `existsNoRetry == 1` for object Any (First Match)`
    t =   146.65s         Checking existence of `Any (First Match)`
    t =   146.67s         Capturing element debug description
    t =   147.60s     Checking `Expect predicate `existsNoRetry == 1` for object Any (First Match)`
    t =   147.60s         Checking existence of `Any (First Match)`
    t =   147.63s         Capturing element debug description
    t =   148.65s     Checking `Expect predicate `existsNoRetry == 1` for object Any (First Match)`
    t =   148.65s         Checking existence of `Any (First Match)`
    t =   148.68s         Capturing element debug description
    t =   149.60s     Checking `Expect predicate `existsNoRetry == 1` for object Any (First Match)`
    t =   149.60s         Checking existence of `Any (First Match)`
    t =   149.63s         Capturing element debug description
    t =   150.60s     Checking `Expect predicate `existsNoRetry == 1` for object Any (First Match)`
    t =   150.61s         Checking existence of `Any (First Match)`
    t =   150.63s         Capturing element debug description
    t =   150.64s     Checking existence of `Any (First Match)`
    t =   150.65s Collecting debug information to assist test failure triage
    t =   150.65s     Requesting snapshot of accessibility hierarchy for app with pid 41710
    t =   150.67s Checking existence of `Any (First Match)`
    t =   150.68s Checking existence of `Any (First Match)`
    t =   150.69s Checking existence of `Any (First Match)`
    t =   150.70s Find the Any (First Match)
STEP[150s]: iter 1: done
    t =   150.71s Terminate org.nativescript.nsbenchmark:41710
STEP[151s]: iter 2: launch org.nativescript.nsbenchmark
    t =   151.76s Open org.nativescript.nsbenchmark
    t =   151.76s     Launch org.nativescript.nsbenchmark
    t =   151.87s         Setting up automation session
    t =   152.46s         Wait for org.nativescript.nsbenchmark to idle
    t =   153.62s Checking existence of `"Health" Button`
    t =   153.65s Waiting 20.0s for "Health" Button to exist
    t =   154.66s     Checking `Expect predicate `existsNoRetry == 1` for object "Health" Button`
    t =   154.66s         Checking existence of `"Health" Button`
STEP[154s]: iter 2: nav Health
    t =   154.68s Checking existence of `"Health" Button`
    t =   154.69s Tap "Health" Button
    t =   154.69s     Wait for org.nativescript.nsbenchmark to idle
    t =   154.70s     Find the "Health" Button
    t =   154.70s     Check for interrupting elements affecting "Health" Button
    t =   154.71s     Synthesize event
    t =   155.00s     Wait for org.nativescript.nsbenchmark to idle
    t =   155.84s Waiting 10.0s for Any (First Match) to exist
    t =   156.86s     Checking `Expect predicate `existsNoRetry == 1` for object Any (First Match)`
    t =   156.86s         Checking existence of `Any (First Match)`
    t =   156.90s Checking existence of `Any (First Match)`
    t =   156.91s Find the Any (First Match)
    t =   156.92s Checking existence of `"Health access: granted" StaticText`
    t =   156.93s Find the "Health access: granted" StaticText
    t =   156.94s Waiting 15.0s for Any (First Match) to exist
    t =   157.95s     Checking `Expect predicate `existsNoRetry == 1` for object Any (First Match)`
    t =   157.96s         Checking existence of `Any (First Match)`
    t =   157.98s Checking existence of `Any (First Match)`
    t =   158.00s Find the Any (First Match)
    t =   158.01s Checking existence of `"Log 500 Steps" Button`
    t =   158.02s Checking existence of `"Log 500 Steps" Button`
    t =   158.03s Find the "Log 500 Steps" Button
STEP[158s]: iter 2: log 500
    t =   158.05s Tap "Log 500 Steps" Button
    t =   158.05s     Wait for org.nativescript.nsbenchmark to idle
    t =   158.05s     Find the "Log 500 Steps" Button
    t =   158.06s     Check for interrupting elements affecting "Log 500 Steps" Button
    t =   158.07s     Synthesize event
    t =   158.36s     Wait for org.nativescript.nsbenchmark to idle
    t =   158.37s Checking existence of `"Sat Aug 1 — 21,500 steps (today)" StaticText`
    t =   158.39s Find the "Sat Aug 1 — 21,500 steps (today)" StaticText
    t =   158.40s Checking existence of `"Sat Aug 1 — 22,000 steps (today)" StaticText`
STEP[158s]: iter 2: go home
    t =   158.42s Checking existence of `"Transcribe" Button`
    t =   158.43s Checking existence of `"Health" Button`
    t =   158.44s Checking existence of `Any (First Match)`
    t =   158.45s Checking existence of `Button (Element at index 0)`
    t =   158.46s Find the Button (Element at index 0)
STEP[158s]: goHome: tapping candidate 0
    t =   158.48s Tap "BackButton" Button
    t =   158.48s     Wait for org.nativescript.nsbenchmark to idle
    t =   158.48s     Find the "BackButton" Button
    t =   158.50s     Check for interrupting elements affecting "BackButton" Button
    t =   158.51s     Synthesize event
    t =   158.80s     Wait for org.nativescript.nsbenchmark to idle
    t =   159.11s Checking existence of `"Transcribe" Button`
    t =   159.12s Waiting 3.0s for "Transcribe" Button to exist
    t =   160.13s     Checking `Expect predicate `existsNoRetry == 1` for object "Transcribe" Button`
    t =   160.13s         Checking existence of `"Transcribe" Button`
STEP[160s]: iter 2: nav Transcribe
    t =   160.15s Checking existence of `"Transcribe" Button`
    t =   160.16s Tap "Transcribe" Button
    t =   160.16s     Wait for org.nativescript.nsbenchmark to idle
    t =   160.16s     Find the "Transcribe" Button
    t =   160.17s     Check for interrupting elements affecting "Transcribe" Button
    t =   160.18s     Synthesize event
    t =   160.47s     Wait for org.nativescript.nsbenchmark to idle
    t =   161.26s Waiting 10.0s for Any (First Match) to exist
    t =   162.28s     Checking `Expect predicate `existsNoRetry == 1` for object Any (First Match)`
    t =   162.28s         Checking existence of `Any (First Match)`
    t =   162.31s Checking existence of `Any (First Match)`
    t =   162.32s Find the Any (First Match)
    t =   162.33s Checking existence of `"Speech access: granted" StaticText`
    t =   162.34s Find the "Speech access: granted" StaticText
    t =   162.35s Checking existence of `"Transcribe Sample" Button`
    t =   162.36s Checking existence of `"Transcribe Sample" Button`
    t =   162.37s Find the "Transcribe Sample" Button
STEP[162s]: iter 2: transcribe
    t =   162.38s Tap "Transcribe Sample" Button
    t =   162.38s     Wait for org.nativescript.nsbenchmark to idle
    t =   162.38s     Find the "Transcribe Sample" Button
    t =   162.39s     Check for interrupting elements affecting "Transcribe Sample" Button
    t =   162.40s     Synthesize event
    t =   162.69s     Wait for org.nativescript.nsbenchmark to idle
    t =   162.69s Waiting 45.0s for Any (First Match) to exist
    t =   163.71s     Checking `Expect predicate `existsNoRetry == 1` for object Any (First Match)`
    t =   163.71s         Checking existence of `Any (First Match)`
    t =   163.74s         Capturing element debug description
    t =   164.75s     Checking `Expect predicate `existsNoRetry == 1` for object Any (First Match)`
    t =   164.75s         Checking existence of `Any (First Match)`
    t =   164.78s         Capturing element debug description
    t =   165.70s     Checking `Expect predicate `existsNoRetry == 1` for object Any (First Match)`
    t =   165.70s         Checking existence of `Any (First Match)`
    t =   165.71s         Capturing element debug description
    t =   166.73s     Checking `Expect predicate `existsNoRetry == 1` for object Any (First Match)`
    t =   166.73s         Checking existence of `Any (First Match)`
    t =   166.76s         Capturing element debug description
    t =   167.69s     Checking `Expect predicate `existsNoRetry == 1` for object Any (First Match)`
    t =   167.70s         Checking existence of `Any (First Match)`
    t =   167.72s         Capturing element debug description
    t =   168.73s     Checking `Expect predicate `existsNoRetry == 1` for object Any (First Match)`
    t =   168.73s         Checking existence of `Any (First Match)`
    t =   168.76s         Capturing element debug description
    t =   169.78s     Checking `Expect predicate `existsNoRetry == 1` for object Any (First Match)`
    t =   169.78s         Checking existence of `Any (First Match)`
    t =   169.81s         Capturing element debug description
    t =   170.71s     Checking `Expect predicate `existsNoRetry == 1` for object Any (First Match)`
    t =   170.71s         Checking existence of `Any (First Match)`
    t =   170.74s         Capturing element debug description
    t =   171.76s     Checking `Expect predicate `existsNoRetry == 1` for object Any (First Match)`
    t =   171.76s         Checking existence of `Any (First Match)`
    t =   171.79s         Capturing element debug description
    t =   172.71s     Checking `Expect predicate `existsNoRetry == 1` for object Any (First Match)`
    t =   172.71s         Checking existence of `Any (First Match)`
    t =   172.74s         Capturing element debug description
    t =   173.77s     Checking `Expect predicate `existsNoRetry == 1` for object Any (First Match)`
    t =   173.78s         Checking existence of `Any (First Match)`
    t =   173.80s         Capturing element debug description
    t =   174.71s     Checking `Expect predicate `existsNoRetry == 1` for object Any (First Match)`
    t =   174.71s         Checking existence of `Any (First Match)`
    t =   174.74s         Capturing element debug description
    t =   175.76s     Checking `Expect predicate `existsNoRetry == 1` for object Any (First Match)`
    t =   175.76s         Checking existence of `Any (First Match)`
    t =   175.79s         Capturing element debug description
    t =   176.71s     Checking `Expect predicate `existsNoRetry == 1` for object Any (First Match)`
    t =   176.71s         Checking existence of `Any (First Match)`
    t =   176.74s         Capturing element debug description
    t =   177.75s     Checking `Expect predicate `existsNoRetry == 1` for object Any (First Match)`
    t =   177.75s         Checking existence of `Any (First Match)`
    t =   177.78s         Capturing element debug description
    t =   178.71s     Checking `Expect predicate `existsNoRetry == 1` for object Any (First Match)`
    t =   178.71s         Checking existence of `Any (First Match)`
    t =   178.74s         Capturing element debug description
    t =   179.75s     Checking `Expect predicate `existsNoRetry == 1` for object Any (First Match)`
    t =   179.75s         Checking existence of `Any (First Match)`
    t =   179.78s         Capturing element debug description
    t =   180.70s     Checking `Expect predicate `existsNoRetry == 1` for object Any (First Match)`
    t =   180.70s         Checking existence of `Any (First Match)`
    t =   180.73s         Capturing element debug description
    t =   181.75s     Checking `Expect predicate `existsNoRetry == 1` for object Any (First Match)`
    t =   181.75s         Checking existence of `Any (First Match)`
    t =   181.78s         Capturing element debug description
    t =   182.69s     Checking `Expect predicate `existsNoRetry == 1` for object Any (First Match)`
    t =   182.70s         Checking existence of `Any (First Match)`
    t =   182.73s         Capturing element debug description
    t =   183.73s     Checking `Expect predicate `existsNoRetry == 1` for object Any (First Match)`
    t =   183.74s         Checking existence of `Any (First Match)`
    t =   183.77s         Capturing element debug description
    t =   184.78s     Checking `Expect predicate `existsNoRetry == 1` for object Any (First Match)`
    t =   184.78s         Checking existence of `Any (First Match)`
    t =   184.81s         Capturing element debug description
    t =   185.73s     Checking `Expect predicate `existsNoRetry == 1` for object Any (First Match)`
    t =   185.73s         Checking existence of `Any (First Match)`
    t =   185.76s         Capturing element debug description
    t =   186.69s     Checking `Expect predicate `existsNoRetry == 1` for object Any (First Match)`
    t =   186.70s         Checking existence of `Any (First Match)`
    t =   186.72s         Capturing element debug description
    t =   187.75s     Checking `Expect predicate `existsNoRetry == 1` for object Any (First Match)`
    t =   187.75s         Checking existence of `Any (First Match)`
    t =   187.78s         Capturing element debug description
    t =   188.70s     Checking `Expect predicate `existsNoRetry == 1` for object Any (First Match)`
    t =   188.70s         Checking existence of `Any (First Match)`
    t =   188.73s         Capturing element debug description
    t =   189.73s     Checking `Expect predicate `existsNoRetry == 1` for object Any (First Match)`
    t =   189.74s         Checking existence of `Any (First Match)`
    t =   189.77s         Capturing element debug description
    t =   190.78s     Checking `Expect predicate `existsNoRetry == 1` for object Any (First Match)`
    t =   190.78s         Checking existence of `Any (First Match)`
    t =   190.81s         Capturing element debug description
    t =   191.73s     Checking `Expect predicate `existsNoRetry == 1` for object Any (First Match)`
    t =   191.73s         Checking existence of `Any (First Match)`
    t =   191.76s         Capturing element debug description
    t =   192.78s     Checking `Expect predicate `existsNoRetry == 1` for object Any (First Match)`
    t =   192.79s         Checking existence of `Any (First Match)`
    t =   192.81s         Capturing element debug description
    t =   193.73s     Checking `Expect predicate `existsNoRetry == 1` for object Any (First Match)`
    t =   193.74s         Checking existence of `Any (First Match)`
    t =   193.77s         Capturing element debug description
    t =   194.70s     Checking `Expect predicate `existsNoRetry == 1` for object Any (First Match)`
    t =   194.70s         Checking existence of `Any (First Match)`
    t =   194.73s         Capturing element debug description
    t =   195.74s     Checking `Expect predicate `existsNoRetry == 1` for object Any (First Match)`
    t =   195.74s         Checking existence of `Any (First Match)`
    t =   195.77s         Capturing element debug description
    t =   196.78s     Checking `Expect predicate `existsNoRetry == 1` for object Any (First Match)`
    t =   196.78s         Checking existence of `Any (First Match)`
    t =   196.81s         Capturing element debug description
    t =   197.73s     Checking `Expect predicate `existsNoRetry == 1` for object Any (First Match)`
    t =   197.73s         Checking existence of `Any (First Match)`
    t =   197.76s         Capturing element debug description
    t =   198.78s     Checking `Expect predicate `existsNoRetry == 1` for object Any (First Match)`
    t =   198.78s         Checking existence of `Any (First Match)`
    t =   198.81s         Capturing element debug description
    t =   199.72s     Checking `Expect predicate `existsNoRetry == 1` for object Any (First Match)`
    t =   199.72s         Checking existence of `Any (First Match)`
    t =   199.75s         Capturing element debug description
    t =   200.75s     Checking `Expect predicate `existsNoRetry == 1` for object Any (First Match)`
    t =   200.75s         Checking existence of `Any (First Match)`
    t =   200.78s         Capturing element debug description
    t =   201.70s     Checking `Expect predicate `existsNoRetry == 1` for object Any (First Match)`
    t =   201.70s         Checking existence of `Any (First Match)`
    t =   201.73s         Capturing element debug description
    t =   202.74s     Checking `Expect predicate `existsNoRetry == 1` for object Any (First Match)`
    t =   202.74s         Checking existence of `Any (First Match)`
    t =   202.77s         Capturing element debug description
    t =   203.69s     Checking `Expect predicate `existsNoRetry == 1` for object Any (First Match)`
    t =   203.70s         Checking existence of `Any (First Match)`
    t =   203.72s         Capturing element debug description
    t =   204.74s     Checking `Expect predicate `existsNoRetry == 1` for object Any (First Match)`
    t =   204.74s         Checking existence of `Any (First Match)`
    t =   204.77s         Capturing element debug description
    t =   205.69s     Checking `Expect predicate `existsNoRetry == 1` for object Any (First Match)`
    t =   205.69s         Checking existence of `Any (First Match)`
    t =   205.72s         Capturing element debug description
    t =   206.74s     Checking `Expect predicate `existsNoRetry == 1` for object Any (First Match)`
    t =   206.74s         Checking existence of `Any (First Match)`
    t =   206.77s         Capturing element debug description
    t =   207.69s     Checking `Expect predicate `existsNoRetry == 1` for object Any (First Match)`
    t =   207.69s         Checking existence of `Any (First Match)`
    t =   207.72s         Capturing element debug description
    t =   207.72s     Checking existence of `Any (First Match)`
    t =   207.74s Collecting debug information to assist test failure triage
    t =   207.74s     Requesting snapshot of accessibility hierarchy for app with pid 41751
    t =   207.76s Checking existence of `Any (First Match)`
    t =   207.77s Checking existence of `Any (First Match)`
    t =   207.78s Checking existence of `Any (First Match)`
    t =   207.79s Find the Any (First Match)
STEP[207s]: iter 2: done
    t =   207.80s Terminate org.nativescript.nsbenchmark:41751
PERFJSON:{"runs":[{"speech_state":"init_or_task_failed: Failed to initialize recognizer","speech_granted":true,"nav_transcribe_ms":2156,"health_granted":true,"hk_rows_ms":1044,"iter":0,"error_hk_log":true,"nav_health_ms":2210},{"speech_state":"init_or_task_failed: Failed to initialize recognizer","speech_granted":true,"health_granted":true,"hk_rows_ms":1061,"error_hk_log":true,"iter":1,"nav_transcribe_ms":2137,"nav_health_ms":2203},{"iter":2,"hk_rows_ms":1048,"speech_state":"init_or_task_failed: Failed to initialize recognizer","hk_log_roundtrip_ms":369,"nav_health_ms":2211,"nav_transcribe_ms":2157,"health_granted":true,"speech_granted":true}],"bundle_id":"org.nativescript.nsbenchmark"}
    t =   208.86s Tear Down
Test Case '-[UIDriverUITests.FeatureLatencyTests testFeatureLatencies]' passed (208.946 seconds).
Test Suite 'FeatureLatencyTests' passed at 2026-08-01 19:01:54.657.
	 Executed 1 test, with 0 failures (0 unexpected) in 208.946 (208.948) seconds
Test Suite 'InteropCaptureTests' started at 2026-08-01 19:01:54.657.
Test Case '-[UIDriverUITests.InteropCaptureTests testCaptureInteropResults]' started.
    t =     0.00s Start Test at 2026-08-01 19:01:54.658
    t =     0.01s Set Up
    t =     0.01s Open org.nativescript.nsbenchmark
    t =     0.01s     Launch org.nativescript.nsbenchmark
    t =     0.11s         Setting up automation session
    t =     0.69s         Wait for org.nativescript.nsbenchmark to idle
    t =     1.86s Waiting 240.0s for Any (First Match) to exist
    t =     2.88s     Checking `Expect predicate `existsNoRetry == 1` for object Any (First Match)`
    t =     2.88s         Checking existence of `Any (First Match)`
    t =     2.91s         Capturing element debug description
    t =     3.93s     Checking `Expect predicate `existsNoRetry == 1` for object Any (First Match)`
    t =     3.93s         Checking existence of `Any (First Match)`
    t =     3.96s         Capturing element debug description
    t =     4.87s     Checking `Expect predicate `existsNoRetry == 1` for object Any (First Match)`
    t =     4.87s         Checking existence of `Any (First Match)`
    t =     4.89s         Capturing element debug description
    t =     5.91s     Checking `Expect predicate `existsNoRetry == 1` for object Any (First Match)`
    t =     5.92s         Checking existence of `Any (First Match)`
    t =     5.93s         Capturing element debug description
    t =     6.86s     Checking `Expect predicate `existsNoRetry == 1` for object Any (First Match)`
    t =     6.86s         Checking existence of `Any (First Match)`
    t =     6.88s         Capturing element debug description
    t =     7.90s     Checking `Expect predicate `existsNoRetry == 1` for object Any (First Match)`
    t =     7.90s         Checking existence of `Any (First Match)`
    t =     7.91s         Capturing element debug description
    t =     8.92s     Checking `Expect predicate `existsNoRetry == 1` for object Any (First Match)`
    t =     8.92s         Checking existence of `Any (First Match)`
    t =     8.94s         Capturing element debug description
    t =     9.86s     Checking `Expect predicate `existsNoRetry == 1` for object Any (First Match)`
    t =     9.86s         Checking existence of `Any (First Match)`
    t =     9.88s         Capturing element debug description
    t =    10.90s     Checking `Expect predicate `existsNoRetry == 1` for object Any (First Match)`
    t =    10.90s         Checking existence of `Any (First Match)`
    t =    10.92s         Capturing element debug description
    t =    11.93s     Checking `Expect predicate `existsNoRetry == 1` for object Any (First Match)`
    t =    11.93s         Checking existence of `Any (First Match)`
    t =    11.95s         Capturing element debug description
    t =    12.86s     Checking `Expect predicate `existsNoRetry == 1` for object Any (First Match)`
    t =    12.86s         Checking existence of `Any (First Match)`
    t =    12.88s         Capturing element debug description
    t =    13.87s     Checking `Expect predicate `existsNoRetry == 1` for object Any (First Match)`
    t =    13.88s         Checking existence of `Any (First Match)`
    t =    13.89s         Capturing element debug description
    t =    14.90s     Checking `Expect predicate `existsNoRetry == 1` for object Any (First Match)`
    t =    14.90s         Checking existence of `Any (First Match)`
    t =    14.91s         Capturing element debug description
    t =    15.93s     Checking `Expect predicate `existsNoRetry == 1` for object Any (First Match)`
    t =    15.93s         Checking existence of `Any (First Match)`
    t =    15.95s         Capturing element debug description
    t =    16.86s     Checking `Expect predicate `existsNoRetry == 1` for object Any (First Match)`
    t =    16.86s         Checking existence of `Any (First Match)`
    t =    16.88s         Capturing element debug description
    t =    17.90s     Checking `Expect predicate `existsNoRetry == 1` for object Any (First Match)`
    t =    17.90s         Checking existence of `Any (First Match)`
    t =    17.90s         Capturing element debug description
    t =    18.91s     Checking `Expect predicate `existsNoRetry == 1` for object Any (First Match)`
    t =    18.92s         Checking existence of `Any (First Match)`
    t =    18.93s         Capturing element debug description
    t =    19.86s     Checking `Expect predicate `existsNoRetry == 1` for object Any (First Match)`
    t =    19.86s         Checking existence of `Any (First Match)`
    t =    19.88s         Capturing element debug description
    t =    20.90s     Checking `Expect predicate `existsNoRetry == 1` for object Any (First Match)`
    t =    20.90s         Checking existence of `Any (First Match)`
    t =    20.92s         Capturing element debug description
    t =    21.94s     Checking `Expect predicate `existsNoRetry == 1` for object Any (First Match)`
    t =    21.94s         Checking existence of `Any (First Match)`
    t =    21.96s         Capturing element debug description
    t =    22.88s     Checking `Expect predicate `existsNoRetry == 1` for object Any (First Match)`
    t =    22.88s         Checking existence of `Any (First Match)`
    t =    22.90s         Capturing element debug description
    t =    23.92s     Checking `Expect predicate `existsNoRetry == 1` for object Any (First Match)`
    t =    23.92s         Checking existence of `Any (First Match)`
    t =    23.94s         Capturing element debug description
    t =    24.86s     Checking `Expect predicate `existsNoRetry == 1` for object Any (First Match)`
    t =    24.86s         Checking existence of `Any (First Match)`
    t =    24.88s         Capturing element debug description
    t =    25.90s     Checking `Expect predicate `existsNoRetry == 1` for object Any (First Match)`
    t =    25.90s         Checking existence of `Any (First Match)`
    t =    25.92s         Capturing element debug description
    t =    26.94s     Checking `Expect predicate `existsNoRetry == 1` for object Any (First Match)`
    t =    26.94s         Checking existence of `Any (First Match)`
    t =    26.95s         Capturing element debug description
    t =    27.87s     Checking `Expect predicate `existsNoRetry == 1` for object Any (First Match)`
    t =    27.87s         Checking existence of `Any (First Match)`
    t =    27.89s         Capturing element debug description
    t =    28.90s     Checking `Expect predicate `existsNoRetry == 1` for object Any (First Match)`
    t =    28.90s         Checking existence of `Any (First Match)`
    t =    28.92s         Capturing element debug description
    t =    29.92s     Checking `Expect predicate `existsNoRetry == 1` for object Any (First Match)`
    t =    29.92s         Checking existence of `Any (First Match)`
    t =    29.94s         Capturing element debug description
    t =    30.94s     Checking `Expect predicate `existsNoRetry == 1` for object Any (First Match)`
    t =    30.94s         Checking existence of `Any (First Match)`
    t =    30.96s         Capturing element debug description
    t =    31.87s     Checking `Expect predicate `existsNoRetry == 1` for object Any (First Match)`
    t =    31.87s         Checking existence of `Any (First Match)`
    t =    31.89s         Capturing element debug description
    t =    32.91s     Checking `Expect predicate `existsNoRetry == 1` for object Any (First Match)`
    t =    32.92s         Checking existence of `Any (First Match)`
    t =    32.93s         Capturing element debug description
    t =    33.86s     Checking `Expect predicate `existsNoRetry == 1` for object Any (First Match)`
    t =    33.86s         Checking existence of `Any (First Match)`
    t =    33.88s         Capturing element debug description
    t =    34.86s     Checking `Expect predicate `existsNoRetry == 1` for object Any (First Match)`
    t =    34.86s         Checking existence of `Any (First Match)`
    t =    34.88s         Capturing element debug description
    t =    35.90s     Checking `Expect predicate `existsNoRetry == 1` for object Any (First Match)`
    t =    35.91s         Checking existence of `Any (First Match)`
    t =    35.92s         Capturing element debug description
    t =    36.93s     Checking `Expect predicate `existsNoRetry == 1` for object Any (First Match)`
    t =    36.93s         Checking existence of `Any (First Match)`
    t =    36.94s         Capturing element debug description
    t =    37.86s     Checking `Expect predicate `existsNoRetry == 1` for object Any (First Match)`
    t =    37.86s         Checking existence of `Any (First Match)`
    t =    37.88s         Capturing element debug description
    t =    38.90s     Checking `Expect predicate `existsNoRetry == 1` for object Any (First Match)`
    t =    38.90s         Checking existence of `Any (First Match)`
    t =    38.92s         Capturing element debug description
    t =    39.93s     Checking `Expect predicate `existsNoRetry == 1` for object Any (First Match)`
    t =    39.93s         Checking existence of `Any (First Match)`
    t =    39.95s         Capturing element debug description
    t =    40.87s     Checking `Expect predicate `existsNoRetry == 1` for object Any (First Match)`
    t =    40.87s         Checking existence of `Any (First Match)`
    t =    40.89s         Capturing element debug description
    t =    41.91s     Checking `Expect predicate `existsNoRetry == 1` for object Any (First Match)`
    t =    41.92s         Checking existence of `Any (First Match)`
    t =    41.93s         Capturing element debug description
    t =    42.86s     Checking `Expect predicate `existsNoRetry == 1` for object Any (First Match)`
    t =    42.86s         Checking existence of `Any (First Match)`
    t =    42.88s         Capturing element debug description
    t =    43.90s     Checking `Expect predicate `existsNoRetry == 1` for object Any (First Match)`
    t =    43.90s         Checking existence of `Any (First Match)`
    t =    43.92s         Capturing element debug description
    t =    44.91s     Checking `Expect predicate `existsNoRetry == 1` for object Any (First Match)`
    t =    44.92s         Checking existence of `Any (First Match)`
    t =    44.93s         Capturing element debug description
    t =    45.86s     Checking `Expect predicate `existsNoRetry == 1` for object Any (First Match)`
    t =    45.86s         Checking existence of `Any (First Match)`
    t =    45.88s         Capturing element debug description
    t =    46.90s     Checking `Expect predicate `existsNoRetry == 1` for object Any (First Match)`
    t =    46.90s         Checking existence of `Any (First Match)`
    t =    46.92s         Capturing element debug description
    t =    47.94s     Checking `Expect predicate `existsNoRetry == 1` for object Any (First Match)`
    t =    47.94s         Checking existence of `Any (First Match)`
    t =    47.96s         Capturing element debug description
    t =    48.87s     Checking `Expect predicate `existsNoRetry == 1` for object Any (First Match)`
    t =    48.87s         Checking existence of `Any (First Match)`
    t =    48.89s         Capturing element debug description
    t =    49.92s     Checking `Expect predicate `existsNoRetry == 1` for object Any (First Match)`
    t =    49.92s         Checking existence of `Any (First Match)`
    t =    49.94s         Capturing element debug description
    t =    50.86s     Checking `Expect predicate `existsNoRetry == 1` for object Any (First Match)`
    t =    50.86s         Checking existence of `Any (First Match)`
    t =    50.88s         Capturing element debug description
    t =    51.90s     Checking `Expect predicate `existsNoRetry == 1` for object Any (First Match)`
    t =    51.90s         Checking existence of `Any (First Match)`
    t =    51.92s         Capturing element debug description
    t =    52.95s     Checking `Expect predicate `existsNoRetry == 1` for object Any (First Match)`
    t =    52.95s         Checking existence of `Any (First Match)`
    t =    52.97s         Capturing element debug description
    t =    53.88s     Checking `Expect predicate `existsNoRetry == 1` for object Any (First Match)`
    t =    53.89s         Checking existence of `Any (First Match)`
    t =    53.90s         Capturing element debug description
    t =    54.91s     Checking `Expect predicate `existsNoRetry == 1` for object Any (First Match)`
    t =    54.92s         Checking existence of `Any (First Match)`
    t =    54.93s         Capturing element debug description
    t =    55.86s     Checking `Expect predicate `existsNoRetry == 1` for object Any (First Match)`
    t =    55.86s         Checking existence of `Any (First Match)`
    t =    55.88s         Capturing element debug description
    t =    56.90s     Checking `Expect predicate `existsNoRetry == 1` for object Any (First Match)`
    t =    56.90s         Checking existence of `Any (First Match)`
    t =    56.92s         Capturing element debug description
    t =    57.95s     Checking `Expect predicate `existsNoRetry == 1` for object Any (First Match)`
    t =    57.95s         Checking existence of `Any (First Match)`
    t =    57.97s         Capturing element debug description
    t =    58.90s     Checking `Expect predicate `existsNoRetry == 1` for object Any (First Match)`
    t =    58.90s         Checking existence of `Any (First Match)`
    t =    58.91s         Capturing element debug description
    t =    59.93s     Checking `Expect predicate `existsNoRetry == 1` for object Any (First Match)`
    t =    59.93s         Checking existence of `Any (First Match)`
    t =    59.95s         Capturing element debug description
    t =    60.86s     Checking `Expect predicate `existsNoRetry == 1` for object Any (First Match)`
    t =    60.86s         Checking existence of `Any (First Match)`
    t =    60.88s         Capturing element debug description
    t =    61.90s     Checking `Expect predicate `existsNoRetry == 1` for object Any (First Match)`
    t =    61.90s         Checking existence of `Any (First Match)`
    t =    61.92s         Capturing element debug description
    t =    62.92s     Checking `Expect predicate `existsNoRetry == 1` for object Any (First Match)`
    t =    62.92s         Checking existence of `Any (First Match)`
    t =    62.94s         Capturing element debug description
    t =    63.86s     Checking `Expect predicate `existsNoRetry == 1` for object Any (First Match)`
    t =    63.86s         Checking existence of `Any (First Match)`
    t =    63.88s         Capturing element debug description
    t =    64.90s     Checking `Expect predicate `existsNoRetry == 1` for object Any (First Match)`
    t =    64.90s         Checking existence of `Any (First Match)`
    t =    64.92s         Capturing element debug description
    t =    65.93s     Checking `Expect predicate `existsNoRetry == 1` for object Any (First Match)`
    t =    65.93s         Checking existence of `Any (First Match)`
    t =    65.95s         Capturing element debug description
    t =    66.87s     Checking `Expect predicate `existsNoRetry == 1` for object Any (First Match)`
    t =    66.87s         Checking existence of `Any (First Match)`
    t =    66.89s         Capturing element debug description
    t =    67.90s     Checking `Expect predicate `existsNoRetry == 1` for object Any (First Match)`
    t =    67.90s         Checking existence of `Any (First Match)`
    t =    67.92s         Capturing element debug description
    t =    68.94s     Checking `Expect predicate `existsNoRetry == 1` for object Any (First Match)`
    t =    68.94s         Checking existence of `Any (First Match)`
    t =    68.94s         Capturing element debug description
    t =    69.86s     Checking `Expect predicate `existsNoRetry == 1` for object Any (First Match)`
    t =    69.86s         Checking existence of `Any (First Match)`
    t =    69.87s         Capturing element debug description
    t =    70.90s     Checking `Expect predicate `existsNoRetry == 1` for object Any (First Match)`
    t =    70.90s         Checking existence of `Any (First Match)`
    t =    70.92s         Capturing element debug description
    t =    71.95s     Checking `Expect predicate `existsNoRetry == 1` for object Any (First Match)`
    t =    71.95s         Checking existence of `Any (First Match)`
    t =    71.97s         Capturing element debug description
    t =    72.86s     Checking `Expect predicate `existsNoRetry == 1` for object Any (First Match)`
    t =    72.86s         Checking existence of `Any (First Match)`
    t =    72.88s         Capturing element debug description
    t =    73.90s     Checking `Expect predicate `existsNoRetry == 1` for object Any (First Match)`
    t =    73.90s         Checking existence of `Any (First Match)`
    t =    73.92s         Capturing element debug description
    t =    74.93s     Checking `Expect predicate `existsNoRetry == 1` for object Any (First Match)`
    t =    74.93s         Checking existence of `Any (First Match)`
    t =    74.95s         Capturing element debug description
    t =    75.87s     Checking `Expect predicate `existsNoRetry == 1` for object Any (First Match)`
    t =    75.87s         Checking existence of `Any (First Match)`
    t =    75.89s         Capturing element debug description
    t =    76.90s     Checking `Expect predicate `existsNoRetry == 1` for object Any (First Match)`
    t =    76.90s         Checking existence of `Any (First Match)`
    t =    76.92s         Capturing element debug description
    t =    77.94s     Checking `Expect predicate `existsNoRetry == 1` for object Any (First Match)`
    t =    77.95s         Checking existence of `Any (First Match)`
    t =    77.96s         Capturing element debug description
    t =    78.86s     Checking `Expect predicate `existsNoRetry == 1` for object Any (First Match)`
    t =    78.86s         Checking existence of `Any (First Match)`
    t =    78.88s         Capturing element debug description
    t =    79.90s     Checking `Expect predicate `existsNoRetry == 1` for object Any (First Match)`
    t =    79.90s         Checking existence of `Any (First Match)`
    t =    79.92s         Capturing element debug description
    t =    80.92s     Checking `Expect predicate `existsNoRetry == 1` for object Any (First Match)`
    t =    80.92s         Checking existence of `Any (First Match)`
    t =    80.94s         Capturing element debug description
    t =    81.86s     Checking `Expect predicate `existsNoRetry == 1` for object Any (First Match)`
    t =    81.86s         Checking existence of `Any (First Match)`
    t =    81.88s         Capturing element debug description
    t =    82.90s     Checking `Expect predicate `existsNoRetry == 1` for object Any (First Match)`
    t =    82.90s         Checking existence of `Any (First Match)`
    t =    82.92s         Capturing element debug description
    t =    83.91s     Checking `Expect predicate `existsNoRetry == 1` for object Any (First Match)`
    t =    83.92s         Checking existence of `Any (First Match)`
    t =    83.93s         Capturing element debug description
    t =    84.95s     Checking `Expect predicate `existsNoRetry == 1` for object Any (First Match)`
    t =    84.95s         Checking existence of `Any (First Match)`
    t =    84.97s         Capturing element debug description
    t =    85.89s     Checking `Expect predicate `existsNoRetry == 1` for object Any (First Match)`
    t =    85.89s         Checking existence of `Any (First Match)`
    t =    85.91s         Capturing element debug description
    t =    86.91s     Checking `Expect predicate `existsNoRetry == 1` for object Any (First Match)`
    t =    86.92s         Checking existence of `Any (First Match)`
    t =    86.93s         Capturing element debug description
    t =    87.86s     Checking `Expect predicate `existsNoRetry == 1` for object Any (First Match)`
    t =    87.86s         Checking existence of `Any (First Match)`
    t =    87.88s         Capturing element debug description
    t =    88.90s     Checking `Expect predicate `existsNoRetry == 1` for object Any (First Match)`
    t =    88.90s         Checking existence of `Any (First Match)`
    t =    88.92s         Capturing element debug description
    t =    89.91s     Checking `Expect predicate `existsNoRetry == 1` for object Any (First Match)`
    t =    89.92s         Checking existence of `Any (First Match)`
    t =    89.93s         Capturing element debug description
    t =    90.86s     Checking `Expect predicate `existsNoRetry == 1` for object Any (First Match)`
    t =    90.86s         Checking existence of `Any (First Match)`
    t =    90.88s         Capturing element debug description
    t =    91.88s     Checking `Expect predicate `existsNoRetry == 1` for object Any (First Match)`
    t =    91.88s         Checking existence of `Any (First Match)`
    t =    91.90s         Capturing element debug description
    t =    92.91s     Checking `Expect predicate `existsNoRetry == 1` for object Any (First Match)`
    t =    92.92s         Checking existence of `Any (First Match)`
    t =    92.93s         Capturing element debug description
    t =    93.86s     Checking `Expect predicate `existsNoRetry == 1` for object Any (First Match)`
    t =    93.86s         Checking existence of `Any (First Match)`
    t =    93.87s         Capturing element debug description
    t =    94.91s     Checking `Expect predicate `existsNoRetry == 1` for object Any (First Match)`
    t =    94.92s         Checking existence of `Any (First Match)`
    t =    94.93s         Capturing element debug description
    t =    95.87s     Checking `Expect predicate `existsNoRetry == 1` for object Any (First Match)`
    t =    95.87s         Checking existence of `Any (First Match)`
    t =    95.89s         Capturing element debug description
    t =    96.92s     Checking `Expect predicate `existsNoRetry == 1` for object Any (First Match)`
    t =    96.92s         Checking existence of `Any (First Match)`
    t =    96.94s         Capturing element debug description
    t =    97.87s     Checking `Expect predicate `existsNoRetry == 1` for object Any (First Match)`
    t =    97.87s         Checking existence of `Any (First Match)`
    t =    97.89s         Capturing element debug description
    t =    98.91s     Checking `Expect predicate `existsNoRetry == 1` for object Any (First Match)`
    t =    98.92s         Checking existence of `Any (First Match)`
    t =    98.93s         Capturing element debug description
    t =    99.89s     Checking `Expect predicate `existsNoRetry == 1` for object Any (First Match)`
    t =    99.89s         Checking existence of `Any (First Match)`
    t =    99.91s         Capturing element debug description
    t =   100.86s     Checking `Expect predicate `existsNoRetry == 1` for object Any (First Match)`
    t =   100.86s         Checking existence of `Any (First Match)`
    t =   100.88s         Capturing element debug description
    t =   101.90s     Checking `Expect predicate `existsNoRetry == 1` for object Any (First Match)`
    t =   101.90s         Checking existence of `Any (First Match)`
    t =   101.91s         Capturing element debug description
    t =   102.86s     Checking `Expect predicate `existsNoRetry == 1` for object Any (First Match)`
    t =   102.86s         Checking existence of `Any (First Match)`
    t =   102.88s         Capturing element debug description
    t =   103.91s     Checking `Expect predicate `existsNoRetry == 1` for object Any (First Match)`
    t =   103.92s         Checking existence of `Any (First Match)`
    t =   103.93s         Capturing element debug description
    t =   104.86s     Checking `Expect predicate `existsNoRetry == 1` for object Any (First Match)`
    t =   104.86s         Checking existence of `Any (First Match)`
    t =   104.88s         Capturing element debug description
    t =   105.91s     Checking `Expect predicate `existsNoRetry == 1` for object Any (First Match)`
    t =   105.92s         Checking existence of `Any (First Match)`
    t =   105.93s         Capturing element debug description
    t =   106.86s     Checking `Expect predicate `existsNoRetry == 1` for object Any (First Match)`
    t =   106.86s         Checking existence of `Any (First Match)`
    t =   106.88s         Capturing element debug description
    t =   107.91s     Checking `Expect predicate `existsNoRetry == 1` for object Any (First Match)`
    t =   107.92s         Checking existence of `Any (First Match)`
    t =   107.93s         Capturing element debug description
    t =   108.86s     Checking `Expect predicate `existsNoRetry == 1` for object Any (First Match)`
    t =   108.86s         Checking existence of `Any (First Match)`
    t =   108.88s         Capturing element debug description
    t =   109.91s     Checking `Expect predicate `existsNoRetry == 1` for object Any (First Match)`
    t =   109.92s         Checking existence of `Any (First Match)`
    t =   109.93s         Capturing element debug description
    t =   110.87s     Checking `Expect predicate `existsNoRetry == 1` for object Any (First Match)`
    t =   110.87s         Checking existence of `Any (First Match)`
    t =   110.89s         Capturing element debug description
    t =   111.93s     Checking `Expect predicate `existsNoRetry == 1` for object Any (First Match)`
    t =   111.93s         Checking existence of `Any (First Match)`
    t =   111.95s         Capturing element debug description
    t =   112.86s     Checking `Expect predicate `existsNoRetry == 1` for object Any (First Match)`
    t =   112.86s         Checking existence of `Any (First Match)`
    t =   112.88s         Capturing element debug description
    t =   113.90s     Checking `Expect predicate `existsNoRetry == 1` for object Any (First Match)`
    t =   113.90s         Checking existence of `Any (First Match)`
    t =   113.92s         Capturing element debug description
    t =   114.86s     Checking `Expect predicate `existsNoRetry == 1` for object Any (First Match)`
    t =   114.86s         Checking existence of `Any (First Match)`
    t =   114.88s         Capturing element debug description
    t =   115.91s     Checking `Expect predicate `existsNoRetry == 1` for object Any (First Match)`
    t =   115.92s         Checking existence of `Any (First Match)`
    t =   115.93s         Capturing element debug description
    t =   116.86s     Checking `Expect predicate `existsNoRetry == 1` for object Any (First Match)`
    t =   116.86s         Checking existence of `Any (First Match)`
    t =   116.88s         Capturing element debug description
    t =   117.90s     Checking `Expect predicate `existsNoRetry == 1` for object Any (First Match)`
    t =   117.90s         Checking existence of `Any (First Match)`
    t =   117.91s         Capturing element debug description
    t =   118.86s     Checking `Expect predicate `existsNoRetry == 1` for object Any (First Match)`
    t =   118.86s         Checking existence of `Any (First Match)`
    t =   118.88s         Capturing element debug description
    t =   119.90s     Checking `Expect predicate `existsNoRetry == 1` for object Any (First Match)`
    t =   119.90s         Checking existence of `Any (First Match)`
    t =   119.90s         Capturing element debug description
    t =   120.93s     Checking `Expect predicate `existsNoRetry == 1` for object Any (First Match)`
    t =   120.94s         Checking existence of `Any (First Match)`
    t =   120.96s         Capturing element debug description
    t =   121.87s     Checking `Expect predicate `existsNoRetry == 1` for object Any (First Match)`
    t =   121.87s         Checking existence of `Any (First Match)`
    t =   121.89s         Capturing element debug description
    t =   122.91s     Checking `Expect predicate `existsNoRetry == 1` for object Any (First Match)`
    t =   122.92s         Checking existence of `Any (First Match)`
    t =   122.93s         Capturing element debug description
    t =   123.86s     Checking `Expect predicate `existsNoRetry == 1` for object Any (First Match)`
    t =   123.86s         Checking existence of `Any (First Match)`
    t =   123.88s         Capturing element debug description
    t =   124.90s     Checking `Expect predicate `existsNoRetry == 1` for object Any (First Match)`
    t =   124.90s         Checking existence of `Any (First Match)`
    t =   124.92s         Capturing element debug description
    t =   125.86s     Checking `Expect predicate `existsNoRetry == 1` for object Any (First Match)`
    t =   125.86s         Checking existence of `Any (First Match)`
    t =   125.88s         Capturing element debug description
    t =   126.91s     Checking `Expect predicate `existsNoRetry == 1` for object Any (First Match)`
    t =   126.92s         Checking existence of `Any (First Match)`
    t =   126.93s         Capturing element debug description
    t =   127.86s     Checking `Expect predicate `existsNoRetry == 1` for object Any (First Match)`
    t =   127.86s         Checking existence of `Any (First Match)`
    t =   127.88s         Capturing element debug description
    t =   128.91s     Checking `Expect predicate `existsNoRetry == 1` for object Any (First Match)`
    t =   128.92s         Checking existence of `Any (First Match)`
    t =   128.93s         Capturing element debug description
    t =   129.86s     Checking `Expect predicate `existsNoRetry == 1` for object Any (First Match)`
    t =   129.86s         Checking existence of `Any (First Match)`
    t =   129.87s         Capturing element debug description
    t =   130.91s     Checking `Expect predicate `existsNoRetry == 1` for object Any (First Match)`
    t =   130.92s         Checking existence of `Any (First Match)`
    t =   130.94s         Capturing element debug description
    t =   131.88s     Checking `Expect predicate `existsNoRetry == 1` for object Any (First Match)`
    t =   131.88s         Checking existence of `Any (First Match)`
    t =   131.90s         Capturing element debug description
    t =   132.91s     Checking `Expect predicate `existsNoRetry == 1` for object Any (First Match)`
    t =   132.92s         Checking existence of `Any (First Match)`
    t =   132.93s         Capturing element debug description
    t =   133.86s     Checking `Expect predicate `existsNoRetry == 1` for object Any (First Match)`
    t =   133.86s         Checking existence of `Any (First Match)`
    t =   133.88s         Capturing element debug description
    t =   134.90s     Checking `Expect predicate `existsNoRetry == 1` for object Any (First Match)`
    t =   134.90s         Checking existence of `Any (First Match)`
    t =   134.92s         Capturing element debug description
    t =   135.86s     Checking `Expect predicate `existsNoRetry == 1` for object Any (First Match)`
    t =   135.86s         Checking existence of `Any (First Match)`
    t =   135.87s         Capturing element debug description
    t =   136.91s     Checking `Expect predicate `existsNoRetry == 1` for object Any (First Match)`
    t =   136.91s         Checking existence of `Any (First Match)`
    t =   136.93s         Capturing element debug description
    t =   137.85s     Checking `Expect predicate `existsNoRetry == 1` for object Any (First Match)`
    t =   137.86s         Checking existence of `Any (First Match)`
    t =   137.87s         Capturing element debug description
    t =   138.89s     Checking `Expect predicate `existsNoRetry == 1` for object Any (First Match)`
    t =   138.89s         Checking existence of `Any (First Match)`
    t =   138.91s         Capturing element debug description
    t =   139.85s     Checking `Expect predicate `existsNoRetry == 1` for object Any (First Match)`
    t =   139.85s         Checking existence of `Any (First Match)`
    t =   139.87s         Capturing element debug description
    t =   140.89s     Checking `Expect predicate `existsNoRetry == 1` for object Any (First Match)`
    t =   140.89s         Checking existence of `Any (First Match)`
    t =   140.91s         Capturing element debug description
    t =   141.85s     Checking `Expect predicate `existsNoRetry == 1` for object Any (First Match)`
    t =   141.85s         Checking existence of `Any (First Match)`
    t =   141.87s         Capturing element debug description
    t =   142.89s     Checking `Expect predicate `existsNoRetry == 1` for object Any (First Match)`
    t =   142.89s         Checking existence of `Any (First Match)`
    t =   142.91s         Capturing element debug description
    t =   143.85s     Checking `Expect predicate `existsNoRetry == 1` for object Any (First Match)`
    t =   143.85s         Checking existence of `Any (First Match)`
    t =   143.87s         Capturing element debug description
    t =   144.91s     Checking `Expect predicate `existsNoRetry == 1` for object Any (First Match)`
    t =   144.91s         Checking existence of `Any (First Match)`
    t =   144.93s         Capturing element debug description
    t =   145.85s     Checking `Expect predicate `existsNoRetry == 1` for object Any (First Match)`
    t =   145.85s         Checking existence of `Any (First Match)`
    t =   145.87s         Capturing element debug description
    t =   146.91s     Checking `Expect predicate `existsNoRetry == 1` for object Any (First Match)`
    t =   146.91s         Checking existence of `Any (First Match)`
    t =   146.93s         Capturing element debug description
    t =   147.85s     Checking `Expect predicate `existsNoRetry == 1` for object Any (First Match)`
    t =   147.85s         Checking existence of `Any (First Match)`
    t =   147.87s         Capturing element debug description
    t =   148.91s     Checking `Expect predicate `existsNoRetry == 1` for object Any (First Match)`
    t =   148.91s         Checking existence of `Any (First Match)`
    t =   148.93s         Capturing element debug description
    t =   149.85s     Checking `Expect predicate `existsNoRetry == 1` for object Any (First Match)`
    t =   149.85s         Checking existence of `Any (First Match)`
    t =   149.86s         Capturing element debug description
    t =   150.91s     Checking `Expect predicate `existsNoRetry == 1` for object Any (First Match)`
    t =   150.91s         Checking existence of `Any (First Match)`
    t =   150.93s         Capturing element debug description
    t =   151.86s     Checking `Expect predicate `existsNoRetry == 1` for object Any (First Match)`
    t =   151.86s         Checking existence of `Any (First Match)`
    t =   151.88s         Capturing element debug description
    t =   152.90s     Checking `Expect predicate `existsNoRetry == 1` for object Any (First Match)`
    t =   152.90s         Checking existence of `Any (First Match)`
    t =   152.92s         Capturing element debug description
    t =   153.85s     Checking `Expect predicate `existsNoRetry == 1` for object Any (First Match)`
    t =   153.85s         Checking existence of `Any (First Match)`
    t =   153.87s         Capturing element debug description
    t =   154.88s     Checking `Expect predicate `existsNoRetry == 1` for object Any (First Match)`
    t =   154.89s         Checking existence of `Any (First Match)`
    t =   154.90s         Capturing element debug description
    t =   155.91s     Checking `Expect predicate `existsNoRetry == 1` for object Any (First Match)`
    t =   155.91s         Checking existence of `Any (First Match)`
    t =   155.93s         Capturing element debug description
    t =   156.87s     Checking `Expect predicate `existsNoRetry == 1` for object Any (First Match)`
    t =   156.87s         Checking existence of `Any (First Match)`
    t =   156.88s         Capturing element debug description
    t =   157.91s     Checking `Expect predicate `existsNoRetry == 1` for object Any (First Match)`
    t =   157.91s         Checking existence of `Any (First Match)`
    t =   157.93s         Capturing element debug description
    t =   158.87s     Checking `Expect predicate `existsNoRetry == 1` for object Any (First Match)`
    t =   158.87s         Checking existence of `Any (First Match)`
    t =   158.89s         Capturing element debug description
    t =   159.84s     Checking `Expect predicate `existsNoRetry == 1` for object Any (First Match)`
    t =   159.85s         Checking existence of `Any (First Match)`
    t =   159.86s         Capturing element debug description
    t =   160.88s     Checking `Expect predicate `existsNoRetry == 1` for object Any (First Match)`
    t =   160.89s         Checking existence of `Any (First Match)`
    t =   160.90s         Capturing element debug description
    t =   161.84s     Checking `Expect predicate `existsNoRetry == 1` for object Any (First Match)`
    t =   161.85s         Checking existence of `Any (First Match)`
    t =   161.86s         Capturing element debug description
    t =   162.88s     Checking `Expect predicate `existsNoRetry == 1` for object Any (First Match)`
    t =   162.89s         Checking existence of `Any (First Match)`
    t =   162.90s         Capturing element debug description
    t =   163.84s     Checking `Expect predicate `existsNoRetry == 1` for object Any (First Match)`
    t =   163.85s         Checking existence of `Any (First Match)`
    t =   163.86s         Capturing element debug description
    t =   164.91s     Checking `Expect predicate `existsNoRetry == 1` for object Any (First Match)`
    t =   164.91s         Checking existence of `Any (First Match)`
    t =   164.93s         Capturing element debug description
    t =   165.84s     Checking `Expect predicate `existsNoRetry == 1` for object Any (First Match)`
    t =   165.85s         Checking existence of `Any (First Match)`
    t =   165.86s         Capturing element debug description
    t =   166.88s     Checking `Expect predicate `existsNoRetry == 1` for object Any (First Match)`
    t =   166.89s         Checking existence of `Any (First Match)`
    t =   166.90s         Capturing element debug description
    t =   167.84s     Checking `Expect predicate `existsNoRetry == 1` for object Any (First Match)`
    t =   167.84s         Checking existence of `Any (First Match)`
    t =   167.86s         Capturing element debug description
    t =   168.90s     Checking `Expect predicate `existsNoRetry == 1` for object Any (First Match)`
    t =   168.90s         Checking existence of `Any (First Match)`
    t =   168.92s         Capturing element debug description
    t =   169.84s     Checking `Expect predicate `existsNoRetry == 1` for object Any (First Match)`
    t =   169.84s         Checking existence of `Any (First Match)`
    t =   169.86s         Capturing element debug description
    t =   170.90s     Checking `Expect predicate `existsNoRetry == 1` for object Any (First Match)`
    t =   170.90s         Checking existence of `Any (First Match)`
    t =   170.91s         Capturing element debug description
    t =   171.84s     Checking `Expect predicate `existsNoRetry == 1` for object Any (First Match)`
    t =   171.84s         Checking existence of `Any (First Match)`
    t =   171.86s         Capturing element debug description
    t =   172.88s     Checking `Expect predicate `existsNoRetry == 1` for object Any (First Match)`
    t =   172.88s         Checking existence of `Any (First Match)`
    t =   172.90s         Capturing element debug description
    t =   173.84s     Checking `Expect predicate `existsNoRetry == 1` for object Any (First Match)`
    t =   173.84s         Checking existence of `Any (First Match)`
    t =   173.86s         Capturing element debug description
    t =   174.88s     Checking `Expect predicate `existsNoRetry == 1` for object Any (First Match)`
    t =   174.88s         Checking existence of `Any (First Match)`
    t =   174.90s         Capturing element debug description
    t =   175.84s     Checking `Expect predicate `existsNoRetry == 1` for object Any (First Match)`
    t =   175.84s         Checking existence of `Any (First Match)`
    t =   175.86s         Capturing element debug description
    t =   176.92s     Checking `Expect predicate `existsNoRetry == 1` for object Any (First Match)`
    t =   176.92s         Checking existence of `Any (First Match)`
    t =   176.93s         Capturing element debug description
    t =   177.87s     Checking `Expect predicate `existsNoRetry == 1` for object Any (First Match)`
    t =   177.88s         Checking existence of `Any (First Match)`
    t =   177.89s         Capturing element debug description
    t =   178.93s     Checking `Expect predicate `existsNoRetry == 1` for object Any (First Match)`
    t =   178.93s         Checking existence of `Any (First Match)`
    t =   178.95s         Capturing element debug description
    t =   179.88s     Checking `Expect predicate `existsNoRetry == 1` for object Any (First Match)`
    t =   179.88s         Checking existence of `Any (First Match)`
    t =   179.90s         Capturing element debug description
    t =   180.92s     Checking `Expect predicate `existsNoRetry == 1` for object Any (First Match)`
    t =   180.92s         Checking existence of `Any (First Match)`
    t =   180.92s         Capturing element debug description
    t =   181.84s     Checking `Expect predicate `existsNoRetry == 1` for object Any (First Match)`
    t =   181.84s         Checking existence of `Any (First Match)`
    t =   181.86s         Capturing element debug description
    t =   182.88s     Checking `Expect predicate `existsNoRetry == 1` for object Any (First Match)`
    t =   182.88s         Checking existence of `Any (First Match)`
    t =   182.90s         Capturing element debug description
    t =   183.84s     Checking `Expect predicate `existsNoRetry == 1` for object Any (First Match)`
    t =   183.84s         Checking existence of `Any (First Match)`
    t =   183.86s         Capturing element debug description
    t =   184.90s     Checking `Expect predicate `existsNoRetry == 1` for object Any (First Match)`
    t =   184.90s         Checking existence of `Any (First Match)`
    t =   184.92s         Capturing element debug description
    t =   185.84s     Checking `Expect predicate `existsNoRetry == 1` for object Any (First Match)`
    t =   185.84s         Checking existence of `Any (First Match)`
    t =   185.86s         Capturing element debug description
    t =   186.88s     Checking `Expect predicate `existsNoRetry == 1` for object Any (First Match)`
    t =   186.88s         Checking existence of `Any (First Match)`
    t =   186.90s         Capturing element debug description
    t =   187.84s     Checking `Expect predicate `existsNoRetry == 1` for object Any (First Match)`
    t =   187.85s         Checking existence of `Any (First Match)`
    t =   187.86s         Capturing element debug description
    t =   188.88s     Checking `Expect predicate `existsNoRetry == 1` for object Any (First Match)`
    t =   188.88s         Checking existence of `Any (First Match)`
    t =   188.90s         Capturing element debug description
    t =   189.84s     Checking `Expect predicate `existsNoRetry == 1` for object Any (First Match)`
    t =   189.84s         Checking existence of `Any (First Match)`
    t =   189.86s         Capturing element debug description
    t =   190.90s     Checking `Expect predicate `existsNoRetry == 1` for object Any (First Match)`
    t =   190.90s         Checking existence of `Any (First Match)`
    t =   190.92s         Capturing element debug description
    t =   191.86s     Checking `Expect predicate `existsNoRetry == 1` for object Any (First Match)`
    t =   191.86s         Checking existence of `Any (First Match)`
    t =   191.88s         Capturing element debug description
    t =   192.91s     Checking `Expect predicate `existsNoRetry == 1` for object Any (First Match)`
    t =   192.91s         Checking existence of `Any (First Match)`
    t =   192.93s         Capturing element debug description
    t =   193.85s     Checking `Expect predicate `existsNoRetry == 1` for object Any (First Match)`
    t =   193.86s         Checking existence of `Any (First Match)`
    t =   193.87s         Capturing element debug description
    t =   194.90s     Checking `Expect predicate `existsNoRetry == 1` for object Any (First Match)`
    t =   194.90s         Checking existence of `Any (First Match)`
    t =   194.92s         Capturing element debug description
    t =   195.84s     Checking `Expect predicate `existsNoRetry == 1` for object Any (First Match)`
    t =   195.84s         Checking existence of `Any (First Match)`
    t =   195.86s         Capturing element debug description
    t =   196.90s     Checking `Expect predicate `existsNoRetry == 1` for object Any (First Match)`
    t =   196.90s         Checking existence of `Any (First Match)`
    t =   196.92s         Capturing element debug description
    t =   197.84s     Checking `Expect predicate `existsNoRetry == 1` for object Any (First Match)`
    t =   197.85s         Checking existence of `Any (First Match)`
    t =   197.86s         Capturing element debug description
    t =   198.90s     Checking `Expect predicate `existsNoRetry == 1` for object Any (First Match)`
    t =   198.90s         Checking existence of `Any (First Match)`
    t =   198.92s         Capturing element debug description
    t =   199.85s     Checking `Expect predicate `existsNoRetry == 1` for object Any (First Match)`
    t =   199.86s         Checking existence of `Any (First Match)`
    t =   199.87s         Capturing element debug description
    t =   200.91s     Checking `Expect predicate `existsNoRetry == 1` for object Any (First Match)`
    t =   200.91s         Checking existence of `Any (First Match)`
    t =   200.93s         Capturing element debug description
    t =   201.84s     Checking `Expect predicate `existsNoRetry == 1` for object Any (First Match)`
    t =   201.84s         Checking existence of `Any (First Match)`
    t =   201.86s         Capturing element debug description
    t =   202.90s     Checking `Expect predicate `existsNoRetry == 1` for object Any (First Match)`
    t =   202.90s         Checking existence of `Any (First Match)`
    t =   202.92s         Capturing element debug description
    t =   203.86s     Checking `Expect predicate `existsNoRetry == 1` for object Any (First Match)`
    t =   203.86s         Checking existence of `Any (First Match)`
    t =   203.88s         Capturing element debug description
    t =   204.91s     Checking `Expect predicate `existsNoRetry == 1` for object Any (First Match)`
    t =   204.92s         Checking existence of `Any (First Match)`
    t =   204.93s         Capturing element debug description
    t =   205.85s     Checking `Expect predicate `existsNoRetry == 1` for object Any (First Match)`
    t =   205.85s         Checking existence of `Any (First Match)`
    t =   205.87s         Capturing element debug description
    t =   206.90s     Checking `Expect predicate `existsNoRetry == 1` for object Any (First Match)`
    t =   206.90s         Checking existence of `Any (First Match)`
    t =   206.92s         Capturing element debug description
    t =   207.84s     Checking `Expect predicate `existsNoRetry == 1` for object Any (First Match)`
    t =   207.85s         Checking existence of `Any (First Match)`
    t =   207.86s         Capturing element debug description
    t =   208.90s     Checking `Expect predicate `existsNoRetry == 1` for object Any (First Match)`
    t =   208.90s         Checking existence of `Any (First Match)`
    t =   208.92s         Capturing element debug description
    t =   209.85s     Checking `Expect predicate `existsNoRetry == 1` for object Any (First Match)`
    t =   209.85s         Checking existence of `Any (First Match)`
    t =   209.87s         Capturing element debug description
    t =   210.88s     Checking `Expect predicate `existsNoRetry == 1` for object Any (First Match)`
    t =   210.88s         Checking existence of `Any (First Match)`
    t =   210.90s         Capturing element debug description
    t =   211.84s     Checking `Expect predicate `existsNoRetry == 1` for object Any (First Match)`
    t =   211.84s         Checking existence of `Any (First Match)`
    t =   211.86s         Capturing element debug description
    t =   212.88s     Checking `Expect predicate `existsNoRetry == 1` for object Any (First Match)`
    t =   212.88s         Checking existence of `Any (First Match)`
    t =   212.90s         Capturing element debug description
    t =   213.84s     Checking `Expect predicate `existsNoRetry == 1` for object Any (First Match)`
    t =   213.84s         Checking existence of `Any (First Match)`
    t =   213.86s         Capturing element debug description
    t =   214.88s     Checking `Expect predicate `existsNoRetry == 1` for object Any (First Match)`
    t =   214.88s         Checking existence of `Any (First Match)`
    t =   214.90s         Capturing element debug description
    t =   215.84s     Checking `Expect predicate `existsNoRetry == 1` for object Any (First Match)`
    t =   215.84s         Checking existence of `Any (First Match)`
    t =   215.86s         Capturing element debug description
    t =   216.88s     Checking `Expect predicate `existsNoRetry == 1` for object Any (First Match)`
    t =   216.88s         Checking existence of `Any (First Match)`
    t =   216.90s         Capturing element debug description
    t =   217.84s     Checking `Expect predicate `existsNoRetry == 1` for object Any (First Match)`
    t =   217.84s         Checking existence of `Any (First Match)`
    t =   217.86s         Capturing element debug description
    t =   218.88s     Checking `Expect predicate `existsNoRetry == 1` for object Any (First Match)`
    t =   218.88s         Checking existence of `Any (First Match)`
    t =   218.90s         Capturing element debug description
    t =   219.85s     Checking `Expect predicate `existsNoRetry == 1` for object Any (First Match)`
    t =   219.85s         Checking existence of `Any (First Match)`
    t =   219.87s         Capturing element debug description
    t =   220.90s     Checking `Expect predicate `existsNoRetry == 1` for object Any (First Match)`
    t =   220.90s         Checking existence of `Any (First Match)`
    t =   220.92s         Capturing element debug description
    t =   221.85s     Checking `Expect predicate `existsNoRetry == 1` for object Any (First Match)`
    t =   221.85s         Checking existence of `Any (First Match)`
    t =   221.85s         Capturing element debug description
    t =   222.90s     Checking `Expect predicate `existsNoRetry == 1` for object Any (First Match)`
    t =   222.90s         Checking existence of `Any (First Match)`
    t =   222.92s         Capturing element debug description
    t =   223.84s     Checking `Expect predicate `existsNoRetry == 1` for object Any (First Match)`
    t =   223.84s         Checking existence of `Any (First Match)`
    t =   223.86s         Capturing element debug description
    t =   224.88s     Checking `Expect predicate `existsNoRetry == 1` for object Any (First Match)`
    t =   224.88s         Checking existence of `Any (First Match)`
    t =   224.90s         Capturing element debug description
    t =   225.84s     Checking `Expect predicate `existsNoRetry == 1` for object Any (First Match)`
    t =   225.84s         Checking existence of `Any (First Match)`
    t =   225.86s         Capturing element debug description
    t =   226.88s     Checking `Expect predicate `existsNoRetry == 1` for object Any (First Match)`
    t =   226.88s         Checking existence of `Any (First Match)`
    t =   226.90s         Capturing element debug description
    t =   227.84s     Checking `Expect predicate `existsNoRetry == 1` for object Any (First Match)`
    t =   227.84s         Checking existence of `Any (First Match)`
    t =   227.86s         Capturing element debug description
    t =   228.88s     Checking `Expect predicate `existsNoRetry == 1` for object Any (First Match)`
    t =   228.88s         Checking existence of `Any (First Match)`
    t =   228.90s         Capturing element debug description
    t =   229.84s     Checking `Expect predicate `existsNoRetry == 1` for object Any (First Match)`
    t =   229.84s         Checking existence of `Any (First Match)`
    t =   229.86s         Capturing element debug description
    t =   230.88s     Checking `Expect predicate `existsNoRetry == 1` for object Any (First Match)`
    t =   230.88s         Checking existence of `Any (First Match)`
    t =   230.90s         Capturing element debug description
    t =   231.84s     Checking `Expect predicate `existsNoRetry == 1` for object Any (First Match)`
    t =   231.84s         Checking existence of `Any (First Match)`
    t =   231.85s         Capturing element debug description
    t =   232.90s     Checking `Expect predicate `existsNoRetry == 1` for object Any (First Match)`
    t =   232.90s         Checking existence of `Any (First Match)`
    t =   232.92s         Capturing element debug description
    t =   233.85s     Checking `Expect predicate `existsNoRetry == 1` for object Any (First Match)`
    t =   233.85s         Checking existence of `Any (First Match)`
    t =   233.87s         Capturing element debug description
    t =   234.92s     Checking `Expect predicate `existsNoRetry == 1` for object Any (First Match)`
    t =   234.93s         Checking existence of `Any (First Match)`
    t =   234.94s         Capturing element debug description
    t =   235.87s     Checking `Expect predicate `existsNoRetry == 1` for object Any (First Match)`
    t =   235.87s         Checking existence of `Any (First Match)`
    t =   235.88s         Capturing element debug description
    t =   236.84s     Checking `Expect predicate `existsNoRetry == 1` for object Any (First Match)`
    t =   236.84s         Checking existence of `Any (First Match)`
    t =   236.86s         Capturing element debug description
    t =   237.88s     Checking `Expect predicate `existsNoRetry == 1` for object Any (First Match)`
    t =   237.88s         Checking existence of `Any (First Match)`
    t =   237.90s         Capturing element debug description
    t =   238.86s     Checking `Expect predicate `existsNoRetry == 1` for object Any (First Match)`
    t =   238.86s         Checking existence of `Any (First Match)`
    t =   238.88s         Capturing element debug description
    t =   239.84s     Checking `Expect predicate `existsNoRetry == 1` for object Any (First Match)`
    t =   239.85s         Checking existence of `Any (First Match)`
    t =   239.87s         Capturing element debug description
    t =   240.92s     Checking `Expect predicate `existsNoRetry == 1` for object Any (First Match)`
    t =   240.92s         Checking existence of `Any (First Match)`
    t =   240.93s         Capturing element debug description
    t =   241.84s     Checking `Expect predicate `existsNoRetry == 1` for object Any (First Match)`
    t =   241.84s         Checking existence of `Any (First Match)`
    t =   241.86s         Capturing element debug description
    t =   241.94s     Checking existence of `Any (First Match)`
    t =   241.96s Collecting debug information to assist test failure triage
    t =   241.96s     Requesting snapshot of accessibility hierarchy for app with pid 41787
    t =   241.99s Checking existence of `Any (First Match)`
/Users/nstudio/Documents/github/NathanWalker/token-economics/harness/perf/uidriver/InteropCaptureTests.swift:24: error: -[UIDriverUITests.InteropCaptureTests testCaptureInteropResults] : failed - no INTEROPJSON element within 240s; last status: unknown
    t =   242.03s Tear Down
Test Case '-[UIDriverUITests.InteropCaptureTests testCaptureInteropResults]' failed (242.243 seconds).
Test Suite 'InteropCaptureTests' failed at 2026-08-01 19:05:56.901.
	 Executed 1 test, with 1 failure (0 unexpected) in 242.243 (242.244) seconds
Test Suite 'UIDriverUITests.xctest' failed at 2026-08-01 19:05:56.902.
	 Executed 2 tests, with 1 failure (0 unexpected) in 451.189 (451.193) seconds
Test Suite 'All tests' failed at 2026-08-01 19:05:56.902.
	 Executed 2 tests, with 1 failure (0 unexpected) in 451.189 (451.194) seconds
2026-08-01 19:06:06.057 xcodebuild[41644:30498259] [MT] IDETestOperationsObserverDebug: 461.876 elapsed -- Testing started completed.
2026-08-01 19:06:06.057 xcodebuild[41644:30498259] [MT] IDETestOperationsObserverDebug: 0.000 sec, +0.000 sec -- start
2026-08-01 19:06:06.057 xcodebuild[41644:30498259] [MT] IDETestOperationsObserverDebug: 461.876 sec, +461.876 sec -- end

Test session results, code coverage, and logs:
	/Users/nstudio/Library/Developer/Xcode/DerivedData/UIDriver-ekqcqbpucoqmcgbikewqdmafsmmj/Logs/Test/Test-UIDriver-2026.08.01_18-58-23--0700.xcresult

Failing tests:
	InteropCaptureTests.testCaptureInteropResults()

** TEST FAILED **

Testing started
